source_row_index,document_uri,title,date,local_speaker_id,speaker_href,person_id,speaker_name,name_key,document_person_key,local_id_reused_across_people,stable_person_uses_multiple_local_ids,stable_person_has_name_conflict
0,http://datos.bcn.cl/recurso/cl/documento/697505,1.7. Discusión en Sala,2022-01-03,per49,http://datos.bcn.cl/recurso/persona/2787,2787,gabriel moises silber romo,GABRIEL MOISES SILBER ROMO,http://datos.bcn.cl/recurso/cl/documento/697505#per49,False,True,False
0,http://datos.bcn.cl/recurso/cl/documento/697505,1.7. Discusión en Sala,2022-01-03,per80,http://datos.bcn.cl/recurso/persona/4586,4586,ricardo patricio celis araya,RICARDO PATRICIO CELIS ARAYA,http://datos.bcn.cl/recurso/cl/documento/697505#per80,True,True,False
0,http://datos.bcn.cl/recurso/cl/documento/697505,1.7. Discusión en Sala,2022-01-03,per103,http://datos.bcn.cl/recurso/persona/4587,4587,sebastian diego alvarez ramirez,SEBASTIAN DIEGO ALVAREZ RAMIREZ,http://datos.bcn.cl/recurso/cl/documento/697505#per103,True,True,False
0,http://datos.bcn.cl/recurso/cl/documento/697505,1.7. Discusión en Sala,2022-01-03,per188,http://datos.bcn.cl/recurso/persona/1835,1835,david marzan,DAVID MARZAN,http://datos.bcn.cl/recurso/cl/documento/697505#per188,True,True,False
0,http://datos.bcn.cl/recurso/cl/documento/697505,1.7. Discusión en Sala,2022-01-03,per73,http://datos.bcn.cl/recurso/persona/4582,4582,miguel ernesto crispi serrano,MIGUEL ERNESTO CRISPI SERRANO,http://datos.bcn.cl/recurso/cl/documento/697505#per73,True,True,False
0,http://datos.bcn.cl/recurso/cl/documento/697505,1.7. Discusión en Sala,2022-01-03,per14,http://datos.bcn.cl/recurso/persona/4583,4583,patricio eduardo rosas barrientos,PATRICIO EDUARDO ROSAS BARRIENTOS,http://datos.bcn.cl/recurso/cl/documento/697505#per14,True,True,False
0,http://datos.bcn.cl/recurso/cl/documento/697505,1.7. Discusión en Sala,2022-01-03,per119,http://datos.bcn.cl/recurso/persona/1978,1978,jaime naranjo ortiz,JAIME NARANJO ORTIZ,http://datos.bcn.cl/recurso/cl/documento/697505#per119,True,True,False
0,http://datos.bcn.cl/recurso/cl/documento/697505,1.7. Discusión en Sala,2022-01-03,per154,http://datos.bcn.cl/recurso/persona/4585,4585,raul alfonso leiva carvajal,RAUL ALFONSO LEIVA CARVAJAL,http://datos.bcn.cl/recurso/cl/documento/697505#per154,True,True,False
0,http://datos.bcn.cl/recurso/cl/documento/697505,1.7. Discusión en Sala,2022-01-03,per101,http://datos.bcn.cl/recurso/persona/4509,4509,jenny paola alvarez vera,JENNY PAOLA ALVAREZ VERA,http://datos.bcn.cl/recurso/cl/documento/697505#per101,True,True,False
0,http://datos.bcn.cl/recurso/cl/documento/697505,1.7. Discusión en Sala,2022-01-03,per19,http://datos.bcn.cl/recurso/persona/2718,2718,carlos jarpa wevar,CARLOS JARPA WEVAR,http://datos.bcn.cl/recurso/cl/documento/697505#per19,True,True,False
0,http://datos.bcn.cl/recurso/cl/documento/697505,1.7. Discusión en Sala,2022-01-03,per40,http://datos.bcn.cl/recurso/persona/2717,2717,alejandra amalia sepulveda orbenes,ALEJANDRA AMALIA SEPULVEDA ORBENES,http://datos.bcn.cl/recurso/cl/documento/697505#per40,True,True,False
0,http://datos.bcn.cl/recurso/cl/documento/697505,1.7. Discusión en Sala,2022-01-03,per93,http://datos.bcn.cl/recurso/persona/4508,4508,maya alejandra fernandez allende,MAYA ALEJANDRA FERNANDEZ ALLENDE,http://datos.bcn.cl/recurso/cl/documento/697505#per93,True,True,False
0,http://datos.bcn.cl/recurso/cl/documento/697505,1.7. Discusión en Sala,2022-01-03,per127,http://datos.bcn.cl/recurso/persona/5110,5110,erika paulina martinez osorio,ERIKA PAULINA MARTINEZ OSORIO,http://datos.bcn.cl/recurso/cl/documento/697505#per127,True,False,False
0,http://datos.bcn.cl/recurso/cl/documento/697505,1.7. Discusión en Sala,2022-01-03,per10,http://datos.bcn.cl/recurso/persona/4580,4580,virginia eugenia troncoso hellman,VIRGINIA EUGENIA TRONCOSO HELLMAN,http://datos.bcn.cl/recurso/cl/documento/697505#per10,True,True,False
0,http://datos.bcn.cl/recurso/cl/documento/697505,1.7. Discusión en Sala,2022-01-03,per152,http://datos.bcn.cl/recurso/persona/4506,4506,jorge evaldo rathgeb schifferli,JORGE EVALDO RATHGEB SCHIFFERLI,http://datos.bcn.cl/recurso/cl/documento/697505#per152,True,True,False
0,http://datos.bcn.cl/recurso/cl/documento/697505,1.7. Discusión en Sala,2022-01-03,per135,http://datos.bcn.cl/recurso/persona/4581,4581,jose miguel castro bascunan,JOSE MIGUEL CASTRO BASCUNAN,http://datos.bcn.cl/recurso/cl/documento/697505#per135,True,True,False
0,http://datos.bcn.cl/recurso/cl/documento/697505,1.7. Discusión en Sala,2022-01-03,per105,http://datos.bcn.cl/recurso/persona/1777,1777,gabriel ascencio mansilla,GABRIEL ASCENCIO MANSILLA,http://datos.bcn.cl/recurso/cl/documento/697505#per105,True,True,False
0,http://datos.bcn.cl/recurso/cl/documento/697505,1.7. Discusión en Sala,2022-01-03,per131,http://datos.bcn.cl/recurso/persona/3399,3399,juan luis castro gonzalez,JUAN LUIS CASTRO GONZALEZ,http://datos.bcn.cl/recurso/cl/documento/697505#per131,True,True,False
0,http://datos.bcn.cl/recurso/cl/documento/697505,1.7. Discusión en Sala,2022-01-03,per107,http://datos.bcn.cl/recurso/persona/4504,4504,sergio alfredo gahona salazar,SERGIO ALFREDO GAHONA SALAZAR,http://datos.bcn.cl/recurso/cl/documento/697505#per107,True,False,False
0,http://datos.bcn.cl/recurso/cl/documento/697505,1.7. Discusión en Sala,2022-01-03,per56,http://datos.bcn.cl/recurso/persona/3251,3251,javier ricardo hernandez hernandez,JAVIER RICARDO HERNANDEZ HERNANDEZ,http://datos.bcn.cl/recurso/cl/documento/697505#per56,True,True,False
0,http://datos.bcn.cl/recurso/cl/documento/697505,1.7. Discusión en Sala,2022-01-03,per65,http://datos.bcn.cl/recurso/persona/4640,4640,nora cuevas contreras,NORA CUEVAS CONTRERAS,http://datos.bcn.cl/recurso/cl/documento/697505#per65,True,True,False
0,http://datos.bcn.cl/recurso/cl/documento/697505,1.7. Discusión en Sala,2022-01-03,per70,http://datos.bcn.cl/recurso/persona/2399,2399,jose perez arriagada,JOSE PEREZ ARRIAGADA,http://datos.bcn.cl/recurso/cl/documento/697505#per70,True,True,False
0,http://datos.bcn.cl/recurso/cl/documento/697505,1.7. Discusión en Sala,2022-01-03,per12,http://datos.bcn.cl/recurso/persona/4643,4643,ruben moraga mamani,RUBEN MORAGA MAMANI,http://datos.bcn.cl/recurso/cl/documento/697505#per12,True,True,False
0,http://datos.bcn.cl/recurso/cl/documento/697505,1.7. Discusión en Sala,2022-01-03,per39,http://datos.bcn.cl/recurso/persona/4644,4644,marcela sandoval osorio,MARCELA SANDOVAL OSORIO,http://datos.bcn.cl/recurso/cl/documento/697505#per39,True,True,False
0,http://datos.bcn.cl/recurso/cl/documento/697505,1.7. Discusión en Sala,2022-01-03,per5,http://datos.bcn.cl/recurso/persona/4641,4641,tomas fuentes,TOMAS FUENTES,http://datos.bcn.cl/recurso/cl/documento/697505#per5,True,True,True
0,http://datos.bcn.cl/recurso/cl/documento/697505,1.7. Discusión en Sala,2022-01-03,per176,http://datos.bcn.cl/recurso/persona/3319,3319,hector enrique campos perez,HECTOR ENRIQUE CAMPOS PEREZ,http://datos.bcn.cl/recurso/cl/documento/697505#per176,True,True,False
0,http://datos.bcn.cl/recurso/cl/documento/697505,1.7. Discusión en Sala,2022-01-03,per44,http://datos.bcn.cl/recurso/persona/4647,4647,cristian labbe,CRISTIAN LABBE,http://datos.bcn.cl/recurso/cl/documento/697505#per44,True,True,True
0,http://datos.bcn.cl/recurso/cl/documento/697505,1.7. Discusión en Sala,2022-01-03,per166,http://datos.bcn.cl/recurso/persona/4646,4646,patricia rubio escobar,PATRICIA RUBIO ESCOBAR,http://datos.bcn.cl/recurso/cl/documento/697505#per166,True,True,False
0,http://datos.bcn.cl/recurso/cl/documento/697505,1.7. Discusión en Sala,2022-01-03,per53,http://datos.bcn.cl/recurso/persona/1563,1563,juan luis ossa bulnes,JUAN LUIS OSSA BULNES,http://datos.bcn.cl/recurso/cl/documento/697505#per53,True,True,False
0,http://datos.bcn.cl/recurso/cl/documento/697505,1.7. Discusión en Sala,2022-01-03,per186,http://datos.bcn.cl/recurso/persona/4866,4866,manuel jesus macaya ramirez,MANUEL JESUS MACAYA RAMIREZ,http://datos.bcn.cl/recurso/cl/documento/697505#per186,True,False,False
0,http://datos.bcn.cl/recurso/cl/documento/697505,1.7. Discusión en Sala,2022-01-03,per169,http://datos.bcn.cl/recurso/persona/1640,1640,joaquin walker larrain,JOAQUIN WALKER LARRAIN,http://datos.bcn.cl/recurso/cl/documento/697505#per169,True,False,False
0,http://datos.bcn.cl/recurso/cl/documento/697505,1.7. Discusión en Sala,2022-01-03,per83,http://datos.bcn.cl/recurso/persona/4599,4599,esteban jorge velasquez nunez,ESTEBAN JORGE VELASQUEZ NUNEZ,http://datos.bcn.cl/recurso/cl/documento/697505#per83,True,True,False
0,http://datos.bcn.cl/recurso/cl/documento/697505,1.7. Discusión en Sala,2022-01-03,per85,http://datos.bcn.cl/recurso/persona/3638,3638,mario enrique rios santander,MARIO ENRIQUE RIOS SANTANDER,http://datos.bcn.cl/recurso/cl/documento/697505#per85,True,False,False
0,http://datos.bcn.cl/recurso/cl/documento/697505,1.7. Discusión en Sala,2022-01-03,per16,http://datos.bcn.cl/recurso/persona/167,167,alejandro santana tirachini,ALEJANDRO SANTANA TIRACHINI,http://datos.bcn.cl/recurso/cl/documento/697505#per16,True,True,False
0,http://datos.bcn.cl/recurso/cl/documento/697505,1.7. Discusión en Sala,2022-01-03,per63,http://datos.bcn.cl/recurso/persona/4597,4597,carmen adelaida hertz cadiz,CARMEN ADELAIDA HERTZ CADIZ,http://datos.bcn.cl/recurso/cl/documento/697505#per63,True,True,False
0,http://datos.bcn.cl/recurso/cl/documento/697505,1.7. Discusión en Sala,2022-01-03,per95,http://datos.bcn.cl/recurso/persona/168,168,jorge eduardo sabag villalobos,JORGE EDUARDO SABAG VILLALOBOS,http://datos.bcn.cl/recurso/cl/documento/697505#per95,True,True,False
0,http://datos.bcn.cl/recurso/cl/documento/697505,1.7. Discusión en Sala,2022-01-03,per171,http://datos.bcn.cl/recurso/persona/2181,2181,gustavo monckeberg barros,GUSTAVO MONCKEBERG BARROS,http://datos.bcn.cl/recurso/cl/documento/697505#per171,True,False,False
0,http://datos.bcn.cl/recurso/cl/documento/697505,1.7. Discusión en Sala,2022-01-03,per42,http://datos.bcn.cl/recurso/persona/4598,4598,eduardo alfredo duran salinas,EDUARDO ALFREDO DURAN SALINAS,http://datos.bcn.cl/recurso/cl/documento/697505#per42,True,True,False
0,http://datos.bcn.cl/recurso/cl/documento/697505,1.7. Discusión en Sala,2022-01-03,per156,http://datos.bcn.cl/recurso/persona/4595,4595,aracely andrea leuquen uribe,ARACELY ANDREA LEUQUEN URIBE,http://datos.bcn.cl/recurso/cl/documento/697505#per156,True,True,False
0,http://datos.bcn.cl/recurso/cl/documento/697505,1.7. Discusión en Sala,2022-01-03,per91,http://datos.bcn.cl/recurso/persona/2281,2281,javier ignacio macaya danus,JAVIER IGNACIO MACAYA DANUS,http://datos.bcn.cl/recurso/cl/documento/697505#per91,True,True,False
0,http://datos.bcn.cl/recurso/cl/documento/697505,1.7. Discusión en Sala,2022-01-03,per162,http://datos.bcn.cl/recurso/persona/4596,4596,camila ruzlay rojas valderrama,CAMILA RUZLAY ROJAS VALDERRAMA,http://datos.bcn.cl/recurso/cl/documento/697505#per162,True,True,False
0,http://datos.bcn.cl/recurso/cl/documento/697505,1.7. Discusión en Sala,2022-01-03,per97,http://datos.bcn.cl/recurso/persona/4594,4594,camila alejandra flores oporto,CAMILA ALEJANDRA FLORES OPORTO,http://datos.bcn.cl/recurso/cl/documento/697505#per97,True,True,False
0,http://datos.bcn.cl/recurso/cl/documento/697505,1.7. Discusión en Sala,2022-01-03,per9,http://datos.bcn.cl/recurso/persona/1782,1782,jaime mulet martinez,JAIME MULET MARTINEZ,http://datos.bcn.cl/recurso/cl/documento/697505#per9,True,True,False
0,http://datos.bcn.cl/recurso/cl/documento/697505,1.7. Discusión en Sala,2022-01-03,per122,http://datos.bcn.cl/recurso/persona/4513,4513,daniel ignacio nunez arancibia,DANIEL IGNACIO NUNEZ ARANCIBIA,http://datos.bcn.cl/recurso/cl/documento/697505#per122,True,True,False
0,http://datos.bcn.cl/recurso/cl/documento/697505,1.7. Discusión en Sala,2022-01-03,per0,http://datos.bcn.cl/recurso/persona/4515,4515,diego alfredo paulsen kehr,DIEGO ALFREDO PAULSEN KEHR,http://datos.bcn.cl/recurso/cl/documento/697505#per0,True,True,False
0,http://datos.bcn.cl/recurso/cl/documento/697505,1.7. Discusión en Sala,2022-01-03,per4,http://datos.bcn.cl/recurso/persona/4510,4510,daniella valentina cicardini milla,DANIELLA VALENTINA CICARDINI MILLA,http://datos.bcn.cl/recurso/cl/documento/697505#per4,True,True,False
0,http://datos.bcn.cl/recurso/cl/documento/697505,1.7. Discusión en Sala,2022-01-03,per28,http://datos.bcn.cl/recurso/persona/4511,4511,osvaldo urrutia soto,OSVALDO URRUTIA SOTO,http://datos.bcn.cl/recurso/cl/documento/697505#per28,True,True,False
0,http://datos.bcn.cl/recurso/cl/documento/697505,1.7. Discusión en Sala,2022-01-03,per20,http://datos.bcn.cl/recurso/persona/3735,3735,matias vicente walker prieto,MATIAS VICENTE WALKER PRIETO,http://datos.bcn.cl/recurso/cl/documento/697505#per20,True,True,False
0,http://datos.bcn.cl/recurso/cl/documento/697505,1.7. Discusión en Sala,2022-01-03,per43,http://datos.bcn.cl/recurso/persona/3635,3635,tucapel francisco jimenez fuentes,TUCAPEL FRANCISCO JIMENEZ FUENTES,http://datos.bcn.cl/recurso/cl/documento/697505#per43,True,False,False
0,http://datos.bcn.cl/recurso/cl/documento/697505,1.7. Discusión en Sala,2022-01-03,per31,http://datos.bcn.cl/recurso/persona/3439,3439,jose bruno gonzalez julio,JOSE BRUNO GONZALEZ JULIO,http://datos.bcn.cl/recurso/cl/documento/697505#per31,True,False,False
0,http://datos.bcn.cl/recurso/cl/documento/697505,1.7. Discusión en Sala,2022-01-03,per125,http://datos.bcn.cl/recurso/persona/4629,4629,raul humberto soto mardones,RAUL HUMBERTO SOTO MARDONES,http://datos.bcn.cl/recurso/cl/documento/697505#per125,True,True,False
0,http://datos.bcn.cl/recurso/cl/documento/697505,1.7. Discusión en Sala,2022-01-03,per136,http://datos.bcn.cl/recurso/persona/4628,4628,pamela jiles moreno,PAMELA JILES MORENO,http://datos.bcn.cl/recurso/cl/documento/697505#per136,True,True,False
0,http://datos.bcn.cl/recurso/cl/documento/697505,1.7. Discusión en Sala,2022-01-03,per140,http://datos.bcn.cl/recurso/persona/4627,4627,pablo andres kast sommerhoff,PABLO ANDRES KAST SOMMERHOFF,http://datos.bcn.cl/recurso/cl/documento/697505#per140,True,True,False
0,http://datos.bcn.cl/recurso/cl/documento/697505,1.7. Discusión en Sala,2022-01-03,per116,http://datos.bcn.cl/recurso/persona/4528,4528,bernardo jose berger fett,BERNARDO JOSE BERGER FETT,http://datos.bcn.cl/recurso/cl/documento/697505#per116,True,True,False
0,http://datos.bcn.cl/recurso/cl/documento/697505,1.7. Discusión en Sala,2022-01-03,per167,http://datos.bcn.cl/recurso/persona/1438,1438,fidel edgardo espinoza sandoval,FIDEL EDGARDO ESPINOZA SANDOVAL,http://datos.bcn.cl/recurso/cl/documento/697505#per167,True,True,False
0,http://datos.bcn.cl/recurso/cl/documento/697505,1.7. Discusión en Sala,2022-01-03,per159,http://datos.bcn.cl/recurso/persona/4522,4522,luis alberto rocafull lopez,LUIS ALBERTO ROCAFULL LOPEZ,http://datos.bcn.cl/recurso/cl/documento/697505#per159,True,True,False
0,http://datos.bcn.cl/recurso/cl/documento/697505,1.7. Discusión en Sala,2022-01-03,per52,http://datos.bcn.cl/recurso/persona/3270,3270,karla elizabeth rubilar barahona,KARLA ELIZABETH RUBILAR BARAHONA,http://datos.bcn.cl/recurso/cl/documento/697505#per52,True,True,False
0,http://datos.bcn.cl/recurso/cl/documento/697505,1.7. Discusión en Sala,2022-01-03,per77,http://datos.bcn.cl/recurso/persona/4523,4523,leonardo enrique soto ferrada,LEONARDO ENRIQUE SOTO FERRADA,http://datos.bcn.cl/recurso/cl/documento/697505#per77,True,True,False
0,http://datos.bcn.cl/recurso/cl/documento/697505,1.7. Discusión en Sala,2022-01-03,per86,http://datos.bcn.cl/recurso/persona/1950,1950,victor marcelo torres jeldes,VICTOR MARCELO TORRES JELDES,http://datos.bcn.cl/recurso/cl/documento/697505#per86,True,True,False
0,http://datos.bcn.cl/recurso/cl/documento/697505,1.7. Discusión en Sala,2022-01-03,per79,http://datos.bcn.cl/recurso/persona/4520,4520,karol aida cariola oliva,KAROL AIDA CARIOLA OLIVA,http://datos.bcn.cl/recurso/cl/documento/697505#per79,True,True,False
0,http://datos.bcn.cl/recurso/cl/documento/697505,1.7. Discusión en Sala,2022-01-03,per151,http://datos.bcn.cl/recurso/persona/4524,4524,joaquin jose lavin leon,JOAQUIN JOSE LAVIN LEON,http://datos.bcn.cl/recurso/cl/documento/697505#per151,True,True,False
0,http://datos.bcn.cl/recurso/cl/documento/697505,1.7. Discusión en Sala,2022-01-03,per130,http://datos.bcn.cl/recurso/persona/4625,4625,luis rafael pardo sainz,LUIS RAFAEL PARDO SAINZ,http://datos.bcn.cl/recurso/cl/documento/697505#per130,True,True,False
0,http://datos.bcn.cl/recurso/cl/documento/697505,1.7. Discusión en Sala,2022-01-03,per81,http://datos.bcn.cl/recurso/persona/4323,4323,yasna provoste campillay,YASNA PROVOSTE CAMPILLAY,http://datos.bcn.cl/recurso/cl/documento/697505#per81,True,True,False
0,http://datos.bcn.cl/recurso/cl/documento/697505,1.7. Discusión en Sala,2022-01-03,per183,http://datos.bcn.cl/recurso/persona/447,447,wilna yolanda saavedra cortes,WILNA YOLANDA SAAVEDRA CORTES,http://datos.bcn.cl/recurso/cl/documento/697505#per183,True,False,False
0,http://datos.bcn.cl/recurso/cl/documento/697505,1.7. Discusión en Sala,2022-01-03,per144,http://datos.bcn.cl/recurso/persona/3069,3069,carlos ignacio kuschel silva,CARLOS IGNACIO KUSCHEL SILVA,http://datos.bcn.cl/recurso/cl/documento/697505#per144,True,True,False
0,http://datos.bcn.cl/recurso/cl/documento/697505,1.7. Discusión en Sala,2022-01-03,per133,http://datos.bcn.cl/recurso/persona/4626,4626,natalia valentina castillo munoz,NATALIA VALENTINA CASTILLO MUNOZ,http://datos.bcn.cl/recurso/cl/documento/697505#per133,True,True,False
0,http://datos.bcn.cl/recurso/cl/documento/697505,1.7. Discusión en Sala,2022-01-03,per90,http://datos.bcn.cl/recurso/persona/4623,4623,gustavo adolfo sanhueza duenas,GUSTAVO ADOLFO SANHUEZA DUENAS,http://datos.bcn.cl/recurso/cl/documento/697505#per90,True,True,False
0,http://datos.bcn.cl/recurso/cl/documento/697505,1.7. Discusión en Sala,2022-01-03,per109,http://datos.bcn.cl/recurso/persona/4624,4624,juan ruben santana castillo,JUAN RUBEN SANTANA CASTILLO,http://datos.bcn.cl/recurso/cl/documento/697505#per109,True,True,False
0,http://datos.bcn.cl/recurso/cl/documento/697505,1.7. Discusión en Sala,2022-01-03,per21,http://datos.bcn.cl/recurso/persona/4621,4621,erika olivera de la fuente,ERIKA OLIVERA DE LA FUENTE,http://datos.bcn.cl/recurso/cl/documento/697505#per21,True,True,False
0,http://datos.bcn.cl/recurso/cl/documento/697505,1.7. Discusión en Sala,2022-01-03,per41,http://datos.bcn.cl/recurso/persona/4622,4622,gael fernanda yeomans araya,GAEL FERNANDA YEOMANS ARAYA,http://datos.bcn.cl/recurso/cl/documento/697505#per41,True,True,False
0,http://datos.bcn.cl/recurso/cl/documento/697505,1.7. Discusión en Sala,2022-01-03,per23,http://datos.bcn.cl/recurso/persona/3625,3625,jose ramon barros montero,JOSE RAMON BARROS MONTERO,http://datos.bcn.cl/recurso/cl/documento/697505#per23,True,True,False
0,http://datos.bcn.cl/recurso/cl/documento/697505,1.7. Discusión en Sala,2022-01-03,per126,http://datos.bcn.cl/recurso/persona/3002,3002,maria jose hoffmann opazo,MARIA JOSE HOFFMANN OPAZO,http://datos.bcn.cl/recurso/cl/documento/697505#per126,True,True,False
0,http://datos.bcn.cl/recurso/cl/documento/697505,1.7. Discusión en Sala,2022-01-03,per67,http://datos.bcn.cl/recurso/persona/4222,4222,michelle bachelet jeria,MICHELLE BACHELET JERIA,http://datos.bcn.cl/recurso/cl/documento/697505#per67,True,True,False
0,http://datos.bcn.cl/recurso/cl/documento/697505,1.7. Discusión en Sala,2022-01-03,per112,http://datos.bcn.cl/recurso/persona/4639,4639,camilo moran bahamondes,CAMILO MORAN BAHAMONDES,http://datos.bcn.cl/recurso/cl/documento/697505#per112,True,True,False
0,http://datos.bcn.cl/recurso/cl/documento/697505,1.7. Discusión en Sala,2022-01-03,per172,http://datos.bcn.cl/recurso/persona/1665,1665,leopoldo segundo ortega rodriguez,LEOPOLDO SEGUNDO ORTEGA RODRIGUEZ,http://datos.bcn.cl/recurso/cl/documento/697505#per172,True,False,False
0,http://datos.bcn.cl/recurso/cl/documento/697505,1.7. Discusión en Sala,2022-01-03,per185,http://datos.bcn.cl/recurso/persona/4880,4880,victor manuel barrera barrera,VICTOR MANUEL BARRERA BARRERA,http://datos.bcn.cl/recurso/cl/documento/697505#per185,True,True,False
0,http://datos.bcn.cl/recurso/cl/documento/697505,1.7. Discusión en Sala,2022-01-03,per142,http://datos.bcn.cl/recurso/persona/3201,3201,ignacio urrutia bonilla,IGNACIO URRUTIA BONILLA,http://datos.bcn.cl/recurso/cl/documento/697505#per142,True,True,False
0,http://datos.bcn.cl/recurso/cl/documento/697505,1.7. Discusión en Sala,2022-01-03,per33,http://datos.bcn.cl/recurso/persona/5246,5246,marcela riquelme aliaga,MARCELA RIQUELME ALIAGA,http://datos.bcn.cl/recurso/cl/documento/697505#per33,True,False,False
0,http://datos.bcn.cl/recurso/cl/documento/697505,1.7. Discusión en Sala,2022-01-03,per99,http://datos.bcn.cl/recurso/persona/4531,4531,vlado mirosevic verdugo,VLADO MIROSEVIC VERDUGO,http://datos.bcn.cl/recurso/cl/documento/697505#per99,True,True,False
0,http://datos.bcn.cl/recurso/cl/documento/697505,1.7. Discusión en Sala,2022-01-03,per102,http://datos.bcn.cl/recurso/persona/4533,4533,raul fernando saldivar auger,RAUL FERNANDO SALDIVAR AUGER,http://datos.bcn.cl/recurso/cl/documento/697505#per102,True,True,False
0,http://datos.bcn.cl/recurso/cl/documento/697505,1.7. Discusión en Sala,2022-01-03,per121,http://datos.bcn.cl/recurso/persona/4534,4534,marcela ximena hernando perez,MARCELA XIMENA HERNANDO PEREZ,http://datos.bcn.cl/recurso/cl/documento/697505#per121,True,True,False
0,http://datos.bcn.cl/recurso/cl/documento/697505,1.7. Discusión en Sala,2022-01-03,per106,http://datos.bcn.cl/recurso/persona/4535,4535,gonzalo guillermo fuenzalida figueroa,GONZALO GUILLERMO FUENZALIDA FIGUEROA,http://datos.bcn.cl/recurso/cl/documento/697505#per106,True,True,False
0,http://datos.bcn.cl/recurso/cl/documento/697505,1.7. Discusión en Sala,2022-01-03,per36,http://datos.bcn.cl/recurso/persona/4942,4942,marco antonio contreras jorquera,MARCO ANTONIO CONTRERAS JORQUERA,http://datos.bcn.cl/recurso/cl/documento/697505#per36,True,False,False
0,http://datos.bcn.cl/recurso/cl/documento/697505,1.7. Discusión en Sala,2022-01-03,per174,http://datos.bcn.cl/recurso/persona/2050,2050,miguel luis amunategui johnson,MIGUEL LUIS AMUNATEGUI JOHNSON,http://datos.bcn.cl/recurso/cl/documento/697505#per174,True,False,False
0,http://datos.bcn.cl/recurso/cl/documento/697505,1.7. Discusión en Sala,2022-01-03,per68,http://datos.bcn.cl/recurso/persona/4536,4536,gabriel boric font,GABRIEL BORIC FONT,http://datos.bcn.cl/recurso/cl/documento/697505#per68,True,True,False
0,http://datos.bcn.cl/recurso/cl/documento/697505,1.7. Discusión en Sala,2022-01-03,per98,http://datos.bcn.cl/recurso/persona/4538,4538,camila vallejo dowling,CAMILA VALLEJO DOWLING,http://datos.bcn.cl/recurso/cl/documento/697505#per98,True,True,False
0,http://datos.bcn.cl/recurso/cl/documento/697505,1.7. Discusión en Sala,2022-01-03,per155,http://datos.bcn.cl/recurso/persona/4630,4630,rolando ramon renteria moller,ROLANDO RAMON RENTERIA MOLLER,http://datos.bcn.cl/recurso/cl/documento/697505#per155,True,False,False
0,http://datos.bcn.cl/recurso/cl/documento/697505,1.7. Discusión en Sala,2022-01-03,per177,http://datos.bcn.cl/recurso/persona/4094,4094,jaime crispi lago,JAIME CRISPI LAGO,http://datos.bcn.cl/recurso/cl/documento/697505#per177,True,True,False
0,http://datos.bcn.cl/recurso/cl/documento/697505,1.7. Discusión en Sala,2022-01-03,per132,http://datos.bcn.cl/recurso/persona/4631,4631,sebastian torrealba alvarado,SEBASTIAN TORREALBA ALVARADO,http://datos.bcn.cl/recurso/cl/documento/697505#per132,True,True,False
0,http://datos.bcn.cl/recurso/cl/documento/697505,1.7. Discusión en Sala,2022-01-03,per124,http://datos.bcn.cl/recurso/persona/4632,4632,tomas rene hirsch goldschmidt,TOMAS RENE HIRSCH GOLDSCHMIDT,http://datos.bcn.cl/recurso/cl/documento/697505#per124,True,True,False
0,http://datos.bcn.cl/recurso/cl/documento/697505,1.7. Discusión en Sala,2022-01-03,per115,http://datos.bcn.cl/recurso/persona/4096,4096,jaime manuel toha gonzalez,JAIME MANUEL TOHA GONZALEZ,http://datos.bcn.cl/recurso/cl/documento/697505#per115,True,True,False
0,http://datos.bcn.cl/recurso/cl/documento/697505,1.7. Discusión en Sala,2022-01-03,per94,http://datos.bcn.cl/recurso/persona/4530,4530,ivan alberto flores garcia,IVAN ALBERTO FLORES GARCIA,http://datos.bcn.cl/recurso/cl/documento/697505#per94,True,True,False
0,http://datos.bcn.cl/recurso/cl/documento/697505,1.7. Discusión en Sala,2022-01-03,per75,http://datos.bcn.cl/recurso/persona/4541,4541,kenneth giorgio jackson drago,KENNETH GIORGIO JACKSON DRAGO,http://datos.bcn.cl/recurso/cl/documento/697505#per75,True,True,False
0,http://datos.bcn.cl/recurso/cl/documento/697505,1.7. Discusión en Sala,2022-01-03,per137,http://datos.bcn.cl/recurso/persona/4540,4540,renzo aldo trisotti martinez,RENZO ALDO TRISOTTI MARTINEZ,http://datos.bcn.cl/recurso/cl/documento/697505#per137,True,True,False
0,http://datos.bcn.cl/recurso/cl/documento/697505,1.7. Discusión en Sala,2022-01-03,per178,http://datos.bcn.cl/recurso/persona/1218,1218,eduardo cruz coke lassabe,EDUARDO CRUZ COKE LASSABE,http://datos.bcn.cl/recurso/cl/documento/697505#per178,True,True,False
0,http://datos.bcn.cl/recurso/cl/documento/697505,1.7. Discusión en Sala,2022-01-03,per184,http://datos.bcn.cl/recurso/persona/3501,3501,fernando humberto andres sanhueza herbage,FERNANDO HUMBERTO ANDRES SANHUEZA HERBAGE,http://datos.bcn.cl/recurso/cl/documento/697505#per184,False,False,False
0,http://datos.bcn.cl/recurso/cl/documento/697505,1.7. Discusión en Sala,2022-01-03,per145,http://datos.bcn.cl/recurso/persona/4607,4607,catalina perez salinas,CATALINA PEREZ SALINAS,http://datos.bcn.cl/recurso/cl/documento/697505#per145,True,False,False
0,http://datos.bcn.cl/recurso/cl/documento/697505,1.7. Discusión en Sala,2022-01-03,per134,http://datos.bcn.cl/recurso/persona/4547,4547,irle andrea parra sauterel,IRLE ANDREA PARRA SAUTEREL,http://datos.bcn.cl/recurso/cl/documento/697505#per134,True,True,False
0,http://datos.bcn.cl/recurso/cl/documento/697505,1.7. Discusión en Sala,2022-01-03,per82,http://datos.bcn.cl/recurso/persona/1390,1390,pepe auth stewart,PEPE AUTH STEWART,http://datos.bcn.cl/recurso/cl/documento/697505#per82,True,True,False
0,http://datos.bcn.cl/recurso/cl/documento/697505,1.7. Discusión en Sala,2022-01-03,per139,http://datos.bcn.cl/recurso/persona/4546,4546,andres celis montt,ANDRES CELIS MONTT,http://datos.bcn.cl/recurso/cl/documento/697505#per139,True,True,False
0,http://datos.bcn.cl/recurso/cl/documento/697505,1.7. Discusión en Sala,2022-01-03,per6,http://datos.bcn.cl/recurso/persona/4608,4608,leonidas andres romero saez,LEONIDAS ANDRES ROMERO SAEZ,http://datos.bcn.cl/recurso/cl/documento/697505#per6,True,True,False
0,http://datos.bcn.cl/recurso/cl/documento/697505,1.7. Discusión en Sala,2022-01-03,per87,http://datos.bcn.cl/recurso/persona/1021,1021,victor echaurren valero,VICTOR ECHAURREN VALERO,http://datos.bcn.cl/recurso/cl/documento/697505#per87,True,True,False
0,http://datos.bcn.cl/recurso/cl/documento/697505,1.7. Discusión en Sala,2022-01-03,per148,http://datos.bcn.cl/recurso/persona/4549,4549,cristobal urruticoechea rios,CRISTOBAL URRUTICOECHEA RIOS,http://datos.bcn.cl/recurso/cl/documento/697505#per148,True,True,False
0,http://datos.bcn.cl/recurso/cl/documento/697505,1.7. Discusión en Sala,2022-01-03,per69,http://datos.bcn.cl/recurso/persona/4605,4605,karim antonio bianchi retamales,KARIM ANTONIO BIANCHI RETAMALES,http://datos.bcn.cl/recurso/cl/documento/697505#per69,True,True,False
0,http://datos.bcn.cl/recurso/cl/documento/697505,1.7. Discusión en Sala,2022-01-03,per62,http://datos.bcn.cl/recurso/persona/4548,4548,claudia nathalie mix jimenez,CLAUDIA NATHALIE MIX JIMENEZ,http://datos.bcn.cl/recurso/cl/documento/697505#per62,True,True,False
0,http://datos.bcn.cl/recurso/cl/documento/697505,1.7. Discusión en Sala,2022-01-03,per149,http://datos.bcn.cl/recurso/persona/4543,4543,juan antonio coloma alamos,JUAN ANTONIO COLOMA ALAMOS,http://datos.bcn.cl/recurso/cl/documento/697505#per149,True,True,False
0,http://datos.bcn.cl/recurso/cl/documento/697505,1.7. Discusión en Sala,2022-01-03,per60,http://datos.bcn.cl/recurso/persona/3014,3014,marcelo gaston schilling rodriguez,MARCELO GASTON SCHILLING RODRIGUEZ,http://datos.bcn.cl/recurso/cl/documento/697505#per60,True,True,False
0,http://datos.bcn.cl/recurso/cl/documento/697505,1.7. Discusión en Sala,2022-01-03,per182,http://datos.bcn.cl/recurso/persona/3013,3013,juan alberto garcia romero,JUAN ALBERTO GARCIA ROMERO,http://datos.bcn.cl/recurso/cl/documento/697505#per182,True,False,False
0,http://datos.bcn.cl/recurso/cl/documento/697505,1.7. Discusión en Sala,2022-01-03,per8,http://datos.bcn.cl/recurso/persona/4542,4542,paulina andrea nunez urrutia,PAULINA ANDREA NUNEZ URRUTIA,http://datos.bcn.cl/recurso/cl/documento/697505#per8,True,True,False
0,http://datos.bcn.cl/recurso/cl/documento/697505,1.7. Discusión en Sala,2022-01-03,per120,http://datos.bcn.cl/recurso/persona/4545,4545,alexis sepulveda soto,ALEXIS SEPULVEDA SOTO,http://datos.bcn.cl/recurso/cl/documento/697505#per120,True,False,False
0,http://datos.bcn.cl/recurso/cl/documento/697505,1.7. Discusión en Sala,2022-01-03,per71,http://datos.bcn.cl/recurso/persona/4609,4609,marcos artemio ilabaca cerda,MARCOS ARTEMIO ILABACA CERDA,http://datos.bcn.cl/recurso/cl/documento/697505#per71,True,True,False
0,http://datos.bcn.cl/recurso/cl/documento/697505,1.7. Discusión en Sala,2022-01-03,per117,http://datos.bcn.cl/recurso/persona/4600,4600,francesca munoz gonzalez,FRANCESCA MUNOZ GONZALEZ,http://datos.bcn.cl/recurso/cl/documento/697505#per117,True,True,False
0,http://datos.bcn.cl/recurso/cl/documento/697505,1.7. Discusión en Sala,2022-01-03,per35,http://datos.bcn.cl/recurso/persona/730,730,marcelo diaz diaz,MARCELO DIAZ DIAZ,http://datos.bcn.cl/recurso/cl/documento/697505#per35,True,True,False
0,http://datos.bcn.cl/recurso/cl/documento/697505,1.7. Discusión en Sala,2022-01-03,per34,http://datos.bcn.cl/recurso/persona/5200,5200,ricardo cifuentes lillo,RICARDO CIFUENTES LILLO,http://datos.bcn.cl/recurso/cl/documento/697505#per34,True,False,False
0,http://datos.bcn.cl/recurso/cl/documento/697505,1.7. Discusión en Sala,2022-01-03,per59,http://datos.bcn.cl/recurso/persona/4604,4604,jorge ivan alessandri vergara,JORGE IVAN ALESSANDRI VERGARA,http://datos.bcn.cl/recurso/cl/documento/697505#per59,True,True,False
0,http://datos.bcn.cl/recurso/cl/documento/697505,1.7. Discusión en Sala,2022-01-03,per138,http://datos.bcn.cl/recurso/persona/4603,4603,harry jurgensen rundshagen,HARRY JURGENSEN RUNDSHAGEN,http://datos.bcn.cl/recurso/cl/documento/697505#per138,True,True,False
0,http://datos.bcn.cl/recurso/cl/documento/697505,1.7. Discusión en Sala,2022-01-03,per165,http://datos.bcn.cl/recurso/persona/4602,4602,gonzalo rodolfo winter etcheberry,GONZALO RODOLFO WINTER ETCHEBERRY,http://datos.bcn.cl/recurso/cl/documento/697505#per165,True,True,False
0,http://datos.bcn.cl/recurso/cl/documento/697505,1.7. Discusión en Sala,2022-01-03,per47,http://datos.bcn.cl/recurso/persona/4601,4601,gaston rene saavedra chandia,GASTON RENE SAAVEDRA CHANDIA,http://datos.bcn.cl/recurso/cl/documento/697505#per47,True,True,False
0,http://datos.bcn.cl/recurso/cl/documento/697505,1.7. Discusión en Sala,2022-01-03,per89,http://datos.bcn.cl/recurso/persona/135,135,rene alinco bustos,RENE ALINCO BUSTOS,http://datos.bcn.cl/recurso/cl/documento/697505#per89,True,True,False
0,http://datos.bcn.cl/recurso/cl/documento/697505,1.7. Discusión en Sala,2022-01-03,per118,http://datos.bcn.cl/recurso/persona/4552,4552,alejandro javier bernales maldonado,ALEJANDRO JAVIER BERNALES MALDONADO,http://datos.bcn.cl/recurso/cl/documento/697505#per118,True,True,False
0,http://datos.bcn.cl/recurso/cl/documento/697505,1.7. Discusión en Sala,2022-01-03,per128,http://datos.bcn.cl/recurso/persona/4551,4551,diego eduardo ibanez cotroneo,DIEGO EDUARDO IBANEZ COTRONEO,http://datos.bcn.cl/recurso/cl/documento/697505#per128,True,True,False
0,http://datos.bcn.cl/recurso/cl/documento/697505,1.7. Discusión en Sala,2022-01-03,per164,http://datos.bcn.cl/recurso/persona/4550,4550,marta carolina marzan pinto,MARTA CAROLINA MARZAN PINTO,http://datos.bcn.cl/recurso/cl/documento/697505#per164,True,True,False
0,http://datos.bcn.cl/recurso/cl/documento/697505,1.7. Discusión en Sala,2022-01-03,per72,http://datos.bcn.cl/recurso/persona/324,324,victor manuel lamas benavente,VICTOR MANUEL LAMAS BENAVENTE,http://datos.bcn.cl/recurso/cl/documento/697505#per72,True,False,False
0,http://datos.bcn.cl/recurso/cl/documento/697505,1.7. Discusión en Sala,2022-01-03,per181,http://datos.bcn.cl/recurso/persona/2658,2658,ignacio molina,IGNACIO MOLINA,http://datos.bcn.cl/recurso/cl/documento/697505#per181,True,False,False
0,http://datos.bcn.cl/recurso/cl/documento/697505,1.7. Discusión en Sala,2022-01-03,per110,http://datos.bcn.cl/recurso/persona/899,899,nino baltolu rasera,NINO BALTOLU RASERA,http://datos.bcn.cl/recurso/cl/documento/697505#per110,True,True,False
0,http://datos.bcn.cl/recurso/cl/documento/697505,1.7. Discusión en Sala,2022-01-03,per143,http://datos.bcn.cl/recurso/persona/4617,4617,diego ignacio schalper sepulveda,DIEGO IGNACIO SCHALPER SEPULVEDA,http://datos.bcn.cl/recurso/cl/documento/697505#per143,True,True,False
0,http://datos.bcn.cl/recurso/cl/documento/697505,1.7. Discusión en Sala,2022-01-03,per17,http://datos.bcn.cl/recurso/persona/4559,4559,andres longton herrera,ANDRES LONGTON HERRERA,http://datos.bcn.cl/recurso/cl/documento/697505#per17,True,True,False
0,http://datos.bcn.cl/recurso/cl/documento/697505,1.7. Discusión en Sala,2022-01-03,per129,http://datos.bcn.cl/recurso/persona/4558,4558,alvaro jorge carter fernandez,ALVARO JORGE CARTER FERNANDEZ,http://datos.bcn.cl/recurso/cl/documento/697505#per129,True,True,False
0,http://datos.bcn.cl/recurso/cl/documento/697505,1.7. Discusión en Sala,2022-01-03,per64,http://datos.bcn.cl/recurso/persona/4618,4618,maria ximena ossandon irarrazabal,MARIA XIMENA OSSANDON IRARRAZABAL,http://datos.bcn.cl/recurso/cl/documento/697505#per64,True,True,False
0,http://datos.bcn.cl/recurso/cl/documento/697505,1.7. Discusión en Sala,2022-01-03,per46,http://datos.bcn.cl/recurso/persona/4557,4557,andres molina magofke,ANDRES MOLINA MAGOFKE,http://datos.bcn.cl/recurso/cl/documento/697505#per46,True,True,False
0,http://datos.bcn.cl/recurso/cl/documento/697505,1.7. Discusión en Sala,2022-01-03,per45,http://datos.bcn.cl/recurso/persona/4556,4556,amaro labra sepulveda,AMARO LABRA SEPULVEDA,http://datos.bcn.cl/recurso/cl/documento/697505#per45,True,True,False
0,http://datos.bcn.cl/recurso/cl/documento/697505,1.7. Discusión en Sala,2022-01-03,per29,http://datos.bcn.cl/recurso/persona/4555,4555,francisco eguiguren correa,FRANCISCO EGUIGUREN CORREA,http://datos.bcn.cl/recurso/cl/documento/697505#per29,True,True,False
0,http://datos.bcn.cl/recurso/cl/documento/697505,1.7. Discusión en Sala,2022-01-03,per114,http://datos.bcn.cl/recurso/persona/4554,4554,felix marcelo gonzalez gatica,FELIX MARCELO GONZALEZ GATICA,http://datos.bcn.cl/recurso/cl/documento/697505#per114,True,True,False
0,http://datos.bcn.cl/recurso/cl/documento/697505,1.7. Discusión en Sala,2022-01-03,per96,http://datos.bcn.cl/recurso/persona/994,994,pedro alvarez-salamanca ramirez,PEDRO ALVAREZ SALAMANCA RAMIREZ,http://datos.bcn.cl/recurso/cl/documento/697505#per96,True,True,False
0,http://datos.bcn.cl/recurso/cl/documento/697505,1.7. Discusión en Sala,2022-01-03,per187,http://datos.bcn.cl/recurso/persona/2247,2247,hermogenes labbe labbe,HERMOGENES LABBE LABBE,http://datos.bcn.cl/recurso/cl/documento/697505#per187,True,False,False
0,http://datos.bcn.cl/recurso/cl/documento/697505,1.7. Discusión en Sala,2022-01-03,per7,http://datos.bcn.cl/recurso/persona/1942,1942,pedro antonio velasquez seguel,PEDRO ANTONIO VELASQUEZ SEGUEL,http://datos.bcn.cl/recurso/cl/documento/697505#per7,True,False,False
0,http://datos.bcn.cl/recurso/cl/documento/697505,1.7. Discusión en Sala,2022-01-03,per179,http://datos.bcn.cl/recurso/persona/3707,3707,sergio salinas moreira,SERGIO SALINAS MOREIRA,http://datos.bcn.cl/recurso/cl/documento/697505#per179,True,True,False
0,http://datos.bcn.cl/recurso/cl/documento/697505,1.7. Discusión en Sala,2022-01-03,per26,http://datos.bcn.cl/recurso/persona/3360,3360,ivan ernesto norambuena farias,IVAN ERNESTO NORAMBUENA FARIAS,http://datos.bcn.cl/recurso/cl/documento/697505#per26,True,True,False
0,http://datos.bcn.cl/recurso/cl/documento/697505,1.7. Discusión en Sala,2022-01-03,per76,http://datos.bcn.cl/recurso/persona/4611,4611,cristhian patricio moreira barros,CRISTHIAN PATRICIO MOREIRA BARROS,http://datos.bcn.cl/recurso/cl/documento/697505#per76,True,True,False
0,http://datos.bcn.cl/recurso/cl/documento/697505,1.7. Discusión en Sala,2022-01-03,per78,http://datos.bcn.cl/recurso/persona/4610,4610,miguel angel calisto aguila,MIGUEL ANGEL CALISTO AGUILA,http://datos.bcn.cl/recurso/cl/documento/697505#per78,True,True,False
0,http://datos.bcn.cl/recurso/cl/documento/697505,1.7. Discusión en Sala,2022-01-03,per37,http://datos.bcn.cl/recurso/persona/4939,4939,jose antonio rivas villalobos,JOSE ANTONIO RIVAS VILLALOBOS,http://datos.bcn.cl/recurso/cl/documento/697505#per37,True,False,False
0,http://datos.bcn.cl/recurso/cl/documento/697505,1.7. Discusión en Sala,2022-01-03,per92,http://datos.bcn.cl/recurso/persona/4613,4613,raul florcita alarcon rojas,RAUL FLORCITA ALARCON ROJAS,http://datos.bcn.cl/recurso/cl/documento/697505#per92,True,True,False
0,http://datos.bcn.cl/recurso/cl/documento/697505,1.7. Discusión en Sala,2022-01-03,per13,http://datos.bcn.cl/recurso/persona/4612,4612,nicolas jose noman garrido,NICOLAS JOSE NOMAN GARRIDO,http://datos.bcn.cl/recurso/cl/documento/697505#per13,True,True,False
0,http://datos.bcn.cl/recurso/cl/documento/697505,1.7. Discusión en Sala,2022-01-03,per160,http://datos.bcn.cl/recurso/persona/4614,4614,daniel angel verdessi belemmi,DANIEL ANGEL VERDESSI BELEMMI,http://datos.bcn.cl/recurso/cl/documento/697505#per160,True,True,False
0,http://datos.bcn.cl/recurso/cl/documento/697505,1.7. Discusión en Sala,2022-01-03,per18,http://datos.bcn.cl/recurso/persona/3365,3365,oscar guillermo garreton purcell,OSCAR GUILLERMO GARRETON PURCELL,http://datos.bcn.cl/recurso/cl/documento/697505#per18,True,False,False
0,http://datos.bcn.cl/recurso/cl/documento/697505,1.7. Discusión en Sala,2022-01-03,per108,http://datos.bcn.cl/recurso/persona/3369,3369,celso rene morales munoz,CELSO RENE MORALES MUNOZ,http://datos.bcn.cl/recurso/cl/documento/697505#per108,True,True,False
0,http://datos.bcn.cl/recurso/cl/documento/697505,1.7. Discusión en Sala,2022-01-03,per100,http://datos.bcn.cl/recurso/persona/122,122,rene fernando saffirio espinoza,RENE FERNANDO SAFFIRIO ESPINOZA,http://datos.bcn.cl/recurso/cl/documento/697505#per100,True,True,False
0,http://datos.bcn.cl/recurso/cl/documento/697505,1.7. Discusión en Sala,2022-01-03,per147,http://datos.bcn.cl/recurso/persona/864,864,pablo prieto lorca,PABLO PRIETO LORCA,http://datos.bcn.cl/recurso/cl/documento/697505#per147,True,True,False
0,http://datos.bcn.cl/recurso/cl/documento/697505,1.7. Discusión en Sala,2022-01-03,per38,http://datos.bcn.cl/recurso/persona/1001,1001,pablo lorenzini basso,PABLO LORENZINI BASSO,http://datos.bcn.cl/recurso/cl/documento/697505#per38,True,True,False
0,http://datos.bcn.cl/recurso/cl/documento/697505,1.7. Discusión en Sala,2022-01-03,per146,http://datos.bcn.cl/recurso/persona/4561,4561,catalina del real mihovilovic,CATALINA DEL REAL MIHOVILOVIC,http://datos.bcn.cl/recurso/cl/documento/697505#per146,True,True,False
0,http://datos.bcn.cl/recurso/cl/documento/697505,1.7. Discusión en Sala,2022-01-03,per175,http://datos.bcn.cl/recurso/persona/1274,1274,carlos bianchi chelech,CARLOS BIANCHI CHELECH,http://datos.bcn.cl/recurso/cl/documento/697505#per175,True,True,False
0,http://datos.bcn.cl/recurso/cl/documento/697505,1.7. Discusión en Sala,2022-01-03,per58,http://datos.bcn.cl/recurso/persona/4560,4560,boris anthony barrera moreno,BORIS ANTHONY BARRERA MORENO,http://datos.bcn.cl/recurso/cl/documento/697505#per58,True,True,False
0,http://datos.bcn.cl/recurso/cl/documento/697505,1.7. Discusión en Sala,2022-01-03,per1,http://datos.bcn.cl/recurso/persona/4563,4563,juan francisco undurraga gazitua,JUAN FRANCISCO UNDURRAGA GAZITUA,http://datos.bcn.cl/recurso/cl/documento/697505#per1,True,True,False
0,http://datos.bcn.cl/recurso/cl/documento/697505,1.7. Discusión en Sala,2022-01-03,per57,http://datos.bcn.cl/recurso/persona/4562,4562,cosme leopoldo mellado pino,COSME LEOPOLDO MELLADO PINO,http://datos.bcn.cl/recurso/cl/documento/697505#per57,True,True,False
0,http://datos.bcn.cl/recurso/cl/documento/697505,1.7. Discusión en Sala,2022-01-03,per141,http://datos.bcn.cl/recurso/persona/4565,4565,joanna elena perez olea,JOANNA ELENA PEREZ OLEA,http://datos.bcn.cl/recurso/cl/documento/697505#per141,True,True,False
0,http://datos.bcn.cl/recurso/cl/documento/697505,1.7. Discusión en Sala,2022-01-03,per157,http://datos.bcn.cl/recurso/persona/4564,4564,hugo vicente rey martinez,HUGO VICENTE REY MARTINEZ,http://datos.bcn.cl/recurso/cl/documento/697505#per157,True,True,False
0,http://datos.bcn.cl/recurso/cl/documento/697505,1.7. Discusión en Sala,2022-01-03,per163,http://datos.bcn.cl/recurso/persona/4567,4567,jorge andres duran espinoza,JORGE ANDRES DURAN ESPINOZA,http://datos.bcn.cl/recurso/cl/documento/697505#per163,True,True,False
0,http://datos.bcn.cl/recurso/cl/documento/697505,1.7. Discusión en Sala,2022-01-03,per113,http://datos.bcn.cl/recurso/persona/1470,1470,rene manuel garcia garcia,RENE MANUEL GARCIA GARCIA,http://datos.bcn.cl/recurso/cl/documento/697505#per113,True,True,False
0,http://datos.bcn.cl/recurso/cl/documento/697505,1.7. Discusión en Sala,2022-01-03,per50,http://datos.bcn.cl/recurso/persona/686,686,leopoldo alfredo perez lahsen,LEOPOLDO ALFREDO PEREZ LAHSEN,http://datos.bcn.cl/recurso/cl/documento/697505#per50,True,True,False
0,http://datos.bcn.cl/recurso/cl/documento/697505,1.7. Discusión en Sala,2022-01-03,per74,http://datos.bcn.cl/recurso/persona/4569,4569,luciano cruz-coke carvallo,LUCIANO CRUZ COKE CARVALLO,http://datos.bcn.cl/recurso/cl/documento/697505#per74,True,True,False
0,http://datos.bcn.cl/recurso/cl/documento/697505,1.7. Discusión en Sala,2022-01-03,per104,http://datos.bcn.cl/recurso/persona/4568,4568,juan manuel fuenzalida cobo,JUAN MANUEL FUENZALIDA COBO,http://datos.bcn.cl/recurso/cl/documento/697505#per104,True,True,False
0,http://datos.bcn.cl/recurso/cl/documento/697505,1.7. Discusión en Sala,2022-01-03,per51,http://datos.bcn.cl/recurso/persona/1893,1893,rene rodrigo gonzalez torres,RENE RODRIGO GONZALEZ TORRES,http://datos.bcn.cl/recurso/cl/documento/697505#per51,True,True,False
0,http://datos.bcn.cl/recurso/cl/documento/697505,1.7. Discusión en Sala,2022-01-03,per48,http://datos.bcn.cl/recurso/persona/3669,3669,frank carlos sauerbaum munoz,FRANK CARLOS SAUERBAUM MUNOZ,http://datos.bcn.cl/recurso/cl/documento/697505#per48,True,True,False
0,http://datos.bcn.cl/recurso/cl/documento/697505,1.7. Discusión en Sala,2022-01-03,per27,http://datos.bcn.cl/recurso/persona/218,218,jorge esteban pizarro soto,JORGE ESTEBAN PIZARRO SOTO,http://datos.bcn.cl/recurso/cl/documento/697505#per27,True,True,False
0,http://datos.bcn.cl/recurso/cl/documento/697505,1.7. Discusión en Sala,2022-01-03,per88,http://datos.bcn.cl/recurso/persona/2000,2000,jose gregorio eguiguren amunategui,JOSE GREGORIO EGUIGUREN AMUNATEGUI,http://datos.bcn.cl/recurso/cl/documento/697505#per88,True,False,False
0,http://datos.bcn.cl/recurso/cl/documento/697505,1.7. Discusión en Sala,2022-01-03,per150,http://datos.bcn.cl/recurso/persona/4570,4570,guillermo andres ramirez diez,GUILLERMO ANDRES RAMIREZ DIEZ,http://datos.bcn.cl/recurso/cl/documento/697505#per150,True,True,False
0,http://datos.bcn.cl/recurso/cl/documento/697505,1.7. Discusión en Sala,2022-01-03,per2,http://datos.bcn.cl/recurso/persona/1209,1209,jose miguel ortiz novoa,JOSE MIGUEL ORTIZ NOVOA,http://datos.bcn.cl/recurso/cl/documento/697505#per2,True,True,False
0,http://datos.bcn.cl/recurso/cl/documento/697505,1.7. Discusión en Sala,2022-01-03,per168,http://datos.bcn.cl/recurso/persona/3292,3292,manuel matta aragay,MANUEL MATTA ARAGAY,http://datos.bcn.cl/recurso/cl/documento/697505#per168,True,True,False
0,http://datos.bcn.cl/recurso/cl/documento/697505,1.7. Discusión en Sala,2022-01-03,per161,http://datos.bcn.cl/recurso/persona/4574,4574,karin claudia luck urban,KARIN CLAUDIA LUCK URBAN,http://datos.bcn.cl/recurso/cl/documento/697505#per161,True,True,False
0,http://datos.bcn.cl/recurso/cl/documento/697505,1.7. Discusión en Sala,2022-01-03,per173,http://datos.bcn.cl/recurso/persona/4676,4676,mariela serey jimenez,MARIELA SEREY JIMENEZ,http://datos.bcn.cl/recurso/cl/documento/697505#per173,True,False,False
0,http://datos.bcn.cl/recurso/cl/documento/697505,1.7. Discusión en Sala,2022-01-03,per153,http://datos.bcn.cl/recurso/persona/2128,2128,enrique van rysselberghe herrera,ENRIQUE VAN RYSSELBERGHE HERRERA,http://datos.bcn.cl/recurso/cl/documento/697505#per153,True,True,False
0,http://datos.bcn.cl/recurso/cl/documento/697505,1.7. Discusión en Sala,2022-01-03,per3,http://datos.bcn.cl/recurso/persona/4573,4573,pablo vidal rojas,PABLO VIDAL ROJAS,http://datos.bcn.cl/recurso/cl/documento/697505#per3,True,True,False
0,http://datos.bcn.cl/recurso/cl/documento/697505,1.7. Discusión en Sala,2022-01-03,per170,http://datos.bcn.cl/recurso/persona/937,937,luis eduardo undurraga correa,LUIS EDUARDO UNDURRAGA CORREA,http://datos.bcn.cl/recurso/cl/documento/697505#per170,True,True,False
0,http://datos.bcn.cl/recurso/cl/documento/697505,1.7. Discusión en Sala,2022-01-03,per123,http://datos.bcn.cl/recurso/persona/4572,4572,jorge elias brito hasbun,JORGE ELIAS BRITO HASBUN,http://datos.bcn.cl/recurso/cl/documento/697505#per123,True,True,False
0,http://datos.bcn.cl/recurso/cl/documento/697505,1.7. Discusión en Sala,2022-01-03,per15,http://datos.bcn.cl/recurso/persona/302,302,guillermo teillier del valle,GUILLERMO TEILLIER DEL VALLE,http://datos.bcn.cl/recurso/cl/documento/697505#per15,False,False,False
0,http://datos.bcn.cl/recurso/cl/documento/697505,1.7. Discusión en Sala,2022-01-03,per30,http://datos.bcn.cl/recurso/persona/4571,4571,miguel mellado suazo,MIGUEL MELLADO SUAZO,http://datos.bcn.cl/recurso/cl/documento/697505#per30,True,True,False
0,http://datos.bcn.cl/recurso/cl/documento/697505,1.7. Discusión en Sala,2022-01-03,per24,http://datos.bcn.cl/recurso/persona/404,404,sebastian pinera,SEBASTIAN PINERA,http://datos.bcn.cl/recurso/cl/documento/697505#per24,True,True,False
0,http://datos.bcn.cl/recurso/cl/documento/697505,1.7. Discusión en Sala,2022-01-03,per22,http://datos.bcn.cl/recurso/persona/4578,4578,marisela santibanez novoa,MARISELA SANTIBANEZ NOVOA,http://datos.bcn.cl/recurso/cl/documento/697505#per22,True,True,False
0,http://datos.bcn.cl/recurso/cl/documento/697505,1.7. Discusión en Sala,2022-01-03,per11,http://datos.bcn.cl/recurso/persona/4577,4577,sebastian keitel bianchi,SEBASTIAN KEITEL BIANCHI,http://datos.bcn.cl/recurso/cl/documento/697505#per11,True,True,False
0,http://datos.bcn.cl/recurso/cl/documento/697505,1.7. Discusión en Sala,2022-01-03,per66,http://datos.bcn.cl/recurso/persona/4576,4576,maite orsini pascal,MAITE ORSINI PASCAL,http://datos.bcn.cl/recurso/cl/documento/697505#per66,True,True,False
0,http://datos.bcn.cl/recurso/cl/documento/697505,1.7. Discusión en Sala,2022-01-03,per111,http://datos.bcn.cl/recurso/persona/4575,4575,ramon ernesto galleguillos castillo,RAMON ERNESTO GALLEGUILLOS CASTILLO,http://datos.bcn.cl/recurso/cl/documento/697505#per111,True,True,False
0,http://datos.bcn.cl/recurso/cl/documento/697505,1.7. Discusión en Sala,2022-01-03,per61,http://datos.bcn.cl/recurso/persona/1482,1482,gaston von muhlenbrock zamora,GASTON VON MUHLENBROCK ZAMORA,http://datos.bcn.cl/recurso/cl/documento/697505#per61,True,True,False
0,http://datos.bcn.cl/recurso/cl/documento/697505,1.7. Discusión en Sala,2022-01-03,per158,http://datos.bcn.cl/recurso/persona/3192,3192,mario artidoro venegas cardenas,MARIO ARTIDORO VENEGAS CARDENAS,http://datos.bcn.cl/recurso/cl/documento/697505#per158,True,True,False
0,http://datos.bcn.cl/recurso/cl/documento/697505,1.7. Discusión en Sala,2022-01-03,per55,http://datos.bcn.cl/recurso/persona/4579,4579,sofia slovena cid versalovic,SOFIA SLOVENA CID VERSALOVIC,http://datos.bcn.cl/recurso/cl/documento/697505#per55,True,True,False
0,http://datos.bcn.cl/recurso/cl/documento/697505,1.7. Discusión en Sala,2022-01-03,per84,http://datos.bcn.cl/recurso/persona/2861,2861,sergio bobadilla munoz,SERGIO BOBADILLA MUNOZ,http://datos.bcn.cl/recurso/cl/documento/697505#per84,True,False,False
0,http://datos.bcn.cl/recurso/cl/documento/697505,1.7. Discusión en Sala,2022-01-03,per25,http://datos.bcn.cl/recurso/persona/504,504,patricio melero abaroa,PATRICIO MELERO ABAROA,http://datos.bcn.cl/recurso/cl/documento/697505#per25,True,True,False
0,http://datos.bcn.cl/recurso/cl/documento/697505,1.7. Discusión en Sala,2022-01-03,per32,http://datos.bcn.cl/recurso/persona/1827,1827,manuel zacarias monsalve benavides,MANUEL ZACARIAS MONSALVE BENAVIDES,http://datos.bcn.cl/recurso/cl/documento/697505#per32,True,True,False
0,http://datos.bcn.cl/recurso/cl/documento/697505,1.7. Discusión en Sala,2022-01-03,per54,http://datos.bcn.cl/recurso/persona/3099,3099,ricardo andres lagos weber,RICARDO ANDRES LAGOS WEBER,http://datos.bcn.cl/recurso/cl/documento/697505#per54,True,True,False
1,http://datos.bcn.cl/recurso/cl/documento/696951,2.3. Discusión en Sala,2022-01-24,per108,,,,,http://datos.bcn.cl/recurso/cl/documento/696951#per108,True,False,False
1,http://datos.bcn.cl/recurso/cl/documento/696951,2.3. Discusión en Sala,2022-01-24,PersonaAut1,http://datos.bcn.cl/recurso/persona/1706,1706,carolina goic boroevic,CAROLINA GOIC BOROEVIC,http://datos.bcn.cl/recurso/cl/documento/696951#PersonaAut1,False,False,False
1,http://datos.bcn.cl/recurso/cl/documento/696951,2.3. Discusión en Sala,2022-01-24,PersonaAut2,http://datos.bcn.cl/recurso/persona/2362,2362,ximena cecilia rincon gonzalez,XIMENA CECILIA RINCON GONZALEZ,http://datos.bcn.cl/recurso/cl/documento/696951#PersonaAut2,False,True,False
1,http://datos.bcn.cl/recurso/cl/documento/696951,2.3. Discusión en Sala,2022-01-24,PersonaAut3,http://datos.bcn.cl/recurso/persona/2605,2605,juan pablo letelier morel,JUAN PABLO LETELIER MOREL,http://datos.bcn.cl/recurso/cl/documento/696951#PersonaAut3,False,True,False
1,http://datos.bcn.cl/recurso/cl/documento/696951,2.3. Discusión en Sala,2022-01-24,PersonaAut4,http://datos.bcn.cl/recurso/persona/1274,1274,carlos bianchi chelech,CARLOS BIANCHI CHELECH,http://datos.bcn.cl/recurso/cl/documento/696951#PersonaAut4,False,True,False
1,http://datos.bcn.cl/recurso/cl/documento/696951,2.3. Discusión en Sala,2022-01-24,PersonaAut5,http://datos.bcn.cl/recurso/persona/4633,4633,rodrigo galilea vial,RODRIGO GALILEA VIAL,http://datos.bcn.cl/recurso/cl/documento/696951#PersonaAut5,False,False,False
1,http://datos.bcn.cl/recurso/cl/documento/696951,2.3. Discusión en Sala,2022-01-24,PersonaAut6,http://datos.bcn.cl/recurso/persona/1778,1778,juan antonio coloma correa,JUAN ANTONIO COLOMA CORREA,http://datos.bcn.cl/recurso/cl/documento/696951#PersonaAut6,False,True,False
1,http://datos.bcn.cl/recurso/cl/documento/696951,2.3. Discusión en Sala,2022-01-24,PersonaAut7,http://datos.bcn.cl/recurso/persona/279,279,jose gilberto garcia ruminot,JOSE GILBERTO GARCIA RUMINOT,http://datos.bcn.cl/recurso/cl/documento/696951#PersonaAut7,False,False,False
1,http://datos.bcn.cl/recurso/cl/documento/696951,2.3. Discusión en Sala,2022-01-24,PersonaAut8,http://datos.bcn.cl/recurso/persona/1646,1646,david sergio sandoval plaza,DAVID SERGIO SANDOVAL PLAZA,http://datos.bcn.cl/recurso/cl/documento/696951#PersonaAut8,False,False,False
1,http://datos.bcn.cl/recurso/cl/documento/696951,2.3. Discusión en Sala,2022-01-24,PersonaAut9,http://datos.bcn.cl/recurso/persona/1667,1667,carlos eduardo montes cisternas,CARLOS EDUARDO MONTES CISTERNAS,http://datos.bcn.cl/recurso/cl/documento/696951#PersonaAut9,False,False,False
1,http://datos.bcn.cl/recurso/cl/documento/696951,2.3. Discusión en Sala,2022-01-24,PersonaAut10,http://datos.bcn.cl/recurso/persona/1713,1713,ivan alejandro moreira barros,IVAN ALEJANDRO MOREIRA BARROS,http://datos.bcn.cl/recurso/cl/documento/696951#PersonaAut10,False,False,False
1,http://datos.bcn.cl/recurso/cl/documento/696951,2.3. Discusión en Sala,2022-01-24,PersonaAut11,http://datos.bcn.cl/recurso/persona/4593,4593,carmen gloria aravena acuna,CARMEN GLORIA ARAVENA ACUNA,http://datos.bcn.cl/recurso/cl/documento/696951#PersonaAut11,False,True,False
1,http://datos.bcn.cl/recurso/cl/documento/696951,2.3. Discusión en Sala,2022-01-24,PersonaAut12,http://datos.bcn.cl/recurso/persona/4588,4588,juan enrique castro prieto,JUAN ENRIQUE CASTRO PRIETO,http://datos.bcn.cl/recurso/cl/documento/696951#PersonaAut12,False,False,False
1,http://datos.bcn.cl/recurso/cl/documento/696951,2.3. Discusión en Sala,2022-01-24,PersonaAut13,http://datos.bcn.cl/recurso/persona/3494,3494,maria isabel allende bussi,MARIA ISABEL ALLENDE BUSSI,http://datos.bcn.cl/recurso/cl/documento/696951#PersonaAut13,False,True,False
1,http://datos.bcn.cl/recurso/cl/documento/696951,2.3. Discusión en Sala,2022-01-24,PersonaAut14,http://datos.bcn.cl/recurso/persona/4323,4323,yasna provoste campillay,YASNA PROVOSTE CAMPILLAY,http://datos.bcn.cl/recurso/cl/documento/696951#PersonaAut14,False,True,False
1,http://datos.bcn.cl/recurso/cl/documento/696951,2.3. Discusión en Sala,2022-01-24,PersonaAut15,http://datos.bcn.cl/recurso/persona/3099,3099,ricardo andres lagos weber,RICARDO ANDRES LAGOS WEBER,http://datos.bcn.cl/recurso/cl/documento/696951#PersonaAut15,False,True,False
1,http://datos.bcn.cl/recurso/cl/documento/696951,2.3. Discusión en Sala,2022-01-24,PersonaAut16,http://datos.bcn.cl/recurso/persona/4521,4521,manuel jose ossandon irarrazabal,MANUEL JOSE OSSANDON IRARRAZABAL,http://datos.bcn.cl/recurso/cl/documento/696951#PersonaAut16,False,False,False
1,http://datos.bcn.cl/recurso/cl/documento/696951,2.3. Discusión en Sala,2022-01-24,PersonaAut17,http://datos.bcn.cl/recurso/persona/4512,4512,alejandro guillier alvarez,ALEJANDRO GUILLIER ALVAREZ,http://datos.bcn.cl/recurso/cl/documento/696951#PersonaAut17,False,False,False
1,http://datos.bcn.cl/recurso/cl/documento/696951,2.3. Discusión en Sala,2022-01-24,PersonaAut18,http://datos.bcn.cl/recurso/persona/4634,4634,jose miguel durana semir,JOSE MIGUEL DURANA SEMIR,http://datos.bcn.cl/recurso/cl/documento/696951#PersonaAut18,False,False,False
1,http://datos.bcn.cl/recurso/cl/documento/696951,2.3. Discusión en Sala,2022-01-24,PersonaAut19,http://datos.bcn.cl/recurso/persona/4030,4030,felipe jose kast sommerhoff,FELIPE JOSE KAST SOMMERHOFF,http://datos.bcn.cl/recurso/cl/documento/696951#PersonaAut19,False,False,False
1,http://datos.bcn.cl/recurso/cl/documento/696951,2.3. Discusión en Sala,2022-01-24,PersonaAut20,http://datos.bcn.cl/recurso/persona/4519,4519,rabindranath vladimir quinteros lara,RABINDRANATH VLADIMIR QUINTEROS LARA,http://datos.bcn.cl/recurso/cl/documento/696951#PersonaAut20,False,True,False
1,http://datos.bcn.cl/recurso/cl/documento/696951,2.3. Discusión en Sala,2022-01-24,PersonaAut21,http://datos.bcn.cl/recurso/persona/3688,3688,alejandro navarro brain,ALEJANDRO NAVARRO BRAIN,http://datos.bcn.cl/recurso/cl/documento/696951#PersonaAut21,False,False,False
1,http://datos.bcn.cl/recurso/cl/documento/696951,2.3. Discusión en Sala,2022-01-24,PersonaAut22,http://datos.bcn.cl/recurso/persona/1,1,claudio alvarado andrade,CLAUDIO ALVARADO ANDRADE,http://datos.bcn.cl/recurso/cl/documento/696951#PersonaAut22,False,False,False
1,http://datos.bcn.cl/recurso/cl/documento/696951,2.3. Discusión en Sala,2022-01-24,PersonaAut23,http://datos.bcn.cl/recurso/persona/71,71,francisco huenchumilla jaramillo,FRANCISCO HUENCHUMILLA JARAMILLO,http://datos.bcn.cl/recurso/cl/documento/696951#PersonaAut23,False,False,False
1,http://datos.bcn.cl/recurso/cl/documento/696951,2.3. Discusión en Sala,2022-01-24,PersonaAut24,http://datos.bcn.cl/recurso/persona/4606,4606,juan ignacio latorre riveros,JUAN IGNACIO LATORRE RIVEROS,http://datos.bcn.cl/recurso/cl/documento/696951#PersonaAut24,False,False,False
1,http://datos.bcn.cl/recurso/cl/documento/696951,2.3. Discusión en Sala,2022-01-24,PersonaAut25,http://datos.bcn.cl/recurso/persona/4141,4141,jose miguel insulza salinas,JOSE MIGUEL INSULZA SALINAS,http://datos.bcn.cl/recurso/cl/documento/696951#PersonaAut25,False,False,False
1,http://datos.bcn.cl/recurso/cl/documento/696951,2.3. Discusión en Sala,2022-01-24,PersonaAut26,http://datos.bcn.cl/recurso/persona/4589,4589,luz eliana ebensperger orrego,LUZ ELIANA EBENSPERGER ORREGO,http://datos.bcn.cl/recurso/cl/documento/696951#PersonaAut26,False,False,False
1,http://datos.bcn.cl/recurso/cl/documento/696951,2.3. Discusión en Sala,2022-01-24,PersonaAut28,http://datos.bcn.cl/recurso/persona/4584,4584,alvaro antonio elizalde soto,ALVARO ANTONIO ELIZALDE SOTO,http://datos.bcn.cl/recurso/cl/documento/696951#PersonaAut28,False,True,False
1,http://datos.bcn.cl/recurso/cl/documento/696951,2.3. Discusión en Sala,2022-01-24,PersonaAut29,http://datos.bcn.cl/recurso/persona/1925,1925,alfonso de urresti longton,ALFONSO DE URRESTI LONGTON,http://datos.bcn.cl/recurso/cl/documento/696951#PersonaAut29,False,True,False
1,http://datos.bcn.cl/recurso/cl/documento/696951,2.3. Discusión en Sala,2022-01-24,PersonaAut30,http://datos.bcn.cl/recurso/persona/4592,4592,ximena loreto ordenes neira,XIMENA LORETO ORDENES NEIRA,http://datos.bcn.cl/recurso/cl/documento/696951#PersonaAut30,False,False,False
1,http://datos.bcn.cl/recurso/cl/documento/696951,2.3. Discusión en Sala,2022-01-24,PersonaAut31,http://datos.bcn.cl/recurso/persona/2571,2571,alejandro garcia-huidobro sanfuentes,ALEJANDRO GARCIA HUIDOBRO SANFUENTES,http://datos.bcn.cl/recurso/cl/documento/696951#PersonaAut31,False,False,False
1,http://datos.bcn.cl/recurso/cl/documento/696951,2.3. Discusión en Sala,2022-01-24,PersonaAut32,http://datos.bcn.cl/recurso/persona/218,218,jorge esteban pizarro soto,JORGE ESTEBAN PIZARRO SOTO,http://datos.bcn.cl/recurso/cl/documento/696951#PersonaAut32,False,True,False
1,http://datos.bcn.cl/recurso/cl/documento/696951,2.3. Discusión en Sala,2022-01-24,PersonaAut33,http://datos.bcn.cl/recurso/persona/4514,4514,jacqueline van rysselberghe herrera,JACQUELINE VAN RYSSELBERGHE HERRERA,http://datos.bcn.cl/recurso/cl/documento/696951#PersonaAut33,False,False,False
1,http://datos.bcn.cl/recurso/cl/documento/696951,2.3. Discusión en Sala,2022-01-24,PersonaAut34,http://datos.bcn.cl/recurso/persona/4591,4591,rafael prohens espinosa,RAFAEL PROHENS ESPINOSA,http://datos.bcn.cl/recurso/cl/documento/696951#PersonaAut34,False,False,False
1,http://datos.bcn.cl/recurso/cl/documento/696951,2.3. Discusión en Sala,2022-01-24,PersonaAut39,http://datos.bcn.cl/recurso/persona/4595,4595,aracely andrea leuquen uribe,ARACELY ANDREA LEUQUEN URIBE,http://datos.bcn.cl/recurso/cl/documento/696951#PersonaAut39,False,True,False
1,http://datos.bcn.cl/recurso/cl/documento/696951,2.3. Discusión en Sala,2022-01-24,PersonaAut49,http://datos.bcn.cl/recurso/persona/4539,4539,maria loreto carvajal ambiado,MARIA LORETO CARVAJAL AMBIADO,http://datos.bcn.cl/recurso/cl/documento/696951#PersonaAut49,False,False,False
1,http://datos.bcn.cl/recurso/cl/documento/696951,2.3. Discusión en Sala,2022-01-24,PersonaAut53,http://datos.bcn.cl/recurso/persona/685,685,francisco javier chahuan chahuan,FRANCISCO JAVIER CHAHUAN CHAHUAN,http://datos.bcn.cl/recurso/cl/documento/696951#PersonaAut53,False,False,False
1,http://datos.bcn.cl/recurso/cl/documento/696951,2.3. Discusión en Sala,2022-01-24,PersonaAut69,http://datos.bcn.cl/recurso/persona/4619,4619,jorge alejandro soria quiroga,JORGE ALEJANDRO SORIA QUIROGA,http://datos.bcn.cl/recurso/cl/documento/696951#PersonaAut69,False,False,False
1,http://datos.bcn.cl/recurso/cl/documento/696951,2.3. Discusión en Sala,2022-01-24,PersonaAut71,http://datos.bcn.cl/recurso/persona/1961,1961,guido girardi lavin,GUIDO GIRARDI LAVIN,http://datos.bcn.cl/recurso/cl/documento/696951#PersonaAut71,False,True,False
1,http://datos.bcn.cl/recurso/cl/documento/696951,2.3. Discusión en Sala,2022-01-24,PersonaAut89,http://datos.bcn.cl/recurso/persona/2600,2600,adriana munoz d' albora,ADRIANA MUNOZ D ALBORA,http://datos.bcn.cl/recurso/cl/documento/696951#PersonaAut89,False,False,False
1,http://datos.bcn.cl/recurso/cl/documento/696951,2.3. Discusión en Sala,2022-01-24,PersonaAut95,http://datos.bcn.cl/recurso/persona/4959,4959,jose enrique neira neira,JOSE ENRIQUE NEIRA NEIRA,http://datos.bcn.cl/recurso/cl/documento/696951#PersonaAut95,False,False,False
1,http://datos.bcn.cl/recurso/cl/documento/696951,2.3. Discusión en Sala,2022-01-24,PersonaAut106,http://datos.bcn.cl/recurso/persona/4620,4620,kenneth peter pugh olavarria,KENNETH PETER PUGH OLAVARRIA,http://datos.bcn.cl/recurso/cl/documento/696951#PersonaAut106,False,False,False
1,http://datos.bcn.cl/recurso/cl/documento/696951,2.3. Discusión en Sala,2022-01-24,PersonaAut114,http://datos.bcn.cl/recurso/persona/1835,1835,david marzan,DAVID MARZAN,http://datos.bcn.cl/recurso/cl/documento/696951#PersonaAut114,False,True,False
1,http://datos.bcn.cl/recurso/cl/documento/696951,2.3. Discusión en Sala,2022-01-24,PersonaAut120,http://datos.bcn.cl/recurso/persona/3360,3360,ivan ernesto norambuena farias,IVAN ERNESTO NORAMBUENA FARIAS,http://datos.bcn.cl/recurso/cl/documento/696951#PersonaAut120,False,True,False
1,http://datos.bcn.cl/recurso/cl/documento/696951,2.3. Discusión en Sala,2022-01-24,PersonaAut124,http://datos.bcn.cl/recurso/persona/1563,1563,juan luis ossa bulnes,JUAN LUIS OSSA BULNES,http://datos.bcn.cl/recurso/cl/documento/696951#PersonaAut124,False,True,False
1,http://datos.bcn.cl/recurso/cl/documento/696951,2.3. Discusión en Sala,2022-01-24,PersonaAut128,http://datos.bcn.cl/recurso/persona/504,504,patricio melero abaroa,PATRICIO MELERO ABAROA,http://datos.bcn.cl/recurso/cl/documento/696951#PersonaAut128,False,True,False
1,http://datos.bcn.cl/recurso/cl/documento/696951,2.3. Discusión en Sala,2022-01-24,PersonaAut133,http://datos.bcn.cl/recurso/persona/3567,3567,juan acevedo pavez,JUAN ACEVEDO PAVEZ,http://datos.bcn.cl/recurso/cl/documento/696951#PersonaAut133,False,True,False
1,http://datos.bcn.cl/recurso/cl/documento/696951,2.3. Discusión en Sala,2022-01-24,PersonaAut135,http://datos.bcn.cl/recurso/persona/4531,4531,vlado mirosevic verdugo,VLADO MIROSEVIC VERDUGO,http://datos.bcn.cl/recurso/cl/documento/696951#PersonaAut135,False,True,False
1,http://datos.bcn.cl/recurso/cl/documento/696951,2.3. Discusión en Sala,2022-01-24,PersonaAut137,http://datos.bcn.cl/recurso/persona/4571,4571,miguel mellado suazo,MIGUEL MELLADO SUAZO,http://datos.bcn.cl/recurso/cl/documento/696951#PersonaAut137,False,True,False
1,http://datos.bcn.cl/recurso/cl/documento/696951,2.3. Discusión en Sala,2022-01-24,PersonaAut142,http://datos.bcn.cl/recurso/persona/5255,5255,jorge guzman zepeda,JORGE GUZMAN ZEPEDA,http://datos.bcn.cl/recurso/cl/documento/696951#PersonaAut142,False,False,False
1,http://datos.bcn.cl/recurso/cl/documento/696951,2.3. Discusión en Sala,2022-01-24,PersonaAut151,http://datos.bcn.cl/recurso/persona/1374,1374,santiago toro lorca,SANTIAGO TORO LORCA,http://datos.bcn.cl/recurso/cl/documento/696951#PersonaAut151,False,False,False
1,http://datos.bcn.cl/recurso/cl/documento/696951,2.3. Discusión en Sala,2022-01-24,PersonaAut277,http://datos.bcn.cl/recurso/persona/1184,1184,erwin arturo frei bolivar,ERWIN ARTURO FREI BOLIVAR,http://datos.bcn.cl/recurso/cl/documento/696951#PersonaAut277,False,False,False
1,http://datos.bcn.cl/recurso/cl/documento/696951,2.3. Discusión en Sala,2022-01-24,PersonaAut330,http://datos.bcn.cl/recurso/persona/4617,4617,diego ignacio schalper sepulveda,DIEGO IGNACIO SCHALPER SEPULVEDA,http://datos.bcn.cl/recurso/cl/documento/696951#PersonaAut330,False,True,False
1,http://datos.bcn.cl/recurso/cl/documento/696951,2.3. Discusión en Sala,2022-01-24,PersonaAut368,http://datos.bcn.cl/recurso/persona/2356,2356,cristina girardi lavin,CRISTINA GIRARDI LAVIN,http://datos.bcn.cl/recurso/cl/documento/696951#PersonaAut368,False,True,False
1,http://datos.bcn.cl/recurso/cl/documento/696951,2.3. Discusión en Sala,2022-01-24,PersonaAut372,http://datos.bcn.cl/recurso/persona/3270,3270,karla elizabeth rubilar barahona,KARLA ELIZABETH RUBILAR BARAHONA,http://datos.bcn.cl/recurso/cl/documento/696951#PersonaAut372,False,True,False
1,http://datos.bcn.cl/recurso/cl/documento/696951,2.3. Discusión en Sala,2022-01-24,PersonaAut399,http://datos.bcn.cl/recurso/persona/4222,4222,michelle bachelet jeria,MICHELLE BACHELET JERIA,http://datos.bcn.cl/recurso/cl/documento/696951#PersonaAut399,False,True,False
1,http://datos.bcn.cl/recurso/cl/documento/696951,2.3. Discusión en Sala,2022-01-24,PersonaAut402,http://datos.bcn.cl/recurso/persona/404,404,sebastian pinera,SEBASTIAN PINERA,http://datos.bcn.cl/recurso/cl/documento/696951#PersonaAut402,False,True,False
1,http://datos.bcn.cl/recurso/cl/documento/696951,2.3. Discusión en Sala,2022-01-24,PersonaAut412,http://datos.bcn.cl/recurso/persona/2073,2073,marcela constanza sabat fernandez,MARCELA CONSTANZA SABAT FERNANDEZ,http://datos.bcn.cl/recurso/cl/documento/696951#PersonaAut412,False,True,False
1,http://datos.bcn.cl/recurso/cl/documento/696951,2.3. Discusión en Sala,2022-01-24,PersonaAut444,http://datos.bcn.cl/recurso/persona/4536,4536,gabriel boric font,GABRIEL BORIC FONT,http://datos.bcn.cl/recurso/cl/documento/696951#PersonaAut444,False,True,False
1,http://datos.bcn.cl/recurso/cl/documento/696951,2.3. Discusión en Sala,2022-01-24,PersonaAut488,http://datos.bcn.cl/recurso/persona/4954,4954,nivaldo eusebio pinaleo llaulen,NIVALDO EUSEBIO PINALEO LLAULEN,http://datos.bcn.cl/recurso/cl/documento/696951#PersonaAut488,False,False,False
1,http://datos.bcn.cl/recurso/cl/documento/696951,2.3. Discusión en Sala,2022-01-24,PersonaAut524,http://datos.bcn.cl/recurso/persona/2208,2208,miguel luis lagos lagos,MIGUEL LUIS LAGOS LAGOS,http://datos.bcn.cl/recurso/cl/documento/696951#PersonaAut524,False,False,False
1,http://datos.bcn.cl/recurso/cl/documento/696951,2.3. Discusión en Sala,2022-01-24,PersonaAut531,http://datos.bcn.cl/recurso/persona/1021,1021,victor echaurren valero,VICTOR ECHAURREN VALERO,http://datos.bcn.cl/recurso/cl/documento/696951#PersonaAut531,False,True,False
1,http://datos.bcn.cl/recurso/cl/documento/696951,2.3. Discusión en Sala,2022-01-24,PersonaAut533,http://datos.bcn.cl/recurso/persona/1057,1057,mauricio raul rettig guissen,MAURICIO RAUL RETTIG GUISSEN,http://datos.bcn.cl/recurso/cl/documento/696951#PersonaAut533,False,False,False
1,http://datos.bcn.cl/recurso/cl/documento/696951,2.3. Discusión en Sala,2022-01-24,PersonaAut582,http://datos.bcn.cl/recurso/persona/4658,4658,cristina dorador ortiz,CRISTINA DORADOR ORTIZ,http://datos.bcn.cl/recurso/cl/documento/696951#PersonaAut582,False,False,False
1,http://datos.bcn.cl/recurso/cl/documento/696951,2.3. Discusión en Sala,2022-01-24,PersonaAut736,http://datos.bcn.cl/recurso/persona/3069,3069,carlos ignacio kuschel silva,CARLOS IGNACIO KUSCHEL SILVA,http://datos.bcn.cl/recurso/cl/documento/696951#PersonaAut736,False,True,False
1,http://datos.bcn.cl/recurso/cl/documento/696951,2.3. Discusión en Sala,2022-01-24,PersonaAut796,http://datos.bcn.cl/recurso/persona/1717,1717,mariana aylwin oyarzun,MARIANA AYLWIN OYARZUN,http://datos.bcn.cl/recurso/cl/documento/696951#PersonaAut796,False,True,False
1,http://datos.bcn.cl/recurso/cl/documento/696951,2.3. Discusión en Sala,2022-01-24,PersonaAut927,http://datos.bcn.cl/recurso/persona/5184,5184,enrique lee flores,ENRIQUE LEE FLORES,http://datos.bcn.cl/recurso/cl/documento/696951#PersonaAut927,False,False,False
1,http://datos.bcn.cl/recurso/cl/documento/696951,2.3. Discusión en Sala,2022-01-24,PersonaAut939,http://datos.bcn.cl/recurso/persona/4609,4609,marcos artemio ilabaca cerda,MARCOS ARTEMIO ILABACA CERDA,http://datos.bcn.cl/recurso/cl/documento/696951#PersonaAut939,False,True,False
1,http://datos.bcn.cl/recurso/cl/documento/696951,2.3. Discusión en Sala,2022-01-24,PersonaAut1139,http://datos.bcn.cl/recurso/persona/3900,3900,ricardo fernando tudela barraza,RICARDO FERNANDO TUDELA BARRAZA,http://datos.bcn.cl/recurso/cl/documento/696951#PersonaAut1139,False,False,False
1,http://datos.bcn.cl/recurso/cl/documento/696951,2.3. Discusión en Sala,2022-01-24,PersonaAut1233,http://datos.bcn.cl/recurso/persona/4602,4602,gonzalo rodolfo winter etcheberry,GONZALO RODOLFO WINTER ETCHEBERRY,http://datos.bcn.cl/recurso/cl/documento/696951#PersonaAut1233,False,True,False
1,http://datos.bcn.cl/recurso/cl/documento/696951,2.3. Discusión en Sala,2022-01-24,PersonaAut1235,http://datos.bcn.cl/recurso/persona/4834,4834,carlos barra matamala,CARLOS BARRA MATAMALA,http://datos.bcn.cl/recurso/cl/documento/696951#PersonaAut1235,False,False,False
2,http://datos.bcn.cl/recurso/cl/documento/698998,3.1. Discusión en Sala,2022-01-26,per49,,,,,http://datos.bcn.cl/recurso/cl/documento/698998#per49,False,False,False
2,http://datos.bcn.cl/recurso/cl/documento/698998,3.1. Discusión en Sala,2022-01-26,per209,http://datos.bcn.cl/recurso/persona/1835,1835,david marzan,DAVID MARZAN,http://datos.bcn.cl/recurso/cl/documento/698998#per209,False,True,False
2,http://datos.bcn.cl/recurso/cl/documento/698998,3.1. Discusión en Sala,2022-01-26,per7,http://datos.bcn.cl/recurso/persona/1978,1978,jaime naranjo ortiz,JAIME NARANJO ORTIZ,http://datos.bcn.cl/recurso/cl/documento/698998#per7,True,True,False
2,http://datos.bcn.cl/recurso/cl/documento/698998,3.1. Discusión en Sala,2022-01-26,per70,http://datos.bcn.cl/recurso/persona/4509,4509,jenny paola alvarez vera,JENNY PAOLA ALVAREZ VERA,http://datos.bcn.cl/recurso/cl/documento/698998#per70,True,True,False
2,http://datos.bcn.cl/recurso/cl/documento/698998,3.1. Discusión en Sala,2022-01-26,per114,http://datos.bcn.cl/recurso/persona/2718,2718,carlos jarpa wevar,CARLOS JARPA WEVAR,http://datos.bcn.cl/recurso/cl/documento/698998#per114,True,True,False
2,http://datos.bcn.cl/recurso/cl/documento/698998,3.1. Discusión en Sala,2022-01-26,per32,http://datos.bcn.cl/recurso/persona/4508,4508,maya alejandra fernandez allende,MAYA ALEJANDRA FERNANDEZ ALLENDE,http://datos.bcn.cl/recurso/cl/documento/698998#per32,True,True,False
2,http://datos.bcn.cl/recurso/cl/documento/698998,3.1. Discusión en Sala,2022-01-26,per103,http://datos.bcn.cl/recurso/persona/2717,2717,alejandra amalia sepulveda orbenes,ALEJANDRA AMALIA SEPULVEDA ORBENES,http://datos.bcn.cl/recurso/cl/documento/698998#per103,True,True,False
2,http://datos.bcn.cl/recurso/cl/documento/698998,3.1. Discusión en Sala,2022-01-26,per1,http://datos.bcn.cl/recurso/persona/1777,1777,gabriel ascencio mansilla,GABRIEL ASCENCIO MANSILLA,http://datos.bcn.cl/recurso/cl/documento/698998#per1,True,True,False
2,http://datos.bcn.cl/recurso/cl/documento/698998,3.1. Discusión en Sala,2022-01-26,per139,http://datos.bcn.cl/recurso/persona/4506,4506,jorge evaldo rathgeb schifferli,JORGE EVALDO RATHGEB SCHIFFERLI,http://datos.bcn.cl/recurso/cl/documento/698998#per139,True,True,False
2,http://datos.bcn.cl/recurso/cl/documento/698998,3.1. Discusión en Sala,2022-01-26,per16,http://datos.bcn.cl/recurso/persona/3399,3399,juan luis castro gonzalez,JUAN LUIS CASTRO GONZALEZ,http://datos.bcn.cl/recurso/cl/documento/698998#per16,True,True,False
2,http://datos.bcn.cl/recurso/cl/documento/698998,3.1. Discusión en Sala,2022-01-26,per198,http://datos.bcn.cl/recurso/persona/1778,1778,juan antonio coloma correa,JUAN ANTONIO COLOMA CORREA,http://datos.bcn.cl/recurso/cl/documento/698998#per198,False,True,False
2,http://datos.bcn.cl/recurso/cl/documento/698998,3.1. Discusión en Sala,2022-01-26,per100,http://datos.bcn.cl/recurso/persona/3251,3251,javier ricardo hernandez hernandez,JAVIER RICARDO HERNANDEZ HERNANDEZ,http://datos.bcn.cl/recurso/cl/documento/698998#per100,True,True,False
2,http://datos.bcn.cl/recurso/cl/documento/698998,3.1. Discusión en Sala,2022-01-26,per140,http://datos.bcn.cl/recurso/persona/4640,4640,nora cuevas contreras,NORA CUEVAS CONTRERAS,http://datos.bcn.cl/recurso/cl/documento/698998#per140,True,True,False
2,http://datos.bcn.cl/recurso/cl/documento/698998,3.1. Discusión en Sala,2022-01-26,per86,http://datos.bcn.cl/recurso/persona/4643,4643,ruben moraga mamani,RUBEN MORAGA MAMANI,http://datos.bcn.cl/recurso/cl/documento/698998#per86,True,True,False
2,http://datos.bcn.cl/recurso/cl/documento/698998,3.1. Discusión en Sala,2022-01-26,per85,http://datos.bcn.cl/recurso/persona/4644,4644,marcela sandoval osorio,MARCELA SANDOVAL OSORIO,http://datos.bcn.cl/recurso/cl/documento/698998#per85,True,True,False
2,http://datos.bcn.cl/recurso/cl/documento/698998,3.1. Discusión en Sala,2022-01-26,per77,http://datos.bcn.cl/recurso/persona/4641,4641,tomas fuentes barros,TOMAS FUENTES BARROS,http://datos.bcn.cl/recurso/cl/documento/698998#per77,True,True,True
2,http://datos.bcn.cl/recurso/cl/documento/698998,3.1. Discusión en Sala,2022-01-26,per124,http://datos.bcn.cl/recurso/persona/4647,4647,cristian labbe martinez,CRISTIAN LABBE MARTINEZ,http://datos.bcn.cl/recurso/cl/documento/698998#per124,True,True,True
2,http://datos.bcn.cl/recurso/cl/documento/698998,3.1. Discusión en Sala,2022-01-26,per69,http://datos.bcn.cl/recurso/persona/4646,4646,patricia rubio escobar,PATRICIA RUBIO ESCOBAR,http://datos.bcn.cl/recurso/cl/documento/698998#per69,True,True,False
2,http://datos.bcn.cl/recurso/cl/documento/698998,3.1. Discusión en Sala,2022-01-26,per161,http://datos.bcn.cl/recurso/persona/1563,1563,juan luis ossa bulnes,JUAN LUIS OSSA BULNES,http://datos.bcn.cl/recurso/cl/documento/698998#per161,True,True,False
2,http://datos.bcn.cl/recurso/cl/documento/698998,3.1. Discusión en Sala,2022-01-26,per152,http://datos.bcn.cl/recurso/persona/1643,1643,cesareo juvenal castillo michea,CESAREO JUVENAL CASTILLO MICHEA,http://datos.bcn.cl/recurso/cl/documento/698998#per152,True,False,False
2,http://datos.bcn.cl/recurso/cl/documento/698998,3.1. Discusión en Sala,2022-01-26,per98,http://datos.bcn.cl/recurso/persona/1782,1782,jaime mulet martinez,JAIME MULET MARTINEZ,http://datos.bcn.cl/recurso/cl/documento/698998#per98,True,True,False
2,http://datos.bcn.cl/recurso/cl/documento/698998,3.1. Discusión en Sala,2022-01-26,per180,http://datos.bcn.cl/recurso/persona/4519,4519,rabindranath vladimir quinteros lara,RABINDRANATH VLADIMIR QUINTEROS LARA,http://datos.bcn.cl/recurso/cl/documento/698998#per180,False,True,False
2,http://datos.bcn.cl/recurso/cl/documento/698998,3.1. Discusión en Sala,2022-01-26,per148,http://datos.bcn.cl/recurso/persona/4513,4513,daniel ignacio nunez arancibia,DANIEL IGNACIO NUNEZ ARANCIBIA,http://datos.bcn.cl/recurso/cl/documento/698998#per148,True,True,False
2,http://datos.bcn.cl/recurso/cl/documento/698998,3.1. Discusión en Sala,2022-01-26,per26,http://datos.bcn.cl/recurso/persona/4515,4515,diego alfredo paulsen kehr,DIEGO ALFREDO PAULSEN KEHR,http://datos.bcn.cl/recurso/cl/documento/698998#per26,True,True,False
2,http://datos.bcn.cl/recurso/cl/documento/698998,3.1. Discusión en Sala,2022-01-26,per123,http://datos.bcn.cl/recurso/persona/4510,4510,daniella valentina cicardini milla,DANIELLA VALENTINA CICARDINI MILLA,http://datos.bcn.cl/recurso/cl/documento/698998#per123,True,True,False
2,http://datos.bcn.cl/recurso/cl/documento/698998,3.1. Discusión en Sala,2022-01-26,per119,http://datos.bcn.cl/recurso/persona/4511,4511,osvaldo urrutia soto,OSVALDO URRUTIA SOTO,http://datos.bcn.cl/recurso/cl/documento/698998#per119,True,True,False
2,http://datos.bcn.cl/recurso/cl/documento/698998,3.1. Discusión en Sala,2022-01-26,per166,http://datos.bcn.cl/recurso/persona/2605,2605,juan pablo letelier morel,JUAN PABLO LETELIER MOREL,http://datos.bcn.cl/recurso/cl/documento/698998#per166,True,True,False
2,http://datos.bcn.cl/recurso/cl/documento/698998,3.1. Discusión en Sala,2022-01-26,per45,http://datos.bcn.cl/recurso/persona/4659,4659,constanza san juan standen,CONSTANZA SAN JUAN STANDEN,http://datos.bcn.cl/recurso/cl/documento/698998#per45,True,False,False
2,http://datos.bcn.cl/recurso/cl/documento/698998,3.1. Discusión en Sala,2022-01-26,per153,http://datos.bcn.cl/recurso/persona/258,258,rodolfo werner inostroza,RODOLFO WERNER INOSTROZA,http://datos.bcn.cl/recurso/cl/documento/698998#per153,True,False,False
2,http://datos.bcn.cl/recurso/cl/documento/698998,3.1. Discusión en Sala,2022-01-26,per81,http://datos.bcn.cl/recurso/persona/4629,4629,raul humberto soto mardones,RAUL HUMBERTO SOTO MARDONES,http://datos.bcn.cl/recurso/cl/documento/698998#per81,True,True,False
2,http://datos.bcn.cl/recurso/cl/documento/698998,3.1. Discusión en Sala,2022-01-26,per116,http://datos.bcn.cl/recurso/persona/4628,4628,pamela jiles moreno,PAMELA JILES MORENO,http://datos.bcn.cl/recurso/cl/documento/698998#per116,True,True,False
2,http://datos.bcn.cl/recurso/cl/documento/698998,3.1. Discusión en Sala,2022-01-26,per117,http://datos.bcn.cl/recurso/persona/4627,4627,pablo andres kast sommerhoff,PABLO ANDRES KAST SOMMERHOFF,http://datos.bcn.cl/recurso/cl/documento/698998#per117,True,True,False
2,http://datos.bcn.cl/recurso/cl/documento/698998,3.1. Discusión en Sala,2022-01-26,per56,http://datos.bcn.cl/recurso/persona/4528,4528,bernardo jose berger fett,BERNARDO JOSE BERGER FETT,http://datos.bcn.cl/recurso/cl/documento/698998#per56,True,True,False
2,http://datos.bcn.cl/recurso/cl/documento/698998,3.1. Discusión en Sala,2022-01-26,per27,http://datos.bcn.cl/recurso/persona/4522,4522,luis alberto rocafull lopez,LUIS ALBERTO ROCAFULL LOPEZ,http://datos.bcn.cl/recurso/cl/documento/698998#per27,True,True,False
2,http://datos.bcn.cl/recurso/cl/documento/698998,3.1. Discusión en Sala,2022-01-26,per144,http://datos.bcn.cl/recurso/persona/1438,1438,fidel edgardo espinoza sandoval,FIDEL EDGARDO ESPINOZA SANDOVAL,http://datos.bcn.cl/recurso/cl/documento/698998#per144,True,True,False
2,http://datos.bcn.cl/recurso/cl/documento/698998,3.1. Discusión en Sala,2022-01-26,per164,http://datos.bcn.cl/recurso/persona/3270,3270,karla elizabeth rubilar barahona,KARLA ELIZABETH RUBILAR BARAHONA,http://datos.bcn.cl/recurso/cl/documento/698998#per164,True,True,False
2,http://datos.bcn.cl/recurso/cl/documento/698998,3.1. Discusión en Sala,2022-01-26,per61,http://datos.bcn.cl/recurso/persona/1950,1950,victor marcelo torres jeldes,VICTOR MARCELO TORRES JELDES,http://datos.bcn.cl/recurso/cl/documento/698998#per61,True,True,False
2,http://datos.bcn.cl/recurso/cl/documento/698998,3.1. Discusión en Sala,2022-01-26,per149,http://datos.bcn.cl/recurso/persona/4523,4523,leonardo enrique soto ferrada,LEONARDO ENRIQUE SOTO FERRADA,http://datos.bcn.cl/recurso/cl/documento/698998#per149,True,True,False
2,http://datos.bcn.cl/recurso/cl/documento/698998,3.1. Discusión en Sala,2022-01-26,per5,http://datos.bcn.cl/recurso/persona/4520,4520,karol aida cariola oliva,KAROL AIDA CARIOLA OLIVA,http://datos.bcn.cl/recurso/cl/documento/698998#per5,True,True,False
2,http://datos.bcn.cl/recurso/cl/documento/698998,3.1. Discusión en Sala,2022-01-26,per46,http://datos.bcn.cl/recurso/persona/1238,1238,luis pereira iniguez,LUIS PEREIRA INIGUEZ,http://datos.bcn.cl/recurso/cl/documento/698998#per46,True,False,False
2,http://datos.bcn.cl/recurso/cl/documento/698998,3.1. Discusión en Sala,2022-01-26,per127,http://datos.bcn.cl/recurso/persona/4524,4524,joaquin jose lavin leon,JOAQUIN JOSE LAVIN LEON,http://datos.bcn.cl/recurso/cl/documento/698998#per127,True,True,False
2,http://datos.bcn.cl/recurso/cl/documento/698998,3.1. Discusión en Sala,2022-01-26,per200,http://datos.bcn.cl/recurso/persona/1189,1189,luzberto enrique pantoja rubilar,LUZBERTO ENRIQUE PANTOJA RUBILAR,http://datos.bcn.cl/recurso/cl/documento/698998#per200,False,False,False
2,http://datos.bcn.cl/recurso/cl/documento/698998,3.1. Discusión en Sala,2022-01-26,per118,http://datos.bcn.cl/recurso/persona/4625,4625,luis rafael pardo sainz,LUIS RAFAEL PARDO SAINZ,http://datos.bcn.cl/recurso/cl/documento/698998#per118,True,True,False
2,http://datos.bcn.cl/recurso/cl/documento/698998,3.1. Discusión en Sala,2022-01-26,per113,http://datos.bcn.cl/recurso/persona/4626,4626,natalia valentina castillo munoz,NATALIA VALENTINA CASTILLO MUNOZ,http://datos.bcn.cl/recurso/cl/documento/698998#per113,True,True,False
2,http://datos.bcn.cl/recurso/cl/documento/698998,3.1. Discusión en Sala,2022-01-26,per88,http://datos.bcn.cl/recurso/persona/4623,4623,gustavo adolfo sanhueza duenas,GUSTAVO ADOLFO SANHUEZA DUENAS,http://datos.bcn.cl/recurso/cl/documento/698998#per88,True,True,False
2,http://datos.bcn.cl/recurso/cl/documento/698998,3.1. Discusión en Sala,2022-01-26,per87,http://datos.bcn.cl/recurso/persona/4624,4624,juan ruben santana castillo,JUAN RUBEN SANTANA CASTILLO,http://datos.bcn.cl/recurso/cl/documento/698998#per87,True,True,False
2,http://datos.bcn.cl/recurso/cl/documento/698998,3.1. Discusión en Sala,2022-01-26,per18,http://datos.bcn.cl/recurso/persona/4621,4621,erika olivera de la fuente,ERIKA OLIVERA DE LA FUENTE,http://datos.bcn.cl/recurso/cl/documento/698998#per18,True,True,False
2,http://datos.bcn.cl/recurso/cl/documento/698998,3.1. Discusión en Sala,2022-01-26,per143,http://datos.bcn.cl/recurso/persona/4622,4622,gael fernanda yeomans araya,GAEL FERNANDA YEOMANS ARAYA,http://datos.bcn.cl/recurso/cl/documento/698998#per143,True,True,False
2,http://datos.bcn.cl/recurso/cl/documento/698998,3.1. Discusión en Sala,2022-01-26,per105,http://datos.bcn.cl/recurso/persona/3002,3002,maria jose hoffmann opazo,MARIA JOSE HOFFMANN OPAZO,http://datos.bcn.cl/recurso/cl/documento/698998#per105,True,True,False
2,http://datos.bcn.cl/recurso/cl/documento/698998,3.1. Discusión en Sala,2022-01-26,per163,http://datos.bcn.cl/recurso/persona/4222,4222,michelle bachelet jeria,MICHELLE BACHELET JERIA,http://datos.bcn.cl/recurso/cl/documento/698998#per163,True,True,False
2,http://datos.bcn.cl/recurso/cl/documento/698998,3.1. Discusión en Sala,2022-01-26,per34,http://datos.bcn.cl/recurso/persona/4639,4639,camilo moran bahamondes,CAMILO MORAN BAHAMONDES,http://datos.bcn.cl/recurso/cl/documento/698998#per34,True,True,False
2,http://datos.bcn.cl/recurso/cl/documento/698998,3.1. Discusión en Sala,2022-01-26,per205,http://datos.bcn.cl/recurso/persona/4880,4880,victor manuel barrera barrera,VICTOR MANUEL BARRERA BARRERA,http://datos.bcn.cl/recurso/cl/documento/698998#per205,False,True,False
2,http://datos.bcn.cl/recurso/cl/documento/698998,3.1. Discusión en Sala,2022-01-26,per150,http://datos.bcn.cl/recurso/persona/4744,4744,francisca arauna urrutia,FRANCISCA ARAUNA URRUTIA,http://datos.bcn.cl/recurso/cl/documento/698998#per150,True,False,False
2,http://datos.bcn.cl/recurso/cl/documento/698998,3.1. Discusión en Sala,2022-01-26,per78,http://datos.bcn.cl/recurso/persona/4531,4531,vlado mirosevic verdugo,VLADO MIROSEVIC VERDUGO,http://datos.bcn.cl/recurso/cl/documento/698998#per78,True,True,False
2,http://datos.bcn.cl/recurso/cl/documento/698998,3.1. Discusión en Sala,2022-01-26,per74,http://datos.bcn.cl/recurso/persona/4533,4533,raul fernando saldivar auger,RAUL FERNANDO SALDIVAR AUGER,http://datos.bcn.cl/recurso/cl/documento/698998#per74,True,True,False
2,http://datos.bcn.cl/recurso/cl/documento/698998,3.1. Discusión en Sala,2022-01-26,per19,http://datos.bcn.cl/recurso/persona/4534,4534,marcela ximena hernando perez,MARCELA XIMENA HERNANDO PEREZ,http://datos.bcn.cl/recurso/cl/documento/698998#per19,True,True,False
2,http://datos.bcn.cl/recurso/cl/documento/698998,3.1. Discusión en Sala,2022-01-26,per177,http://datos.bcn.cl/recurso/persona/1961,1961,guido girardi lavin,GUIDO GIRARDI LAVIN,http://datos.bcn.cl/recurso/cl/documento/698998#per177,True,True,False
2,http://datos.bcn.cl/recurso/cl/documento/698998,3.1. Discusión en Sala,2022-01-26,per83,http://datos.bcn.cl/recurso/persona/4535,4535,gonzalo guillermo fuenzalida figueroa,GONZALO GUILLERMO FUENZALIDA FIGUEROA,http://datos.bcn.cl/recurso/cl/documento/698998#per83,True,True,False
2,http://datos.bcn.cl/recurso/cl/documento/698998,3.1. Discusión en Sala,2022-01-26,per151,http://datos.bcn.cl/recurso/persona/4536,4536,gabriel boric font,GABRIEL BORIC FONT,http://datos.bcn.cl/recurso/cl/documento/698998#per151,True,True,False
2,http://datos.bcn.cl/recurso/cl/documento/698998,3.1. Discusión en Sala,2022-01-26,per72,http://datos.bcn.cl/recurso/persona/4538,4538,camila vallejo dowling,CAMILA VALLEJO DOWLING,http://datos.bcn.cl/recurso/cl/documento/698998#per72,True,True,False
2,http://datos.bcn.cl/recurso/cl/documento/698998,3.1. Discusión en Sala,2022-01-26,per109,http://datos.bcn.cl/recurso/persona/4631,4631,sebastian torrealba alvarado,SEBASTIAN TORREALBA ALVARADO,http://datos.bcn.cl/recurso/cl/documento/698998#per109,True,True,False
2,http://datos.bcn.cl/recurso/cl/documento/698998,3.1. Discusión en Sala,2022-01-26,per10,http://datos.bcn.cl/recurso/persona/4632,4632,tomas rene hirsch goldschmidt,TOMAS RENE HIRSCH GOLDSCHMIDT,http://datos.bcn.cl/recurso/cl/documento/698998#per10,True,True,False
2,http://datos.bcn.cl/recurso/cl/documento/698998,3.1. Discusión en Sala,2022-01-26,per175,http://datos.bcn.cl/recurso/persona/3494,3494,maria isabel allende bussi,MARIA ISABEL ALLENDE BUSSI,http://datos.bcn.cl/recurso/cl/documento/698998#per175,True,True,False
2,http://datos.bcn.cl/recurso/cl/documento/698998,3.1. Discusión en Sala,2022-01-26,per172,http://datos.bcn.cl/recurso/persona/4530,4530,ivan alberto flores garcia,IVAN ALBERTO FLORES GARCIA,http://datos.bcn.cl/recurso/cl/documento/698998#per172,True,True,False
2,http://datos.bcn.cl/recurso/cl/documento/698998,3.1. Discusión en Sala,2022-01-26,per47,http://datos.bcn.cl/recurso/persona/5084,5084,waldo antonio valdivia montecinos,WALDO ANTONIO VALDIVIA MONTECINOS,http://datos.bcn.cl/recurso/cl/documento/698998#per47,True,False,False
2,http://datos.bcn.cl/recurso/cl/documento/698998,3.1. Discusión en Sala,2022-01-26,per186,http://datos.bcn.cl/recurso/persona/1218,1218,eduardo cruz coke lassabe,EDUARDO CRUZ COKE LASSABE,http://datos.bcn.cl/recurso/cl/documento/698998#per186,True,True,False
2,http://datos.bcn.cl/recurso/cl/documento/698998,3.1. Discusión en Sala,2022-01-26,per48,http://datos.bcn.cl/recurso/persona/4608,4608,leonidas andres romero saez,LEONIDAS ANDRES ROMERO SAEZ,http://datos.bcn.cl/recurso/cl/documento/698998#per48,True,True,False
2,http://datos.bcn.cl/recurso/cl/documento/698998,3.1. Discusión en Sala,2022-01-26,per104,http://datos.bcn.cl/recurso/persona/4605,4605,karim antonio bianchi retamales,KARIM ANTONIO BIANCHI RETAMALES,http://datos.bcn.cl/recurso/cl/documento/698998#per104,True,True,False
2,http://datos.bcn.cl/recurso/cl/documento/698998,3.1. Discusión en Sala,2022-01-26,per58,http://datos.bcn.cl/recurso/persona/3014,3014,marcelo gaston schilling rodriguez,MARCELO GASTON SCHILLING RODRIGUEZ,http://datos.bcn.cl/recurso/cl/documento/698998#per58,True,True,False
2,http://datos.bcn.cl/recurso/cl/documento/698998,3.1. Discusión en Sala,2022-01-26,per165,http://datos.bcn.cl/recurso/persona/2356,2356,cristina girardi lavin,CRISTINA GIRARDI LAVIN,http://datos.bcn.cl/recurso/cl/documento/698998#per165,True,True,False
2,http://datos.bcn.cl/recurso/cl/documento/698998,3.1. Discusión en Sala,2022-01-26,per39,http://datos.bcn.cl/recurso/persona/4609,4609,marcos artemio ilabaca cerda,MARCOS ARTEMIO ILABACA CERDA,http://datos.bcn.cl/recurso/cl/documento/698998#per39,True,True,False
2,http://datos.bcn.cl/recurso/cl/documento/698998,3.1. Discusión en Sala,2022-01-26,per8,http://datos.bcn.cl/recurso/persona/730,730,marcelo diaz diaz,MARCELO DIAZ DIAZ,http://datos.bcn.cl/recurso/cl/documento/698998#per8,True,True,False
2,http://datos.bcn.cl/recurso/cl/documento/698998,3.1. Discusión en Sala,2022-01-26,per101,http://datos.bcn.cl/recurso/persona/4600,4600,francesca munoz gonzalez,FRANCESCA MUNOZ GONZALEZ,http://datos.bcn.cl/recurso/cl/documento/698998#per101,True,True,False
2,http://datos.bcn.cl/recurso/cl/documento/698998,3.1. Discusión en Sala,2022-01-26,per54,http://datos.bcn.cl/recurso/persona/4604,4604,jorge ivan alessandri vergara,JORGE IVAN ALESSANDRI VERGARA,http://datos.bcn.cl/recurso/cl/documento/698998#per54,True,True,False
2,http://datos.bcn.cl/recurso/cl/documento/698998,3.1. Discusión en Sala,2022-01-26,per13,http://datos.bcn.cl/recurso/persona/4603,4603,harry jurgensen rundshagen,HARRY JURGENSEN RUNDSHAGEN,http://datos.bcn.cl/recurso/cl/documento/698998#per13,True,True,False
2,http://datos.bcn.cl/recurso/cl/documento/698998,3.1. Discusión en Sala,2022-01-26,per14,http://datos.bcn.cl/recurso/persona/4602,4602,gonzalo rodolfo winter etcheberry,GONZALO RODOLFO WINTER ETCHEBERRY,http://datos.bcn.cl/recurso/cl/documento/698998#per14,True,True,False
2,http://datos.bcn.cl/recurso/cl/documento/698998,3.1. Discusión en Sala,2022-01-26,per75,http://datos.bcn.cl/recurso/persona/4601,4601,gaston rene saavedra chandia,GASTON RENE SAAVEDRA CHANDIA,http://datos.bcn.cl/recurso/cl/documento/698998#per75,True,True,False
2,http://datos.bcn.cl/recurso/cl/documento/698998,3.1. Discusión en Sala,2022-01-26,per162,http://datos.bcn.cl/recurso/persona/139,139,carmen frei ruiz tagle,CARMEN FREI RUIZ TAGLE,http://datos.bcn.cl/recurso/cl/documento/698998#per162,True,False,False
2,http://datos.bcn.cl/recurso/cl/documento/698998,3.1. Discusión en Sala,2022-01-26,per62,http://datos.bcn.cl/recurso/persona/135,135,rene alinco bustos,RENE ALINCO BUSTOS,http://datos.bcn.cl/recurso/cl/documento/698998#per62,True,True,False
2,http://datos.bcn.cl/recurso/cl/documento/698998,3.1. Discusión en Sala,2022-01-26,per80,http://datos.bcn.cl/recurso/persona/4616,4616,sandra haydee amar mancilla,SANDRA HAYDEE AMAR MANCILLA,http://datos.bcn.cl/recurso/cl/documento/698998#per80,True,False,False
2,http://datos.bcn.cl/recurso/cl/documento/698998,3.1. Discusión en Sala,2022-01-26,per17,http://datos.bcn.cl/recurso/persona/4617,4617,diego ignacio schalper sepulveda,DIEGO IGNACIO SCHALPER SEPULVEDA,http://datos.bcn.cl/recurso/cl/documento/698998#per17,True,True,False
2,http://datos.bcn.cl/recurso/cl/documento/698998,3.1. Discusión en Sala,2022-01-26,per28,http://datos.bcn.cl/recurso/persona/4618,4618,maria ximena ossandon irarrazabal,MARIA XIMENA OSSANDON IRARRAZABAL,http://datos.bcn.cl/recurso/cl/documento/698998#per28,True,True,False
2,http://datos.bcn.cl/recurso/cl/documento/698998,3.1. Discusión en Sala,2022-01-26,per185,http://datos.bcn.cl/recurso/persona/3707,3707,sergio salinas moreira,SERGIO SALINAS MOREIRA,http://datos.bcn.cl/recurso/cl/documento/698998#per185,True,True,False
2,http://datos.bcn.cl/recurso/cl/documento/698998,3.1. Discusión en Sala,2022-01-26,per106,http://datos.bcn.cl/recurso/persona/3360,3360,ivan ernesto norambuena farias,IVAN ERNESTO NORAMBUENA FARIAS,http://datos.bcn.cl/recurso/cl/documento/698998#per106,True,True,False
2,http://datos.bcn.cl/recurso/cl/documento/698998,3.1. Discusión en Sala,2022-01-26,per94,http://datos.bcn.cl/recurso/persona/4611,4611,cristhian patricio moreira barros,CRISTHIAN PATRICIO MOREIRA BARROS,http://datos.bcn.cl/recurso/cl/documento/698998#per94,True,True,False
2,http://datos.bcn.cl/recurso/cl/documento/698998,3.1. Discusión en Sala,2022-01-26,per36,http://datos.bcn.cl/recurso/persona/4610,4610,miguel angel calisto aguila,MIGUEL ANGEL CALISTO AGUILA,http://datos.bcn.cl/recurso/cl/documento/698998#per36,True,True,False
2,http://datos.bcn.cl/recurso/cl/documento/698998,3.1. Discusión en Sala,2022-01-26,per50,http://datos.bcn.cl/recurso/persona/4613,4613,raul florcita alarcon rojas,RAUL FLORCITA ALARCON ROJAS,http://datos.bcn.cl/recurso/cl/documento/698998#per50,True,True,False
2,http://datos.bcn.cl/recurso/cl/documento/698998,3.1. Discusión en Sala,2022-01-26,per102,http://datos.bcn.cl/recurso/persona/4612,4612,nicolas jose noman garrido,NICOLAS JOSE NOMAN GARRIDO,http://datos.bcn.cl/recurso/cl/documento/698998#per102,True,True,False
2,http://datos.bcn.cl/recurso/cl/documento/698998,3.1. Discusión en Sala,2022-01-26,per147,http://datos.bcn.cl/recurso/persona/4614,4614,daniel angel verdessi belemmi,DANIEL ANGEL VERDESSI BELEMMI,http://datos.bcn.cl/recurso/cl/documento/698998#per147,True,True,False
2,http://datos.bcn.cl/recurso/cl/documento/698998,3.1. Discusión en Sala,2022-01-26,per90,http://datos.bcn.cl/recurso/persona/3369,3369,celso rene morales munoz,CELSO RENE MORALES MUNOZ,http://datos.bcn.cl/recurso/cl/documento/698998#per90,True,True,False
2,http://datos.bcn.cl/recurso/cl/documento/698998,3.1. Discusión en Sala,2022-01-26,per79,http://datos.bcn.cl/recurso/persona/122,122,rene fernando saffirio espinoza,RENE FERNANDO SAFFIRIO ESPINOZA,http://datos.bcn.cl/recurso/cl/documento/698998#per79,True,True,False
2,http://datos.bcn.cl/recurso/cl/documento/698998,3.1. Discusión en Sala,2022-01-26,per157,http://datos.bcn.cl/recurso/persona/4728,4728,matias orellana cuellar,MATIAS ORELLANA CUELLAR,http://datos.bcn.cl/recurso/cl/documento/698998#per157,True,False,False
2,http://datos.bcn.cl/recurso/cl/documento/698998,3.1. Discusión en Sala,2022-01-26,per73,http://datos.bcn.cl/recurso/persona/3138,3138,fernando meza moncada,FERNANDO MEZA MONCADA,http://datos.bcn.cl/recurso/cl/documento/698998#per73,True,False,False
2,http://datos.bcn.cl/recurso/cl/documento/698998,3.1. Discusión en Sala,2022-01-26,per89,http://datos.bcn.cl/recurso/persona/1470,1470,rene manuel garcia garcia,RENE MANUEL GARCIA GARCIA,http://datos.bcn.cl/recurso/cl/documento/698998#per89,True,True,False
2,http://datos.bcn.cl/recurso/cl/documento/698998,3.1. Discusión en Sala,2022-01-26,per97,http://datos.bcn.cl/recurso/persona/1893,1893,rene rodrigo gonzalez torres,RENE RODRIGO GONZALEZ TORRES,http://datos.bcn.cl/recurso/cl/documento/698998#per97,True,True,False
2,http://datos.bcn.cl/recurso/cl/documento/698998,3.1. Discusión en Sala,2022-01-26,per168,http://datos.bcn.cl/recurso/persona/218,218,jorge esteban pizarro soto,JORGE ESTEBAN PIZARRO SOTO,http://datos.bcn.cl/recurso/cl/documento/698998#per168,True,True,False
2,http://datos.bcn.cl/recurso/cl/documento/698998,3.1. Discusión en Sala,2022-01-26,per202,http://datos.bcn.cl/recurso/persona/318,318,eduardo antonio cerda garcia,EDUARDO ANTONIO CERDA GARCIA,http://datos.bcn.cl/recurso/cl/documento/698998#per202,False,False,False
2,http://datos.bcn.cl/recurso/cl/documento/698998,3.1. Discusión en Sala,2022-01-26,per41,http://datos.bcn.cl/recurso/persona/1717,1717,mariana aylwin oyarzun,MARIANA AYLWIN OYARZUN,http://datos.bcn.cl/recurso/cl/documento/698998#per41,True,True,False
2,http://datos.bcn.cl/recurso/cl/documento/698998,3.1. Discusión en Sala,2022-01-26,per3,http://datos.bcn.cl/recurso/persona/1209,1209,jose miguel ortiz novoa,JOSE MIGUEL ORTIZ NOVOA,http://datos.bcn.cl/recurso/cl/documento/698998#per3,True,True,False
2,http://datos.bcn.cl/recurso/cl/documento/698998,3.1. Discusión en Sala,2022-01-26,per15,http://datos.bcn.cl/recurso/persona/302,302,guillermo teillier del valle,GUILLERMO TEILLIER DEL VALLE,http://datos.bcn.cl/recurso/cl/documento/698998#per15,False,False,False
2,http://datos.bcn.cl/recurso/cl/documento/698998,3.1. Discusión en Sala,2022-01-26,per159,http://datos.bcn.cl/recurso/persona/4702,4702,giovanna roa cadin,GIOVANNA ROA CADIN,http://datos.bcn.cl/recurso/cl/documento/698998#per159,True,False,False
2,http://datos.bcn.cl/recurso/cl/documento/698998,3.1. Discusión en Sala,2022-01-26,per183,http://datos.bcn.cl/recurso/persona/937,937,luis eduardo undurraga correa,LUIS EDUARDO UNDURRAGA CORREA,http://datos.bcn.cl/recurso/cl/documento/698998#per183,True,True,False
2,http://datos.bcn.cl/recurso/cl/documento/698998,3.1. Discusión en Sala,2022-01-26,per67,http://datos.bcn.cl/recurso/persona/404,404,sebastian pinera,SEBASTIAN PINERA,http://datos.bcn.cl/recurso/cl/documento/698998#per67,True,True,False
2,http://datos.bcn.cl/recurso/cl/documento/698998,3.1. Discusión en Sala,2022-01-26,per136,http://datos.bcn.cl/recurso/persona/1482,1482,gaston von muhlenbrock zamora,GASTON VON MUHLENBROCK ZAMORA,http://datos.bcn.cl/recurso/cl/documento/698998#per136,True,True,False
2,http://datos.bcn.cl/recurso/cl/documento/698998,3.1. Discusión en Sala,2022-01-26,per160,http://datos.bcn.cl/recurso/persona/504,504,patricio melero abaroa,PATRICIO MELERO ABAROA,http://datos.bcn.cl/recurso/cl/documento/698998#per160,True,True,False
2,http://datos.bcn.cl/recurso/cl/documento/698998,3.1. Discusión en Sala,2022-01-26,per82,http://datos.bcn.cl/recurso/persona/2787,2787,gabriel moises silber romo,GABRIEL MOISES SILBER ROMO,http://datos.bcn.cl/recurso/cl/documento/698998#per82,True,True,False
2,http://datos.bcn.cl/recurso/cl/documento/698998,3.1. Discusión en Sala,2022-01-26,per170,http://datos.bcn.cl/recurso/persona/428,428,nicolas monckeberg diaz,NICOLAS MONCKEBERG DIAZ,http://datos.bcn.cl/recurso/cl/documento/698998#per170,True,False,False
2,http://datos.bcn.cl/recurso/cl/documento/698998,3.1. Discusión en Sala,2022-01-26,per65,http://datos.bcn.cl/recurso/persona/4586,4586,ricardo patricio celis araya,RICARDO PATRICIO CELIS ARAYA,http://datos.bcn.cl/recurso/cl/documento/698998#per65,True,True,False
2,http://datos.bcn.cl/recurso/cl/documento/698998,3.1. Discusión en Sala,2022-01-26,per76,http://datos.bcn.cl/recurso/persona/4587,4587,sebastian diego alvarez ramirez,SEBASTIAN DIEGO ALVAREZ RAMIREZ,http://datos.bcn.cl/recurso/cl/documento/698998#per76,True,True,False
2,http://datos.bcn.cl/recurso/cl/documento/698998,3.1. Discusión en Sala,2022-01-26,per134,http://datos.bcn.cl/recurso/persona/4582,4582,miguel ernesto crispi serrano,MIGUEL ERNESTO CRISPI SERRANO,http://datos.bcn.cl/recurso/cl/documento/698998#per134,True,True,False
2,http://datos.bcn.cl/recurso/cl/documento/698998,3.1. Discusión en Sala,2022-01-26,per155,http://datos.bcn.cl/recurso/persona/2881,2881,joel rosales guzman,JOEL ROSALES GUZMAN,http://datos.bcn.cl/recurso/cl/documento/698998#per155,True,False,False
2,http://datos.bcn.cl/recurso/cl/documento/698998,3.1. Discusión en Sala,2022-01-26,per64,http://datos.bcn.cl/recurso/persona/4583,4583,patricio eduardo rosas barrientos,PATRICIO EDUARDO ROSAS BARRIENTOS,http://datos.bcn.cl/recurso/cl/documento/698998#per64,True,True,False
2,http://datos.bcn.cl/recurso/cl/documento/698998,3.1. Discusión en Sala,2022-01-26,per176,http://datos.bcn.cl/recurso/persona/4584,4584,alvaro antonio elizalde soto,ALVARO ANTONIO ELIZALDE SOTO,http://datos.bcn.cl/recurso/cl/documento/698998#per176,True,True,False
2,http://datos.bcn.cl/recurso/cl/documento/698998,3.1. Discusión en Sala,2022-01-26,per189,http://datos.bcn.cl/recurso/persona/173,173,jorge ivan hubner gallo,JORGE IVAN HUBNER GALLO,http://datos.bcn.cl/recurso/cl/documento/698998#per189,False,False,False
2,http://datos.bcn.cl/recurso/cl/documento/698998,3.1. Discusión en Sala,2022-01-26,per37,http://datos.bcn.cl/recurso/persona/4585,4585,raul alfonso leiva carvajal,RAUL ALFONSO LEIVA CARVAJAL,http://datos.bcn.cl/recurso/cl/documento/698998#per37,True,True,False
2,http://datos.bcn.cl/recurso/cl/documento/698998,3.1. Discusión en Sala,2022-01-26,per115,http://datos.bcn.cl/recurso/persona/4580,4580,virginia eugenia troncoso hellman,VIRGINIA EUGENIA TRONCOSO HELLMAN,http://datos.bcn.cl/recurso/cl/documento/698998#per115,True,True,False
2,http://datos.bcn.cl/recurso/cl/documento/698998,3.1. Discusión en Sala,2022-01-26,per6,http://datos.bcn.cl/recurso/persona/4581,4581,jose miguel castro bascunan,JOSE MIGUEL CASTRO BASCUNAN,http://datos.bcn.cl/recurso/cl/documento/698998#per6,True,True,False
2,http://datos.bcn.cl/recurso/cl/documento/698998,3.1. Discusión en Sala,2022-01-26,per125,http://datos.bcn.cl/recurso/persona/2399,2399,jose perez arriagada,JOSE PEREZ ARRIAGADA,http://datos.bcn.cl/recurso/cl/documento/698998#per125,True,True,False
2,http://datos.bcn.cl/recurso/cl/documento/698998,3.1. Discusión en Sala,2022-01-26,per194,http://datos.bcn.cl/recurso/persona/3319,3319,hector enrique campos perez,HECTOR ENRIQUE CAMPOS PEREZ,http://datos.bcn.cl/recurso/cl/documento/698998#per194,False,True,False
2,http://datos.bcn.cl/recurso/cl/documento/698998,3.1. Discusión en Sala,2022-01-26,per133,http://datos.bcn.cl/recurso/persona/4599,4599,esteban jorge velasquez nunez,ESTEBAN JORGE VELASQUEZ NUNEZ,http://datos.bcn.cl/recurso/cl/documento/698998#per133,True,True,False
2,http://datos.bcn.cl/recurso/cl/documento/698998,3.1. Discusión en Sala,2022-01-26,per57,http://datos.bcn.cl/recurso/persona/2796,2796,victor domingo silva endeiza,VICTOR DOMINGO SILVA ENDEIZA,http://datos.bcn.cl/recurso/cl/documento/698998#per57,True,False,False
2,http://datos.bcn.cl/recurso/cl/documento/698998,3.1. Discusión en Sala,2022-01-26,per21,http://datos.bcn.cl/recurso/persona/167,167,alejandro santana tirachini,ALEJANDRO SANTANA TIRACHINI,http://datos.bcn.cl/recurso/cl/documento/698998#per21,True,True,False
2,http://datos.bcn.cl/recurso/cl/documento/698998,3.1. Discusión en Sala,2022-01-26,per210,http://datos.bcn.cl/recurso/persona/4597,4597,carmen adelaida hertz cadiz,CARMEN ADELAIDA HERTZ CADIZ,http://datos.bcn.cl/recurso/cl/documento/698998#per210,False,True,False
2,http://datos.bcn.cl/recurso/cl/documento/698998,3.1. Discusión en Sala,2022-01-26,per60,http://datos.bcn.cl/recurso/persona/168,168,jorge eduardo sabag villalobos,JORGE EDUARDO SABAG VILLALOBOS,http://datos.bcn.cl/recurso/cl/documento/698998#per60,True,True,False
2,http://datos.bcn.cl/recurso/cl/documento/698998,3.1. Discusión en Sala,2022-01-26,per9,http://datos.bcn.cl/recurso/persona/4598,4598,eduardo alfredo duran salinas,EDUARDO ALFREDO DURAN SALINAS,http://datos.bcn.cl/recurso/cl/documento/698998#per9,True,True,False
2,http://datos.bcn.cl/recurso/cl/documento/698998,3.1. Discusión en Sala,2022-01-26,per59,http://datos.bcn.cl/recurso/persona/2281,2281,javier ignacio macaya danus,JAVIER IGNACIO MACAYA DANUS,http://datos.bcn.cl/recurso/cl/documento/698998#per59,True,True,False
2,http://datos.bcn.cl/recurso/cl/documento/698998,3.1. Discusión en Sala,2022-01-26,per131,http://datos.bcn.cl/recurso/persona/4595,4595,aracely andrea leuquen uribe,ARACELY ANDREA LEUQUEN URIBE,http://datos.bcn.cl/recurso/cl/documento/698998#per131,True,True,False
2,http://datos.bcn.cl/recurso/cl/documento/698998,3.1. Discusión en Sala,2022-01-26,per156,http://datos.bcn.cl/recurso/persona/4593,4593,carmen gloria aravena acuna,CARMEN GLORIA ARAVENA ACUNA,http://datos.bcn.cl/recurso/cl/documento/698998#per156,True,True,False
2,http://datos.bcn.cl/recurso/cl/documento/698998,3.1. Discusión en Sala,2022-01-26,per71,http://datos.bcn.cl/recurso/persona/4594,4594,camila alejandra flores oporto,CAMILA ALEJANDRA FLORES OPORTO,http://datos.bcn.cl/recurso/cl/documento/698998#per71,True,True,False
2,http://datos.bcn.cl/recurso/cl/documento/698998,3.1. Discusión en Sala,2022-01-26,per182,http://datos.bcn.cl/recurso/persona/2073,2073,marcela constanza sabat fernandez,MARCELA CONSTANZA SABAT FERNANDEZ,http://datos.bcn.cl/recurso/cl/documento/698998#per182,True,True,False
2,http://datos.bcn.cl/recurso/cl/documento/698998,3.1. Discusión en Sala,2022-01-26,per195,http://datos.bcn.cl/recurso/persona/3831,3831,pedro pablo araya ortiz,PEDRO PABLO ARAYA ORTIZ,http://datos.bcn.cl/recurso/cl/documento/698998#per195,False,False,False
2,http://datos.bcn.cl/recurso/cl/documento/698998,3.1. Discusión en Sala,2022-01-26,per173,http://datos.bcn.cl/recurso/persona/3735,3735,matias vicente walker prieto,MATIAS VICENTE WALKER PRIETO,http://datos.bcn.cl/recurso/cl/documento/698998#per173,True,True,False
2,http://datos.bcn.cl/recurso/cl/documento/698998,3.1. Discusión en Sala,2022-01-26,per193,http://datos.bcn.cl/recurso/persona/1700,1700,cesar raul fuentes venegas,CESAR RAUL FUENTES VENEGAS,http://datos.bcn.cl/recurso/cl/documento/698998#per193,False,False,False
2,http://datos.bcn.cl/recurso/cl/documento/698998,3.1. Discusión en Sala,2022-01-26,per167,http://datos.bcn.cl/recurso/persona/3567,3567,juan acevedo pavez,JUAN ACEVEDO PAVEZ,http://datos.bcn.cl/recurso/cl/documento/698998#per167,True,True,False
2,http://datos.bcn.cl/recurso/cl/documento/698998,3.1. Discusión en Sala,2022-01-26,per181,http://datos.bcn.cl/recurso/persona/1301,1301,juan honorato,JUAN HONORATO,http://datos.bcn.cl/recurso/cl/documento/698998#per181,True,False,False
2,http://datos.bcn.cl/recurso/cl/documento/698998,3.1. Discusión en Sala,2022-01-26,per208,http://datos.bcn.cl/recurso/persona/828,828,hosain sabag castillo,HOSAIN SABAG CASTILLO,http://datos.bcn.cl/recurso/cl/documento/698998#per208,False,False,False
2,http://datos.bcn.cl/recurso/cl/documento/698998,3.1. Discusión en Sala,2022-01-26,per174,http://datos.bcn.cl/recurso/persona/4323,4323,yasna provoste campillay,YASNA PROVOSTE CAMPILLAY,http://datos.bcn.cl/recurso/cl/documento/698998#per174,True,True,False
2,http://datos.bcn.cl/recurso/cl/documento/698998,3.1. Discusión en Sala,2022-01-26,per120,http://datos.bcn.cl/recurso/persona/3069,3069,carlos ignacio kuschel silva,CARLOS IGNACIO KUSCHEL SILVA,http://datos.bcn.cl/recurso/cl/documento/698998#per120,True,True,False
2,http://datos.bcn.cl/recurso/cl/documento/698998,3.1. Discusión en Sala,2022-01-26,per40,http://datos.bcn.cl/recurso/persona/5064,5064,marcos patricio vargas oyarzun,MARCOS PATRICIO VARGAS OYARZUN,http://datos.bcn.cl/recurso/cl/documento/698998#per40,True,False,False
2,http://datos.bcn.cl/recurso/cl/documento/698998,3.1. Discusión en Sala,2022-01-26,per96,http://datos.bcn.cl/recurso/persona/3625,3625,jose ramon barros montero,JOSE RAMON BARROS MONTERO,http://datos.bcn.cl/recurso/cl/documento/698998#per96,True,True,False
2,http://datos.bcn.cl/recurso/cl/documento/698998,3.1. Discusión en Sala,2022-01-26,per154,http://datos.bcn.cl/recurso/persona/5061,5061,cesar ivan crot vargas,CESAR IVAN CROT VARGAS,http://datos.bcn.cl/recurso/cl/documento/698998#per154,True,False,False
2,http://datos.bcn.cl/recurso/cl/documento/698998,3.1. Discusión en Sala,2022-01-26,per197,http://datos.bcn.cl/recurso/persona/972,972,roberto munoz barra,ROBERTO MUNOZ BARRA,http://datos.bcn.cl/recurso/cl/documento/698998#per197,False,False,False
2,http://datos.bcn.cl/recurso/cl/documento/698998,3.1. Discusión en Sala,2022-01-26,per31,http://datos.bcn.cl/recurso/persona/3201,3201,ignacio urrutia bonilla,IGNACIO URRUTIA BONILLA,http://datos.bcn.cl/recurso/cl/documento/698998#per31,True,True,False
2,http://datos.bcn.cl/recurso/cl/documento/698998,3.1. Discusión en Sala,2022-01-26,per188,http://datos.bcn.cl/recurso/persona/835,835,maximiano errazuriz eguiguren,MAXIMIANO ERRAZURIZ EGUIGUREN,http://datos.bcn.cl/recurso/cl/documento/698998#per188,True,False,False
2,http://datos.bcn.cl/recurso/cl/documento/698998,3.1. Discusión en Sala,2022-01-26,per178,http://datos.bcn.cl/recurso/persona/2362,2362,ximena cecilia rincon gonzalez,XIMENA CECILIA RINCON GONZALEZ,http://datos.bcn.cl/recurso/cl/documento/698998#per178,True,True,False
2,http://datos.bcn.cl/recurso/cl/documento/698998,3.1. Discusión en Sala,2022-01-26,per191,http://datos.bcn.cl/recurso/persona/4094,4094,jaime crispi lago,JAIME CRISPI LAGO,http://datos.bcn.cl/recurso/cl/documento/698998#per191,False,True,False
2,http://datos.bcn.cl/recurso/cl/documento/698998,3.1. Discusión en Sala,2022-01-26,per99,http://datos.bcn.cl/recurso/persona/4096,4096,jaime manuel toha gonzalez,JAIME MANUEL TOHA GONZALEZ,http://datos.bcn.cl/recurso/cl/documento/698998#per99,True,True,False
2,http://datos.bcn.cl/recurso/cl/documento/698998,3.1. Discusión en Sala,2022-01-26,per111,http://datos.bcn.cl/recurso/persona/4541,4541,kenneth giorgio jackson drago,KENNETH GIORGIO JACKSON DRAGO,http://datos.bcn.cl/recurso/cl/documento/698998#per111,True,True,False
2,http://datos.bcn.cl/recurso/cl/documento/698998,3.1. Discusión en Sala,2022-01-26,per53,http://datos.bcn.cl/recurso/persona/4540,4540,renzo aldo trisotti martinez,RENZO ALDO TRISOTTI MARTINEZ,http://datos.bcn.cl/recurso/cl/documento/698998#per53,True,True,False
2,http://datos.bcn.cl/recurso/cl/documento/698998,3.1. Discusión en Sala,2022-01-26,per42,http://datos.bcn.cl/recurso/persona/1390,1390,pepe auth stewart,PEPE AUTH STEWART,http://datos.bcn.cl/recurso/cl/documento/698998#per42,True,True,False
2,http://datos.bcn.cl/recurso/cl/documento/698998,3.1. Discusión en Sala,2022-01-26,per121,http://datos.bcn.cl/recurso/persona/4547,4547,irle andrea parra sauterel,IRLE ANDREA PARRA SAUTEREL,http://datos.bcn.cl/recurso/cl/documento/698998#per121,True,True,False
2,http://datos.bcn.cl/recurso/cl/documento/698998,3.1. Discusión en Sala,2022-01-26,per52,http://datos.bcn.cl/recurso/persona/4546,4546,andres celis montt,ANDRES CELIS MONTT,http://datos.bcn.cl/recurso/cl/documento/698998#per52,True,True,False
2,http://datos.bcn.cl/recurso/cl/documento/698998,3.1. Discusión en Sala,2022-01-26,per122,http://datos.bcn.cl/recurso/persona/4549,4549,cristobal urruticoechea rios,CRISTOBAL URRUTICOECHEA RIOS,http://datos.bcn.cl/recurso/cl/documento/698998#per122,True,True,False
2,http://datos.bcn.cl/recurso/cl/documento/698998,3.1. Discusión en Sala,2022-01-26,per35,http://datos.bcn.cl/recurso/persona/4548,4548,claudia nathalie mix jimenez,CLAUDIA NATHALIE MIX JIMENEZ,http://datos.bcn.cl/recurso/cl/documento/698998#per35,True,True,False
2,http://datos.bcn.cl/recurso/cl/documento/698998,3.1. Discusión en Sala,2022-01-26,per130,http://datos.bcn.cl/recurso/persona/4543,4543,juan antonio coloma alamos,JUAN ANTONIO COLOMA ALAMOS,http://datos.bcn.cl/recurso/cl/documento/698998#per130,True,True,False
2,http://datos.bcn.cl/recurso/cl/documento/698998,3.1. Discusión en Sala,2022-01-26,per108,http://datos.bcn.cl/recurso/persona/4542,4542,paulina andrea nunez urrutia,PAULINA ANDREA NUNEZ URRUTIA,http://datos.bcn.cl/recurso/cl/documento/698998#per108,True,True,False
2,http://datos.bcn.cl/recurso/cl/documento/698998,3.1. Discusión en Sala,2022-01-26,per196,http://datos.bcn.cl/recurso/persona/4927,4927,rodolfo rafael carter fernandez,RODOLFO RAFAEL CARTER FERNANDEZ,http://datos.bcn.cl/recurso/cl/documento/698998#per196,False,False,False
2,http://datos.bcn.cl/recurso/cl/documento/698998,3.1. Discusión en Sala,2022-01-26,per187,http://datos.bcn.cl/recurso/persona/276,276,silvia alessandri montes,SILVIA ALESSANDRI MONTES,http://datos.bcn.cl/recurso/cl/documento/698998#per187,True,False,False
2,http://datos.bcn.cl/recurso/cl/documento/698998,3.1. Discusión en Sala,2022-01-26,per43,http://datos.bcn.cl/recurso/persona/4552,4552,alejandro javier bernales maldonado,ALEJANDRO JAVIER BERNALES MALDONADO,http://datos.bcn.cl/recurso/cl/documento/698998#per43,True,True,False
2,http://datos.bcn.cl/recurso/cl/documento/698998,3.1. Discusión en Sala,2022-01-26,per24,http://datos.bcn.cl/recurso/persona/4551,4551,diego eduardo ibanez cotroneo,DIEGO EDUARDO IBANEZ COTRONEO,http://datos.bcn.cl/recurso/cl/documento/698998#per24,True,True,False
2,http://datos.bcn.cl/recurso/cl/documento/698998,3.1. Discusión en Sala,2022-01-26,per44,http://datos.bcn.cl/recurso/persona/4550,4550,marta carolina marzan pinto,MARTA CAROLINA MARZAN PINTO,http://datos.bcn.cl/recurso/cl/documento/698998#per44,True,True,False
2,http://datos.bcn.cl/recurso/cl/documento/698998,3.1. Discusión en Sala,2022-01-26,per51,http://datos.bcn.cl/recurso/persona/899,899,nino baltolu rasera,NINO BALTOLU RASERA,http://datos.bcn.cl/recurso/cl/documento/698998#per51,True,True,False
2,http://datos.bcn.cl/recurso/cl/documento/698998,3.1. Discusión en Sala,2022-01-26,per206,http://datos.bcn.cl/recurso/persona/1014,1014,julio antonio gaston duran neumann,JULIO ANTONIO GASTON DURAN NEUMANN,http://datos.bcn.cl/recurso/cl/documento/698998#per206,False,False,False
2,http://datos.bcn.cl/recurso/cl/documento/698998,3.1. Discusión en Sala,2022-01-26,per23,http://datos.bcn.cl/recurso/persona/4559,4559,andres longton herrera,ANDRES LONGTON HERRERA,http://datos.bcn.cl/recurso/cl/documento/698998#per23,True,True,False
2,http://datos.bcn.cl/recurso/cl/documento/698998,3.1. Discusión en Sala,2022-01-26,per110,http://datos.bcn.cl/recurso/persona/4558,4558,alvaro jorge carter fernandez,ALVARO JORGE CARTER FERNANDEZ,http://datos.bcn.cl/recurso/cl/documento/698998#per110,True,True,False
2,http://datos.bcn.cl/recurso/cl/documento/698998,3.1. Discusión en Sala,2022-01-26,per84,http://datos.bcn.cl/recurso/persona/4557,4557,andres molina magofke,ANDRES MOLINA MAGOFKE,http://datos.bcn.cl/recurso/cl/documento/698998#per84,True,True,False
2,http://datos.bcn.cl/recurso/cl/documento/698998,3.1. Discusión en Sala,2022-01-26,per11,http://datos.bcn.cl/recurso/persona/4556,4556,amaro labra sepulveda,AMARO LABRA SEPULVEDA,http://datos.bcn.cl/recurso/cl/documento/698998#per11,True,True,False
2,http://datos.bcn.cl/recurso/cl/documento/698998,3.1. Discusión en Sala,2022-01-26,per38,http://datos.bcn.cl/recurso/persona/4555,4555,francisco eguiguren correa,FRANCISCO EGUIGUREN CORREA,http://datos.bcn.cl/recurso/cl/documento/698998#per38,True,True,False
2,http://datos.bcn.cl/recurso/cl/documento/698998,3.1. Discusión en Sala,2022-01-26,per93,http://datos.bcn.cl/recurso/persona/4554,4554,felix marcelo gonzalez gatica,FELIX MARCELO GONZALEZ GATICA,http://datos.bcn.cl/recurso/cl/documento/698998#per93,True,True,False
2,http://datos.bcn.cl/recurso/cl/documento/698998,3.1. Discusión en Sala,2022-01-26,per66,http://datos.bcn.cl/recurso/persona/994,994,pedro alvarez-salamanca ramirez,PEDRO ALVAREZ SALAMANCA RAMIREZ,http://datos.bcn.cl/recurso/cl/documento/698998#per66,True,True,False
2,http://datos.bcn.cl/recurso/cl/documento/698998,3.1. Discusión en Sala,2022-01-26,per112,http://datos.bcn.cl/recurso/persona/4553,4553,emilia iris nuyado ancapichun,EMILIA IRIS NUYADO ANCAPICHUN,http://datos.bcn.cl/recurso/cl/documento/698998#per112,True,False,False
2,http://datos.bcn.cl/recurso/cl/documento/698998,3.1. Discusión en Sala,2022-01-26,per132,http://datos.bcn.cl/recurso/persona/864,864,pablo prieto lorca,PABLO PRIETO LORCA,http://datos.bcn.cl/recurso/cl/documento/698998#per132,True,True,False
2,http://datos.bcn.cl/recurso/cl/documento/698998,3.1. Discusión en Sala,2022-01-26,per138,http://datos.bcn.cl/recurso/persona/1001,1001,pablo lorenzini basso,PABLO LORENZINI BASSO,http://datos.bcn.cl/recurso/cl/documento/698998#per138,True,True,False
2,http://datos.bcn.cl/recurso/cl/documento/698998,3.1. Discusión en Sala,2022-01-26,per25,http://datos.bcn.cl/recurso/persona/4561,4561,catalina del real mihovilovic,CATALINA DEL REAL MIHOVILOVIC,http://datos.bcn.cl/recurso/cl/documento/698998#per25,True,True,False
2,http://datos.bcn.cl/recurso/cl/documento/698998,3.1. Discusión en Sala,2022-01-26,per207,http://datos.bcn.cl/recurso/persona/1274,1274,carlos bianchi chelech,CARLOS BIANCHI CHELECH,http://datos.bcn.cl/recurso/cl/documento/698998#per207,False,True,False
2,http://datos.bcn.cl/recurso/cl/documento/698998,3.1. Discusión en Sala,2022-01-26,per92,http://datos.bcn.cl/recurso/persona/4560,4560,boris anthony barrera moreno,BORIS ANTHONY BARRERA MORENO,http://datos.bcn.cl/recurso/cl/documento/698998#per92,True,True,False
2,http://datos.bcn.cl/recurso/cl/documento/698998,3.1. Discusión en Sala,2022-01-26,per0,http://datos.bcn.cl/recurso/persona/4563,4563,juan francisco undurraga gazitua,JUAN FRANCISCO UNDURRAGA GAZITUA,http://datos.bcn.cl/recurso/cl/documento/698998#per0,True,True,False
2,http://datos.bcn.cl/recurso/cl/documento/698998,3.1. Discusión en Sala,2022-01-26,per68,http://datos.bcn.cl/recurso/persona/4562,4562,cosme leopoldo mellado pino,COSME LEOPOLDO MELLADO PINO,http://datos.bcn.cl/recurso/cl/documento/698998#per68,True,True,False
2,http://datos.bcn.cl/recurso/cl/documento/698998,3.1. Discusión en Sala,2022-01-26,per20,http://datos.bcn.cl/recurso/persona/4565,4565,joanna elena perez olea,JOANNA ELENA PEREZ OLEA,http://datos.bcn.cl/recurso/cl/documento/698998#per20,True,True,False
2,http://datos.bcn.cl/recurso/cl/documento/698998,3.1. Discusión en Sala,2022-01-26,per142,http://datos.bcn.cl/recurso/persona/4564,4564,hugo vicente rey martinez,HUGO VICENTE REY MARTINEZ,http://datos.bcn.cl/recurso/cl/documento/698998#per142,True,True,False
2,http://datos.bcn.cl/recurso/cl/documento/698998,3.1. Discusión en Sala,2022-01-26,per22,http://datos.bcn.cl/recurso/persona/4567,4567,jorge andres duran espinoza,JORGE ANDRES DURAN ESPINOZA,http://datos.bcn.cl/recurso/cl/documento/698998#per22,True,True,False
2,http://datos.bcn.cl/recurso/cl/documento/698998,3.1. Discusión en Sala,2022-01-26,per128,http://datos.bcn.cl/recurso/persona/686,686,leopoldo alfredo perez lahsen,LEOPOLDO ALFREDO PEREZ LAHSEN,http://datos.bcn.cl/recurso/cl/documento/698998#per128,True,True,False
2,http://datos.bcn.cl/recurso/cl/documento/698998,3.1. Discusión en Sala,2022-01-26,per137,http://datos.bcn.cl/recurso/persona/4569,4569,luciano cruz-coke carvallo,LUCIANO CRUZ COKE CARVALLO,http://datos.bcn.cl/recurso/cl/documento/698998#per137,True,True,False
2,http://datos.bcn.cl/recurso/cl/documento/698998,3.1. Discusión en Sala,2022-01-26,per63,http://datos.bcn.cl/recurso/persona/4568,4568,juan manuel fuenzalida cobo,JUAN MANUEL FUENZALIDA COBO,http://datos.bcn.cl/recurso/cl/documento/698998#per63,True,True,False
2,http://datos.bcn.cl/recurso/cl/documento/698998,3.1. Discusión en Sala,2022-01-26,per95,http://datos.bcn.cl/recurso/persona/3669,3669,frank carlos sauerbaum munoz,FRANK CARLOS SAUERBAUM MUNOZ,http://datos.bcn.cl/recurso/cl/documento/698998#per95,True,True,False
2,http://datos.bcn.cl/recurso/cl/documento/698998,3.1. Discusión en Sala,2022-01-26,per55,http://datos.bcn.cl/recurso/persona/4792,4792,victorino antilef nanco,VICTORINO ANTILEF NANCO,http://datos.bcn.cl/recurso/cl/documento/698998#per55,True,False,False
2,http://datos.bcn.cl/recurso/cl/documento/698998,3.1. Discusión en Sala,2022-01-26,per135,http://datos.bcn.cl/recurso/persona/4570,4570,guillermo andres ramirez diez,GUILLERMO ANDRES RAMIREZ DIEZ,http://datos.bcn.cl/recurso/cl/documento/698998#per135,True,True,False
2,http://datos.bcn.cl/recurso/cl/documento/698998,3.1. Discusión en Sala,2022-01-26,per145,http://datos.bcn.cl/recurso/persona/3292,3292,manuel matta aragay,MANUEL MATTA ARAGAY,http://datos.bcn.cl/recurso/cl/documento/698998#per145,True,True,False
2,http://datos.bcn.cl/recurso/cl/documento/698998,3.1. Discusión en Sala,2022-01-26,per141,http://datos.bcn.cl/recurso/persona/4574,4574,karin claudia luck urban,KARIN CLAUDIA LUCK URBAN,http://datos.bcn.cl/recurso/cl/documento/698998#per141,True,True,False
2,http://datos.bcn.cl/recurso/cl/documento/698998,3.1. Discusión en Sala,2022-01-26,per33,http://datos.bcn.cl/recurso/persona/4573,4573,pablo vidal rojas,PABLO VIDAL ROJAS,http://datos.bcn.cl/recurso/cl/documento/698998#per33,True,True,False
2,http://datos.bcn.cl/recurso/cl/documento/698998,3.1. Discusión en Sala,2022-01-26,per129,http://datos.bcn.cl/recurso/persona/2128,2128,enrique van rysselberghe herrera,ENRIQUE VAN RYSSELBERGHE HERRERA,http://datos.bcn.cl/recurso/cl/documento/698998#per129,True,True,False
2,http://datos.bcn.cl/recurso/cl/documento/698998,3.1. Discusión en Sala,2022-01-26,per107,http://datos.bcn.cl/recurso/persona/4572,4572,jorge elias brito hasbun,JORGE ELIAS BRITO HASBUN,http://datos.bcn.cl/recurso/cl/documento/698998#per107,True,True,False
2,http://datos.bcn.cl/recurso/cl/documento/698998,3.1. Discusión en Sala,2022-01-26,per29,http://datos.bcn.cl/recurso/persona/4571,4571,miguel mellado suazo,MIGUEL MELLADO SUAZO,http://datos.bcn.cl/recurso/cl/documento/698998#per29,True,True,False
2,http://datos.bcn.cl/recurso/cl/documento/698998,3.1. Discusión en Sala,2022-01-26,per91,http://datos.bcn.cl/recurso/persona/4578,4578,marisela santibanez novoa,MARISELA SANTIBANEZ NOVOA,http://datos.bcn.cl/recurso/cl/documento/698998#per91,True,True,False
2,http://datos.bcn.cl/recurso/cl/documento/698998,3.1. Discusión en Sala,2022-01-26,per12,http://datos.bcn.cl/recurso/persona/4577,4577,sebastian keitel bianchi,SEBASTIAN KEITEL BIANCHI,http://datos.bcn.cl/recurso/cl/documento/698998#per12,True,True,False
2,http://datos.bcn.cl/recurso/cl/documento/698998,3.1. Discusión en Sala,2022-01-26,per30,http://datos.bcn.cl/recurso/persona/4576,4576,maite orsini pascal,MAITE ORSINI PASCAL,http://datos.bcn.cl/recurso/cl/documento/698998#per30,True,True,False
2,http://datos.bcn.cl/recurso/cl/documento/698998,3.1. Discusión en Sala,2022-01-26,per4,http://datos.bcn.cl/recurso/persona/4575,4575,ramon ernesto galleguillos castillo,RAMON ERNESTO GALLEGUILLOS CASTILLO,http://datos.bcn.cl/recurso/cl/documento/698998#per4,True,True,False
2,http://datos.bcn.cl/recurso/cl/documento/698998,3.1. Discusión en Sala,2022-01-26,per2,http://datos.bcn.cl/recurso/persona/3192,3192,mario artidoro venegas cardenas,MARIO ARTIDORO VENEGAS CARDENAS,http://datos.bcn.cl/recurso/cl/documento/698998#per2,True,True,False
2,http://datos.bcn.cl/recurso/cl/documento/698998,3.1. Discusión en Sala,2022-01-26,per126,http://datos.bcn.cl/recurso/persona/4579,4579,sofia slovena cid versalovic,SOFIA SLOVENA CID VERSALOVIC,http://datos.bcn.cl/recurso/cl/documento/698998#per126,True,True,False
2,http://datos.bcn.cl/recurso/cl/documento/698998,3.1. Discusión en Sala,2022-01-26,per179,http://datos.bcn.cl/recurso/persona/1925,1925,alfonso de urresti longton,ALFONSO DE URRESTI LONGTON,http://datos.bcn.cl/recurso/cl/documento/698998#per179,True,True,False
2,http://datos.bcn.cl/recurso/cl/documento/698998,3.1. Discusión en Sala,2022-01-26,per158,http://datos.bcn.cl/recurso/persona/285,285,domingo claps gallo,DOMINGO CLAPS GALLO,http://datos.bcn.cl/recurso/cl/documento/698998#per158,True,False,False
2,http://datos.bcn.cl/recurso/cl/documento/698998,3.1. Discusión en Sala,2022-01-26,per171,http://datos.bcn.cl/recurso/persona/4471,4471,miguel landeros perki?,MIGUEL LANDEROS PERKI,http://datos.bcn.cl/recurso/cl/documento/698998#per171,True,False,False
2,http://datos.bcn.cl/recurso/cl/documento/698998,3.1. Discusión en Sala,2022-01-26,per146,http://datos.bcn.cl/recurso/persona/1827,1827,manuel zacarias monsalve benavides,MANUEL ZACARIAS MONSALVE BENAVIDES,http://datos.bcn.cl/recurso/cl/documento/698998#per146,True,True,False
2,http://datos.bcn.cl/recurso/cl/documento/698998,3.1. Discusión en Sala,2022-01-26,per169,http://datos.bcn.cl/recurso/persona/3099,3099,ricardo andres lagos weber,RICARDO ANDRES LAGOS WEBER,http://datos.bcn.cl/recurso/cl/documento/698998#per169,True,True,False
2,http://datos.bcn.cl/recurso/cl/documento/698998,3.1. Discusión en Sala,2022-01-26,perDCHZQYY6,http://datos.bcn.cl/recurso/temporal/2452,,francesca,FRANCESCA,http://datos.bcn.cl/recurso/cl/documento/698998#perDCHZQYY6,False,False,False
2,http://datos.bcn.cl/recurso/cl/documento/698998,3.1. Discusión en Sala,2022-01-26,perDNZKSG7D,http://datos.bcn.cl/recurso/persona/4596,4596,camila ruzlay rojas valderrama,CAMILA RUZLAY ROJAS VALDERRAMA,http://datos.bcn.cl/recurso/cl/documento/698998#perDNZKSG7D,False,True,False
