law,sample_number,unit_id,session_file,assessment,review,n_words,original_decision,original_comment,quality_flags,target_text,annotations_json,previous_context_json,next_context_json
21419,1,utt_37aa049c0111f0e26ebc::p0003,output/validation/validation_20260903T201432999213Z_1e8a5130.json,Compatible con el libro,Se elogia el financiamiento estatal no contributivo como avance. Falta una razón distributiva específica para asignar un concepto. El aporte del Estado por sí mismo no demuestra solidaridad intergeneracional. Los argumentos sobre acuerdo y universalidad están en los vecinos. Mantener `no_statements` es defendible.,98,no_statements,,,"Cuando uno piensa en pensiones, generalmente hay dos tipos de financiamiento: el contributivo y el no contributivo. Efectivamente, todavía queda una discusión hacia adelante relacionada con el plan contributivo, pero lo que estamos haciendo hoy con el plan no contributivo debe constituir, junto a la reforma de la Presidenta Bachelet , uno de los más grandes avances que se han hecho en los últimos cuarenta años en este país. Seguramente, este avance nos convierte en líderes a nivel mundial en materia de financiamiento de pensiones desde el punto de vista no contributivo, esto es, proveniente del financiamiento del Estado.",[],"{""unit_id"": ""utt_37aa049c0111f0e26ebc::p0002"", ""utterance_id"": ""utt_37aa049c0111f0e26ebc"", ""paragraph_number"": 2, ""paragraph_start"": 2, ""paragraph_end"": 2, ""block_paragraph_count"": 1, ""paragraph_count"": 13, ""content"": ""Creo que todo eso lleva a que tengamos un proyecto consensuado, pero, por sobre todo, un proyecto que les da soluciones a los chilenos. Para mí, que no he participado mucho en política –voy a dejar de concurrir a esta Sala en marzo-, es un honor estar aquí. Sí creo que una de las cosas que tenemos que hacer es dar soluciones a los chilenos, y creo que este proyecto, reitero, efectivamente es una solución."", ""content_sha256"": ""b3b6468b9a5854eb9e48a94f12e012085fdf405099ebd4e95d63a9e5eb8a74f2"", ""same_utterance"": true}","{""unit_id"": ""utt_37aa049c0111f0e26ebc::p0004"", ""utterance_id"": ""utt_37aa049c0111f0e26ebc"", ""paragraph_number"": 4, ""paragraph_start"": 4, ""paragraph_end"": 4, ""block_paragraph_count"": 1, ""paragraph_count"": 13, ""content"": ""Una de las cuestiones más relevantes es que, de alguna forma, recogimos esta idea de la pensión garantizada universal, porque sentimos que hereda el concepto de ingreso familiar de emergencia universal ¿Y por qué lo hereda? Porque, efectivamente, tal como en el IFE universal, las personas excluidas solo pertenecen al 10 por ciento de mayores ingresos."", ""content_sha256"": ""b0b9108fa61fe817a04b64f4fc7139446ee4344a8d622fa0b0d2a35b4546afac"", ""same_utterance"": true}"
21419,2,utt_1dbe6f2dc32ba8e1c8bb::p0001-p0003,output/validation/validation_20260903T201432999213Z_1e8a5130.json,Revisar alcance y posible omisión,El compromiso social y el mandato electoral se invocan para aprobar la reforma. Hay argumentación normativa con un encaje débil en el libro; conviene registrarla para revisión conceptual. El mandato de mayoría no equivale a moderación y compromiso. La objeción «no hay financiamiento» recibe una respuesta favorable al proyecto; `conciencia_costos/oppose` es una posibilidad dependiente del contexto. Las fuentes concretas de recursos aparecen en el siguiente bloque.,133,no_statements,,,"Señor Presidente, este proyecto debe aprobarse no solo por sentido común, sino también por un compromiso social que debemos tener los diputados y diputadas presentes.

Muchos dicen que no hay financiamiento, pero yo pregunto: ¿cuál es el problema si el compañero Boric va a ser el Presidente? El compromiso que tiene Gabriel Boric con el pueblo chileno es gobernar con justicia social. Eso es lo que reclamo desde esta tribuna, porque Gabriel Boric sacó más de cuatro millones de votos y les aseguro que al menos un millón de votos corresponde a las personas que están esperando que aprobemos este proyecto.

Por lo tanto, digo acá con franqueza, con firmeza y con convicción que seré un diputado vigilante para que se cumpla el programa de Gabriel Boric y su equipo en materia social.",[],"{""unit_id"": ""utt_774559cd67c438850a30::p0005-p0007"", ""utterance_id"": ""utt_774559cd67c438850a30"", ""paragraph_number"": 5, ""paragraph_start"": 5, ""paragraph_end"": 7, ""block_paragraph_count"": 3, ""paragraph_count"": 7, ""content"": ""Por lo tanto, votaremos a favor en general el proyecto y la mayoría del articulado, de manera de dar una señal de avance, de proactividad desde el punto de vista de que esto se pague cuanto antes a nuestros pensionados, porque se aumenta sustantivamente la cobertura.\n\nSin embargo, en lo que dice relación con el financiamiento, rechazaremos los artículos respectivos, a fin de provocar un debate mayor respecto de un tema que requiere profundización a la hora de ser serios en esta materia.\n\nHe dicho."", ""content_sha256"": ""2e05c9be5aca9174753e363091e5c956c68d68907b225480c242af7ba85e7500"", ""same_utterance"": false}","{""unit_id"": ""utt_1dbe6f2dc32ba8e1c8bb::p0004"", ""utterance_id"": ""utt_1dbe6f2dc32ba8e1c8bb"", ""paragraph_number"": 4, ""paragraph_start"": 4, ""paragraph_end"": 4, ""block_paragraph_count"": 1, ""paragraph_count"": 6, ""content"": ""Además, ¿el Presidente y el Ejecutivo no pueden modificar el presupuesto? ¡Claro que pueden!, algo que este Congreso no puede hacer. Compraremos menos armamentos; compraremos menos aparatos represivos para nuestro país. ¿Por qué no? Terminaremos con los grandes negociados que se producen con las riquezas básicas, como el litio. ¡Ahí tenemos plata, pues!"", ""content_sha256"": ""335684a3227ec87777d932c8b1d65fcbc1ca9c0710a822baa991f33012084f92"", ""same_utterance"": true}"
21419,3,utt_5116533e3611e77af149::p0001-p0003,output/validation/validation_20260903T201432999213Z_1e8a5130.json,Dos anotaciones compatibles; mejorar evidencia,"1. Mantener `necesidad_material/support`: pobreza y miseria justifican mejorar pensiones.
2. Mantener `capitalizacion_individual/oppose`: se afirma expresamente la insuficiencia del ahorro individual para asegurar pensiones dignas.

El cierre «Por eso, siempre es necesario un aporte fiscal adicional para mejorar las pensiones» completa la conexión con la propuesta. Puede incorporarse a ambos spans, conservando dos razones diferenciadas.",126,statements,,,"Señor Presidente, este proyecto es una buena noticia para 1,7 millones de personas, considerando a los actuales jubilados, pero también lo es para quienes se jubilen en el futuro, porque establece un aumento de las pensiones de jubilación con aporte del Estado.

Este proyecto de ley confirma lo que siempre hemos dicho: que las personas tienen pensiones indignas y miserables que están bajo la línea de la pobreza, las que los condenan, al final de sus días, a una vida de miseria. También confirma -está implícito que el ahorro individual de las trabajadoras y de los trabajadores en Chile es muy bajo y completamente insuficiente para asegurar pensiones dignas en nuestro país.

Por eso, siempre es necesario un aporte fiscal adicional para mejorar las pensiones.","[{""annotation_id"": ""c22eed07-cbb6-4fa1-9e88-7655b906e81d"", ""span"": {""start_char"": 325, ""end_char"": 482, ""text"": ""las personas tienen pensiones indignas y miserables que están bajo la línea de la pobreza, las que los condenan, al final de sus días, a una vida de miseria."", ""sha256"": ""941073cb13b5641941ba0bf2f8182d2ab672e6e276d50a659984ca9d8b3f9bec""}, ""concept_status"": ""in_codebook"", ""concept_id"": ""necesidad_material"", ""proposed_concept"": null, ""stance"": ""support"", ""note"": null, ""selected_at_client"": ""2026-09-03T20:19:25.027Z"", ""created_at_utc"": ""2026-09-03T20:20:46.802Z"", ""created_at_local"": ""2026-09-03T16:20:46.802-04:00"", ""updated_at_utc"": ""2026-09-03T20:20:46.802Z"", ""updated_at_local"": ""2026-09-03T16:20:46.802-04:00""}, {""annotation_id"": ""58fdf70a-4161-4171-8c6d-dff8f688885d"", ""span"": {""start_char"": 520, ""end_char"": 680, ""text"": ""el ahorro individual de las trabajadoras y de los trabajadores en Chile es muy bajo y completamente insuficiente para asegurar pensiones dignas en nuestro país."", ""sha256"": ""dbe94f26bdd0afe5cd83d9fa8cf5de381b9eef20bf7fe16823f4211336481839""}, ""concept_status"": ""in_codebook"", ""concept_id"": ""capitalizacion_individual"", ""proposed_concept"": null, ""stance"": ""oppose"", ""note"": null, ""selected_at_client"": ""2026-09-03T20:20:36.189Z"", ""created_at_utc"": ""2026-09-03T20:20:46.802Z"", ""created_at_local"": ""2026-09-03T16:20:46.802-04:00"", ""updated_at_utc"": ""2026-09-03T20:20:46.802Z"", ""updated_at_local"": ""2026-09-03T16:20:46.802-04:00""}]","{""unit_id"": ""utt_4129763b94185fcdd624::p0005-p0008"", ""utterance_id"": ""utt_4129763b94185fcdd624"", ""paragraph_number"": 5, ""paragraph_start"": 5, ""paragraph_end"": 8, ""block_paragraph_count"": 4, ""paragraph_count"": 8, ""content"": ""Hoy, el llamado es a que todos, diputados y diputadas, aprobemos de forma unánime este proyecto. Todos debiéramos aprobarlo y todos deberíamos estar dispuestos, evidentemente, a hacer las mejoras necesarias en un futuro próximo, para que este monto vaya creciendo y pueda llegar también al ciento por ciento de los jubilados de nuestro país.\n\nEsperamos que, una vez que se despache el proyecto al Senado, se trabaje con rapidez y seriedad para que el beneficio comience a ser pagado a partir del mes de febrero.\n\nEstamos en un escenario muy positivo para nuestros adultos mayores. Por esa razón, debemos unirnos por el bien de Chile y de los chilenos que más lo necesitan.\n\nHe dicho."", ""content_sha256"": ""7bec34644d381700a1c090eab0c5d6e8b7de538b603d45d7c468b51b52ad4f7c"", ""same_utterance"": false}","{""unit_id"": ""utt_5116533e3611e77af149::p0004-p0005"", ""utterance_id"": ""utt_5116533e3611e77af149"", ""paragraph_number"": 4, ""paragraph_start"": 4, ""paragraph_end"": 5, ""block_paragraph_count"": 2, ""paragraph_count"": 9, ""content"": ""Este proyecto de ley por lo menos anuncia eso, creando una pensión garantizada universal de un monto máximo de 185.000 pesos para todos los adultos mayores que no se encuentren en el 10 por ciento más rico de la población y que no cuenten con una pensión superior al millón de pesos, además de otros beneficios, como el cierre de brechas en lagunas previsionales y otros.\n\nHay que aclarar que estos 185.000 pesos son el monto máximo. La mayor parte de las pensiones que se van a mejorar corresponden a la sustitución del aporte previsional solidario por esta nueva pensión, lo cual implica un monto menor."", ""content_sha256"": ""1828c880d010f351c14f2fca1b241ff2c97c4e9a3c737dd035d10a1ce65b2fd1"", ""same_utterance"": true}"
21419,4,utt_b99b67d3e9ccc449ff45::p0001,output/validation/validation_20260903T201432999213Z_1e8a5130.json,Posible omisión financiera; prioridad alta,"El actor sostiene que tenía razón al exigir ingresos permanentes y que el proyecto finalmente los obtuvo. Revisar `conciencia_costos`: la inclusión de refutaciones por financiamiento disponible hace plausible `oppose` para el proyecto actual, mientras la crítica al diseño inicial apunta a `support` en otro momento. Hay que fijar el referente temporal antes de adjudicar. El monto aislado no es la razón para proponer esta revisión.",112,no_statements,,,"Señor Presidente, estamos a horas de aprobar y despachar a ley este proyecto, que crea la pensión garantizada universal. Terminó todo su trámite legislativo, y creo que la conclusión que uno puede dar a conocer es que teníamos razón quienes sosteníamos que esta era una política improvisada respecto del financiamiento. Desde el inicio dijimos que el financiamiento no era menor: más de 3.000 millones de dólares anuales por parte del Estado de Chile, que se requerían por toda la vida, para lo cual se necesitaban ingresos adicionales del Estado en forma permanente, que no se tenían. Pero hoy, después de toda la tramitación, el proyecto vuelve y ahora sí los tiene.",[],"{""unit_id"": ""utt_8dbe8743a7d74a4301df::p0005-p0006"", ""utterance_id"": ""utt_8dbe8743a7d74a4301df"", ""paragraph_number"": 5, ""paragraph_start"": 5, ""paragraph_end"": 6, ""block_paragraph_count"": 2, ""paragraph_count"": 6, ""content"": ""Anuncio mi voto a favor para mejorar las pensiones.\n\nHe dicho."", ""content_sha256"": ""34bbe1ee3aeafbe5808ad067a19a2b26c99ca7e23944dff67455942943073603"", ""same_utterance"": false}","{""unit_id"": ""utt_b99b67d3e9ccc449ff45::p0002"", ""utterance_id"": ""utt_b99b67d3e9ccc449ff45"", ""paragraph_number"": 2, ""paragraph_start"": 2, ""paragraph_end"": 2, ""block_paragraph_count"": 1, ""paragraph_count"": 12, ""content"": ""El gobierno entendió; el ministro de Hacienda, quien está presente, tomó nota y se le ocurrió la brillante idea -que compartode pedirles a los que tienen artículos de lujo que paguen este impuesto -por ejemplo, los que tienen aviones, yates, helicópteros-, puesto que tenían un sistema de gravamen especial y no pagaban los impuestos que deberían haber pagado. Con este proyecto sí los pagarán y con ese ingreso se financiará la pensión garantizada universal."", ""content_sha256"": ""f4c92e4bfff6126dafc9bd024cc2617189d8ffb39204cf5090c5db6c1de8f7eb"", ""same_utterance"": true}"
21419,5,utt_760c32fa86a5d52dc3e4::p0012-p0013,output/validation/validation_20260903T201432999213Z_1e8a5130.json,Posible omisión financiera; prioridad alta,Se valora haber conseguido el financiamiento que faltaba y se rebate que estuviera asegurado inicialmente. Es candidato a `conciencia_costos` por la inclusión explícita de suficiencia financiera. Separar la evaluación del proyecto aprobado del requisito de nuevos recursos para una PGU futura de 250 mil. La crítica a capitalización individual aparece en el bloque siguiente y necesita su propia evidencia.,98,no_statements,,,"El trabajo que se hizo acá en el Senado, tanto en la Comisión de Trabajo como particularmente en la de Hacienda -y yo quiero resaltarlo-, ha permitido que este proyecto tenga el financiamiento necesario, que era lo que no tenía cuando se nos trajo inicialmente. No es cierto que estaba asegurado el financiamiento para los próximos cincuenta años, como un horizonte.

Lo que se acordó acá, en el Senado, efectivamente establece un mecanismo de financiamiento. Y tendremos que avanzar hacia otros mecanismos de financiamiento cuando se fije un piso distinto, que es el comprometido de 250 mil pesos.",[],"{""unit_id"": ""utt_760c32fa86a5d52dc3e4::p0009-p0011"", ""utterance_id"": ""utt_760c32fa86a5d52dc3e4"", ""paragraph_number"": 9, ""paragraph_start"": 9, ""paragraph_end"": 11, ""block_paragraph_count"": 3, ""paragraph_count"": 18, ""content"": ""Efectivamente, para las personas que están dentro del pilar solidario, ya sea con la pensión básica solidaria, las pensiones de invalidez o el aporte solidario del Estado, este beneficio puede aplicar a partir de febrero. Pero en el caso de la clase media, del resto de los pensionados que reciben montos de 300, 400, 500, 600 mil pesos, esto comienza a regir en el mes de agosto, seis meses después de que esta ley se promulgue.\n\nY eso también es interesante, por lo menos, poder decirlo.\n\nA mí me parece que esto es un avance, Presidente."", ""content_sha256"": ""f4071fb973af5ddde6afb4ffbb941a22967cff21c9d3b6bad059b2fc0bebadb2"", ""same_utterance"": true}","{""unit_id"": ""utt_760c32fa86a5d52dc3e4::p0014"", ""utterance_id"": ""utt_760c32fa86a5d52dc3e4"", ""paragraph_number"": 14, ""paragraph_start"": 14, ""paragraph_end"": 14, ""block_paragraph_count"": 1, ""paragraph_count"": 18, ""content"": ""En lo concreto, yo creo que comienza a caerse este sistema de capitalización individual, creado por el señor José Piñera . Es el mismo hermano, el Presidente de la República , quien dice que eso ya no resiste más análisis, no resiste una continuidad. Y por algo, entonces, se crea esta pensión universal garantizada que, obviamente, la vamos a aprobar, la vamos a apoyar."", ""content_sha256"": ""4ee5a5605651b3993745110a26d5e08720a453ffff2f3db5450079e085755843"", ""same_utterance"": true}"
21419,6,utt_b21d793054a79b4d5568::p0005s001,output/validation/validation_20260903T201432999213Z_1e8a5130.json,Lista de votación con nombre partido,"Mantener `no_statements` y `vote`. El corte separa «Marzán» de «Pinto, Carolina». Es un efecto de dividir nóminas por palabras, que no se resuelve enteramente fusionando residuos breves cuando ambos bloques son largos. Requiere clasificar y segmentar este tipo de registro.",150,no_statements,,vote,"Alarcón Rojas , Florcita , González Gatica , Félix , Monsalve Benavides , Manuel , Santibáñez Novoa , Marisela , Alinco Bustos , René , González Torres , Rodrigo , Mulet Martínez , Jaime , Schilling Rodríguez , Marcelo , Álvarez Vera , Jenny , Hernando Pérez , Marcela , Naranjo Ortiz , Jaime , Sepúlveda Orbenes , Alejandra , Ascencio Mansilla , Gabriel , Hertz Cádiz , Carmen , Núñez Arancibia , Daniel , Sepúlveda Soto , Alexis , Barrera Moreno , Boris , Hirsch Goldschmidt , Tomás , Parra Sauterel , Andrea , Silber Romo , Gabriel , Bianchi Retamales , Karim , Ibáñez Cotroneo , Diego , Pérez Olea , Joanna , Soto Ferrada , Leonardo , Brito Hasbún , Jorge , Ilabaca Cerda , Marcos, Pérez Salinas , Catalina , Soto Mardones, Raúl , Cariola Oliva , Karol , Jackson Drago , Giorgio , Rocafull López , Luis , Teillier Del Valle , Guillermo , Castillo Muñoz , Natalia , Jiles Moreno , Pamela , Rojas Valderrama , Camila , Tohá González , Jaime , Castro González, Juan Luis , Jiménez Fuentes , Tucapel , Rosas Barrientos , Patricio , Torres Jeldes , Víctor , Celis Araya , Ricardo , Labra Sepúlveda , Amaro , Rubio Escobar , Patricia , Vallejo Dowling , Camila , Cicardini Milla , Daniella , Leiva Carvajal, Raúl , Saavedra Chandía , Gastón , Velásquez Núñez , Esteban , Crispi Serrano , Miguel , Marzán",[],"{""unit_id"": ""utt_b21d793054a79b4d5568::p0003s002-p0004"", ""utterance_id"": ""utt_b21d793054a79b4d5568"", ""paragraph_number"": 3, ""paragraph_start"": 3, ""paragraph_end"": 4, ""block_paragraph_count"": 2, ""paragraph_count"": 7, ""content"": ""Urrutia Bonilla , Ignacio , Coloma Álamos, Juan Antonio , Kuschel Silva , Carlos , Pardo Sáinz , Luis , Urrutia Soto , Osvaldo , Cruz-Coke Carvallo , Luciano , Labbé Martínez , Cristian , Paulsen Kehr , Diego , Urruticoechea Ríos , Cristóbal , Cuevas Contreras, Nora , Lavín León , Joaquín , Pérez Lahsen , Leopoldo , Van Rysselberghe Herrera , Enrique , Del Real Mihovilovic , Catalina , Leuquén Uribe , Aracely , Prieto Lorca , Pablo , Von Mühlenbrock Zamora , Gastón , Durán Espinoza , Jorge , Lorenzini Basso , Pablo , Ramírez Diez , Guillermo , Walker Prieto , Matías , Durán Salinas , Eduardo , Luck Urban , Karin .\n\n-Votaron por la negativa los siguientes señores diputados:"", ""content_sha256"": ""7e44aa8f3cbb05681a5b0472f6282b146c6db3df43de7e1a6f254025ff5d59ec"", ""same_utterance"": true}","{""unit_id"": ""utt_b21d793054a79b4d5568::p0005s002-p0007"", ""utterance_id"": ""utt_b21d793054a79b4d5568"", ""paragraph_number"": 5, ""paragraph_start"": 5, ""paragraph_end"": 7, ""block_paragraph_count"": 3, ""paragraph_count"": 7, ""content"": ""Pinto , Carolina , Saffirio Espinoza , René , Venegas Cárdenas , Mario , Díaz Díaz , Marcelo , Matta Aragay , Manuel , Saldívar Auger, Raúl , Verdessi Belemmi , Daniel , Espinoza Sandoval , Fidel , Mellado Pino , Cosme , Sandoval Osorio , Marcela , Winter Etcheberry , Gonzalo , Fernández Allende , Maya , Mirosevic Verdugo , Vlado , Santana Castillo, Juan , Yeomans Araya , Gael , Flores García, Iván, Mix Jiménez, Claudia .\n\n-Se abstuvieron los diputados señores:\n\nBernales Maldonado , Alejandro , Pérez Arriagada, José"", ""content_sha256"": ""9687bccda0e3f52d4ad0aa7ec1ddf198baa12076d156eb17bcca57983267ddf3"", ""same_utterance"": true}"
21419,7,utt_8b0ee42a34638e95e7ef::p0011,output/validation/validation_20260903T201432999213Z_1e8a5130.json,Asignación incompatible; prioridad alta,"Retirar `control_responsabilidad_individual/oppose` de esta evidencia. La nota humana interpreta responsabilidad del contribuyente, pero el target discute salarios y precariedad como explicaciones de pensiones bajas. No se formula una conducta controlable ni un merecimiento individual. El libro excluye ese tipo de diagnóstico estructural. La crítica institucional del contexto necesita otra evidencia y no obliga a sustituir automáticamente el código.",54,statements,,,"Las bajas pensiones no se deben, como afirma majaderamente la propaganda AFP, a salarios bajos y empleos precarios, que ciertamente lo son, puesto que aún con estos salarios bajos y empleos precarios la recaudación de cotizaciones obligatorias siempre ha más que duplicado el pago de pensiones, como comprueba mes tras mes el informe Imacei-Cenda.","[{""annotation_id"": ""b478faf0-738d-42ed-87ac-4e91d59d5d7f"", ""span"": {""start_char"": 0, ""end_char"": 293, ""text"": ""Las bajas pensiones no se deben, como afirma majaderamente la propaganda AFP, a salarios bajos y empleos precarios, que ciertamente lo son, puesto que aún con estos salarios bajos y empleos precarios la recaudación de cotizaciones obligatorias siempre ha más que duplicado el pago de pensiones"", ""sha256"": ""d4aafd16dcb487336b541f503c1dd9eb61df360574594b455c04824ce82deac5""}, ""concept_status"": ""in_codebook"", ""concept_id"": ""control_responsabilidad_individual"", ""proposed_concept"": null, ""stance"": ""oppose"", ""note"": ""Rechaza que las pensiones bajas se deban a la responsabilidad individual del contribuyente"", ""selected_at_client"": ""2026-09-03T20:26:52.434Z"", ""created_at_utc"": ""2026-09-03T20:26:55.518Z"", ""created_at_local"": ""2026-09-03T16:26:55.518-04:00"", ""updated_at_utc"": ""2026-09-03T20:26:55.518Z"", ""updated_at_local"": ""2026-09-03T16:26:55.518-04:00""}]","{""unit_id"": ""utt_8b0ee42a34638e95e7ef::p0010"", ""utterance_id"": ""utt_8b0ee42a34638e95e7ef"", ""paragraph_number"": 10, ""paragraph_start"": 10, ""paragraph_end"": 10, ""block_paragraph_count"": 1, ""paragraph_count"": 15, ""content"": ""Lo más grave es que el proyecto no toca la causa verdadera y exclusiva de las bajas pensiones, que no es otra que el desvío de las cotizaciones obligatorias al ahorro forzoso, principalmente para beneficio de un puñado de empresarios que controlan dicho sistema a partir de sus compañías de seguros, que son el corazón del mismo."", ""content_sha256"": ""c5fa7478ecadec753be25187d9c8dec7ba6661cfa933a9054054e7ab8acac6a0"", ""same_utterance"": true}","{""unit_id"": ""utt_8b0ee42a34638e95e7ef::p0012"", ""utterance_id"": ""utt_8b0ee42a34638e95e7ef"", ""paragraph_number"": 12, ""paragraph_start"": 12, ""paragraph_end"": 12, ""block_paragraph_count"": 1, ""paragraph_count"": 15, ""content"": ""En los últimos doce meses, por ejemplo, a pesar de la pandemia, dicha recaudación ha alcanzado 12.000 millones de dólares, en circunstancias de que el costo total de las pensiones pagadas por el sistema AFP en su conjunto, incluidas las que pagan las compañías de seguros, que son las más y de monto mayor, es inferior a 6.000 millones de dólares, de los cuales el fisco ha aportado 2.000 millones de dólares en bonos de reconocimiento y aportes previsionales solidarios. O sea, recaudaron 12.000 millones de dólares y aportaron menos de 4.000 millones a las pensiones, desviando 8.000 millones de dólares, principalmente a financiar sus negocios empresariales."", ""content_sha256"": ""5c16e541560fec18de4fa91dc63bb9bb96fae9334e97a5bd614c80a77b61a3d2"", ""same_utterance"": true}"
21419,8,utt_ebf7e3744ad319130b60::p0015-p0016,output/validation/validation_20260903T201432999213Z_1e8a5130.json,Concepto equivocado; prioridad alta,Cambiar `ilegitimidad_origen_dictatorial/support` por `acuerdos_moderacion/support`. El fragmento invoca el poder del diálogo y los buenos resultados de ponerse de acuerdo. No ofrece ninguna razón sobre el origen autoritario del sistema previsional. Parece un error de selección del concepto.,95,statements,,,"Finalizo , Presidente , haciendo mención al poder del diálogo. El hecho de que hoy estemos discutiendo este proyecto es una muestra de que quienes estamos en política logramos buenos resultados cuando nos ponemos de acuerdo. No poniendo atención al cálculo político pequeño, sino que mirando y escuchando al país. Sin duda, el próximo Gobierno tendrá la oportunidad de proponer mejoras en cobertura, montos y otras materias. Y cuando ello ocurra, por supuesto que estaremos desde el primer día apoyando las iniciativas que vayan en beneficio de las y los chilenos.

Por ello, voto a favor, Presidente .","[{""annotation_id"": ""fc4555cf-d781-4b68-80f8-cdd7b7423998"", ""span"": {""start_char"": 0, ""end_char"": 313, ""text"": ""Finalizo , Presidente , haciendo mención al poder del diálogo. El hecho de que hoy estemos discutiendo este proyecto es una muestra de que quienes estamos en política logramos buenos resultados cuando nos ponemos de acuerdo. No poniendo atención al cálculo político pequeño, sino que mirando y escuchando al país."", ""sha256"": ""ad937e20fcc8f39340eee7533c25298d22661e7edbc8cd936eafe4c60e2e7770""}, ""concept_status"": ""in_codebook"", ""concept_id"": ""ilegitimidad_origen_dictatorial"", ""proposed_concept"": null, ""stance"": ""support"", ""note"": null, ""selected_at_client"": ""2026-09-03T20:27:38.825Z"", ""created_at_utc"": ""2026-09-03T20:27:39.868Z"", ""created_at_local"": ""2026-09-03T16:27:39.868-04:00"", ""updated_at_utc"": ""2026-09-03T20:27:39.868Z"", ""updated_at_local"": ""2026-09-03T16:27:39.868-04:00""}]","{""unit_id"": ""utt_ebf7e3744ad319130b60::p0014"", ""utterance_id"": ""utt_ebf7e3744ad319130b60"", ""paragraph_number"": 14, ""paragraph_start"": 14, ""paragraph_end"": 14, ""block_paragraph_count"": 1, ""paragraph_count"": 16, ""content"": ""Este proyecto de ley implica un tremendo esfuerzo fiscal. Son cerca 3 mil millones de dólares en régimen (0,97 puntos del PIB) los que financiarán esta política pública que beneficiará a las personas mayores. Los ajustes tributarios y de recaudación que se han hecho para conseguir el monto final han sido importantes, pero debemos mirar su sustentabilidad en el escenario de largo plazo. El desafío de establecer políticas sociales de derechos, como la PGU, implica también tener una adecuada responsabilidad fiscal para no vulnerar las legítimas expectativas de millones de personas. Es por lo anterior que debemos tener en cuenta que las sucesivas modificaciones que se realicen a la PGU deberán contar con su respectiva adecuación tributaria."", ""content_sha256"": ""03b7dbe2aef22844c4f77cddd6430061dd3ccb6c6530517bb66bcd9393675ad7"", ""same_utterance"": true}","{""unit_id"": ""utt_0db291c138335817611a::p0001-p0002"", ""utterance_id"": ""utt_0db291c138335817611a"", ""paragraph_number"": 1, ""paragraph_start"": 1, ""paragraph_end"": 2, ""block_paragraph_count"": 2, ""paragraph_count"": 17, ""content"": ""Gracias, Presidente.\n\nA mí no cabe duda de que hoy es un día muy importante para las pensiones en Chile. Y creo que se puede comprender así, porque cuando hace cuatro años se eligió este Gobierno, todos los candidatos que optaban a la Presidencia planteaban el tema de las pensiones como su prioridad."", ""content_sha256"": ""b994075f9bdc7409d4f3929985825f82fb0215bf835a2c68a41b990c26028993"", ""same_utterance"": false}"
21419,9,utt_d14a80167cb6070db781::p0001-p0003,output/validation/validation_20260903T201432999213Z_1e8a5130.json,Anuncio y resultado de votación,Mantener `no_statements` y `vote`. La unidad anuncia la votación y registra sus resultados. El acto de votar no equivale a una justificación normativa del voto.,51,no_statements,,vote,"Corresponde votar el artículo 8, nuevo, propuesto por el Senado, cuya votación separada ha sido solicitada por el diputado señor Jorge Alessandri .

En votación.

-Efectuada la votación en forma económica, por el sistema electrónico, dio el siguiente resultado: por la afirmativa, 117 votos; por la negativa, 6 votos. Hubo 1 abstención.",[],"{""unit_id"": ""utt_fc9bfbf1cfb9ecb8b1c3::p0003s003-p0007"", ""utterance_id"": ""utt_fc9bfbf1cfb9ecb8b1c3"", ""paragraph_number"": 3, ""paragraph_start"": 3, ""paragraph_end"": 7, ""block_paragraph_count"": 5, ""paragraph_count"": 7, ""content"": ""Danús , Javier , Rocafull López , Luis , Von Mühlenbrock Zamora , Gastón , Cuevas Contreras, Nora , Marzán Pinto , Carolina , Romero Sáez , Leonidas , Walker Prieto , Matías , Del Real Mihovilovic , Catalina , Matta Aragay , Manuel , Rosas Barrientos , Patricio , Winter Etcheberry , Gonzalo , Díaz Díaz , Marcelo , Mellado Pino , Cosme , Rubio Escobar , Patricia , Yeomans Araya , Gael , Durán Salinas , Eduardo , Meza Moncada , Fernando , Saavedra Chandía, Gastón\n\n-Votaron por la negativa los siguientes señores diputados:\n\nAlessandri Vergara , Jorge , Hoffmann Opazo , María José , Masferrer Vidal, Juan Manuel, Van Rysselberghe Herrera , Enrique , Fuenzalida Cobo , Juan , Labbé Martínez, Cristian\n\n-Se abstuvieron los diputados señores:\n\nCruz-Coke Carvallo , Luciano Molina Magofke, Andrés"", ""content_sha256"": ""1cedb3c5d2a5cdc5592544b625d1af22dd2df63cd3d52dc28a922841b2b82dc5"", ""same_utterance"": false}","{""unit_id"": ""utt_45ecc3b5aa45ae62f932::p0001-p0002"", ""utterance_id"": ""utt_45ecc3b5aa45ae62f932"", ""paragraph_number"": 1, ""paragraph_start"": 1, ""paragraph_end"": 2, ""block_paragraph_count"": 2, ""paragraph_count"": 7, ""content"": ""Aprobado.\n\n-Votaron por la afirmativa los siguientes señores diputados:"", ""content_sha256"": ""3b0098a15a580cf932790845daa9017715006c60b8fb62264b3d76973b1f9cf9"", ""same_utterance"": false}"
21419,10,utt_2fd7397f6f75a08e9a2a::p0005-p0006,output/validation/validation_20260903T201432999213Z_1e8a5130.json,Discusión procedimental,Mantener `no_statements` y `procedural`. Se discute admisibilidad y cómo resolver el desacuerdo de procedimiento. La apelación al buen espíritu no alcanza el criterio de compromiso amplio usado para legitimar una reforma.,63,no_statements,,procedural,"Yo simplemente me refiero a los hechos, no estoy haciendo juicios de valor. El hecho es que el Senador Kast lo había pedido, y el otro hecho es que, cuando se planteó el tema de la Comisión de Hacienda, el Senador Letelier reconoció que era inadmisible, y es inadmisible. Entonces tratemos de resolver de buen espíritu un tema de esta naturaleza.

Gracias, Presidente .",[],"{""unit_id"": ""utt_2fd7397f6f75a08e9a2a::p0004"", ""utterance_id"": ""utt_2fd7397f6f75a08e9a2a"", ""paragraph_number"": 4, ""paragraph_start"": 4, ""paragraph_end"": 4, ""block_paragraph_count"": 1, ""paragraph_count"": 6, ""content"": ""Yo pido -comparto el criterio del Presidente- que votemos la inadmisibilidad. Si es admisible, cuestión que no es, se podrá llevar adelante la votación. Pero, de lo contrario, se va a caer un proyecto que yo creo, Presidente, que es muy importante que lo resolvamos entre nosotros, sin tribunales constitucionales de por medio."", ""content_sha256"": ""9b114418f4ea500aaf40f23c0a8806e1986d4e4c29326bca9f4ee3dcbc193d73"", ""same_utterance"": true}","{""unit_id"": ""utt_f5ec8fe2cf254eebd28e::p0001-p0005"", ""utterance_id"": ""utt_f5ec8fe2cf254eebd28e"", ""paragraph_number"": 1, ""paragraph_start"": 1, ""paragraph_end"": 5, ""block_paragraph_count"": 5, ""paragraph_count"": 5, ""content"": ""Gracias, Senador Coloma .\n\nHa pedido la palabra también el Senador Galilea .\n\nPero antes quiero decirle a la Sala que, efectivamente, el Senador Kast me había pedido la palabra. Yo no se la di porque pensé que lo que iba a plantear era un tema de argumentación y después, cuando le di la palabra, él planteó el tema de la admisibilidad.\n\nLo digo para dejar constancia y no tergiversar entre nosotros los hechos.\n\nSenador Galilea y después el Senador Insulza ."", ""content_sha256"": ""a3eebb7d19bc466b62acd076512b350dafb305ac9ee63950f0ce1fded561d5bd"", ""same_utterance"": false}"
21419,11,utt_65794d6d971ec4de9dca::p0001,output/validation/validation_20260903T201432999213Z_1e8a5130.json,Intervención breve completa,"La petición de terminar el turno es procedimental. Ser «justos con todos» se refiere al tiempo de palabra, fuera del objeto previsional de igualdad. Las 18 palabras son la intervención completa; sus vecinos son otros turnos y actores. Se conserva separada. `too_short` describe longitud, pero no demuestra un fallo de segmentación.",18,no_statements,,too_short,"Senador, le pido que termine, porque ya le hemos dado tiempo, y tratamos de ser justos con todos.",[],"{""unit_id"": ""utt_ad4d6be8d906685b00c7::p0019-p0022"", ""utterance_id"": ""utt_ad4d6be8d906685b00c7"", ""paragraph_number"": 19, ""paragraph_start"": 19, ""paragraph_end"": 22, ""block_paragraph_count"": 4, ""paragraph_count"": 22, ""content"": ""Para las personas que van a recibir estos 185 mil pesos, con esta normativa igual les tocaba el reajuste de esa categoría, de esos 9 mil pesos, en junio. Por eso valoro lo que se incorporó en el artículo sexto transitorio, donde el reajuste se va a dar sobre los 185 mil pesos que debían reajustarse a mediados de este año.\n\nPresidente, quiero tocar dos temas más.\n\nUno tiene que ver con los requisitos para mantener la pensión. Lamento que el Gobierno no haya aceptado algo relacionado con cuánto tiempo uno puede estar fuera del país sin perder este beneficio.\n\nY voy a pedir un par de... (se desactiva el micrófono por haberse agotado el tiempo)."", ""content_sha256"": ""f5ac632c6b6791f9cdb8a84524f98f022142bc2cdab80febe3e8a303ce5412ab"", ""same_utterance"": false}","{""unit_id"": ""utt_8c30ef5e9a7e213d9dd6::p0001-p0004"", ""utterance_id"": ""utt_8c30ef5e9a7e213d9dd6"", ""paragraph_number"": 1, ""paragraph_start"": 1, ""paragraph_end"": 4, ""block_paragraph_count"": 4, ""paragraph_count"": 5, ""content"": ""Presidente, las personas que salen del país tres meses pierden la pensión. Seis meses es lo que logramos ampliar; pero se trata de un criterio mayor.\n\nHay muchas personas en el sur de nuestro país que con la pensión se van a vivir a Argentina. En muchos países del resto del mundo la gente viene a Chile o a otras naciones, pues el nivel de ingresos baja cuando se es pensionado, y se va a un lugar donde rinda más la plata. Por desgracia, no logramos avanzar lo suficiente en ello: a los seis meses se pierde.\n\nPediríamos que se siguiera avanzando al respecto.\n\nVoy a solicitar que se vote en forma separada el artículo 36 para hacer una discusión sobre el negacionismo que hay todavía en el Ejecutivo con respecto a la pensiones de reparación; pero haré el punto en ese momento."", ""content_sha256"": ""ef7edf9c8106339de8f18ec94f7c6a51c0564b54ee3a25ff68f38c62f3ee41cc"", ""same_utterance"": false}"
21419,12,utt_12936eced6d4067f7002::p0005,output/validation/validation_20260903T201432999213Z_1e8a5130.json,Crítica a AFP con concepto demasiado amplio,"Revisar `capitalizacion_individual/oppose`: defender el esfuerzo de «No más AFP» no identifica por sí mismo la regla de ahorro individual o autofinanciamiento requerida. Puede registrarse como argumento sobre mandato ciudadano o cambio institucional pendiente de delimitación. El fragmento de 33 palabras se une al anterior de 121, quedando en 154. La mejora de contexto no valida automáticamente la asignación original.",33,statements,,,"Pero, más allá de la medalla para Piñera y de la cuenta para Boric, quiero decir que este proyecto no puede terminar matando todo el esfuerzo de la ciudadanía de ""No más AFP"".","[{""annotation_id"": ""8c6d6fd3-dd98-4bd0-aef1-505158a8dee9"", ""span"": {""start_char"": 0, ""end_char"": 175, ""text"": ""Pero, más allá de la medalla para Piñera y de la cuenta para Boric, quiero decir que este proyecto no puede terminar matando todo el esfuerzo de la ciudadanía de \""No más AFP\""."", ""sha256"": ""da060c8dbc69c2bdcc111c2895e14783d19c1a4d7dc2e022aa7682beccf91f3e""}, ""concept_status"": ""in_codebook"", ""concept_id"": ""capitalizacion_individual"", ""proposed_concept"": null, ""stance"": ""oppose"", ""note"": null, ""selected_at_client"": ""2026-09-03T20:29:14.948Z"", ""created_at_utc"": ""2026-09-03T20:29:21.642Z"", ""created_at_local"": ""2026-09-03T16:29:21.642-04:00"", ""updated_at_utc"": ""2026-09-03T20:29:21.642Z"", ""updated_at_local"": ""2026-09-03T16:29:21.642-04:00""}]","{""unit_id"": ""utt_12936eced6d4067f7002::p0001-p0004"", ""utterance_id"": ""utt_12936eced6d4067f7002"", ""paragraph_number"": 1, ""paragraph_start"": 1, ""paragraph_end"": 4, ""block_paragraph_count"": 4, ""paragraph_count"": 23, ""content"": ""Gracias, Presidenta .\n\nEn la última semana de trabajo legislativo, a la salida del Gobierno de Piñera, la pregunta es por qué en cuatro años la Derecha, el Presidente , no se dieron cuenta de que esto era necesario. ¿O es que acaso hace cuatro años había pensiones dignas? ¿O es que hace cuatro años cuando él asume no existía esta necesidad? ¡No! Apenas parte la pandemia, el Ministro de Hacienda vino a ofrecer 65.000 pesos para los sectores más vulnerables.\n\n¡Eso es lo que vinieron a hacer!\n\nY ahora, claro, fácil. ¡La medalla para Piñera, la cuenta para Boric! Es decir, el próximo Gobierno deberá hacerse cargo de los menores recursos que va a recibir, porque se va a pagar esto."", ""content_sha256"": ""2559cc498511c0ba44d5a897813a997fc0b367bab17feaad51d65b51d4431e68"", ""same_utterance"": true}","{""unit_id"": ""utt_12936eced6d4067f7002::p0006"", ""utterance_id"": ""utt_12936eced6d4067f7002"", ""paragraph_number"": 6, ""paragraph_start"": 6, ""paragraph_end"": 6, ""block_paragraph_count"": 1, ""paragraph_count"": 23, ""content"": ""Creo que este Gobierno, los Senadores de Derecha, los que están y los que vienen, tienen claro que el mandato ciudadano fue terminar con las AFP, no seguir subsidiándolas, porque esta Pensión Garantizada Universal lo único que establece es que universalmente las AFP han fracasado en todo el mundo. ¡El 95,6 por ciento de los países del mundo no tienen AFP! Y, por tanto, en Chile han fracasado, pero los platos rotos los paga el Estado, \""papá Fisco\"": socialista para las pérdidas, capitalista para las ganancias. ¡Y aquí paga el Estado! ¿Frente a qué? Frente a la promesa incumplida, de José Piñera, de que cada uno de los chilenos iba a obtener un 70 por ciento de tasa de reemplazo. Ganaba 100 e iba a recibir 70. ¡Falso! Reciben menos del 20 o apenas sobre el 20."", ""content_sha256"": ""9049e6a183f9f0d063edfb47844b677fe62b6d23a7505ed4a1d3f4dd49feeeab"", ""same_utterance"": true}"
21419,13,utt_5228501d1f6af06fbf94::p0003s003-p0004,output/validation/validation_20260903T201432999213Z_1e8a5130.json,Nómina y procedencia por precisar,"Mantener `no_statements` y `vote`. El inicio «Antonio» continúa el nombre del bloque previo. Persiste el corte entre bloques largos. Corresponde a la votación de exenciones tributarias también observada en 21419-16, dentro de un debate conjunto con la PGU. Hay que distinguir el objeto de la votación de los proyectos tratados en la sesión.",85,no_statements,,vote,"Antonio , Longton Herrera , Andrés , Ramírez Diez , Guillermo , Velásquez Núñez , Esteban , Crispi Serrano , Miguel , Lorenzini Basso , Pablo , Rathgeb Schifferli , Jorge , Venegas Cárdenas , Mario , Cruz-Coke Carvallo , Luciano , Luck Urban , Karin , Rey Martínez, Hugo , Verdessi Belemmi , Daniel , Cuevas Contreras, Nora , Macaya Danús , Javier , Rocafull López , Luis , Von Mühlenbrock Zamora, Gastón

Del Real Mihovilovic , Catalina , Marzán Pinto , Carolina , Romero Sáez , Leonidas , Walker Prieto , Matías , Díaz Díaz , Marcelo , Masferrer Vidal, Juan Manuel , Rosas Barrientos , Patricio , Winter Etcheberry , Gonzalo , Durán Salinas , Eduardo , Matta Aragay , Manuel , Rubio Escobar , Patricia , Yeomans Araya, Gael",[],"{""unit_id"": ""utt_5228501d1f6af06fbf94::p0003s002"", ""utterance_id"": ""utt_5228501d1f6af06fbf94"", ""paragraph_number"": 3, ""paragraph_start"": 3, ""paragraph_end"": 3, ""block_paragraph_count"": 1, ""paragraph_count"": 4, ""content"": ""Hernando Pérez , Marcela , Noman Garrido , Nicolás , Silber Romo , Gabriel , Bernales Maldonado , Alejandro , Hoffmann Opazo , María José , Norambuena Farías, Iván , Soto Ferrada , Leonardo , Bianchi Retamales , Karim , Ilabaca Cerda , Marcos, Núñez Urrutia , Paulina , Soto Mardones, Raúl , Brito Hasbún , Jorge , Jackson Drago , Giorgio , Nuyado Ancapichún , Emilia , Torrealba Alvarado , Sebastián , Calisto Águila , Miguel Ángel , Jarpa Wevar , Carlos Abel , Ortiz Novoa, José Miguel, Torres Jeldes , Víctor , Carter Fernández , Álvaro , Jiles Moreno , Pamela , Ossandón Irarrázabal , Ximena , Trisotti Martínez , Renzo , Castillo Muñoz , Natalia , Kast Sommerhoff , Pablo , Pardo Sáinz , Luis , Troncoso Hellman , Virginia , Castro González, Juan Luis , Kuschel Silva , Carlos , Parra Sauterel , Andrea , Undurraga Gazitúa , Francisco , Celis Araya , Ricardo , Labbé Martínez , Cristian , Pérez Arriagada , José , Urrutia Soto , Osvaldo , Celis Montt , Andrés , Lavín León , Joaquín , Pérez Lahsen , Leopoldo , Urruticoechea Ríos , Cristóbal , Cicardini Milla , Daniella , Leiva Carvajal , Raúl , Pérez Olea , Joanna , Vallejo Dowling , Camila , Cid Versalovic , Sofía , Leuquén Uribe , Aracely , Prieto Lorca , Pablo , Van Rysselberghe Herrera , Enrique , Coloma Álamos, Juan"", ""content_sha256"": ""145bfac31b6bb547d1b2dd18c636fca920b9feade9a6a18b6c61ec3066689694"", ""same_utterance"": true}","{""unit_id"": ""utt_203c59fca8a9b4da34b2::p0001-p0003"", ""utterance_id"": ""utt_203c59fca8a9b4da34b2"", ""paragraph_number"": 1, ""paragraph_start"": 1, ""paragraph_end"": 3, ""block_paragraph_count"": 3, ""paragraph_count"": 3, ""content"": ""Corresponde votar el artículo 3, número 2, nuevo, propuesto por el Senado, cuya votación separada ha sido solicitada por el diputado señor Jorge Alessandri .\n\nEn votación.\n\n-Efectuada la votación en forma económica, por el sistema electrónico, dio el siguiente resultado: por la afirmativa, 115 votos; por la negativa, 6 votos. Hubo 2 abstenciones."", ""content_sha256"": ""742f88ed29e939d1d105bde1efd2a507a0b1105de2bb63e2be99f0d2d31b4eca"", ""same_utterance"": false}"
21419,14,utt_aae16cfc24f46ded2c70::p0007,output/validation/validation_20260903T201432999213Z_1e8a5130.json,Aislamiento corregido e interrupción original,"Mantener `no_statements` en la unidad original: el motivo anunciado tras «sobre todo» queda inconcluso. Las 13 palabras se unen al bloque anterior de 141. El AKN ya contiene ese final, seguido de un anuncio de término del tiempo. La fusión mejora el contexto, pero no permite completar la razón interrumpida. Mostrar el evento de presidencia resolvería parte de la incertidumbre.",13,no_statements,,truncated,"Vamos a respaldar esta iniciativa, pues nos parece un buen proyecto, sobre todo…",[],"{""unit_id"": ""utt_aae16cfc24f46ded2c70::p0004-p0006"", ""utterance_id"": ""utt_aae16cfc24f46ded2c70"", ""paragraph_number"": 4, ""paragraph_start"": 4, ""paragraph_end"": 6, ""block_paragraph_count"": 3, ""paragraph_count"": 7, ""content"": ""Sí, hoy se termina con la pensión básica solidaria, que en su instante quizás no fue tan valorada como ahora. Y mañana terminemos con la pensión garantizada universal, para que venga otra, pero con el concepto de acelerar estos procesos, porque hemos eternizado esta discusión. Tengamos presente que no hemos ido al fondo de un verdadero sistema de seguridad social, lo que en su instante deberá discutirse.\n\nSe ha dicho que hay que comunicar de buena forma. Hoy la pensión básica solidaria es de 176.000 pesos; por tanto, el aumento va a ser de casi 10.000 pesos. No juguemos tanto con los porcentajes; digamos las cantidades como son.\n\nRespecto del financiamiento, el gobierno se está acercando tímidamente a la eliminación de exenciones, pero hoy son escandalosas las exenciones en las que un 1 por ciento finalmente son los privilegiados."", ""content_sha256"": ""1fefa2c7ece43b8095b5e51330f848dc73e5d382e288fa07e1f680f62dfe8f30"", ""same_utterance"": true}","{""unit_id"": ""utt_004e11c7435416538f76::p0001-p0002"", ""utterance_id"": ""utt_004e11c7435416538f76"", ""paragraph_number"": 1, ""paragraph_start"": 1, ""paragraph_end"": 2, ""block_paragraph_count"": 2, ""paragraph_count"": 7, ""content"": ""Señor Presidente, en primer lugar, quiero partir valorando que el gobierno se abra a la lógica de los derechos garantizados, que es finalmente la columna vertebral de este proyecto, es decir, que los ciudadanos y ciudadanas, por esa condición, tienen derechos garantizados a ciertos bienes públicos, en este caso, a la seguridad social.\n\nEsto es apenas una pequeña gota de agua en el mar respecto de la trasformación más profunda que debemos hacer a nuestro sistema previsional para convertirlo efectivamente en un sistema de seguridad social."", ""content_sha256"": ""ea8855326a00973dd4bf9161c6ea590016d2eb06fd1c5a27a20d4935a5e65789"", ""same_utterance"": false}"
21419,15,utt_774559cd67c438850a30::p0002,output/validation/validation_20260903T201432999213Z_1e8a5130.json,Código adecuado; span dependiente,Mantener `igualdad_universalismo/support`. El reconocimiento de derechos de ciudadanía respalda el código. Ampliar el inicio del span hasta «Pasar a una pensión garantizada universal» permitiría conservar el antecedente de «lo que implica» y unir el cambio defendido con su justificación.,71,statements,,,"Pasar a una pensión garantizada universal, más que simplemente un beneficio, que es lo que hoy existe a través del pilar solidario, sin duda, es un salto copernicano respecto de nuestras políticas públicas en la materia, lo que implica un catálogo de derechos que a nuestros ciudadanos les corresponde en justicia. Es una mirada de país y de trato distinto respecto de cómo comenzamos a generar beneficios en materia de pensiones.","[{""annotation_id"": ""bbd74d88-7957-4c66-8be2-6666a5d7f1d0"", ""span"": {""start_char"": 221, ""end_char"": 430, ""text"": ""lo que implica un catálogo de derechos que a nuestros ciudadanos les corresponde en justicia. Es una mirada de país y de trato distinto respecto de cómo comenzamos a generar beneficios en materia de pensiones."", ""sha256"": ""e57df1ec3495daabeaf6629058dd61b05bd69143fa58122fe67d40d1a8f1477a""}, ""concept_status"": ""in_codebook"", ""concept_id"": ""igualdad_universalismo"", ""proposed_concept"": null, ""stance"": ""support"", ""note"": null, ""selected_at_client"": ""2026-09-03T20:30:27.211Z"", ""created_at_utc"": ""2026-09-03T20:30:31.583Z"", ""created_at_local"": ""2026-09-03T16:30:31.583-04:00"", ""updated_at_utc"": ""2026-09-03T20:30:31.583Z"", ""updated_at_local"": ""2026-09-03T16:30:31.583-04:00""}]","{""unit_id"": ""utt_774559cd67c438850a30::p0001"", ""utterance_id"": ""utt_774559cd67c438850a30"", ""paragraph_number"": 1, ""paragraph_start"": 1, ""paragraph_end"": 1, ""block_paragraph_count"": 1, ""paragraph_count"": 7, ""content"": ""Señor Presidente, junto con desear un feliz inicio de año a todos quienes están en esta Sala: a los ministros, ministras, a nuestros colegas parlamentarios, a los funcionarios del Congreso Nacional, quiero decir que es una buena noticia el paso que estamos dando como Congreso Nacional y como Estado respecto de nuestras políticas públicas."", ""content_sha256"": ""8db0cd7986344988f5f35bde59abd237ad10be525dda7f782465fd288de817ba"", ""same_utterance"": true}","{""unit_id"": ""utt_774559cd67c438850a30::p0003"", ""utterance_id"": ""utt_774559cd67c438850a30"", ""paragraph_number"": 3, ""paragraph_start"": 3, ""paragraph_end"": 3, ""block_paragraph_count"": 1, ""paragraph_count"": 7, ""content"": ""Obviamente, quiero decir que desde la bancada de la Democracia Cristiana apoyaremos con nuestros votos este proyecto, pero, como la mayoría de los colegas de oposición, quiero reiterar que también persisten dudas respecto de las fuentes de financiamiento, tal como lo han señalado connotados economistas, como el señor José de Gregorio y el señor Eduardo Engel ."", ""content_sha256"": ""375c13801c62004e9d55011c4ce99f86e147aab37374a586ea6828fefd501a87"", ""same_utterance"": true}"
21419,16,utt_5228501d1f6af06fbf94::p0001-p0002,output/validation/validation_20260903T201432999213Z_1e8a5130.json,Encabezado de votación aislado,"Mantener `no_statements` y `vote`. El contexto identifica la votación de exenciones tributarias. Las 9 palabras del encabezado se unen a la nómina siguiente de 150, dando 159. Es un registro de votación, sin argumento normativo del hablante.",9,no_statements,,vote,"Aprobadas.

-Votaron por la afirmativa los siguientes señores diputados:",[],"{""unit_id"": ""utt_15f118651c5c302148eb::p0001-p0003"", ""utterance_id"": ""utt_15f118651c5c302148eb"", ""paragraph_number"": 1, ""paragraph_start"": 1, ""paragraph_end"": 3, ""block_paragraph_count"": 3, ""paragraph_count"": 3, ""content"": ""Corresponde votar las modificaciones incorporadas por el Senado al proyecto de ley, iniciado en mensaje, que reduce o elimina exenciones tributarias que indica, con la salvedad de aquellas cuya votación separada ha sido solicitada.\n\nEn votación.\n\n-Efectuada la votación en forma económica, por el sistema electrónico, dio el siguiente resultado: por la afirmativa, 124 votos. No hubo votos por la negativa ni abstenciones."", ""content_sha256"": ""3f2dbb22da513a7d5f666a7111c72fb514830e8c2030b4c0f8c4058c0e6ffaa0"", ""same_utterance"": false}","{""unit_id"": ""utt_5228501d1f6af06fbf94::p0003s001"", ""utterance_id"": ""utt_5228501d1f6af06fbf94"", ""paragraph_number"": 3, ""paragraph_start"": 3, ""paragraph_end"": 3, ""block_paragraph_count"": 1, ""paragraph_count"": 4, ""content"": ""Alarcón Rojas , Florcita , Eguiguren Correa , Francisco , Mellado Pino , Cosme , Saavedra Chandía , Gastón , Alessandri Vergara , Jorge , Espinoza Sandoval , Fidel , Meza Moncada , Fernando , Sabag Villalobos , Jorge , Alinco Bustos , René , Flores García, Iván , Mirosevic Verdugo , Vlado , Saffirio Espinoza , René , Álvarez Ramírez , Sebastián , Flores Oporto , Camila , Mix Jiménez , Claudia , Saldívar Auger, Raúl , Álvarez Vera , Jenny , Fuentes Barros , Tomás Andrés , Molina Magofke , Andrés , Sandoval Osorio , Marcela , Álvarez-Salamanca , Ramírez , Pedro Pablo , Fuenzalida Cobo, Juan , Monsalve Benavides , Manuel , Sanhueza Dueñas , Gustavo , Amar Mancilla , Sandra , Fuenzalida Figueroa , Gonzalo , Moraga Mamani , Rubén , Santana Castillo, Juan , Ascencio Mansilla , Gabriel , Galleguillos Castillo , Ramón , Morales Muñoz , Celso , Santibáñez Novoa , Marisela , Auth Stewart , Pepe , García García, René Manuel , Moreira Barros , Cristhian , Sauerbaum Muñoz , Frank , Baltolu Rasera, Nino , González Gatica , Félix , Mulet Martínez , Jaime , Schalper Sepúlveda , Diego , Barrera Moreno , Boris , González Torres , Rodrigo , Muñoz González , Francesca , Schilling Rodríguez , Marcelo , Barros Montero , Ramón , Hernández Hernández , Javier , Naranjo Ortiz , Jaime , Sepúlveda Orbenes , Alejandra , Berger Fett , Bernardo ,"", ""content_sha256"": ""6879c81404d707e99df18542f17cde0fea4df2695c75d4c9096f55518e8d5d71"", ""same_utterance"": true}"
21419,17,utt_34dec9d9e6eae9ed12df::p0015-p0017,output/validation/validation_20260903T201432999213Z_1e8a5130.json,Exclusión temática distinta de ausencia,Tu comentario deja fuera de la tesis las pensiones de reparación. El texto sí argumenta normativamente por daño y justicia reparadora. Conviene registrar `fuera_de_alcance` y explicar por qué esta exclusión de beneficiarios queda fuera mientras Dipreca/Capredena entra en 21538-17. El concepto de origen dictatorial trata de la legitimidad fundacional de AFP; no abarca toda referencia a víctimas de la dictadura.,107,no_statements,Hay comentarios respecto a la discusión de excluir a los que reciben pensiones de reparación sobre la dictadura. No lo codificaría ya que se escapa de la tesis.,other,"Sin embargo, resulta indignante tener que presenciar cómo se vuelve a revictimizar, cómo se les vuelve a producir un enorme daño a miles de personas. ¡Con lo que tuvieron que vivir! ¿Sabe usted, Presidenta -y con esto termino- que el promedio de edad de muerte de muchas de estas personas es distinto al del resto del país? Porque sufrieron torturas, apremios, la ruptura de sus familias, distintas situaciones de vida. Y algunas ya fallecieron, efectivamente, a edades muy tempranas.

Quiero decir que hoy día el país se ha farreado una oportunidad para haber hecho justicia, en parte, con las personas que reciben pensiones de reparación.

Gracias, Presidenta .",[],"{""unit_id"": ""utt_34dec9d9e6eae9ed12df::p0012-p0014"", ""utterance_id"": ""utt_34dec9d9e6eae9ed12df"", ""paragraph_number"": 12, ""paragraph_start"": 12, ""paragraph_end"": 14, ""block_paragraph_count"": 3, ""paragraph_count"": 17, ""content"": ""Hoy día -lo señaló aquí un colega de Derecha- se dice que no son los Senadores, que no son las Senadoras. ¿Quién se niega, entonces? ¿El Gobierno? ¿El señor Piñera?\n\nYo me voy a quedar con la última reflexión que escuché denantes. Espero que a partir de marzo situaciones como esta, de tanta injusticia humana, puedan efectivamente revertirse.\n\nEstamos obligados a votar favorablemente porque, si no lo hacemos, se cae toda posibilidad. ¡Esto es lo injusto, esto es lo irracional, esto es lo que uno, en política, a veces no logra entender, Presidenta! Pero vamos a votar favorablemente -algunos se deberán abstener- porque en definitiva no queremos interrumpir beneficios para personas tan carenciadas en materia previsional, en materia de pensiones."", ""content_sha256"": ""bf436a3529ecaa0478bff76b920972812e27aa0f3a4acecdbcae3c5f09fa943e"", ""same_utterance"": true}","{""unit_id"": ""utt_7e69f3cf200de0f4243d::p0001-p0002s001"", ""utterance_id"": ""utt_7e69f3cf200de0f4243d"", ""paragraph_number"": 1, ""paragraph_start"": 1, ""paragraph_end"": 2, ""block_paragraph_count"": 2, ""paragraph_count"": 16, ""content"": ""Gracias, Presidenta.\n\nCuando discutimos el proyecto en general y realizamos la votación, salvo en la votación separada, me referí a este tema en parte de mi fundamentación, porque fue un tema que levantamos en la Comisión de Hacienda y que se vio en la Comisión de Trabajo. Y mi reflexión, que puede haber pasado \""colada\"" -tal vez no la hice con bastante fuerza-, es que no hay una razón coherente ni clara de por qué no se puede otorgar el beneficio como corresponde a chilenos que han sido injustamente tratados por el país. ¡Eso es! No hay una razón. No se ha argumentado."", ""content_sha256"": ""17fb16b5ac5a3b05fccb35d47abeb773a2fac2b4d3ef2a2acc37e1bc1fe4f0ac"", ""same_utterance"": false}"
21419,18,utt_b9341b57a7bc037f529c::p0005,output/validation/validation_20260903T201432999213Z_1e8a5130.json,Valoración general de la gestión,Mantener `no_statements` es defendible. Se elogia perseverancia gubernamental e importancia de la reforma sin una razón específica del libro en el target. La colaboración opositora aparece antes y las necesidades materiales después. Esas evidencias conservan su propia ubicación.,68,no_statements,,,"¿Qué nos quedaba hacer? La inmovilidad o seguir intentando. Ha sido la característica de nuestra gestión y, particularmente, del Presidente Sebastián Piñera optar por la segunda opción. Estamos aprobando una segunda modificación a las pensiones. La primera, ya se ha dicho, es la reforma al pilar solidario, que ya está en plena operación, y ahora esta reforma, que, posiblemente, sea la más relevante de los últimos veinte años.",[],"{""unit_id"": ""utt_b9341b57a7bc037f529c::p0003-p0004"", ""utterance_id"": ""utt_b9341b57a7bc037f529c"", ""paragraph_number"": 3, ""paragraph_start"": 3, ""paragraph_end"": 4, ""block_paragraph_count"": 2, ""paragraph_count"": 9, ""content"": ""Con la aprobación de este proyecto estamos concretando una política pública histórica. Ciertamente, no ha sido fácil el camino; como gobierno, por supuesto, hubiésemos querido entregar aprobada a los chilenos y chilenas la reforma estructural de pensiones que presentamos hace más de dos años. No siempre contamos con la colaboración de la oposición, pero hoy podemos decir, con mucho agradecimiento, con mucha fuerza y con mucha convicción, que esta vez sí contamos con una oposición constructiva y colaboradora.\n\n¿Qué podríamos haber hecho ante el bloqueo que tuvimos de la reforma de pensiones?"", ""content_sha256"": ""1082341fd15b077ecd4c4dc1a12a275dde7030a16360878024d2263e889c254b"", ""same_utterance"": true}","{""unit_id"": ""utt_b9341b57a7bc037f529c::p0006"", ""utterance_id"": ""utt_b9341b57a7bc037f529c"", ""paragraph_number"": 6, ""paragraph_start"": 6, ""paragraph_end"": 6, ""block_paragraph_count"": 1, ""paragraph_count"": 9, ""content"": ""Además de agradecer al Senado, a la Cámara de Diputadas y Diputados, y a todos los equipos que trabajaron en este proyecto, cabe señalar que ante todo lo que nos debe motivar son los adultos mayores, las mujeres y los hombres que por tanto tiempo han esperado una solución. Algunos incluso ya partieron, nos abandonaron mientras la clase política no era capaz de ponerse de acuerdo en algo tan básico y tan relevante como es el velar por nuestros abuelos y por nuestras abuelas, que a veces cuidan a nuestros hijos y que, muchas veces, deben seguir trabajando para subsistir y comprar los medicamentos que necesitan día a día."", ""content_sha256"": ""d5a1c64b43f5030977816bd694bbc553c3c261d19d21b370db5e7c085e61b015"", ""same_utterance"": true}"
21419,19,utt_05443dabe786db4fee5a::p0005s002,output/validation/validation_20260903T201432999213Z_1e8a5130.json,Cola de nómina,"Mantener `no_statements` y `vote`. Las 14 palabras se unen al bloque anterior de 150, dando 164. Esta fusión repara el nombre «Mix Jiménez», antes partido entre los dos bloques.",14,no_statements,,vote,"Jiménez , Claudia , Santibáñez Novoa , Marisela , Yeomans Araya , Gael , Flores García, Iván , Monsalve Benavides, Manuel .",[],"{""unit_id"": ""utt_05443dabe786db4fee5a::p0005s001"", ""utterance_id"": ""utt_05443dabe786db4fee5a"", ""paragraph_number"": 5, ""paragraph_start"": 5, ""paragraph_end"": 5, ""block_paragraph_count"": 1, ""paragraph_count"": 5, ""content"": ""Alarcón Rojas , Florcita , González Gatica , Félix , Mulet Martínez , Jaime , Sepúlveda Orbenes , Alejandra , Alinco Bustos , René , González Torres , Rodrigo , Naranjo Ortiz , Jaime , Sepúlveda Soto , Alexis , Álvarez Vera , Jenny , Hernando Pérez , Marcela , Núñez Arancibia , Daniel , Silber Romo , Gabriel , Ascencio Mansilla , Gabriel , Hertz Cádiz , Carmen , Pérez Olea , Joanna , Soto Ferrada , Leonardo , Barrera Moreno , Boris , Hirsch Goldschmidt , Tomás , Pérez Salinas , Catalina , Teillier Del Valle, Guillermo , Brito Hasbún , Jorge , Ibáñez Cotroneo , Diego , Rocafull López , Luis , Tohá González , Jaime , Cariola Oliva , Karol , Ilabaca Cerda , Marcos, Rojas Valderrama , Camila , Torres Jeldes , Víctor , Castro González, Juan Luis , Jackson Drago , Giorgio , Rosas Barrientos , Patricio , Vallejo Dowling , Camila , Cicardini Milla , Daniella , Jiles Moreno , Pamela , Saffirio Espinoza , René , Velásquez Núñez , Esteban , Crispi Serrano , Miguel , Labra Sepúlveda , Amaro , Saldívar Auger, Raúl , Venegas Cárdenas , Mario , Díaz Díaz , Marcelo , Leiva Carvajal, Raúl , Sandoval Osorio , Marcela , Verdessi Belemmi , Daniel , Espinoza Sandoval , Fidel , Mellado Pino , Cosme , Santana Castillo, Juan , Winter Etcheberry , Gonzalo , Fernández Allende, Maya , Mix"", ""content_sha256"": ""8d72bab604be407dd4f6756ce52e6fe6cdb8a24925a060efbee3a78370252742"", ""same_utterance"": true}","{""unit_id"": ""utt_8e0e00c26d6e7abd29bf::p0001-p0005"", ""utterance_id"": ""utt_8e0e00c26d6e7abd29bf"", ""paragraph_number"": 1, ""paragraph_start"": 1, ""paragraph_end"": 5, ""block_paragraph_count"": 5, ""paragraph_count"": 5, ""content"": ""Si le parece a la Sala, se facultará a la Secretaría Legislativa para adecuar el título del proyecto al texto finalmente aprobado.\n\n¿Habría acuerdo?\n\nAcordado.\n\nDespachado el proyecto al Senado.\n\nPor haber cumplido con su objeto, se levanta la sesión."", ""content_sha256"": ""b48de09013cccd7f461eec244153d0e2d7f5dc55ef17b05385a36ac20fe11e96"", ""same_utterance"": false}"
21419,20,utt_30bcedbb4dd0ba022ce5::p0004,output/validation/validation_20260903T201432999213Z_1e8a5130.json,Agradecimiento a autoridades,"Mantener `no_statements`. Se agradecen sensibilidad y gestión de ministros. `actitud` se refiere al beneficiario como merecedor de protección; `ineficiencia_estado`, a la administración de fondos previsionales. Los elogios no activan esas categorías.",59,no_statements,,,"Nos acompaña el ministro de Hacienda, Rodrigo Cerda , quien, en su gestión ha tenido especial sensibilidad en las materias sociales, lo cual agradecemos profundamente desde el Ministerio de Desarrollo Social y Familia, que me toca encabezar. También cabe destacar la gestión que ha realizado con el Parlamento el ministro Juan José Ossa y, por supuesto, el subsecretario Máximo Pavez .",[],"{""unit_id"": ""utt_30bcedbb4dd0ba022ce5::p0001-p0003"", ""utterance_id"": ""utt_30bcedbb4dd0ba022ce5"", ""paragraph_number"": 1, ""paragraph_start"": 1, ""paragraph_end"": 3, ""block_paragraph_count"": 3, ""paragraph_count"": 17, ""content"": ""Señor Presidente, saludo a los diputados y a las diputadas.\n\nSin duda, este es un día de mucha emoción para nosotros como representantes del gobierno del Presidente Sebastián Piñera . Como pueden ver los honorables diputados, vino una cantidad importante de ministros, por la relevancia del hito y del paso que hoy vamos a dar entre todos.\n\nEl ministro que ha comandado esta reforma, probablemente una de las más importantes en materia de seguridad social, es el exdiputado Patricio Melero , integrante durante muchos años de la Comisión de Trabajo y Seguridad Social de la Cámara, para quien es un honor muy grande sacar adelante este acuerdo histórico."", ""content_sha256"": ""e1a0b4e053a7c70793edaef45fb2b1170b2526494c5671b5b51c350131d76fb9"", ""same_utterance"": true}","{""unit_id"": ""utt_30bcedbb4dd0ba022ce5::p0005-p0006"", ""utterance_id"": ""utt_30bcedbb4dd0ba022ce5"", ""paragraph_number"": 5, ""paragraph_start"": 5, ""paragraph_end"": 6, ""block_paragraph_count"": 2, ""paragraph_count"": 17, ""content"": ""Quiero nombrar al subsecretario de Previsión Social, señor Pedro Pizarro ; a la directora de Presupuestos, señora Cristina Torres , y al subsecretario de Hacienda, señor Alejandro Weber , quienes están presentes en la Sala, dada la importancia que tiene para nosotros como gobierno sacar adelante esta reforma, que entrega un piso mínimo de dignidad para los pensionados de nuestro país.\n\nTodo esto no sería posible -hay que decirlo sin la voluntad política y el empuje de nuestra coalición de gobierno, a la que agradecemos profundamente todos los esfuerzos durante estos últimos años por mejorar las pensiones, También agradecemos a la oposición, que nos acompaña en este hito relevante."", ""content_sha256"": ""970224483034d8aa3ba5f4cfaee71ad846c455943f1d6ab62cd4f493997caa82"", ""same_utterance"": true}"
21538,1,utt_c40042f779ebe8138259::p0006,output/validation/validation_20260903T203413684795Z_a63b3b9d.json,Comparación de género bien fundamentada,Mantener `igualdad_universalismo/support`. Se propone anticipar el beneficio para corregir una brecha entre mujeres y hombres que trabajaron en condiciones comparables. La comparación y la medida correctiva aparecen juntas. El trabajo cumple una función comparativa y no exige añadir reciprocidad.,108,statements,,,"Estimados colegas, de acuerdo con la encuesta Casen 2017, la pensión de una mujer que haya trabajado el mismo tiempo que un hombre, y en las mismas condiciones, será 16,7 por ciento menor. Sin duda, estimados colegas, la forma y manera de reducir esa brecha es comenzando a entregar este beneficio social desde los 60 años, evitando así que miles de mujeres deban postergar su edad de jubilación a la espera de un beneficio que les pueda mejorar en algo la pensión que reciben a fin de mes, incluso para que aquellas que decidieron jubilar a los 60 años no tengan esperar cinco años más para recibirla.","[{""annotation_id"": ""4c13fb79-f108-42f8-b979-f02a390715dc"", ""span"": {""start_char"": 58, ""end_char"": 489, ""text"": ""la pensión de una mujer que haya trabajado el mismo tiempo que un hombre, y en las mismas condiciones, será 16,7 por ciento menor. Sin duda, estimados colegas, la forma y manera de reducir esa brecha es comenzando a entregar este beneficio social desde los 60 años, evitando así que miles de mujeres deban postergar su edad de jubilación a la espera de un beneficio que les pueda mejorar en algo la pensión que reciben a fin de mes"", ""sha256"": ""1d3e622c2b008697c763881c2c73916c4e6d0027647e7d64d6ccb9e6297a37b0""}, ""concept_status"": ""in_codebook"", ""concept_id"": ""igualdad_universalismo"", ""proposed_concept"": null, ""stance"": ""support"", ""note"": null, ""selected_at_client"": ""2026-09-03T20:35:48.422Z"", ""created_at_utc"": ""2026-09-03T20:35:57.829Z"", ""created_at_local"": ""2026-09-03T16:35:57.829-04:00"", ""updated_at_utc"": ""2026-09-03T20:35:57.829Z"", ""updated_at_local"": ""2026-09-03T16:35:57.829-04:00""}]","{""unit_id"": ""utt_c40042f779ebe8138259::p0004-p0005"", ""utterance_id"": ""utt_c40042f779ebe8138259"", ""paragraph_number"": 4, ""paragraph_start"": 4, ""paragraph_end"": 5, ""block_paragraph_count"": 2, ""paragraph_count"": 11, ""content"": ""Hoy hemos repuesto una indicación, la que presentamos con la diputada Pamela Jiles y con los diputados Labbé , Leal , Eduardo Durán y Sauerbaum en la comisión, que pretende que las mujeres puedan recibir este beneficio a los 60 años y no a los 65, como establece la ley vigente.\n\n¿Y por qué insistimos? Porque consideramos del todo admisible esta indicación, toda vez que nada innova, ya que se usa como parámetro la norma rectora del decreto ley N° 3.500, que establece la edad mínima de jubilación. Así, pretendemos homologar, para el caso de la entrega del beneficio de la pensión garantizada universal (PGU), a fin de que las mujeres puedan comenzar a recibirla desde los 60 años."", ""content_sha256"": ""02c293f826a637239a6974e5cee49ad16e8d4ce7295fe757caa834aea37c132c"", ""same_utterance"": true}","{""unit_id"": ""utt_c40042f779ebe8138259::p0007-p0009"", ""utterance_id"": ""utt_c40042f779ebe8138259"", ""paragraph_number"": 7, ""paragraph_start"": 7, ""paragraph_end"": 9, ""block_paragraph_count"": 3, ""paragraph_count"": 11, ""content"": ""Estimados colegas, les aseguro que más de alguno de los diputados presentes ha recibido esta petición en sus distritos. Las mujeres no pueden entender por qué se hace esta diferenciación. Y cuando a mí me lo preguntan, solo respondo que me he comprometido a tratar de resolver esta diferencia. Por eso, le pedimos al Ejecutivo que se haga partícipe de esto.\n\nEstimados colegas, les pedimos su apoyo a esta indicación. Demostremos que nos importan las mujeres.\n\nReitero que la indicación es del todo admisible, ya que usa como parámetro la norma rectora del decreto ley N° 3.500, que establece la edad mínima de jubilación."", ""content_sha256"": ""33e96400cd32145a5ff63ef05fc8e138e906980386b3be8f25be61b900c9d8df"", ""same_utterance"": true}"
21538,2,utt_ac5d6be4b0a3b9d49fd2::p0011,output/validation/validation_20260903T203413684795Z_a63b3b9d.json,Contexto y umbral normativo por aclarar,"El target resume universalización y financiamiento de una reforma futura. Bajo la exigencia de justificación explícita, `no_statements` es defendible. Para costos hay que distinguir una condición descriptiva de financiamiento de una razón para restringir expansión. Las afirmaciones de ciudadanía como derecho están en el siguiente bloque. Tu duda sobre el actor es pertinente: ambos vecinos son de la misma intervención y actor, información que falta presentar en la interfaz.",72,no_statements,Creo que sería bueno poder ver si la declaración anterior corresponde al mismo actor o no. Asi se entiende mejor el contexto.,other,"El proyecto de reforma a las pensiones, la ley larga versus esta ley corta, contempla dos elementos principales: primero, la universalización, en la cual no va a haber focalización, y, por tanto, la inquietud respecto de la PAFE que presentaba el diputado Carlos Bianchi ya no va a tener ese motivo. En segundo lugar, porque se espera que la PGU aumente a 250.000 pesos, y para eso requerimos la reforma tributaria.",[],"{""unit_id"": ""utt_ac5d6be4b0a3b9d49fd2::p0010"", ""utterance_id"": ""utt_ac5d6be4b0a3b9d49fd2"", ""paragraph_number"": 10, ""paragraph_start"": 10, ""paragraph_end"": 10, ""block_paragraph_count"": 1, ""paragraph_count"": 18, ""content"": ""En tercer lugar, quiero señalar, en virtud de los asuntos que han sido planteados, que temas como el de la Pensión Autofinanciada de Referencia (PAFE), a propósito de lo que el diputado Carlos Bianchi presentaba como una preocupación, se solucionan en el proyecto de reforma a las pensiones, porque la propuesta del PresidenteGabriel Boric en materia previsional es avanzar a una PGU que sea un piso de protección social verdaderamente universal para todos los ciudadanos. Eso lo vamos a hacer, porque como política pública llevamos varios años construyendo este pilar y ahora podemos dar un salto cualitativo y hacerlo con gradualidad, porque esto va a requerir importantes recursos fiscales."", ""content_sha256"": ""fee9331eace453327bf4cb5edd208983cef355e2f89e6b6310b13fa7e3bb1992"", ""same_utterance"": true}","{""unit_id"": ""utt_ac5d6be4b0a3b9d49fd2::p0012"", ""utterance_id"": ""utt_ac5d6be4b0a3b9d49fd2"", ""paragraph_number"": 12, ""paragraph_start"": 12, ""paragraph_end"": 12, ""block_paragraph_count"": 1, ""paragraph_count"": 18, ""content"": ""Esto se da en un contexto en el cual las pensiones de los chilenos van a contar con un piso en su calidad de ciudadanos, de personas, solo por ser tales. Esto en consistencia con los principios de la seguridad social. Por tanto, todos van a tener PGU de, hoy, 194.000 pesos, que pasará, una vez aprobada la reforma, a 250.000 pesos."", ""content_sha256"": ""73bb06a9a08420af02da80bab50c42e9096907dc38cb4e5aa2ef20a93e298076"", ""same_utterance"": true}"
21538,3,utt_f61b5bad10326b62c018::p0001,output/validation/validation_20260903T203413684795Z_a63b3b9d.json,Distribución del tiempo de palabra,Mantener `no_statements`. La unidad explica quiénes podrán intervenir por las restricciones de tiempo. Añadir `procedural` haría consistente el registro de flags con casos equivalentes.,51,no_statements,,,"Sí, de eso no hay duda. La propuesta es para que quienes están inscritos puedan hacer uso de la palabra respecto del proyecto que estamos debatiendo en este momento, porque, en atención a los tiempos de que disponemos, no todos alcanzarán a hacer uso de la palabra. Es así de simple.",[],"{""unit_id"": ""utt_42ec42b3572099578648::p0001"", ""utterance_id"": ""utt_42ec42b3572099578648"", ""paragraph_number"": 1, ""paragraph_start"": 1, ""paragraph_end"": 1, ""block_paragraph_count"": 1, ""paragraph_count"": 1, ""content"": ""Señor Presidente, entiendo que tenemos unanimidad para votar sin discusión el proyecto de salud."", ""content_sha256"": ""803283ba0ae1d24bf0704f363feb21bd7227653a74621f3575a05e591d42b194"", ""same_utterance"": false}","{""unit_id"": ""utt_32e315582fecfbc84a61::p0001-p0002"", ""utterance_id"": ""utt_32e315582fecfbc84a61"", ""paragraph_number"": 1, ""paragraph_start"": 1, ""paragraph_end"": 2, ""block_paragraph_count"": 2, ""paragraph_count"": 7, ""content"": ""Señor Presidente, soy integrante de la Comisión de Personas Mayores y Discapacidad de la Cámara de Diputados, a la que agrupaciones y organizaciones de personas mayores han ido a exponer la situación compleja que están viviendo los adultos mayores de nuestro país: angustia, abandono, vulnerabilidad, miedo, lo que se ve incrementado por los bajos ingresos y el alto costo de la vida para ese sector de la población de nuestro país.\n\nPor esta razón, avanzar en una pensión garantizada universal es un deber del Estado. En eso, quiero agradecer el trabajo del gobierno del Presidente Sebastián Piñera y el del actual gobierno, del Presidente Gabriel Boric , para aumentar la cantidad de beneficiarios que puedan recibir esta pensión garantizada universal."", ""content_sha256"": ""81f8907c42cc60289f01101af17829c40905ef6811a2d795e5bae97b52893fba"", ""same_utterance"": false}"
21538,4,utt_0942156d65780aaac72d::p0006,output/validation/validation_20260903T203413684795Z_a63b3b9d.json,Orientación de costos ambigua,"Revisar `conciencia_costos/oppose`. El actor cita a la ministra y concede que la explicación es entendible financieramente, aunque duda de su razonabilidad. La incorporación gradual de mujeres se propone después. Ese apoyo a expandir cobertura no determina por sí solo rechazo de la razón de costos. No cambiar automáticamente a `support`: adjudicar la voz, la concesión y la justificación que se acepta o rebate.",71,statements,,,"Obviamente, hay una explicación razonable -no sé si razonable, pero sí entendible desde el punto de vista financiero- para que las mujeres no puedan recibir la PGU sino hasta que hayan transcurrido cinco años desde que llegan a la edad de jubilación, es decir, a los sesenta y cinco años: que es -como dijo la Ministra - muy caro. Los cálculos del Gobierno hablan de que ello costaría 1.200 millones dólares.","[{""annotation_id"": ""425ea9a4-3ec4-4e7c-819c-2da6e29b6eae"", ""span"": {""start_char"": 0, ""end_char"": 408, ""text"": ""Obviamente, hay una explicación razonable -no sé si razonable, pero sí entendible desde el punto de vista financiero- para que las mujeres no puedan recibir la PGU sino hasta que hayan transcurrido cinco años desde que llegan a la edad de jubilación, es decir, a los sesenta y cinco años: que es -como dijo la Ministra - muy caro. Los cálculos del Gobierno hablan de que ello costaría 1.200 millones dólares."", ""sha256"": ""a860c901cbf5d7c2d87e9ba2b2a9564b187d89daa140ff2e459e0d50e0c750f1""}, ""concept_status"": ""in_codebook"", ""concept_id"": ""conciencia_costos"", ""proposed_concept"": null, ""stance"": ""oppose"", ""note"": null, ""selected_at_client"": ""2026-09-03T20:43:42.859Z"", ""created_at_utc"": ""2026-09-03T20:43:44.641Z"", ""created_at_local"": ""2026-09-03T16:43:44.641-04:00"", ""updated_at_utc"": ""2026-09-03T20:43:44.641Z"", ""updated_at_local"": ""2026-09-03T16:43:44.641-04:00""}]","{""unit_id"": ""utt_0942156d65780aaac72d::p0005"", ""utterance_id"": ""utt_0942156d65780aaac72d"", ""paragraph_number"": 5, ""paragraph_start"": 5, ""paragraph_end"": 5, ""block_paragraph_count"": 1, ""paragraph_count"": 13, ""content"": ""Sin embargo, esto no es para todos, pues la PGU solo beneficia a los hombres y a las mujeres una vez que cumplen sesenta y cinco años, y no a todas las personas desde el momento de su jubilación. Porque ya sabemos que las mujeres jubilan a los sesenta años y los hombres a los sesenta y cinco años; extraño, además, porque las mujeres viven más, según las estadísticas."", ""content_sha256"": ""28ed084e0c90180c1cf057951d8e53f5275cb4b594d298a2f5d3a47000846594"", ""same_utterance"": true}","{""unit_id"": ""utt_0942156d65780aaac72d::p0007-p0009"", ""utterance_id"": ""utt_0942156d65780aaac72d"", ""paragraph_number"": 7, ""paragraph_start"": 7, ""paragraph_end"": 9, ""block_paragraph_count"": 3, ""paragraph_count"": 13, ""content"": ""Presenté una indicación para incorporarlas más bien como señal de que no hemos olvidado a las mujeres, de que no vamos a ceder en nuestra intención de incorporar a todas las mujeres de entre sesenta y sesenta y cuatro años, aunque sea de manera escalonada. Ciertamente, se declaró inadmisible, por cuanto incurre en gasto fiscal y porque el Ejecutivo tiene iniciativa exclusiva en materias de seguridad social.\n\nEs el Gobierno el que debe tomar la decisión de avanzar en cobertura hacia todas aquellas mujeres ya en edad de jubilación, pero que no han cumplido sesenta y cinco años; eso, o postergar la edad de jubilación femenina a los sesenta y cinco años.\n\nYo pido un poquito de coherencia también del Gobierno, de este y de los que vendrán."", ""content_sha256"": ""36db1e169e26cc0770735f46e9e9e00b4a8c2ba986cd894b6904d149b8e4a12f"", ""same_utterance"": true}"
21538,5,utt_b0d02f6f538c59874a61::p0032,output/validation/validation_20260903T203413684795Z_a63b3b9d.json,Descripción operativa con interrupción oculta,"Mantener `no_statements` es defendible: se explica la actualización automática de solicitudes rechazadas sin una razón distributiva explícita. Después del cierre «pero...» aparece «Una carta.», intervención independiente de dos palabras excluida por el mínimo. Luego retoma el actor original con otro `utterance_id`. El contexto basado solo en bloques codificables oculta el intercambio.",78,no_statements,,,"Otra cosa relevante que considero bueno saber es que, de las personas que han sido rechazadas hasta ahora, hay 22 mil que van a ser actualizadas automáticamente. O sea, aquella persona que fue rechazada porque efectivamente no cumplía los requisitos conforme a la normativa anterior no va a tener que volver a postular, sino que, estando sus datos en el IPS, automáticamente le va a llegar una carta, o un cheque. No sé cómo se hace eso, pero...",[],"{""unit_id"": ""utt_b0d02f6f538c59874a61::p0029-p0031"", ""utterance_id"": ""utt_b0d02f6f538c59874a61"", ""paragraph_number"": 29, ""paragraph_start"": 29, ""paragraph_end"": 31, ""block_paragraph_count"": 3, ""paragraph_count"": 32, ""content"": ""Entonces, ¿cuál es el sentido de esta ley? Facilitar que ingresen esas personas -hay una duda en cuanto a si son esas o no, pero ello lo veremos en la práctica-, así como también facilitar la forma -voy a decirlo en fácil- de ir a buscar a esas casi 150 mil personas que, teniendo hoy derecho a percibir la PGU, no la reciben.\n\nQuiero dejar claro que a partir del 1° de febrero -y esto se diseñó en la ley original- la PGU va a tener un monto de 206 mil pesos. O sea, estamos hablando de una ayuda bien significativa.\n\nY existiendo esta ley, este instrumento, hay un grupo de personas que no han podido acceder a este beneficio."", ""content_sha256"": ""76fdcf016b752ceb2ca0f97e7c6c1462419fb5e88b7835027dddfc12b9d171e3"", ""same_utterance"": true}","{""unit_id"": ""utt_e1a3192cd687754b80cb::p0001-p0002"", ""utterance_id"": ""utt_e1a3192cd687754b80cb"", ""paragraph_number"": 1, ""paragraph_start"": 1, ""paragraph_end"": 2, ""block_paragraph_count"": 2, ""paragraph_count"": 13, ""content"": ""Va a ser una carta primero, supongo, y después se van a activar estos recursos.\n\nEntonces, tal es el sentido de esta norma, que se discutió bastante en la Comisión de Trabajo -estoy tratando de explicar esto gráficamente- y en la Comisión de Hacienda. Por cierto, siempre quedan dudas: por un lado, por qué ha habido tanta complejidad del Estado para hacerse cargo de personas que, teniendo derecho, no han podido acceder a la PGU."", ""content_sha256"": ""f4ce7349cdd625ec588f7e1981a5af9cb195772aecd9cc56b48f76fe38c0bcaf"", ""same_utterance"": false}"
21538,6,utt_e1a3192cd687754b80cb::p0003,output/validation/validation_20260903T203413684795Z_a63b3b9d.json,Posible vacío sobre acceso efectivo,"Se solicita difusión porque hay personas sin ayuda que no saben postular. Conviene registrar el argumento para revisar acceso efectivo a prestaciones, según el umbral de normatividad adoptado. No encaja directamente en `ineficiencia_estado`, que trata de administrar fondos. Contrastar con el vecino de 21538-08 que defiende recepción automática como derecho, antes de crear o ampliar una categoría.",56,no_statements,,,"Yo sigo insistiendo -y esto lo digo más a título personal; ahí podemos discutirlo- en que falta una campaña de difusión mucho más grande, pues para ello hay que postular. Porque estamos hablando de personas que no están recibiendo ninguna ayuda del Estado. De modo que hay que postular, y mucha gente no sabe cómo hacerlo.",[],"{""unit_id"": ""utt_e1a3192cd687754b80cb::p0001-p0002"", ""utterance_id"": ""utt_e1a3192cd687754b80cb"", ""paragraph_number"": 1, ""paragraph_start"": 1, ""paragraph_end"": 2, ""block_paragraph_count"": 2, ""paragraph_count"": 13, ""content"": ""Va a ser una carta primero, supongo, y después se van a activar estos recursos.\n\nEntonces, tal es el sentido de esta norma, que se discutió bastante en la Comisión de Trabajo -estoy tratando de explicar esto gráficamente- y en la Comisión de Hacienda. Por cierto, siempre quedan dudas: por un lado, por qué ha habido tanta complejidad del Estado para hacerse cargo de personas que, teniendo derecho, no han podido acceder a la PGU."", ""content_sha256"": ""f4ce7349cdd625ec588f7e1981a5af9cb195772aecd9cc56b48f76fe38c0bcaf"", ""same_utterance"": true}","{""unit_id"": ""utt_e1a3192cd687754b80cb::p0004"", ""utterance_id"": ""utt_e1a3192cd687754b80cb"", ""paragraph_number"": 4, ""paragraph_start"": 4, ""paragraph_end"": 4, ""block_paragraph_count"": 1, ""paragraph_count"": 13, ""content"": ""Ahora, también nos dicen que hay gente que, sabiendo, no le conviene postular, porque puede perder la calidad de carga respecto de sistemas previsionales, y no le sale a cuenta -voy a decirlo así- tomar esa medida. Eso pasa particularmente con el tema de las Fuerzas Armadas; es lo que nos explicaron el día de hoy."", ""content_sha256"": ""0f402b90646b31ca149ae764f906aa7a964cd5584fa4bb0d39ad9459531d4498"", ""same_utterance"": true}"
21538,7,utt_5df9b3e4079cda4206fd::p0001-p0004,output/validation/validation_20260903T203413684795Z_a63b3b9d.json,Crítica institucional demasiado general para capitalización,"Revisar `capitalizacion_individual/oppose`. La evidencia reclama un verdadero sistema de seguridad social y una reforma profunda, sin nombrar ahorro propio, cuentas individuales o autofinanciamiento. Registrar el argumento institucional para evaluar cobertura conceptual. La mención a la transición democrática tampoco basta para asignar origen dictatorial.",127,statements,,,"Gracias, Presidenta.

Quiero justificar mi voto a favor.

Durante mucho tiempo, desde el inicio del primer gobierno de transición a la democracia, se nos dijo que el sistema de AFP era intocable; sin embargo, sí se podían realizar reformas.

A partir de ello, en el primer Gobierno de la Presidenta Michelle Bachelet se pudo modificar el sistema, permitiendo la pensión básica solidaria y el aporte del pilar solidario, lo que rompió la imagen de ser intocable; con todo, no rompió lo que durante mucho tiempo hemos estado diagnosticando: que este no es un verdadero sistema de pensiones, no es un sistema de seguridad social. De ahí que me parece tan pertinente que también demos este debate en el marco de una reforma profunda al sistema de pensiones.","[{""annotation_id"": ""a632987a-92a4-40a0-a8b7-7e9df86397ff"", ""span"": {""start_char"": 543, ""end_char"": 753, ""text"": ""este no es un verdadero sistema de pensiones, no es un sistema de seguridad social. De ahí que me parece tan pertinente que también demos este debate en el marco de una reforma profunda al sistema de pensiones."", ""sha256"": ""ec8b5a9b6b662515a919468263fbb23e9016b8a03c7ca52c1b419c2fde702ed8""}, ""concept_status"": ""in_codebook"", ""concept_id"": ""capitalizacion_individual"", ""proposed_concept"": null, ""stance"": ""oppose"", ""note"": null, ""selected_at_client"": ""2026-09-03T20:45:31.387Z"", ""created_at_utc"": ""2026-09-03T20:45:32.857Z"", ""created_at_local"": ""2026-09-03T16:45:32.857-04:00"", ""updated_at_utc"": ""2026-09-03T20:45:32.857Z"", ""updated_at_local"": ""2026-09-03T16:45:32.857-04:00""}]","{""unit_id"": ""utt_8d49dfd4fa1218e756d7::p0009-p0012"", ""utterance_id"": ""utt_8d49dfd4fa1218e756d7"", ""paragraph_number"": 9, ""paragraph_start"": 9, ""paragraph_end"": 12, ""block_paragraph_count"": 4, ""paragraph_count"": 12, ""content"": ""En cifras del Gobierno, esta iniciativa va a permitir la incorporación de alrededor de 70 mil nuevos beneficiarios. De estos, al día de hoy, en base a la redacción de los requisitos de acceso a la PGU, muchos han visto rechazadas sus solicitudes, a pesar de que en virtud de su situación sí les correspondería acceder a este pago.\n\nSaludo al señor Ministro de Hacienda y a la señora Ministra del Trabajo , y hago votos para que efectivamente esta política pública alcance el objetivo deseado.\n\nVoto a favor.\n\nMuchas gracias."", ""content_sha256"": ""1e5988aeac8a97c5a91b756e6b798ae680b408220184614156600a49ca2489e1"", ""same_utterance"": false}","{""unit_id"": ""utt_5df9b3e4079cda4206fd::p0005-p0006"", ""utterance_id"": ""utt_5df9b3e4079cda4206fd"", ""paragraph_number"": 5, ""paragraph_start"": 5, ""paragraph_end"": 6, ""block_paragraph_count"": 2, ""paragraph_count"": 10, ""content"": ""Hoy día tenemos que corregir lo que, lamentablemente, la pensión garantizada universal (PGU), tramitada en el Gobierno anterior, no dejó bien resuelto: haber calculado la población del 90 por ciento según ingresos del total de la población y no del 90 por ciento de los ingresos de los mayores de sesenta y cinco años, lo que dejó afuera a estas 73.000 personas, aproximadamente, que deberían poder ingresar como beneficiarios con la revisión de oficio que se haga por parte de la entidad pertinente.\n\n¡Bienvenidos estos beneficiarios y estas beneficiarias!"", ""content_sha256"": ""e2bf8a9f4de5f7ce3e493066858c3273f94df6f0efae8643755311abf2e35210"", ""same_utterance"": true}"
21538,8,utt_b1a554e83bfa8e2aad15::p0006,output/validation/validation_20260903T203413684795Z_a63b3b9d.json,Contraste técnico para la regla de universalismo,Mantener `no_statements` bajo una exigencia de razón normativa identificable. Se comparan umbrales de ingreso y se propone trabajar la diferencia. Contrastar con la valoración de inclusión en 12 y 14. Las justificaciones por derechos del contexto siguiente deben conservar su propia evidencia.,57,no_statements,,,"Creo que es importante lo que aquí se ha explicado. En términos cuantitativos, si hacemos el corte al 90 por ciento de la población, nos daba un ingreso a 693 mil pesos; si lo hacemos entre los mayores de sesenta y cinco años, el monto es de 497 mil pesos. Pienso que esa diferencia tenemos que trabajarla.",[],"{""unit_id"": ""utt_b1a554e83bfa8e2aad15::p0005"", ""utterance_id"": ""utt_b1a554e83bfa8e2aad15"", ""paragraph_number"": 5, ""paragraph_start"": 5, ""paragraph_end"": 5, ""block_paragraph_count"": 1, ""paragraph_count"": 10, ""content"": ""Quiero señalar lo siguiente. Creo que ha sido muy necesario este paso, pero también nos queda pendiente otro punto, y yo espero -les señalo a la Ministra del Trabajo , al Ministro de Hacienda , al Subsecretario , que están aquí presentes- que avancemos de una vez por todas en la reforma previsional. Este país requiere esa reforma estructural, requiere un sistema mixto, requiere mejorar las pensiones y requiere que nuestras personas mayores efectivamente tengan una vida digna, que es lo que corresponde y no hemos logrado hasta ahora. Así que yo espero que esa tarea pendiente se consiga con un buen diálogo y con buenos acuerdos. Estoy convencida de que es posible."", ""content_sha256"": ""822b1da2622a45a862382164046a6a99ab8ab6d31880af6da7c259fd2b5cccdd"", ""same_utterance"": true}","{""unit_id"": ""utt_b1a554e83bfa8e2aad15::p0007"", ""utterance_id"": ""utt_b1a554e83bfa8e2aad15"", ""paragraph_number"": 7, ""paragraph_start"": 7, ""paragraph_end"": 7, ""block_paragraph_count"": 1, ""paragraph_count"": 10, ""content"": ""Me gustaría enviar un mensaje al Ejecutivo . Hace falta mayor difusión; hace falta mayor coordinación con los municipios; hace falta ocupar los medios regionales. La gente a veces no está bien informada y necesita no solo información, sino también orientación. Y la verdad, para decirlo de manera fácil, a este beneficio ni siquiera se debiera postular, sino que tendría que ser un derecho garantizado y que la gente lo recibiera automáticamente. Lo menciono porque postular es bastante complejo para muchos de nuestros adultos mayores que no tienen acceso a internet, que no saben cómo manejarse. Y, en ese sentido, una recomendación: más difusión, más información, más acompañamiento, más coordinación con nuestros medios regionales, con nuestros municipios, en fin. Creo que eso es fundamental."", ""content_sha256"": ""e9c63df6532aaced6e770354c9569f01af24f31e3449b53281125420c9cf76e0"", ""same_utterance"": true}"
21538,9,utt_fe7234a44c91cc4364e2::p0001-p0002,output/validation/validation_20260903T203413684795Z_a63b3b9d.json,Encabezado breve de votación,"Mantener `no_statements` y `vote`. Las 5 palabras se unen a la nómina siguiente de 150, dando 155. Es uno de los residuos que producía el máximo estricto.",5,no_statements,,vote,"Rechazada.

-Votaron por la afirmativa:",[],"{""unit_id"": ""utt_a6cd24bed8a69781efc0::p0001-p0003"", ""utterance_id"": ""utt_a6cd24bed8a69781efc0"", ""paragraph_number"": 1, ""paragraph_start"": 1, ""paragraph_end"": 3, ""block_paragraph_count"": 3, ""paragraph_count"": 3, ""content"": ""Corresponde votar la admisibilidad de la indicación. Los que votan a favor lo hacen por la admisibilidad de la indicación; quienes votan en contra, lo hacen por su inadmisibilidad.\n\nEn votación.\n\n-Efectuada la votación en forma económica, por el sistema electrónico, dio el siguiente resultado: por la afirmativa, 66 votos; por la negativa, 46 votos. Hubo 24 abstenciones."", ""content_sha256"": ""10434c5d088beacc77cea4c18e12646726032e3153379e5f5ad277d08e80e726"", ""same_utterance"": false}","{""unit_id"": ""utt_fe7234a44c91cc4364e2::p0003s001"", ""utterance_id"": ""utt_fe7234a44c91cc4364e2"", ""paragraph_number"": 3, ""paragraph_start"": 3, ""paragraph_end"": 3, ""block_paragraph_count"": 1, ""paragraph_count"": 7, ""content"": ""Aedo Jeldres, Eric , Carter Fernández , Álvaro , Lee Flores, Enrique , Pérez Olea , Joanna , Ahumada Palma , Yovana , Celis Montt , Andrés , Lilayu Vivanco , Daniel, Pino Fuentes , Víctor Alejandro , Alinco Bustos , René , Cifuentes Lillo , Ricardo , Longton Herrera , Andrés , Pulgar Castillo, Francisco , Araya Guerrero , Jaime , Concha Smith, Sara , Martínez Ramírez , Cristóbal , Raphael Mora , Marcia , Arce Castro , Mónica , Cordero Velásquez , María Luisa , Marzán Pinto , Carolina , Rathgeb Schifferli , Jorge , Arroyo Muñoz , Roberto , Del Real Mihovilovic , Catalina , Matheson Villán , Christian , Rey Martínez, Hugo , Astudillo Peiretti , Danisa , Delgado Riquelme , Viviana , Medina Vásquez , Karen , Rivas Sánchez , Gaspar , Barría Angulo , Héctor , Durán Espinoza , Jorge , Mellado Pino , Cosme , Romero Talguia , Natalia , Becker Alvear , Miguel Ángel , Durán Salinas , Eduardo , Mellado Suazo , Miguel , Saffirio Espinoza , Jorge , Beltrán Silva , Juan Carlos , González Gatica , Félix , Molina Milman , Helia , Schalper Sepúlveda , Diego , Berger Fett , Bernardo , González Olea , Marta , Muñoz González , Francesca , Sepúlveda Soto , Alexis , Bianchi Chelech , Carlos , Jiles Moreno , Pamela , Naveillan Arriagada , Gloria, Soto Mardones, Raúl , Bobadilla"", ""content_sha256"": ""dea8a6c38a70f887854f10d124b57ad8944f076d34f9e667f7da5de85ac24ea3"", ""same_utterance"": true}"
21538,10,utt_d0b889a2d0191fecf912::p0005-p0006,output/validation/validation_20260903T203413684795Z_a63b3b9d.json,Atribución del discurso de informante,"Se informa el contenido legal de instrumentos de focalización iguales para la ciudadanía. `no_statements` es defendible si se exige adhesión argumentada del actor. El libro debe explicitar si informar una regla distributiva basta para codificar una posición propia; una norma citada y una justificación asumida pueden coincidir, pero necesitan distinguirse.",93,no_statements,,,"Para ampliar la cobertura, mediante el proyecto de ley se modifica uno de los requisitos copulativos contemplados en la ley 21.419, en el sentido de que la persona solicitante del beneficio no integre un grupo familiar perteneciente al 10 por ciento más rico de la población, conforme a los instrumentos de focalización, que deberán ser los mismos para toda la ciudadanía, sin distinción de edad.

En el texto actual se exige no integrar un grupo familiar del 10 por ciento más rico de la población de sesenta y cinco o más años.",[],"{""unit_id"": ""utt_d0b889a2d0191fecf912::p0001-p0004"", ""utterance_id"": ""utt_d0b889a2d0191fecf912"", ""paragraph_number"": 1, ""paragraph_start"": 1, ""paragraph_end"": 4, ""block_paragraph_count"": 4, ""paragraph_count"": 11, ""content"": ""Gracias, señor Presidente.\n\nEn mi calidad de Presidente de la Comisión de Trabajo y Previsión Social, cumplo con informar a la Sala el proyecto de ley que modifica la ley N° 21.419, que creó la pensión garantizada universal y reemplazó el sistema de pensiones solidarias de vejez.\n\nLa unanimidad de los integrantes de la Comisión, Senadora Carvajal y Senadores Galilea, Moreira , Saavedra y Cruz-Coke, aprobó en general y en particular la iniciativa en los mismos términos en que lo hizo la Cámara de Diputadas y Diputados.\n\nEsto quiere decir que se modifica el universo de beneficiarios de la pensión garantizada universal, ampliando la cobertura a un número aproximado de 70 mil personas, de las cuales 24 mil ya postularon, según lo informado por la Ministra del Trabajo y Previsión Social."", ""content_sha256"": ""c08c7e8c71e93c9d2a08749d02235d02a7fabeca3ae36524c67236d1f5f89df7"", ""same_utterance"": true}","{""unit_id"": ""utt_d0b889a2d0191fecf912::p0007"", ""utterance_id"": ""utt_d0b889a2d0191fecf912"", ""paragraph_number"": 7, ""paragraph_start"": 7, ""paragraph_end"": 7, ""block_paragraph_count"": 1, ""paragraph_count"": 11, ""content"": ""La Comisión, en sesión del 11 de enero de este año, realizó un intercambio de ideas y de información con profundidad, escuchando a la Ministra del Trabajo y Previsión Social; a la Presidenta del Consejo Consultivo Previsional , señora Alejandra Krauss ; al ex Subsecretario de Previsión Social señor Pedro Pizarro ; al ingeniero Patricio Basso y a la Directora de Presupuestos , señora Javiera Martínez , quienes se explayaron respecto del número de beneficiarios para el año 2023, de la entrada en vigencia de la ley, del reforzamiento de los mecanismos de difusión de la pensión garantizada a la población, especialmente en cuanto a que no se exige estar jubilado para ser beneficiario, y de la situación de las mujeres que jubilan a los sesenta años y deben esperar hasta los sesenta y cinco años para postular al beneficio de pensión garantizada universal."", ""content_sha256"": ""7e2cbc607338c1be26dc09a22da67406ed613a8e0a8bc4ae80af950a0e2e010e"", ""same_utterance"": true}"
21538,11,utt_6bb7528fedab2e4d0bcf::p0001,output/validation/validation_20260903T203413684795Z_a63b3b9d.json,Acuerdo procedimental en un turno completo,"Mantener `no_statements`. «Es un acuerdo de Comités» constata un procedimiento y no activa `acuerdos_moderacion`. Las 5 palabras constituyen la intervención completa, separada de otros turnos y actores. Añadir `procedural`.",5,no_statements,,,Es un acuerdo de Comités.,[],"{""unit_id"": ""utt_c64d3dcda48aca7a6eeb::p0001-p0003"", ""utterance_id"": ""utt_c64d3dcda48aca7a6eeb"", ""paragraph_number"": 1, ""paragraph_start"": 1, ""paragraph_end"": 3, ""block_paragraph_count"": 3, ""paragraph_count"": 3, ""content"": ""¡No, no, no! ¡Cinco minutos!\n\n¡No! ¡De verdad, Presidente!\n\nYo di la unanimidad por eso: ¡quedamos en cinco minutos!"", ""content_sha256"": ""093d1ee0a59b21527aa3aaaef2c9005e0d0e55ecaa4ae405449c8a470226625c"", ""same_utterance"": false}","{""unit_id"": ""utt_dce32d4345efc9e3734f::p0001"", ""utterance_id"": ""utt_dce32d4345efc9e3734f"", ""paragraph_number"": 1, ""paragraph_start"": 1, ""paragraph_end"": 1, ""block_paragraph_count"": 1, ""paragraph_count"": 1, ""content"": ""Hay un acuerdo de Comités."", ""content_sha256"": ""18d468c888d3689905dd43a48816773e7cf9e7ad7f7131ad14df4e74f7794a10"", ""same_utterance"": false}"
21538,12,utt_0942156d65780aaac72d::p0010,output/validation/validation_20260903T203413684795Z_a63b3b9d.json,Inclusión valorada como fin,"Mantener provisionalmente `igualdad_universalismo/support` si la valoración positiva de incorporar excluidos se admite como razón suficiente. Aquí se califica como buena noticia el aumento de cobertura, aunque no se nombre un derecho universal. Añadir esa regla y un contraejemplo descriptivo como 21538-08 o 10. No hace falta exigir literalmente la palabra igualdad.",52,statements,,,"Claramente es positivo y buena noticia aumentar la cobertura, modificando el parámetro desde el 90 por ciento de los mayores de sesenta y cinco años al 90 por ciento de la población total; aumenta el número de beneficiarios, incluyendo gente que fue rechazada por no corresponderle el beneficio, según la métrica anterior.","[{""annotation_id"": ""78d3190b-edf1-4a72-8ff8-9d7faa6f430b"", ""span"": {""start_char"": 0, ""end_char"": 322, ""text"": ""Claramente es positivo y buena noticia aumentar la cobertura, modificando el parámetro desde el 90 por ciento de los mayores de sesenta y cinco años al 90 por ciento de la población total; aumenta el número de beneficiarios, incluyendo gente que fue rechazada por no corresponderle el beneficio, según la métrica anterior."", ""sha256"": ""c58145f9af09dca4b7a58b2a2a3864e98378173aa50baaac68b60df144a5b48b""}, ""concept_status"": ""in_codebook"", ""concept_id"": ""igualdad_universalismo"", ""proposed_concept"": null, ""stance"": ""support"", ""note"": null, ""selected_at_client"": ""2026-09-03T20:47:16.345Z"", ""created_at_utc"": ""2026-09-03T20:47:17.179Z"", ""created_at_local"": ""2026-09-03T16:47:17.179-04:00"", ""updated_at_utc"": ""2026-09-03T20:47:17.179Z"", ""updated_at_local"": ""2026-09-03T16:47:17.179-04:00""}]","{""unit_id"": ""utt_0942156d65780aaac72d::p0007-p0009"", ""utterance_id"": ""utt_0942156d65780aaac72d"", ""paragraph_number"": 7, ""paragraph_start"": 7, ""paragraph_end"": 9, ""block_paragraph_count"": 3, ""paragraph_count"": 13, ""content"": ""Presenté una indicación para incorporarlas más bien como señal de que no hemos olvidado a las mujeres, de que no vamos a ceder en nuestra intención de incorporar a todas las mujeres de entre sesenta y sesenta y cuatro años, aunque sea de manera escalonada. Ciertamente, se declaró inadmisible, por cuanto incurre en gasto fiscal y porque el Ejecutivo tiene iniciativa exclusiva en materias de seguridad social.\n\nEs el Gobierno el que debe tomar la decisión de avanzar en cobertura hacia todas aquellas mujeres ya en edad de jubilación, pero que no han cumplido sesenta y cinco años; eso, o postergar la edad de jubilación femenina a los sesenta y cinco años.\n\nYo pido un poquito de coherencia también del Gobierno, de este y de los que vendrán."", ""content_sha256"": ""36db1e169e26cc0770735f46e9e9e00b4a8c2ba986cd894b6904d149b8e4a12f"", ""same_utterance"": true}","{""unit_id"": ""utt_0942156d65780aaac72d::p0011"", ""utterance_id"": ""utt_0942156d65780aaac72d"", ""paragraph_number"": 11, ""paragraph_start"": 11, ""paragraph_end"": 11, ""block_paragraph_count"": 1, ""paragraph_count"": 13, ""content"": ""Por supuesto es buena noticia que los rechazados no tengan que volver a postular; pero quedan muchas dudas y desprolijidades, como que el proyecto fuera ingresado sin que se haya esperado el plazo legal para contar con la opinión del Consejo Consultivo Previsional, que el Consejo tenga una proyección de beneficiados totales marcadamente menor a la del Gobierno, o que el proyecto no contenga nada para acortar la brecha de 200 mil personas... (se desactiva el micrófono por haberse agotado el tiempo y se reactiva por indicación de la Mesa)... que hubieran tenido acceso al pilar solidario de la ley N° 20.255, pero que no lo estaban percibiendo, por lo que tampoco son beneficiarios de la PGU, y más encima, no se sabe exactamente dónde están y cómo hacerles llegar este beneficio."", ""content_sha256"": ""18a36c09ae6cfe5679cb557f7f8a22e2d9d186b741a173777d683a5afd12f032"", ""same_utterance"": true}"
21538,13,utt_24076c18c3fdcff954ca::p0002,output/validation/validation_20260903T203413684795Z_a63b3b9d.json,Necesidad material explícita,Mantener `necesidad_material/support`: corregir pensiones de miseria y asegurar un mínimo de dignidad justifican aprobar el proyecto. Puede ampliarse el span para incorporar la conclusión «por ello hoy es vital» aprobarlo. La mención de AFP no fundamenta por sí sola capitalización individual. La pobreza de las mujeres en el resto del target refuerza la misma familia de razones.,111,statements,,,"Como bancada creemos fundamental no perder de vista que este es un mecanismo complementario que fue creado con el fin de corregir las pensiones de miseria que nos heredó el sistema de AFP y que asegura una pensión mínima, y por ello hoy es vital -¡vital, colegas parlamentarios! aprobar este proyecto que nos asegura un mínimo de dignidad a los adultos mayores al cambiar el guarismo de mayores de 65 y no pertenecientes al 10 por ciento más rico, por simplemente no pertenecientes al 10 por ciento más rico. Recordemos que las mujeres se jubilan desde los 60 años y que, como mencionaba, son las más empobrecidas del sistema de pensiones.","[{""annotation_id"": ""11da2ff8-7bd3-4945-8d51-beb092d61f0b"", ""span"": {""start_char"": 13, ""end_char"": 220, ""text"": ""creemos fundamental no perder de vista que este es un mecanismo complementario que fue creado con el fin de corregir las pensiones de miseria que nos heredó el sistema de AFP y que asegura una pensión mínima"", ""sha256"": ""0c32a2e8127f9c07e7f32f6bb36c0ada6f5fc52b5b4af4a03d410ce5b0d48079""}, ""concept_status"": ""in_codebook"", ""concept_id"": ""necesidad_material"", ""proposed_concept"": null, ""stance"": ""support"", ""note"": null, ""selected_at_client"": ""2026-09-03T20:47:40.373Z"", ""created_at_utc"": ""2026-09-03T20:48:14.902Z"", ""created_at_local"": ""2026-09-03T16:48:14.902-04:00"", ""updated_at_utc"": ""2026-09-03T20:48:14.902Z"", ""updated_at_local"": ""2026-09-03T16:48:14.902-04:00""}]","{""unit_id"": ""utt_24076c18c3fdcff954ca::p0001"", ""utterance_id"": ""utt_24076c18c3fdcff954ca"", ""paragraph_number"": 1, ""paragraph_start"": 1, ""paragraph_end"": 1, ""block_paragraph_count"": 1, ""paragraph_count"": 6, ""content"": ""Señor Presidente, por su intermedio, junto con saludar a la ministra del Trabajo y Previsión Social, Jeannette Jara , quiero felicitar el trabajo del gobierno, porque con esta ley corta se modifica de manera apropiada un mecanismo que había quedado definido por la ley PGU que no permitía hacer un cálculo adecuado del universo de beneficiarios, quedando muchos fuera, lo que generaba una sensación de injusticia entre las y los pensionados. ¡Y cómo no si la pobreza en Chile tiene nombre de mujer y, sin duda, también de adulto mayor!"", ""content_sha256"": ""1a8ee7cf5d4e52614e2cfc1efce9c225fddc0e7137ffab507b0722c02f261c40"", ""same_utterance"": true}","{""unit_id"": ""utt_24076c18c3fdcff954ca::p0003-p0004"", ""utterance_id"": ""utt_24076c18c3fdcff954ca"", ""paragraph_number"": 3, ""paragraph_start"": 3, ""paragraph_end"": 4, ""block_paragraph_count"": 2, ""paragraph_count"": 6, ""content"": ""Colegas parlamentarias y parlamentarios, mañana la tarea será aprobar la reforma de pensiones que ha impulsado la cartera de Trabajo y Seguridad Social, porque hay un problema estructural que corregir, donde debemos apuntar hacia una mayor solidaridad del sistema, en conjunto con los ahorros de los trabajadores.\n\nNo podemos actuar con mezquindad política frente a uno de los dramas sociales más importantes de nuestro país, y espero que la oposición este a la altura de la tarea pues, así como nosotros tramitamos la PGU con la mirada puesta en el país, exigiendo financiamiento permanente y trabajando por el bienestar del país, espero que ellos hagan lo mismo hoy, y que las grandes mayorías reclaman, frente a un sistema que no es de seguridad social y que solo ha enriquecido a las aseguradoras de pensiones."", ""content_sha256"": ""dc9a2816406de0f775478418eb93735ee955cd152e64dfbae2f476a405477ca4"", ""same_utterance"": true}"
21538,14,utt_cbd165e541e063cf008c::p0001-p0004,output/validation/validation_20260903T203413684795Z_a63b3b9d.json,Dos razones con distinta fuerza de encaje,"1. Mantener `acuerdos_moderacion/support`: se conecta la construcción de acuerdos con la posibilidad de aprobar la PGU. El espacio inicial del span es una limpieza menor.
2. `igualdad_universalismo/support` es defendible con la regla de inclusión propuesta para 21538-12. El juicio «vale la pena» permite distinguirlo de una simple descripción de cobertura.",137,statements,,,"Señor Presidente, por su intermedio, saludo a las ministras y a las y los subsecretarios presentes.

Estos son los debates que vale la pena dar en este Congreso: ampliar el universo de beneficiarios y beneficiarias de la PGU, pasando al criterio de focalización del 10 por ciento de exclusión de toda la población del país.

Es lamentable que esta semana estos debates han sido la excepción. Discutir sobre proyectos que mejoren la vida de la gente ha sido la excepción, porque las y los diputados de la vereda de enfrente nos han tenido en debates espurios, y lo que ofrecen a la ciudadanía son acusaciones constitucionales sin fundamento y restarse de la construcción de acuerdos.

¿Habría sido posible aprobar la PGU si nuestro sector hubiera hecho lo mismo que algunos de ustedes con la mesa de seguridad?","[{""annotation_id"": ""3032d100-2474-44c1-afd1-944261b27123"", ""span"": {""start_char"": 560, ""end_char"": 809, ""text"": "" lo que ofrecen a la ciudadanía son acusaciones constitucionales sin fundamento y restarse de la construcción de acuerdos.\n\n¿Habría sido posible aprobar la PGU si nuestro sector hubiera hecho lo mismo que algunos de ustedes con la mesa de seguridad?"", ""sha256"": ""748d712cf1b0686f899973caaa5ada146790041b5e9573b13ffe10dadf951262""}, ""concept_status"": ""in_codebook"", ""concept_id"": ""acuerdos_moderacion"", ""proposed_concept"": null, ""stance"": ""support"", ""note"": null, ""selected_at_client"": ""2026-09-03T20:48:56.182Z"", ""created_at_utc"": ""2026-09-03T20:49:10.148Z"", ""created_at_local"": ""2026-09-03T16:49:10.148-04:00"", ""updated_at_utc"": ""2026-09-03T20:49:10.148Z"", ""updated_at_local"": ""2026-09-03T16:49:10.148-04:00""}, {""annotation_id"": ""a4189c82-c1a7-43ed-a1e7-9b09ec181087"", ""span"": {""start_char"": 101, ""end_char"": 324, ""text"": ""Estos son los debates que vale la pena dar en este Congreso: ampliar el universo de beneficiarios y beneficiarias de la PGU, pasando al criterio de focalización del 10 por ciento de exclusión de toda la población del país.\n"", ""sha256"": ""4a974415da823982a49700590105832b13b1e2590a04e9dc671e2f2d0969c14a""}, ""concept_status"": ""in_codebook"", ""concept_id"": ""igualdad_universalismo"", ""proposed_concept"": null, ""stance"": ""support"", ""note"": null, ""selected_at_client"": ""2026-09-03T20:49:08.743Z"", ""created_at_utc"": ""2026-09-03T20:49:10.148Z"", ""created_at_local"": ""2026-09-03T16:49:10.148-04:00"", ""updated_at_utc"": ""2026-09-03T20:49:10.148Z"", ""updated_at_local"": ""2026-09-03T16:49:10.148-04:00""}]","{""unit_id"": ""utt_ba8e7c62051bbb191ed3::p0006-p0009"", ""utterance_id"": ""utt_ba8e7c62051bbb191ed3"", ""paragraph_number"": 6, ""paragraph_start"": 6, ""paragraph_end"": 9, ""block_paragraph_count"": 4, ""paragraph_count"": 9, ""content"": ""Además de la pensión, hay otros temas de fondo. Si una persona mayor, por ejemplo, un hombre como mi padre, de 94 años, en La Araucanía, en particular en Temuco, tuviera resuelto el problema de movilización, tendría una solución avanzada. Asimismo, si en materia de salud esa persona no fuera parte del 30 por ciento de la población que está en listas de espera, como es lo que ocurre en La Araucanía; si tuviera los medicamentos gratis, etcétera, tendríamos resuelto una parte importante del problema en materia social.\n\nEso es lo que tenemos que trabajar. Pero para eso debemos tener recursos, impuestos. Ello, para que los adultos mayores puedan distraerse, ocupar su tiempo en ocio, porque lo tienen merecido.\n\nInvito a que tengamos un debate sobre el modelo de desarrollo futuro para poder financiar esto.\n\nHe dicho."", ""content_sha256"": ""3278f37c384aa1cc7287a31ca5188c2d2eb42b0dba79dcecb4a66e44bb84f0e0"", ""same_utterance"": false}","{""unit_id"": ""utt_cbd165e541e063cf008c::p0005-p0006"", ""utterance_id"": ""utt_cbd165e541e063cf008c"", ""paragraph_number"": 5, ""paragraph_start"": 5, ""paragraph_end"": 6, ""block_paragraph_count"": 2, ""paragraph_count"": 13, ""content"": ""Recapaciten, colegas; aprobemos este proyecto y discutamos sobre lo importante: la reforma de pensiones, para mejorar la vida de las y los pensionados, y la reforma tributaria, que tanto hace falta para que nuestro país sea más justo y que permitirá financiar en serio la PGU a fin de que sea un piso mínimo para las pensiones de la mayoría de chilenos y chilenas.\n\nMe quiero detener en esto, porque es importantísimo que encontremos una forma de financiamiento estable y permanente para la pensión garantizada universal, porque de eso no se hizo cargo el gobierno de Sebastián Piñera."", ""content_sha256"": ""e32705cea5438dbc2732b691efedf92308586b9af20876f7eca12de42002a73e"", ""same_utterance"": true}"
21538,15,utt_902ee03ebf7e32198b3f::p0003,output/validation/validation_20260903T203413684795Z_a63b3b9d.json,Cifras y efectividad administrativa,"Mantener `no_statements`. Se informa incorporación al pago y se valora efectividad administrativa, sin legitimar al Estado como administrador de fondos. El lenguaje de derechos sociales está en el bloque previo.",107,no_statements,,,"En particular, cabe señalar que los potenciales beneficiarios de este proyecto de ley que se estimaron en el momento en que este Congreso tuvo a bien despachar la PGU originalmente, en enero de 2022, fueron 2 millones 145 mil personas y que la labor del Estado para incorporar precisamente a quienes estaban entre el 60 por ciento y el 90 por ciento de la población se ha hecho con un alto nivel de efectividad desde agosto en adelante, como lo disponía la ley. Y lo menciono porque, de esas 2 millones 145 mil personas, a la fecha se encuentran en pago 2.072.383 pensiones garantizadas universales.",[],"{""unit_id"": ""utt_902ee03ebf7e32198b3f::p0001-p0002"", ""utterance_id"": ""utt_902ee03ebf7e32198b3f"", ""paragraph_number"": 1, ""paragraph_start"": 1, ""paragraph_end"": 2, ""block_paragraph_count"": 2, ""paragraph_count"": 12, ""content"": ""Señor Presidente , queremos agradecer, en nombre del Gobierno del Presidente Gabriel Boric, el apoyo unánime a este proyecto, que sabemos que viene, por un lado, a perfeccionar la iniciativa de la PGU, que encuentra sus antecedentes en el pilar solidario, y por otra parte, también a dar cuenta del avance que ha tenido nuestro país desde la política de las antiguas Pasis , las antiguas pensiones asistenciales, hacia una lógica de los derechos sociales.\n\nMe gustaría precisar solo un par de elementos para la historia fidedigna de la ley."", ""content_sha256"": ""3dc8b63de67a270d5d320328c279a84992b19095098385a24f6d207ff3ec752c"", ""same_utterance"": true}","{""unit_id"": ""utt_902ee03ebf7e32198b3f::p0004-p0005"", ""utterance_id"": ""utt_902ee03ebf7e32198b3f"", ""paragraph_number"": 4, ""paragraph_start"": 4, ""paragraph_end"": 5, ""block_paragraph_count"": 2, ""paragraph_count"": 12, ""content"": ""¿Qué es lo que ocurre? Que para el año 2023 las cifras son de 2 millones 339 mil personas, pero esa es una estimación que se calcula transcurrido el año 2023, para lo cual tenemos que realizar los esfuerzos, como lo hemos hecho desde agosto en adelante, para sumarlos.\n\nAl respecto, se ha indicado que es importante que el Estado pueda dar cumplimiento también a su labor en materia previsional."", ""content_sha256"": ""c610a3b4e28ddff7b9571a7641be1b21738e8370a4d952e915501e7893f99efa"", ""same_utterance"": true}"
21538,16,utt_5a9e5255e01e1acea9c9::p0001,output/validation/validation_20260903T203413684795Z_a63b3b9d.json,Intervención breve sobre el orden de la sesión,Mantener `no_statements` y añadir `procedural`. Las 11 palabras sobre el acuerdo relativo al proyecto de salud son el turno completo. Sus vecinos son otros turnos y actores. La regla nueva conserva esa separación; la brevedad no acredita un error de chunking.,11,no_statements,,too_short,"Señor Presidente, ya hay un acuerdo respecto del proyecto de salud.",[],"{""unit_id"": ""utt_f732c6f41221d18ca35c::p0001-p0005"", ""utterance_id"": ""utt_f732c6f41221d18ca35c"", ""paragraph_number"": 1, ""paragraph_start"": 1, ""paragraph_end"": 5, ""block_paragraph_count"": 5, ""paragraph_count"": 5, ""content"": ""Señalo a sus señorías lo siguiente.\n\nCreo que nadie se va a restar ni a negar a que veamos el proyecto de salud que se encuentra en tabla hoy, pero quedan dieciocho o diecinueve inscritos para intervenir en este debate.\n\nPor tanto, dado el escenario descrito, solicito el acuerdo de la Sala para prorrogar esta sesión por el tiempo que sea necesario, así todos y todas podrán hacer uso de la palabra.\n\n¿Habría acuerdo? No haya acuerdo.\n\nEn consecuencia, no se estaría votando el proyecto de salud."", ""content_sha256"": ""99abdf06d535c02c5b7502cea324e37262f73a01b1f90c1db31ce41585328af6"", ""same_utterance"": false}","{""unit_id"": ""utt_0aec8089016b9aa1896c::p0001-p0003"", ""utterance_id"": ""utt_0aec8089016b9aa1896c"", ""paragraph_number"": 1, ""paragraph_start"": 1, ""paragraph_end"": 3, ""block_paragraph_count"": 3, ""paragraph_count"": 3, ""content"": ""Señor Presidente, solo quiero aclarar algo.\n\nLo relativo al proyecto de salud se está conversando en este minuto en reunión de Comités. Nos estamos saltando el acuerdo a que lleguen los jefes de los Comités.\n\nEntonces, le sugiero que sigamos la discusión de este proyecto y esperemos el resultado de dicha reunión."", ""content_sha256"": ""5f911ee59fc6fe42348e585091fafe6f9ba5c4f22c88082fd7a4b104f1fe6f3d"", ""same_utterance"": false}"
21538,17,utt_a13cd7a8f252721eae47::p0004-p0005,output/validation/validation_20260903T203413684795Z_a63b3b9d.json,Varias razones y omisión probable,"Mantener `igualdad_universalismo/support` como lectura defendible de corregir la exclusión de Dipreca/Capredena. Revisar la adición de `necesidad_material/support`: «padecen pobreza» es una razón expresa para incluirlos. «Pagaron impuestos» requiere resolver el alcance de reciprocidad y «son chilenos», la frontera entre identidad y ciudadanía universal. No añadir mecánicamente todas las categorías. Revisar también la coherencia de alcance con 21419-17.",52,statements,,,"Por cierto, no podemos olvidar a aquellos que pertenecen a Dipreca o Capredena, que son chilenos, que pagaron impuestos, que padecen pobreza y que no son beneficiarios de la pensión garantizada universal. Eso debemos mejorarlo. Espero que en esta legislatura, en este gobierno y con esta ministra logremos esa solución.

He dicho.","[{""annotation_id"": ""3ec33faf-534c-4d0c-ba68-2fa1f49551d6"", ""span"": {""start_char"": 12, ""end_char"": 319, ""text"": ""no podemos olvidar a aquellos que pertenecen a Dipreca o Capredena, que son chilenos, que pagaron impuestos, que padecen pobreza y que no son beneficiarios de la pensión garantizada universal. Eso debemos mejorarlo. Espero que en esta legislatura, en este gobierno y con esta ministra logremos esa solución."", ""sha256"": ""9347a588cdba8427011c3ceb038ac7b7e87e760e7fd68d6c298e2fe74f346e8d""}, ""concept_status"": ""in_codebook"", ""concept_id"": ""igualdad_universalismo"", ""proposed_concept"": null, ""stance"": ""support"", ""note"": null, ""selected_at_client"": ""2026-09-03T20:50:05.889Z"", ""created_at_utc"": ""2026-09-03T20:50:06.662Z"", ""created_at_local"": ""2026-09-03T16:50:06.662-04:00"", ""updated_at_utc"": ""2026-09-03T20:50:06.662Z"", ""updated_at_local"": ""2026-09-03T16:50:06.662-04:00""}]","{""unit_id"": ""utt_a13cd7a8f252721eae47::p0002-p0003"", ""utterance_id"": ""utt_a13cd7a8f252721eae47"", ""paragraph_number"": 2, ""paragraph_start"": 2, ""paragraph_end"": 3, ""block_paragraph_count"": 2, ""paragraph_count"": 5, ""content"": ""Asimismo, que este proyecto la mejora y hace que solo el 10 por ciento de toda la población quede excluido. Pero, a la vez, aquellos que postularon y que quedaron fuera por no cumplir los requisitos que aquí se mejoran serán verificados de oficio por el Instituto de Previsión Social, lo que considero muy importante, porque son los adultos mayores, las personas con menos digitalización, los beneficiarios de este proyecto. Sin embargo, siempre quedan personas fuera.\n\nPido a la ministra que no olvidemos a las personas que, por ejemplo, tienen un retiro programado -empiezan con una pensión más alta, pero baja rápidamente y hagamos una reforma de justicia; pido que las incluyamos en la reforma previsional para que efectivamente gocen de este beneficio."", ""content_sha256"": ""eeafc859af0872f8129eda775e5cfe04fdb479dfdd1d191caa6bb8258cd37fba"", ""same_utterance"": true}","{""unit_id"": ""utt_442bdd38d594001efcf8::p0001-p0002"", ""utterance_id"": ""utt_442bdd38d594001efcf8"", ""paragraph_number"": 1, ""paragraph_start"": 1, ""paragraph_end"": 2, ""block_paragraph_count"": 2, ""paragraph_count"": 9, ""content"": ""Señor Presidente, vivimos tiempos políticamente complejos. Creo que es necesario entender eso y hacer ciertas reflexiones que vayan más en profundidad respecto de las cuestiones que estamos discutiendo.\n\nEn ese sentido, es necesario llamar un poco a la prudencia y a la ponderación respecto de las actuaciones que podamos tener acá, en la Cámara. Es preciso imponer la prudencia y también señalar no solo lo que es malo, que por supuesto existe, pero que a veces siento que se exacerba demasiado y por lo que en numerosas ocasiones empezamos a hacer cosas que sabemos cómo empiezan, pero no cómo terminan."", ""content_sha256"": ""d8788855cf660babb314505a80f88bea422a47986390abd45706d0b10ebf00b7"", ""same_utterance"": false}"
21538,18,utt_8f0f0c34eaba2b5f9365::p0003-p0004,output/validation/validation_20260903T203413684795Z_a63b3b9d.json,Doble codificación insuficientemente sustentada,"1. Revisar `igualdad_universalismo/support` con el criterio acordado para 12 y 14. La formulación es principalmente técnica y remite a un acuerdo previo; el respaldo normativo se ve mejor en el contexto anterior.
2. Retirar o dejar en revisión `necesidad_material/support`. La nota equipara excluir al 10 % más rico con necesidad, pero el libro excluye la focalización meramente administrativa. La privación y los gastos aparecen en el siguiente bloque, fuera del span.

Ambas anotaciones seleccionan casi el mismo texto. Compartir evidencia es admisible cuando hay dos razones independientes; este caso necesita demostrar la segunda.",137,statements,,,"El proyecto establece con claridad que ese porcentaje de focalización sobre grupos de personas de 65 años o más que postulan a esta PGU debe ser calculado sobre la población total de los chilenos y las chilenas, no sobre el 10 por ciento de los adultos mayores. Es un tema técnico, pero bastante claro, en el que hay consenso técnico y también político, para que se materialice el acuerdo que hubo en enero, de extender esta PGU a todo el universo de adultos mayares, solo con exclusión del 10 por ciento más rico.

Quiero aprovechar la ocasión para hacer un par de menciones sobre el tema previsional. Está claro que la PGU significó un aumento en los ingresos -considerable en algunos casos y menor o modesto en otro sde la inmensa mayoría de los adultos mayores jubilados.","[{""annotation_id"": ""aabb62f2-da8f-458d-90a0-232dba9a7096"", ""span"": {""start_char"": 411, ""end_char"": 514, ""text"": ""extender esta PGU a todo el universo de adultos mayares, solo con exclusión del 10 por ciento más rico."", ""sha256"": ""e9775978ab263fc6bae328b36ee5c6e23453c43bcd9fd5556ceee7f59efb77ea""}, ""concept_status"": ""in_codebook"", ""concept_id"": ""igualdad_universalismo"", ""proposed_concept"": null, ""stance"": ""support"", ""note"": null, ""selected_at_client"": ""2026-09-03T20:50:51.400Z"", ""created_at_utc"": ""2026-09-03T20:51:20.412Z"", ""created_at_local"": ""2026-09-03T16:51:20.412-04:00"", ""updated_at_utc"": ""2026-09-03T20:51:20.412Z"", ""updated_at_local"": ""2026-09-03T16:51:20.412-04:00""}, {""annotation_id"": ""0279c86c-04e7-47b8-8a46-bce43196cf61"", ""span"": {""start_char"": 411, ""end_char"": 515, ""text"": ""extender esta PGU a todo el universo de adultos mayares, solo con exclusión del 10 por ciento más rico.\n"", ""sha256"": ""8d2c21d4f056e8bf8928f02f1740c02ff30ef1c56385493431b24a4f7f77e221""}, ""concept_status"": ""in_codebook"", ""concept_id"": ""necesidad_material"", ""proposed_concept"": null, ""stance"": ""support"", ""note"": ""Apoya solo condicionalidad para los que no pertenecen al 10% más rico."", ""selected_at_client"": ""2026-09-03T20:51:19.186Z"", ""created_at_utc"": ""2026-09-03T20:51:20.412Z"", ""created_at_local"": ""2026-09-03T16:51:20.412-04:00"", ""updated_at_utc"": ""2026-09-03T20:51:20.412Z"", ""updated_at_local"": ""2026-09-03T16:51:20.412-04:00""}]","{""unit_id"": ""utt_8f0f0c34eaba2b5f9365::p0001-p0002"", ""utterance_id"": ""utt_8f0f0c34eaba2b5f9365"", ""paragraph_number"": 1, ""paragraph_start"": 1, ""paragraph_end"": 2, ""block_paragraph_count"": 2, ""paragraph_count"": 8, ""content"": ""Señor Presidente, al proyecto en debate se le denomina “ley corta de pensiones”, porque intenta corregir un problema que se generó con la creación de la PGU, en enero del año pasado, en las postrimerías del gobierno de Sebastián Piñera.\n\nLo primero que uno debe despejar es la razón que se tiene para corregir algo. Lo planteo así, porque legislar bajo presión y con premura nos llevó a cometer algunos errores en las definiciones del 10 por ciento más rico, que es el que no está incluido en la PGU -en un país solidario como Chile esa debiera ser la norma-, y se estableció una focalización, es decir, cómo se cuantifica ese 10 por ciento más rico. Eso generó algunas confusiones, que son las que hoy se corrigen."", ""content_sha256"": ""982d09f74164464cebd5fc785475d89c307175f807ae8e0ba2538e306dbf6410"", ""same_utterance"": true}","{""unit_id"": ""utt_8f0f0c34eaba2b5f9365::p0005"", ""utterance_id"": ""utt_8f0f0c34eaba2b5f9365"", ""paragraph_number"": 5, ""paragraph_start"": 5, ""paragraph_end"": 5, ""block_paragraph_count"": 1, ""paragraph_count"": 8, ""content"": ""Pero nadie puede pensar que el Estado por sí solo puede resolver todos los problemas previsionales que tiene Chile, aun con la PGU, que ha significado el gasto más grande del Estado, cercano al 2 por ciento del producto interno bruto, cantidad que todos los años se entrega a nuestros adultos mayores. A pesar de los avances, basta considerar una cifra que nos dice cuál es la brecha: el 72 por ciento de nuestros adultos mayores recibe como pensión menos que el salario mínimo. Es decir, antes de jubilar, con un salario mínimo apenas sustentaban sus vidas, y ahora, como adultos mayores, teniendo gastos mayores por enfermedad y de todo tipo, el 72 por ciento recibe menos que el salario mínimo."", ""content_sha256"": ""0539ffa79ca0f27d89833e41082f61883fcb7f545cc066fb809a5ed87b88c8da"", ""same_utterance"": true}"
21538,19,utt_f3ddaf7e7f9689a46adb::p0008-p0010,output/validation/validation_20260903T203413684795Z_a63b3b9d.json,Preferencia general por corregir el sistema,Mantener `no_statements`. Se apoya corregir un problema técnico y seguir mejorando las pensiones sin identificar una razón específica del libro. Votar a favor no sustituye la justificación requerida.,96,no_statements,,,"Por eso, Presidenta , esta iniciativa, que resuelve un problema técnico que debimos haber previsto en la tramitación de la ley original, evidentemente que la vamos a aprobar en su totalidad. Con ello estaremos dando un paso adelante bastante grande desde las recordadas pensiones de vejez e invalidez de años atrás, que se agrega a la reforma de pensiones del primer Gobierno de la Presidenta Bachelet y para qué decir a la PGU. Nos queda el cuarto paso, que es mejorar definitivamente el sistema de jubilaciones y pensiones de nuestro país.

Voto a favor, Presidenta .

Muchas gracias.",[],"{""unit_id"": ""utt_f3ddaf7e7f9689a46adb::p0007"", ""utterance_id"": ""utt_f3ddaf7e7f9689a46adb"", ""paragraph_number"": 7, ""paragraph_start"": 7, ""paragraph_end"": 7, ""block_paragraph_count"": 1, ""paragraph_count"": 10, ""content"": ""Este proyecto impone, evidentemente, algunas exigencias, como es establecer una mayor operatividad entre los organismos públicos para asegurar -aquí lo ha señalado el Senador Coloma- el mecanismo de accesibilidad respecto de la información que tienen que proveer los servicios públicos. Evidentemente, el instrumento de focalización generó muchos rechazos, y este proyecto, afortunadamente, se hace cargo de eso y lo corrige."", ""content_sha256"": ""5552a23662270952eac8cab615ea6c60c01d06990a9f74bb695a0ead49eaccec"", ""same_utterance"": true}","{""unit_id"": ""utt_b1a554e83bfa8e2aad15::p0001-p0004"", ""utterance_id"": ""utt_b1a554e83bfa8e2aad15"", ""paragraph_number"": 1, ""paragraph_start"": 1, ""paragraph_end"": 4, ""block_paragraph_count"": 4, ""paragraph_count"": 10, ""content"": ""Gracias, Presidenta.\n\nEn primer lugar, saludo a quienes nos acompañan, la Ministra del Trabajo , el Ministro de Hacienda , el Subsecretario .\n\nSeré muy breve.\n\nPor supuesto, voy a votar a favor. Me parece sumamente relevante que hayamos conseguido avanzar a esta pensión garantizada universal, partiendo con lo que fue la reforma de la Presidenta Bachelet, que permitió ese pilar solidario tan importante, fundamentalmente para las mujeres."", ""content_sha256"": ""465dd66c2d243e831e288da85bed74862d136d74316d64ee75c7b2d8ce68fbfd"", ""same_utterance"": false}"
21538,20,utt_0deedd57a4d8e7017f09::p0003s001,output/validation/validation_20260903T203413684795Z_a63b3b9d.json,Nómina con corte dentro de un nombre,"Mantener `no_statements` y `vote`. Se separa «Muñoz» de «González, Francesca». La nueva regla absorbe el encabezado breve anterior, pero persiste el corte interno entre bloques largos. Conviene tratar las nóminas como registros de votación y decidir explícitamente su inclusión en las llamadas al LLM.",150,no_statements,,vote,"Acevedo Sáez , María Candelaria , Concha Smith, Sara , Matheson Villán , Christian , Romero Leiva , Agustín , Aedo Jeldres , Eric , Cordero Velásquez , María Luisa , Medina Vásquez , Karen , Romero Sáez , Leonidas , Ahumada Palma , Yovana , Cuello Peña y Lillo , Luis Alberto , Mellado Pino , Cosme , Romero Talguia , Natalia , Alessandri Vergara , Jorge , De Rementería Venegas , Tomás , Mellado Suazo , Miguel , Sáez Quiroz , Jaime , Alinco Bustos , René , Del Real Mihovilovic , Catalina , Melo Contreras , Daniel , Saffirio Espinoza , Jorge , Araya Guerrero , Jaime , Delgado Riquelme , Viviana , Meza Pereira , José Carlos , Sagardia Cabezas, Clara , Araya Lerdo de Tejada, Cristián , Donoso Castro , Felipe , Mix Jiménez , Claudia , Sánchez Ossa , Luis , Arce Castro , Mónica , Durán Espinoza , Jorge , Molina Milman , Helia , Santana Castillo, Juan , Arroyo Muñoz , Roberto , Durán Salinas , Eduardo , Morales Alvarado , Javiera , Santibáñez Novoa , Marisela , Astudillo Peiretti , Danisa , Fries Monleón , Lorena , Moreno Bascur , Benjamín , Schalper Sepúlveda , Diego , Barrera Moreno , Boris , Fuenzalida Cobo, Juan , Mulet Martínez , Jaime , Schneider Videla , Emilia , Barría Angulo , Héctor , Gazmuri Vieira, Ana María , Muñoz",[],"{""unit_id"": ""utt_0deedd57a4d8e7017f09::p0001-p0002"", ""utterance_id"": ""utt_0deedd57a4d8e7017f09"", ""paragraph_number"": 1, ""paragraph_start"": 1, ""paragraph_end"": 2, ""block_paragraph_count"": 2, ""paragraph_count"": 5, ""content"": ""Aprobado.\n\n-Votaron por la afirmativa:"", ""content_sha256"": ""5aafc0e6f9e9b3f2e2894cd26121f8b5ffbe83e4961ebff439f6e88d01762a7b"", ""same_utterance"": true}","{""unit_id"": ""utt_0deedd57a4d8e7017f09::p0003s002"", ""utterance_id"": ""utt_0deedd57a4d8e7017f09"", ""paragraph_number"": 3, ""paragraph_start"": 3, ""paragraph_end"": 3, ""block_paragraph_count"": 1, ""paragraph_count"": 5, ""content"": ""González , Francesca , Schubert Rubio , Stephan , Becker Alvear , Miguel Ángel , Giordano Salazar , Andrés , Naveillan Arriagada , Gloria, Sepúlveda Soto , Alexis , Bello Campos, María Francisca , González Gatica , Félix , Ñanco Vásquez , Ericka , Serrano Salazar , Daniela , Beltrán Silva , Juan Carlos , González Olea , Marta , Ojeda Rebolledo , Mauricio , Soto Ferrada , Leonardo , Benavente Vergara , Gustavo , Guzmán Zepeda , Jorge , Olivera De La Fuente , Erika , Soto Mardones, Raúl , Berger Fett , Bernardo , Hertz Cádiz , Carmen , Orsini Pascal , Maite , Sulantay Olivares, Marco Antonio , Bernales Maldonado , Alejandro , Ibáñez Cotroneo , Diego , Ossandón Irarrázabal , Ximena , Tapia Ramos , Cristián , Bianchi Chelech , Carlos , Jiles Moreno , Pamela , Oyarzo Figueroa , Rubén Darío , Teao Drago , Hotuiti , Bobadilla Muñoz , Sergio , Jouannet Valderrama , Andrés , Palma Pérez , Hernán , Tello Rojas , Carolina , Bórquez Montecinos , Fernando , Jürgensen Rundshagen , Harry , Pérez Cartes , Marlene , Trisotti Martínez , Renzo , Bravo Salinas , Marta , Labbé Martínez , Cristian , Pérez Olea , Joanna , Ulloa Aguilera , Héctor , Bugueño Sotelo , Félix , Labra Besserer , Paula , Pérez Salinas , Catalina , Undurraga Gazitúa , Francisco , Bulnes Núñez , Mercedes , Lavín León , Joaquín ,"", ""content_sha256"": ""99c91ea3f7490de72c2a06c8d244e112adb3f74cee65bcdf46f32b366e153465"", ""same_utterance"": true}"
