law,old_unit_id,new_unit_id,old_sha256,new_sha256,old_words,new_words
21419,utt_c5aeaedcaf3f276cccc5::p0001-p0002,utt_c5aeaedcaf3f276cccc5::p0001-p0002,5959d162cef90ce4113fd8f33c19badd80c1ff7f28ccd7e61a937770b57981a4,5959d162cef90ce4113fd8f33c19badd80c1ff7f28ccd7e61a937770b57981a4,21,21
21419,utt_8e98432551801796a432::p0001-p0002,utt_8e98432551801796a432::p0001-p0002,7c4c998c30ab51c140ab1bb25ecc5643742e761ae5f71b6b7aef1b70c3335dd3,7c4c998c30ab51c140ab1bb25ecc5643742e761ae5f71b6b7aef1b70c3335dd3,132,132
21419,utt_8e98432551801796a432::p0003-p0004,utt_8e98432551801796a432::p0003-p0004,6776cba53e7a20d2ba8b05d4a736e42f1ff8a26fd2ffe867ad9f086660f80fc5,6776cba53e7a20d2ba8b05d4a736e42f1ff8a26fd2ffe867ad9f086660f80fc5,143,143
21419,utt_8e98432551801796a432::p0005,utt_8e98432551801796a432::p0005,7985f009d604629b59ba85756c9cdbe3afaf312dfd3ea363ec6bb32f764af796,7985f009d604629b59ba85756c9cdbe3afaf312dfd3ea363ec6bb32f764af796,118,118
21419,utt_8e98432551801796a432::p0006-p0008,utt_8e98432551801796a432::p0006-p0008,06e6fe71554f0a08950c26d16da3032ba740cceae12fb645f3f25392ec5a0d30,06e6fe71554f0a08950c26d16da3032ba740cceae12fb645f3f25392ec5a0d30,118,118
21419,utt_8e98432551801796a432::p0009,utt_8e98432551801796a432::p0009,f4b1c23a00953bf642e918b5aa99b754e8c8d29ac67212e96517356e06e9f04c,f4b1c23a00953bf642e918b5aa99b754e8c8d29ac67212e96517356e06e9f04c,75,75
21419,utt_8e98432551801796a432::p0010,utt_8e98432551801796a432::p0010,596494010fc51985721b748219bd952c75c72256d721338dd1cea681d9ffbe84,596494010fc51985721b748219bd952c75c72256d721338dd1cea681d9ffbe84,140,140
21419,utt_8e98432551801796a432::p0011-p0012,utt_8e98432551801796a432::p0011-p0012,5b7e0b0ca04cf682908b670160edd3c8da1bd1578f65a2f03cdb0149f9945e4d,5b7e0b0ca04cf682908b670160edd3c8da1bd1578f65a2f03cdb0149f9945e4d,109,109
21419,utt_8e98432551801796a432::p0013,utt_8e98432551801796a432::p0013,75349bea2eb82ec2a7bf5ec0d98ce41141d87edee9ff2678d4a0ec83d821ce13,75349bea2eb82ec2a7bf5ec0d98ce41141d87edee9ff2678d4a0ec83d821ce13,84,84
21419,utt_8e98432551801796a432::p0014-p0015,utt_8e98432551801796a432::p0014-p0015,1d50489cc7159555a3ec6c341b1d01adcc33bf562f6467d4b3c1c9f4712f785c,1d50489cc7159555a3ec6c341b1d01adcc33bf562f6467d4b3c1c9f4712f785c,125,125
21419,utt_8e98432551801796a432::p0016-p0017,utt_8e98432551801796a432::p0016-p0017,5787d3c60eb7d9d349a9104c038dbf17ef512e9bd37bdab58b221f0489017cf1,5787d3c60eb7d9d349a9104c038dbf17ef512e9bd37bdab58b221f0489017cf1,92,92
21419,utt_8e98432551801796a432::p0018,utt_8e98432551801796a432::p0018,0b7fcb4763a6b74ad123c571f6211857af8b467b0e0999e61051fe52520517cf,0b7fcb4763a6b74ad123c571f6211857af8b467b0e0999e61051fe52520517cf,66,66
21419,utt_8e98432551801796a432::p0019-p0020,utt_8e98432551801796a432::p0019-p0020,502fe45d841dc11cbff3269953975e97c9bef6226c24f2118f00ddc646d62cce,502fe45d841dc11cbff3269953975e97c9bef6226c24f2118f00ddc646d62cce,107,107
21419,utt_27fa1148233ba1b93098::p0001-p0002,utt_27fa1148233ba1b93098::p0001-p0002,0197621f1a6dce4b72bb04ee101b28ab91afe70b9eaf57ad44a50ab0f18b6076,0197621f1a6dce4b72bb04ee101b28ab91afe70b9eaf57ad44a50ab0f18b6076,32,32
21419,utt_6e536d62f8d7e71ff348::p0001-p0002,utt_6e536d62f8d7e71ff348::p0001-p0002,93aa56d3fe40f45bca1e3d5a362abf045821305fc33b32d8cb5f1412120d9122,93aa56d3fe40f45bca1e3d5a362abf045821305fc33b32d8cb5f1412120d9122,34,34
21419,utt_d18051ba9c20ae374ae1::p0001,utt_d18051ba9c20ae374ae1::p0001,a81365313b6666b4c46777eeb3540ba92c8979da049187ddfb916143ff09aa2e,a81365313b6666b4c46777eeb3540ba92c8979da049187ddfb916143ff09aa2e,5,5
21419,utt_22e14c4fc73cd0f82bff::p0001-p0002,utt_22e14c4fc73cd0f82bff::p0001-p0002,2d1f8a71a2faef46184a18525f5c572e56e9af81a64ab56023c2dd199b5ebba4,2d1f8a71a2faef46184a18525f5c572e56e9af81a64ab56023c2dd199b5ebba4,5,5
21419,utt_826958a471b195e53f39::p0001-p0002,utt_826958a471b195e53f39::p0001-p0002,43c4c751f567fceffa38e60ed7e28d12984d47b717549da902f0f0b4b4ff94cd,43c4c751f567fceffa38e60ed7e28d12984d47b717549da902f0f0b4b4ff94cd,138,138
21419,utt_826958a471b195e53f39::p0003-p0005,utt_826958a471b195e53f39::p0003-p0005,4cb1914380ebfa55d9485cc478b90bdb92eacb9dca2c34e0123b27295fd033c4,4cb1914380ebfa55d9485cc478b90bdb92eacb9dca2c34e0123b27295fd033c4,145,145
21419,utt_826958a471b195e53f39::p0006-p0011,utt_826958a471b195e53f39::p0006-p0011,0aa5c291ab2c25a82d060f8fac694362c5542e14a72c084d25f63f69e99b5f8c,0aa5c291ab2c25a82d060f8fac694362c5542e14a72c084d25f63f69e99b5f8c,118,118
21419,utt_826958a471b195e53f39::p0012-p0017,utt_826958a471b195e53f39::p0012-p0017,810c40af2cccf584a6a50e1f73de4e931563ebbc6a39748a5d9f72bd1c0e101e,810c40af2cccf584a6a50e1f73de4e931563ebbc6a39748a5d9f72bd1c0e101e,144,144
21419,utt_826958a471b195e53f39::p0018-p0020,utt_826958a471b195e53f39::p0018-p0020,a9f49df3ac82549e95d6264b73ad9ae619ec09e6c503c077b707e80e11ba7c4b,a9f49df3ac82549e95d6264b73ad9ae619ec09e6c503c077b707e80e11ba7c4b,129,129
21419,utt_826958a471b195e53f39::p0021-p0022,utt_826958a471b195e53f39::p0021-p0022,4ab0b40563f5bc837788b6ffa319bce7bb9153a770ff7c22914fdd0f01edfcb0,4ab0b40563f5bc837788b6ffa319bce7bb9153a770ff7c22914fdd0f01edfcb0,148,148
21419,utt_826958a471b195e53f39::p0023-p0027,utt_826958a471b195e53f39::p0023-p0027,768e1202b993f1b8b9b27993f73d129dca91a1509b7ec93436550586f60c88e6,768e1202b993f1b8b9b27993f73d129dca91a1509b7ec93436550586f60c88e6,121,121
21419,utt_826958a471b195e53f39::p0028,utt_826958a471b195e53f39::p0028,4e82c71948956ab877688b3fab574a511e69fdcf75a55e4556968e623789fa77,4e82c71948956ab877688b3fab574a511e69fdcf75a55e4556968e623789fa77,106,106
21419,utt_826958a471b195e53f39::p0029-p0030,utt_826958a471b195e53f39::p0029-p0030,14e852ee4ff3a1f4b64ed8866b40c7fda6510442acfbc1983f5931a1de831bdd,14e852ee4ff3a1f4b64ed8866b40c7fda6510442acfbc1983f5931a1de831bdd,97,97
21419,utt_826958a471b195e53f39::p0031-p0033,utt_826958a471b195e53f39::p0031-p0033,992fb1deb85adb53afb05e657737abdd50ff0fac892de9405b390628f0fa2cfe,992fb1deb85adb53afb05e657737abdd50ff0fac892de9405b390628f0fa2cfe,146,146
21419,utt_826958a471b195e53f39::p0034-p0035,utt_826958a471b195e53f39::p0034-p0035,5a3fc5cc1faeecad249ef2f41c6285910271e82b923f2ad52185243772737ed3,5a3fc5cc1faeecad249ef2f41c6285910271e82b923f2ad52185243772737ed3,52,52
21419,utt_b997e64d9406fa369c5c::p0001-p0002,utt_b997e64d9406fa369c5c::p0001-p0002,79a019a7519080e396d1a23445ed4b1ecce8b7146fed43748ec106440af3b63e,79a019a7519080e396d1a23445ed4b1ecce8b7146fed43748ec106440af3b63e,28,28
21419,utt_e8798607163c36e83e4e::p0001-p0002,utt_e8798607163c36e83e4e::p0001-p0002,0cf828711f9818a3a9ace92b610a4335ef6f82bbcec624ebb34c8a6bd922b0aa,0cf828711f9818a3a9ace92b610a4335ef6f82bbcec624ebb34c8a6bd922b0aa,70,70
21419,utt_e8798607163c36e83e4e::p0003,utt_e8798607163c36e83e4e::p0003,d0c1dc55a05b52ddda9c7a77f7ead04ac0d9822bedbf6f08ffb538d27e297780,d0c1dc55a05b52ddda9c7a77f7ead04ac0d9822bedbf6f08ffb538d27e297780,145,145
21419,utt_e8798607163c36e83e4e::p0004-p0005,utt_e8798607163c36e83e4e::p0004-p0005,39eae426cd48c9a2e31939554199a7fba73a44f3a01a09857ea9e9b7fe82862a,39eae426cd48c9a2e31939554199a7fba73a44f3a01a09857ea9e9b7fe82862a,109,109
21419,utt_e8798607163c36e83e4e::p0006,utt_e8798607163c36e83e4e::p0006,72b105216767e859a0fd6e26eec4fe49151b3c82c7f0e1224899c72599e7c15b,72b105216767e859a0fd6e26eec4fe49151b3c82c7f0e1224899c72599e7c15b,88,88
21419,utt_e8798607163c36e83e4e::p0007-p0010,utt_e8798607163c36e83e4e::p0007-p0010,d723823db4a542cc9bce98eb33b730af1c2e8511b1c11e8475cb9358883bd580,d723823db4a542cc9bce98eb33b730af1c2e8511b1c11e8475cb9358883bd580,144,144
21419,utt_e8798607163c36e83e4e::p0011,utt_e8798607163c36e83e4e::p0011,fff5adad7be890f7a4e5ff82723c994092959d0b0658e58a841e9cbeb77bdf34,fff5adad7be890f7a4e5ff82723c994092959d0b0658e58a841e9cbeb77bdf34,57,57
21419,utt_e8798607163c36e83e4e::p0012-p0013,utt_e8798607163c36e83e4e::p0012-p0013,f26a742e5ba9b19d321430b6b60f829dfa80ef3083aa5b55b8f6c404602fc02d,f26a742e5ba9b19d321430b6b60f829dfa80ef3083aa5b55b8f6c404602fc02d,106,106
21419,utt_e8798607163c36e83e4e::p0014,utt_e8798607163c36e83e4e::p0014,d3c8090fe1c6a20983aa10707b148d761b3eef066e25120c40500874d07a9da7,d3c8090fe1c6a20983aa10707b148d761b3eef066e25120c40500874d07a9da7,60,60
21419,utt_e8798607163c36e83e4e::p0015-p0016,utt_e8798607163c36e83e4e::p0015-p0016,ad3bba26a00116c132172a9fcae1f71670cdeb12036ac5e8da65022ce7c0bffe,ad3bba26a00116c132172a9fcae1f71670cdeb12036ac5e8da65022ce7c0bffe,94,94
21419,utt_e8798607163c36e83e4e::p0017-p0018,utt_e8798607163c36e83e4e::p0017-p0018,277ad36a74e2dd1398c31f2d8f5c094beb6c0b25387d5f2c260d31573387fcd0,277ad36a74e2dd1398c31f2d8f5c094beb6c0b25387d5f2c260d31573387fcd0,76,76
21419,utt_e8798607163c36e83e4e::p0019,utt_e8798607163c36e83e4e::p0019,07dd080f535a6da78f1506307b48da795e718981d3485707f3ab65c825062ad9,07dd080f535a6da78f1506307b48da795e718981d3485707f3ab65c825062ad9,94,94
21419,utt_e8798607163c36e83e4e::p0020-p0021,utt_e8798607163c36e83e4e::p0020-p0021,370a19a1ddfa2b3dd1fcba8965f19db68172b2febaa108b7471a4a84cb9389e5,370a19a1ddfa2b3dd1fcba8965f19db68172b2febaa108b7471a4a84cb9389e5,149,149
21419,utt_e8798607163c36e83e4e::p0022-p0024,utt_e8798607163c36e83e4e::p0022-p0024,85d78174b5c073721cbe759b6a172ed8fb39c60e3eb3bcd9a4c8157ba0ab1130,85d78174b5c073721cbe759b6a172ed8fb39c60e3eb3bcd9a4c8157ba0ab1130,104,104
21419,utt_e8798607163c36e83e4e::p0025-p0026,utt_e8798607163c36e83e4e::p0025-p0026,53c66f20db5ffd68126b127800157957c0ae38ad1fe82022b4667cf410fa5310,53c66f20db5ffd68126b127800157957c0ae38ad1fe82022b4667cf410fa5310,75,75
21419,utt_e8798607163c36e83e4e::p0027-p0029,utt_e8798607163c36e83e4e::p0027-p0029,349c48871939a45197c7853e1dea0a3439200d7f9a9b0c36e69482cd6f7a7ae8,349c48871939a45197c7853e1dea0a3439200d7f9a9b0c36e69482cd6f7a7ae8,146,146
21419,utt_e8798607163c36e83e4e::p0030-p0033,utt_e8798607163c36e83e4e::p0030-p0033,72080b871b2180f09d20296d85678352f19aa5ccec80f50491403669916e1e84,72080b871b2180f09d20296d85678352f19aa5ccec80f50491403669916e1e84,147,147
21419,utt_e8798607163c36e83e4e::p0034-p0036,utt_e8798607163c36e83e4e::p0034-p0036,beb9c1d0f21646156d511ba7d97c21b839ad7e534c997ef0ebda8d4603b74fdc,beb9c1d0f21646156d511ba7d97c21b839ad7e534c997ef0ebda8d4603b74fdc,91,91
21419,utt_e8798607163c36e83e4e::p0037,utt_e8798607163c36e83e4e::p0037,63334c634bc66c648e74f467cd92df02b5854f87fb09ccf359c77d93682bf592,63334c634bc66c648e74f467cd92df02b5854f87fb09ccf359c77d93682bf592,50,50
21419,utt_e8798607163c36e83e4e::p0038-p0040,utt_e8798607163c36e83e4e::p0038-p0040,e7791e328c1384e5c7f60be22b0a2ee4fd37210fed88a9d9c9e319a711773a8d,e7791e328c1384e5c7f60be22b0a2ee4fd37210fed88a9d9c9e319a711773a8d,136,136
21419,utt_e8798607163c36e83e4e::p0041-p0043,utt_e8798607163c36e83e4e::p0041-p0043,bbd2b311b339cee0d162b1758bf8c7934c49d65b572faf64c074f621f716f126,bbd2b311b339cee0d162b1758bf8c7934c49d65b572faf64c074f621f716f126,112,112
21419,utt_e8798607163c36e83e4e::p0044,utt_e8798607163c36e83e4e::p0044,eea5c0b5cd3c10ee04af07bfb7eba175e70f9088baad117af97f158c3551aea8,eea5c0b5cd3c10ee04af07bfb7eba175e70f9088baad117af97f158c3551aea8,55,55
21419,utt_e8798607163c36e83e4e::p0045-p0046,utt_e8798607163c36e83e4e::p0045-p0046,532cbcce5c0319091bb350eef85ae8eea329b59dbdab47b5b3a21be54336c640,532cbcce5c0319091bb350eef85ae8eea329b59dbdab47b5b3a21be54336c640,78,78
21419,utt_e8798607163c36e83e4e::p0047,utt_e8798607163c36e83e4e::p0047,678bd5bb8b886bb0dcc2a8a8fc95972a82062c977ca4734bc41c57d2b57b2f3e,678bd5bb8b886bb0dcc2a8a8fc95972a82062c977ca4734bc41c57d2b57b2f3e,105,105
21419,utt_e8798607163c36e83e4e::p0048-p0050,utt_e8798607163c36e83e4e::p0048-p0050,b2f1e322c06ec7fde89408cc834a88afbba28955d87499745c43534c668df2d6,b2f1e322c06ec7fde89408cc834a88afbba28955d87499745c43534c668df2d6,136,136
21419,utt_e8798607163c36e83e4e::p0051-p0052,utt_e8798607163c36e83e4e::p0051-p0052,07c368926c0751b3e4b695275b2f05ecba3a418efae1c0d4a21c572d66291856,07c368926c0751b3e4b695275b2f05ecba3a418efae1c0d4a21c572d66291856,73,73
21419,utt_5d08c825f06e1f85d095::p0001-p0003,utt_5d08c825f06e1f85d095::p0001-p0003,05e5c550588c11bf4ed3484ca07423aadda08c791b5918980faa97ce7650b1bb,05e5c550588c11bf4ed3484ca07423aadda08c791b5918980faa97ce7650b1bb,28,28
21419,utt_d5e76a530218d17dd5c0::p0001-p0003,utt_d5e76a530218d17dd5c0::p0001-p0003,33756a22836dcf36488ef8ea0053ec2168547a081aaae7f81125db72b2a488ec,33756a22836dcf36488ef8ea0053ec2168547a081aaae7f81125db72b2a488ec,38,38
21419,utt_72e68f07ecb0fb82250e::p0001,utt_72e68f07ecb0fb82250e::p0001,b92bbce6c928c3507a03c85c674f3a318166b12ecb9976c11e124df93be4dd01,b92bbce6c928c3507a03c85c674f3a318166b12ecb9976c11e124df93be4dd01,5,5
21419,utt_bbc13cd9ec82d4efe736::p0001-p0002,utt_bbc13cd9ec82d4efe736::p0001-p0002,7623afbb2c7de8e0adc1520d4c8101f0b5c29543119d97b183e037fb5d9ded21,7623afbb2c7de8e0adc1520d4c8101f0b5c29543119d97b183e037fb5d9ded21,12,12
21419,utt_35cc05eb1352dd190800::p0001-p0002,utt_35cc05eb1352dd190800::p0001-p0002,a19a604f34aad919c25f2eec48a935028f6532958b2bf97f566e77252b324277,a19a604f34aad919c25f2eec48a935028f6532958b2bf97f566e77252b324277,14,14
21419,utt_853f27b171a2afde5de9::p0001,utt_853f27b171a2afde5de9::p0001,95b59d244f8464a9d54b881ad2717b8dc4485a0b86b7f62ab68293c2b4d1e784,95b59d244f8464a9d54b881ad2717b8dc4485a0b86b7f62ab68293c2b4d1e784,23,23
21419,utt_803a3863300c9cea5285::p0001-p0002,utt_803a3863300c9cea5285::p0001-p0002,0c0502b788ebe2bb54b0a1c9d9d2d696924c91ecc0b7d0fc2fd1a2043bcaec93,0c0502b788ebe2bb54b0a1c9d9d2d696924c91ecc0b7d0fc2fd1a2043bcaec93,35,35
21419,utt_1754e70b195d81422137::p0001-p0002,utt_1754e70b195d81422137::p0001-p0002,540170060b260c3937a452bf92aa51ee8172381359835c9bd5fc315062371134,540170060b260c3937a452bf92aa51ee8172381359835c9bd5fc315062371134,12,12
21419,utt_9ea3e683600f69ba7b75::p0001,utt_9ea3e683600f69ba7b75::p0001,20e16659579dff46e05103ca4d7fac344ff4729a55dafabc055eaa3287300192,20e16659579dff46e05103ca4d7fac344ff4729a55dafabc055eaa3287300192,8,8
21419,utt_9d0ace777b000c2c7311::p0001-p0003,utt_9d0ace777b000c2c7311::p0001-p0003,bd64ec8abf29b0c56d56276130baf5faf3578955f4213ae861d305b1f8161abf,bd64ec8abf29b0c56d56276130baf5faf3578955f4213ae861d305b1f8161abf,23,23
21419,utt_6b31c5961c54e32d6ed1::p0001,utt_6b31c5961c54e32d6ed1::p0001,ae9995617d3d80ff484f3d0b57a2eee222d30e602f3bc8a057fc36d58dee4188,ae9995617d3d80ff484f3d0b57a2eee222d30e602f3bc8a057fc36d58dee4188,5,5
21419,utt_0a2f90dd109fb6c812c8::p0001-p0002,utt_0a2f90dd109fb6c812c8::p0001-p0002,b4f295bc81e55118277ca5d0f8f4d3df021c0415b95a5955c1570605ff345214,b4f295bc81e55118277ca5d0f8f4d3df021c0415b95a5955c1570605ff345214,25,25
21419,utt_a79df0c5e427a36f6d0c::p0001-p0003,utt_a79df0c5e427a36f6d0c::p0001-p0003,2482df97fefc9e191289eeb1dea3c8d38631034a98fc93ed7d2fa52048719eca,2482df97fefc9e191289eeb1dea3c8d38631034a98fc93ed7d2fa52048719eca,6,6
21419,utt_fc7120ab42e492ed5b23::p0001,utt_fc7120ab42e492ed5b23::p0001,522c790eb19f80cf7e37da43879a4289b3a3fecebe84ce50acf43e730ce8e733,522c790eb19f80cf7e37da43879a4289b3a3fecebe84ce50acf43e730ce8e733,11,11
21419,utt_760c32fa86a5d52dc3e4::p0001-p0004,utt_760c32fa86a5d52dc3e4::p0001-p0004,8eda564bb73de055b5953881386f875fa0ce627a5da0e605d3c32c113863fca6,8eda564bb73de055b5953881386f875fa0ce627a5da0e605d3c32c113863fca6,122,122
21419,utt_760c32fa86a5d52dc3e4::p0005-p0008,utt_760c32fa86a5d52dc3e4::p0005-p0008,b18783b5e55af155b2cab60cf8ddabee4020941e3419d4f43821eb24682b85fc,b18783b5e55af155b2cab60cf8ddabee4020941e3419d4f43821eb24682b85fc,140,140
21419,utt_760c32fa86a5d52dc3e4::p0009-p0011,utt_760c32fa86a5d52dc3e4::p0009-p0011,f4071fb973af5ddde6afb4ffbb941a22967cff21c9d3b6bad059b2fc0bebadb2,f4071fb973af5ddde6afb4ffbb941a22967cff21c9d3b6bad059b2fc0bebadb2,96,96
21419,utt_760c32fa86a5d52dc3e4::p0012-p0013,utt_760c32fa86a5d52dc3e4::p0012-p0013,96d00437d5947e6fe3ddc395bee1f21372bd368d426e794e418583b2310ccf53,96d00437d5947e6fe3ddc395bee1f21372bd368d426e794e418583b2310ccf53,98,98
21419,utt_760c32fa86a5d52dc3e4::p0014,utt_760c32fa86a5d52dc3e4::p0014,4ee5a5605651b3993745110a26d5e08720a453ffff2f3db5450079e085755843,4ee5a5605651b3993745110a26d5e08720a453ffff2f3db5450079e085755843,62,62
21419,utt_760c32fa86a5d52dc3e4::p0015-p0018,utt_760c32fa86a5d52dc3e4::p0015-p0018,0662512d7dd2e57c5910074c35e7c791ac3042ce3cf749df2ec22cd49b705dd8,0662512d7dd2e57c5910074c35e7c791ac3042ce3cf749df2ec22cd49b705dd8,88,88
21419,utt_bf55404ea74abecc98a2::p0001-p0002,utt_bf55404ea74abecc98a2::p0001-p0002,fb87977bd0072c8d55bd51f17905b0c48545f4d0ffbd072a08d6bb2474845508,fb87977bd0072c8d55bd51f17905b0c48545f4d0ffbd072a08d6bb2474845508,19,19
21419,utt_346624259d2071684cbb::p0001-p0004,utt_346624259d2071684cbb::p0001-p0004,c010b2b2b6a8594858a4e00b7e28cd0ae90d3a87e6a675ac956e1674eab99415,c010b2b2b6a8594858a4e00b7e28cd0ae90d3a87e6a675ac956e1674eab99415,142,142
21419,utt_346624259d2071684cbb::p0005-p0008,utt_346624259d2071684cbb::p0005-p0008,be2c8c3706cb0bf1e29b19ef0b4b4dac01bd84c8ed974ccd2398414bfad5e98d,be2c8c3706cb0bf1e29b19ef0b4b4dac01bd84c8ed974ccd2398414bfad5e98d,119,119
21419,utt_346624259d2071684cbb::p0009-p0010,utt_346624259d2071684cbb::p0009-p0010,a4eaaf191edf459bae59971a9b1ee3e130f64c7c179fe327718a7fa1c979d52a,a4eaaf191edf459bae59971a9b1ee3e130f64c7c179fe327718a7fa1c979d52a,91,91
21419,utt_346624259d2071684cbb::p0011,utt_346624259d2071684cbb::p0011,42bcbd052818cee70c5d3a229cd5c1a7f78220f502bf34285d029e2056a0b807,42bcbd052818cee70c5d3a229cd5c1a7f78220f502bf34285d029e2056a0b807,55,55
21419,utt_346624259d2071684cbb::p0012-p0014,utt_346624259d2071684cbb::p0012-p0014,a2157e1c3e0b15dc8708290e50537ecf0a354ecd3db3452ff69b034a9d93732a,a2157e1c3e0b15dc8708290e50537ecf0a354ecd3db3452ff69b034a9d93732a,137,137
21419,utt_346624259d2071684cbb::p0015,utt_346624259d2071684cbb::p0015,4921f8acc1a4fb1ed7b9e55d288f5ce92bf1ed5037630ba13f5cc728c004daa5,4921f8acc1a4fb1ed7b9e55d288f5ce92bf1ed5037630ba13f5cc728c004daa5,58,58
21419,utt_346624259d2071684cbb::p0016,utt_346624259d2071684cbb::p0016,95b02f76e0b7cd729f1518e81f088cb05be5abd63ad1eb4dd8a903bcd3526514,95b02f76e0b7cd729f1518e81f088cb05be5abd63ad1eb4dd8a903bcd3526514,57,57
21419,utt_346624259d2071684cbb::p0017,utt_346624259d2071684cbb::p0017,25e8c679981a1a984aa7c8167424c20de648c101fa8ed64dc6ba4a4159e01f47,25e8c679981a1a984aa7c8167424c20de648c101fa8ed64dc6ba4a4159e01f47,73,73
21419,utt_346624259d2071684cbb::p0018-p0020,utt_346624259d2071684cbb::p0018-p0020,217be714d67902f527e9b69f80762890267aaf6d5873aa38a87ccc85cb5cf9ed,217be714d67902f527e9b69f80762890267aaf6d5873aa38a87ccc85cb5cf9ed,59,59
21419,utt_8cf23b291becdb87d7b4::p0001-p0003,utt_8cf23b291becdb87d7b4::p0001-p0003,ad0df3a44b31c257964deb5bac9cf1e540cc5b3f2a2b0efe1ad4a2f948198cc6,ad0df3a44b31c257964deb5bac9cf1e540cc5b3f2a2b0efe1ad4a2f948198cc6,134,134
21419,utt_8cf23b291becdb87d7b4::p0004-p0007,utt_8cf23b291becdb87d7b4::p0004-p0007,b5aa954ca1283e9ea2f08f89f7f0a42fbeac5c87ced3b9cccd804dd83f92850a,b5aa954ca1283e9ea2f08f89f7f0a42fbeac5c87ced3b9cccd804dd83f92850a,126,126
21419,utt_8cf23b291becdb87d7b4::p0008-p0009,utt_8cf23b291becdb87d7b4::p0008-p0009,635ce1f9b1803208b2687cc0ee21f0afd858bfc1bfe8eb63a469cf6f9a92d3d5,635ce1f9b1803208b2687cc0ee21f0afd858bfc1bfe8eb63a469cf6f9a92d3d5,98,98
21419,utt_8cf23b291becdb87d7b4::p0010,utt_8cf23b291becdb87d7b4::p0010,ff3499a1972cd660595bca70edaedd8aee1cced30d05e0b1ef0abd9f3bf6e50d,ff3499a1972cd660595bca70edaedd8aee1cced30d05e0b1ef0abd9f3bf6e50d,123,123
21419,utt_8cf23b291becdb87d7b4::p0011-p0013,utt_8cf23b291becdb87d7b4::p0011-p0013,21c8e40bc7367db098d1d930577103a93548df0be1ecd8d7fd291a7a89ebb177,21c8e40bc7367db098d1d930577103a93548df0be1ecd8d7fd291a7a89ebb177,138,138
21419,utt_8cf23b291becdb87d7b4::p0014-p0017,utt_8cf23b291becdb87d7b4::p0014-p0017,16d5ece31aa246252524f26e1fce4f9f4c4d94a1028f71ed735a314706ab675f,16d5ece31aa246252524f26e1fce4f9f4c4d94a1028f71ed735a314706ab675f,145,145
21419,utt_ea5dd8277fa9138ba1f6::p0001-p0002,utt_ea5dd8277fa9138ba1f6::p0001-p0002,51176c7fb0d35cabffa29fa2547d7907eb5059b73e6309c7338ff2f30944f741,51176c7fb0d35cabffa29fa2547d7907eb5059b73e6309c7338ff2f30944f741,10,10
21419,utt_e7c4cd7d73b91a700390::p0001-p0003,utt_e7c4cd7d73b91a700390::p0001-p0003,84755c286aaa51ec85db2f552f5264baee5d4af899b5a9b8affb102c31c521f2,84755c286aaa51ec85db2f552f5264baee5d4af899b5a9b8affb102c31c521f2,21,21
21419,utt_ebf7e3744ad319130b60::p0001-p0003,utt_ebf7e3744ad319130b60::p0001-p0003,e52a454339dd399e57097f1755c6618279cae3dcd91eb847031bf38ce84953d7,e52a454339dd399e57097f1755c6618279cae3dcd91eb847031bf38ce84953d7,119,119
21419,utt_ebf7e3744ad319130b60::p0004,utt_ebf7e3744ad319130b60::p0004,45a3a67868336a679185339e46a85fdeb88918be0e6a7e62cb73c3e258b2c4bc,45a3a67868336a679185339e46a85fdeb88918be0e6a7e62cb73c3e258b2c4bc,55,55
21419,utt_ebf7e3744ad319130b60::p0005,utt_ebf7e3744ad319130b60::p0005,33c04d108857015e670b3821279e031fda34d4ce91570fbfc521db5bcdd2df82,33c04d108857015e670b3821279e031fda34d4ce91570fbfc521db5bcdd2df82,76,76
21419,utt_ebf7e3744ad319130b60::p0006,utt_ebf7e3744ad319130b60::p0006,9bda3377f3378a9083583780363a22202a7a6ed9c458c44428ad16bd99e210ca,9bda3377f3378a9083583780363a22202a7a6ed9c458c44428ad16bd99e210ca,75,75
21419,utt_ebf7e3744ad319130b60::p0007-p0008,utt_ebf7e3744ad319130b60::p0007-p0008,5f0fd1761fd6b4b8f4714a7aa8e3e1f41fe6d6ed93378deb19a140bf1e7ed360,5f0fd1761fd6b4b8f4714a7aa8e3e1f41fe6d6ed93378deb19a140bf1e7ed360,148,148
21419,utt_ebf7e3744ad319130b60::p0009,utt_ebf7e3744ad319130b60::p0009,d553783140737266c60af6f571bc0e384179aa309f06bc9c938dbcf115b127ad,d553783140737266c60af6f571bc0e384179aa309f06bc9c938dbcf115b127ad,72,72
21419,utt_ebf7e3744ad319130b60::p0010-p0011,utt_ebf7e3744ad319130b60::p0010-p0011,72f47cd472867b447b2d528e670ebd1cba7b7d5d9f6a7e99d0ac29ce620cabc9,72f47cd472867b447b2d528e670ebd1cba7b7d5d9f6a7e99d0ac29ce620cabc9,105,105
21419,utt_ebf7e3744ad319130b60::p0012,utt_ebf7e3744ad319130b60::p0012,67e87c92420be742d3d4d8e3c020124ac1aa79732ff44617b7e5ef0f23798f1d,67e87c92420be742d3d4d8e3c020124ac1aa79732ff44617b7e5ef0f23798f1d,82,82
21419,utt_ebf7e3744ad319130b60::p0013,utt_ebf7e3744ad319130b60::p0013,1f435f8c743000e994372de41d6143c43b5ee44b1ab62fddaeba90d51f9718b0,1f435f8c743000e994372de41d6143c43b5ee44b1ab62fddaeba90d51f9718b0,98,98
21419,utt_ebf7e3744ad319130b60::p0014,utt_ebf7e3744ad319130b60::p0014,03b7dbe2aef22844c4f77cddd6430061dd3ccb6c6530517bb66bcd9393675ad7,03b7dbe2aef22844c4f77cddd6430061dd3ccb6c6530517bb66bcd9393675ad7,118,118
21419,utt_ebf7e3744ad319130b60::p0015-p0016,utt_ebf7e3744ad319130b60::p0015-p0016,089f4b935dd850984821ebf13fd3982c84746529efa786bf279565b5eaaf231b,089f4b935dd850984821ebf13fd3982c84746529efa786bf279565b5eaaf231b,95,95
21419,utt_0db291c138335817611a::p0001-p0002,utt_0db291c138335817611a::p0001-p0002,b994075f9bdc7409d4f3929985825f82fb0215bf835a2c68a41b990c26028993,b994075f9bdc7409d4f3929985825f82fb0215bf835a2c68a41b990c26028993,53,53
21419,utt_0db291c138335817611a::p0003,utt_0db291c138335817611a::p0003,af7dea6077f85f5e24ed4a660c4485274c7df36ef4e3b5d93d6ffbc3ace3b213,af7dea6077f85f5e24ed4a660c4485274c7df36ef4e3b5d93d6ffbc3ace3b213,66,66
21419,utt_0db291c138335817611a::p0004-p0005,utt_0db291c138335817611a::p0004-p0005,0bb63ef97c149196fbd7d25e02ef1210b4184ba29d16e72a43b8e8db8cc24651,0bb63ef97c149196fbd7d25e02ef1210b4184ba29d16e72a43b8e8db8cc24651,118,118
21419,utt_0db291c138335817611a::p0006,utt_0db291c138335817611a::p0006,8f57d2ea866d175433fd6cd4f54fa63c5d27373f777ac9f91409cddd982e26bd,8f57d2ea866d175433fd6cd4f54fa63c5d27373f777ac9f91409cddd982e26bd,103,103
21419,utt_0db291c138335817611a::p0007-p0009,utt_0db291c138335817611a::p0007-p0009,ee42580cfe457e6ce77a0d5149aa36053545a9472a8352f820a09c07a9cc0b05,ee42580cfe457e6ce77a0d5149aa36053545a9472a8352f820a09c07a9cc0b05,94,94
21419,utt_0db291c138335817611a::p0010,utt_0db291c138335817611a::p0010,450585b09353ae7dce4810e6990e9f48c8fc644736c4138febca859917caac95,450585b09353ae7dce4810e6990e9f48c8fc644736c4138febca859917caac95,145,145
21419,utt_0db291c138335817611a::p0011,utt_0db291c138335817611a::p0011,2ff2e93b1413e920ac97bdb14b596826f55277c18e61c7937f63d2cdfb8432a9,2ff2e93b1413e920ac97bdb14b596826f55277c18e61c7937f63d2cdfb8432a9,87,87
21419,utt_0db291c138335817611a::p0012,utt_0db291c138335817611a::p0012,17d15cc8c76370ce34f65d8b557955d9a81b1f666c1aa802fa4435e53f9e152d,17d15cc8c76370ce34f65d8b557955d9a81b1f666c1aa802fa4435e53f9e152d,67,67
21419,utt_0db291c138335817611a::p0013,utt_0db291c138335817611a::p0013,e618c044fbd11c9372ca0952abb6ce5add12f7737095c0d091f749bff6abd3b7,e618c044fbd11c9372ca0952abb6ce5add12f7737095c0d091f749bff6abd3b7,82,82
21419,utt_0db291c138335817611a::p0014-p0017,utt_0db291c138335817611a::p0014-p0017,8629b5c5551bab4e282008ddae9de3a240cfd173830c343243f214648afa455c,8629b5c5551bab4e282008ddae9de3a240cfd173830c343243f214648afa455c,148,148
21419,utt_89eac50d19f5a1cd8d3f::p0001-p0002,utt_89eac50d19f5a1cd8d3f::p0001-p0002,fdcec884001d6429b5bfa10d3a9333687ee9e43e69fa88d70160a57cedd88995,fdcec884001d6429b5bfa10d3a9333687ee9e43e69fa88d70160a57cedd88995,17,17
21419,utt_f3dfdf4339c9855bb809::p0001-p0005,utt_f3dfdf4339c9855bb809::p0001-p0005,7627228e201632317fe3e4df884efa84a7339a20c7fc30f8bc5c7b5fde92e15d,7627228e201632317fe3e4df884efa84a7339a20c7fc30f8bc5c7b5fde92e15d,130,130
21419,utt_f3dfdf4339c9855bb809::p0006-p0008,utt_f3dfdf4339c9855bb809::p0006-p0008,024cace0b0cb1dce8e044d69a89686779e029c171bf0cc834e3f2cf078172da6,024cace0b0cb1dce8e044d69a89686779e029c171bf0cc834e3f2cf078172da6,117,117
21419,utt_f3dfdf4339c9855bb809::p0009-p0012,utt_f3dfdf4339c9855bb809::p0009-p0012,50bfb463a92597cb79195ae2498ef7abf29ca6ebbcc0dd4c558e2bd5ce8bb8f3,50bfb463a92597cb79195ae2498ef7abf29ca6ebbcc0dd4c558e2bd5ce8bb8f3,131,131
21419,utt_f3dfdf4339c9855bb809::p0013-p0017,utt_f3dfdf4339c9855bb809::p0013-p0017,84f0e6ee589f366ec5cf4f03c11957f4c8143ba2f7874d3562a37a8e4e689cb3,84f0e6ee589f366ec5cf4f03c11957f4c8143ba2f7874d3562a37a8e4e689cb3,143,143
21419,utt_f3dfdf4339c9855bb809::p0018-p0019,utt_f3dfdf4339c9855bb809::p0018-p0019,3230f8f9e7f2619e3461dd592c63337e96a4df2b69e9d484a6850ed1a3deb021,3230f8f9e7f2619e3461dd592c63337e96a4df2b69e9d484a6850ed1a3deb021,74,74
21419,utt_42b986aab209243ec3ac::p0001-p0002,utt_42b986aab209243ec3ac::p0001-p0002,c16aadb1707f6b3e01425587d4aabb45ffdd52ed049be2599348334c3fc19bfb,c16aadb1707f6b3e01425587d4aabb45ffdd52ed049be2599348334c3fc19bfb,13,13
21419,utt_7fc73dffd2b779cd007d::p0001-p0004,utt_7fc73dffd2b779cd007d::p0001-p0004,23bdf31dad523ba00640dd9a7f865895fe0dae21bf6a8e557600ebd7ebabd4ee,23bdf31dad523ba00640dd9a7f865895fe0dae21bf6a8e557600ebd7ebabd4ee,149,149
21419,utt_7fc73dffd2b779cd007d::p0005-p0008,utt_7fc73dffd2b779cd007d::p0005-p0008,5ff69342b0fb810247e43471bdf619897000ce15ad63d42f492d2d68fd817963,5ff69342b0fb810247e43471bdf619897000ce15ad63d42f492d2d68fd817963,143,143
21419,utt_7fc73dffd2b779cd007d::p0009-p0011,utt_7fc73dffd2b779cd007d::p0009-p0011,0d738b394e4563d7af7b19bc0fc6f70719db0e8034cd997cbe6f566c8aeabf72,0d738b394e4563d7af7b19bc0fc6f70719db0e8034cd997cbe6f566c8aeabf72,124,124
21419,utt_7fc73dffd2b779cd007d::p0012-p0013,utt_7fc73dffd2b779cd007d::p0012-p0013,bf15b9ec5c586ccaf6ffc6d6079812af274d91f099ce4493bcb79de971249c58,bf15b9ec5c586ccaf6ffc6d6079812af274d91f099ce4493bcb79de971249c58,85,85
21419,utt_7fc73dffd2b779cd007d::p0014,utt_7fc73dffd2b779cd007d::p0014,6060174162b27039c08ade3fd072e9027de7af02488c0f9f0a04d22f1968af25,6060174162b27039c08ade3fd072e9027de7af02488c0f9f0a04d22f1968af25,77,77
21419,utt_7fc73dffd2b779cd007d::p0015-p0017,utt_7fc73dffd2b779cd007d::p0015-p0017,6c0c0418624431d38d4fed77046fca1f29ae524b5ba4cf6f82861907168a34f8,6c0c0418624431d38d4fed77046fca1f29ae524b5ba4cf6f82861907168a34f8,96,96
21419,utt_7fc73dffd2b779cd007d::p0018-p0021,utt_7fc73dffd2b779cd007d::p0018-p0021,f6db8cee1d491cb144a306ff289a9eab4548d1b95b379400a8be3a27dbeb612a,f6db8cee1d491cb144a306ff289a9eab4548d1b95b379400a8be3a27dbeb612a,130,130
21419,utt_3462b8ec70b3c7cb9606::p0001-p0003,utt_3462b8ec70b3c7cb9606::p0001-p0003,29c1f4d44bca2a5c6e1ad9bf2d6129c6885082ca67cb9b13b6dc8212394917bc,29c1f4d44bca2a5c6e1ad9bf2d6129c6885082ca67cb9b13b6dc8212394917bc,38,38
21419,utt_408a8834edb0ace24595::p0001-p0002,utt_408a8834edb0ace24595::p0001-p0002,148ec033fdcfb5c9fe4497f0a269814f4feb2d39bc04c8e426ed01d93030bcb5,148ec033fdcfb5c9fe4497f0a269814f4feb2d39bc04c8e426ed01d93030bcb5,26,26
21419,utt_5f10515047b883bc7b74::p0001-p0004,utt_5f10515047b883bc7b74::p0001-p0004,28db212b65359c31c0b8b69ac0155ec95b91beb56e842cc4ec6d11e02bc3e1ab,28db212b65359c31c0b8b69ac0155ec95b91beb56e842cc4ec6d11e02bc3e1ab,119,119
21419,utt_5f10515047b883bc7b74::p0005-p0007,utt_5f10515047b883bc7b74::p0005-p0007,b98b6e6783edf81452a3207bb574b956761b5d6791018cccc60b85c26673cc05,b98b6e6783edf81452a3207bb574b956761b5d6791018cccc60b85c26673cc05,111,111
21419,utt_5f10515047b883bc7b74::p0008,utt_5f10515047b883bc7b74::p0008,c56c7735fc46aa4f306d13547d685bc0b7eb693ae003387981fc5d3752214e89,c56c7735fc46aa4f306d13547d685bc0b7eb693ae003387981fc5d3752214e89,61,61
21419,utt_5f10515047b883bc7b74::p0009-p0010,utt_5f10515047b883bc7b74::p0009-p0010,a93c1c4b0fe584d450c7cbb350629b34bf88fe03de32157443ec8f048e84e592,a93c1c4b0fe584d450c7cbb350629b34bf88fe03de32157443ec8f048e84e592,100,100
21419,utt_5f10515047b883bc7b74::p0011-p0012,utt_5f10515047b883bc7b74::p0011-p0012,76792729365cfb7bc27e5bd1a78853d0df8687d207fa1af17b11151cd62e06b8,76792729365cfb7bc27e5bd1a78853d0df8687d207fa1af17b11151cd62e06b8,111,111
21419,utt_5f10515047b883bc7b74::p0013-p0015,utt_5f10515047b883bc7b74::p0013-p0015,cf591f1ee3116c33939cac1d95908c2a8fa3e3cfb56c8be1e88461dec407a6b6,cf591f1ee3116c33939cac1d95908c2a8fa3e3cfb56c8be1e88461dec407a6b6,143,143
21419,utt_5f10515047b883bc7b74::p0016s001,utt_5f10515047b883bc7b74::p0016s001,de0d480063e2ca9ef8d4e804196dd84d18f86de3b145e02d8cc6f543591e1a8d,de0d480063e2ca9ef8d4e804196dd84d18f86de3b145e02d8cc6f543591e1a8d,110,110
21419,utt_5f10515047b883bc7b74::p0016s002-p0019,utt_5f10515047b883bc7b74::p0016s002-p0019,7890477f2ed2157d1514ddac86bb23ed72b077ea8d8d78fec586b406391c5672,7890477f2ed2157d1514ddac86bb23ed72b077ea8d8d78fec586b406391c5672,118,118
21419,utt_5f10515047b883bc7b74::p0020,utt_5f10515047b883bc7b74::p0020,53989e58bae70e5de1ba3577ad60526f2a0270c92c7a998b632ae23340afd634,53989e58bae70e5de1ba3577ad60526f2a0270c92c7a998b632ae23340afd634,87,87
21419,utt_7b1a587c59f282d1f9e6::p0001-p0002,utt_7b1a587c59f282d1f9e6::p0001-p0002,c6cd255a5671808ebe3d11a5ca457af289e4e5b6cbea9a6182557b0c8f45d4d1,c6cd255a5671808ebe3d11a5ca457af289e4e5b6cbea9a6182557b0c8f45d4d1,124,124
21419,utt_7b1a587c59f282d1f9e6::p0003-p0005,utt_7b1a587c59f282d1f9e6::p0003-p0005,91c989f994ce06abef32932263b08c1499cab7e7eebfa5ba1020cabedc76e7c8,91c989f994ce06abef32932263b08c1499cab7e7eebfa5ba1020cabedc76e7c8,108,108
21419,utt_7b1a587c59f282d1f9e6::p0006-p0007,utt_7b1a587c59f282d1f9e6::p0006-p0007,b2c7d48195174a4e954a2859ffc0168149daaa8e9f1baf4941b1fce2dadc93a0,b2c7d48195174a4e954a2859ffc0168149daaa8e9f1baf4941b1fce2dadc93a0,75,75
21419,utt_6ea88d43e08dbb9518d1::p0001-p0002,utt_6ea88d43e08dbb9518d1::p0001-p0002,bb66fe16eea164f260d6be5cd61401248d53e6260400f369ef0186e95cfb372c,bb66fe16eea164f260d6be5cd61401248d53e6260400f369ef0186e95cfb372c,12,12
21419,utt_f5d978e1dc5bc3628dcc::p0001-p0004,utt_f5d978e1dc5bc3628dcc::p0001-p0004,84a76a0a60f35220163c093baff92514f854e1ee8a4a1310f2a6782f4a9c2630,84a76a0a60f35220163c093baff92514f854e1ee8a4a1310f2a6782f4a9c2630,123,123
21419,utt_f5d978e1dc5bc3628dcc::p0005-p0006,utt_f5d978e1dc5bc3628dcc::p0005-p0006,e8c4a7846b35f7d120fa5790918f3e33dcedd2b994666e1632128a3906c11460,e8c4a7846b35f7d120fa5790918f3e33dcedd2b994666e1632128a3906c11460,147,147
21419,utt_f5d978e1dc5bc3628dcc::p0007,utt_f5d978e1dc5bc3628dcc::p0007,4b411523b91bc9adee9e22d300f7183f7b1a9884ad9703f8da993d4098455c5c,4b411523b91bc9adee9e22d300f7183f7b1a9884ad9703f8da993d4098455c5c,55,55
21419,utt_f5d978e1dc5bc3628dcc::p0008,utt_f5d978e1dc5bc3628dcc::p0008,39aad187f4e4f5d9ac382a549cbfcb5df35ea54226bef02eb6db7c47f89441e8,39aad187f4e4f5d9ac382a549cbfcb5df35ea54226bef02eb6db7c47f89441e8,81,81
21419,utt_f5d978e1dc5bc3628dcc::p0009-p0010,utt_f5d978e1dc5bc3628dcc::p0009-p0010,e685d6b4bcb0edb5d9625217e492664bc39e15e608fb405d13a2a59285971a38,e685d6b4bcb0edb5d9625217e492664bc39e15e608fb405d13a2a59285971a38,86,86
21419,utt_f5d978e1dc5bc3628dcc::p0011-p0012,utt_f5d978e1dc5bc3628dcc::p0011-p0012,78915fa50a7e97a6ced91d4570e42bd4a8456fd91438023a94c684da90a7ae8f,78915fa50a7e97a6ced91d4570e42bd4a8456fd91438023a94c684da90a7ae8f,137,137
21419,utt_f5d978e1dc5bc3628dcc::p0013-p0016,utt_f5d978e1dc5bc3628dcc::p0013-p0016,a6e0d3612a12b32622bb803bc93b0399286545ff323b47148950c78f3a7fd348,a6e0d3612a12b32622bb803bc93b0399286545ff323b47148950c78f3a7fd348,147,147
21419,utt_f5d978e1dc5bc3628dcc::p0017-p0022,utt_f5d978e1dc5bc3628dcc::p0017-p0022,bf8e924bd9579eb66d9c41dcdbc4b8c8c17b7f84e76af61c65fef0980e6d6d4c,bf8e924bd9579eb66d9c41dcdbc4b8c8c17b7f84e76af61c65fef0980e6d6d4c,145,145
21419,utt_a8cb74779db687087ea8::p0001-p0002,utt_a8cb74779db687087ea8::p0001-p0002,284ad39dc1bc9d9a8ff245f634e7ee628f4db11e434f19455deb4cb41f454241,284ad39dc1bc9d9a8ff245f634e7ee628f4db11e434f19455deb4cb41f454241,20,20
21419,utt_7a340c1592829a7a1ac8::p0001-p0005,utt_7a340c1592829a7a1ac8::p0001-p0005,f743d830a12b9cd00950cffd5cc6c1de42991ac0526eb09de30f5903a5f85c5e,f743d830a12b9cd00950cffd5cc6c1de42991ac0526eb09de30f5903a5f85c5e,142,142
21419,utt_7a340c1592829a7a1ac8::p0006-p0009,utt_7a340c1592829a7a1ac8::p0006-p0009,5edcbe89cc4b375d4469f9d7d8a0f717f1f6cae419fcc74276875df79e9b83fc,5edcbe89cc4b375d4469f9d7d8a0f717f1f6cae419fcc74276875df79e9b83fc,131,131
21419,utt_7a340c1592829a7a1ac8::p0010-p0014,utt_7a340c1592829a7a1ac8::p0010-p0014,3ccc8c333c2bb28e4839081fdb71692657d7c51a4febb72af84b0773a89ac399,3ccc8c333c2bb28e4839081fdb71692657d7c51a4febb72af84b0773a89ac399,114,114
21419,utt_7a340c1592829a7a1ac8::p0015-p0019,utt_7a340c1592829a7a1ac8::p0015-p0019,a77a06e4bbc2a155ce1b9eff15e8d46b3f4ed0a298c15ff617321f0feb746404,a77a06e4bbc2a155ce1b9eff15e8d46b3f4ed0a298c15ff617321f0feb746404,144,144
21419,utt_7a340c1592829a7a1ac8::p0020-p0021,utt_7a340c1592829a7a1ac8::p0020-p0021,d5250cd569299b811f0a712e9aea7efeffb0c327b9987ec1613d606321d21f7a,d5250cd569299b811f0a712e9aea7efeffb0c327b9987ec1613d606321d21f7a,63,63
21419,utt_f321e6341d507f6ae540::p0001-p0005,utt_f321e6341d507f6ae540::p0001-p0005,a40e7501c6afbfb7591176c44e4f0ca23cf9a2f0d7d2665d7ee367e62c5ffc7a,a40e7501c6afbfb7591176c44e4f0ca23cf9a2f0d7d2665d7ee367e62c5ffc7a,145,145
21419,utt_f321e6341d507f6ae540::p0006-p0009,utt_f321e6341d507f6ae540::p0006-p0009,8f4ce42ed2c53111cbb63eb6da6b9ef6324c5b23df9a5938220c648bb47e962a,8f4ce42ed2c53111cbb63eb6da6b9ef6324c5b23df9a5938220c648bb47e962a,150,150
21419,utt_f321e6341d507f6ae540::p0010-p0015,utt_f321e6341d507f6ae540::p0010-p0015,2531ffbfe413fda045bb86aa33e4929e4ab0ae3fd72c2e9004aecba2a76de812,2531ffbfe413fda045bb86aa33e4929e4ab0ae3fd72c2e9004aecba2a76de812,149,149
21419,utt_f321e6341d507f6ae540::p0016-p0019,utt_f321e6341d507f6ae540::p0016-p0019,e832628f0cf89f7fbaef944942537f8b9413f793664a97ca41d4a3485dad0e51,e832628f0cf89f7fbaef944942537f8b9413f793664a97ca41d4a3485dad0e51,83,83
21419,utt_351ac3b82511f5ed92b4::p0001-p0005,utt_351ac3b82511f5ed92b4::p0001-p0005,c8513b15e1b42e10001c110e8e6a8918121f322cb3734a4c78b67d64aaae6587,c8513b15e1b42e10001c110e8e6a8918121f322cb3734a4c78b67d64aaae6587,149,149
21419,utt_351ac3b82511f5ed92b4::p0006-p0008,utt_351ac3b82511f5ed92b4::p0006-p0008,aa1e972a5e96d49fe3e0748b5017dd031b98013e3b825fa4ad4f4ef3e2d7ed5f,aa1e972a5e96d49fe3e0748b5017dd031b98013e3b825fa4ad4f4ef3e2d7ed5f,135,135
21419,utt_351ac3b82511f5ed92b4::p0009-p0011,utt_351ac3b82511f5ed92b4::p0009-p0011,fae90f56e08d0fe55a28b36d91880697a526003124ddbee344225103e8e4edb2,fae90f56e08d0fe55a28b36d91880697a526003124ddbee344225103e8e4edb2,106,106
21419,utt_351ac3b82511f5ed92b4::p0012-p0013,utt_351ac3b82511f5ed92b4::p0012-p0013,c8c20b6193ff8f2988e50738dd72c0dc2e8c6f60c8434e40d0fe2bfc9b70c87a,c8c20b6193ff8f2988e50738dd72c0dc2e8c6f60c8434e40d0fe2bfc9b70c87a,74,74
21419,utt_351ac3b82511f5ed92b4::p0014,utt_351ac3b82511f5ed92b4::p0014,d95a1bbfeabae9eaf521722476c8753582fa5f2fa5185ef6d3158f550cd9ccc6,d95a1bbfeabae9eaf521722476c8753582fa5f2fa5185ef6d3158f550cd9ccc6,92,92
21419,utt_351ac3b82511f5ed92b4::p0015,utt_351ac3b82511f5ed92b4::p0015,b2beb768c33fe50c51dae83210858a72f833be8b82bc84ceb50df839d8694074,b2beb768c33fe50c51dae83210858a72f833be8b82bc84ceb50df839d8694074,70,70
21419,utt_351ac3b82511f5ed92b4::p0016-p0018,utt_351ac3b82511f5ed92b4::p0016-p0018,cf45e8f8961ca2e52867164766429f42b8a60b9a34ee50ce8b4056ea144dd946,cf45e8f8961ca2e52867164766429f42b8a60b9a34ee50ce8b4056ea144dd946,103,103
21419,utt_351ac3b82511f5ed92b4::p0019,utt_351ac3b82511f5ed92b4::p0019,38fdb4f44f1fae041587dbc9b531eb3656c8d78bad530e9cfd74fe679bcf1e04,38fdb4f44f1fae041587dbc9b531eb3656c8d78bad530e9cfd74fe679bcf1e04,80,80
21419,utt_351ac3b82511f5ed92b4::p0020,utt_351ac3b82511f5ed92b4::p0020,58649fb5b78e6db499e3418cfb396089a748f3eb4996d752bf0d41d8c9e77116,58649fb5b78e6db499e3418cfb396089a748f3eb4996d752bf0d41d8c9e77116,80,80
21419,utt_351ac3b82511f5ed92b4::p0021,utt_351ac3b82511f5ed92b4::p0021,fd860c67dd90909da30fb8d52a2eac45b1fbc64f0c7b35626186bd89d26b7124,fd860c67dd90909da30fb8d52a2eac45b1fbc64f0c7b35626186bd89d26b7124,55,55
21419,utt_351ac3b82511f5ed92b4::p0022-p0023,utt_351ac3b82511f5ed92b4::p0022-p0023,5fbdb28be73cfc22e671a8ee65de9f5151c2d8701f441f3b968c4b4d435ce577,5fbdb28be73cfc22e671a8ee65de9f5151c2d8701f441f3b968c4b4d435ce577,100,100
21419,utt_040a2d6e4fefa5dbd637::p0001-p0002,utt_040a2d6e4fefa5dbd637::p0001-p0002,06c9b8ffb0e5870c51fe88a29ce905ff305eba3443bcd1fee9b2f5f50e66794a,06c9b8ffb0e5870c51fe88a29ce905ff305eba3443bcd1fee9b2f5f50e66794a,14,14
21419,utt_ad4d6be8d906685b00c7::p0001-p0003,utt_ad4d6be8d906685b00c7::p0001-p0003,1762674f0d83b4f004ec35894d27796e4122a8d2bb7bd83cfb84fae2fa33c770,1762674f0d83b4f004ec35894d27796e4122a8d2bb7bd83cfb84fae2fa33c770,77,77
21419,utt_ad4d6be8d906685b00c7::p0004-p0005,utt_ad4d6be8d906685b00c7::p0004-p0005,bce5b6267890960f534423264a422d455a38481d88f09396dc0efdc29e6433f6,bce5b6267890960f534423264a422d455a38481d88f09396dc0efdc29e6433f6,129,129
21419,utt_ad4d6be8d906685b00c7::p0006-p0008,utt_ad4d6be8d906685b00c7::p0006-p0008,eed104644ba9ef71b6bf8041b70800e8ce872406f6f4e5449c80f06f81272b9a,eed104644ba9ef71b6bf8041b70800e8ce872406f6f4e5449c80f06f81272b9a,123,123
21419,utt_ad4d6be8d906685b00c7::p0009-p0011,utt_ad4d6be8d906685b00c7::p0009-p0011,2a17b0000dc8ea7d1bbbc2eb444a68cea553c865141d576671f936b3e3ce80dc,2a17b0000dc8ea7d1bbbc2eb444a68cea553c865141d576671f936b3e3ce80dc,150,150
21419,utt_ad4d6be8d906685b00c7::p0012-p0014,utt_ad4d6be8d906685b00c7::p0012-p0014,581f2347ac9a82f56788030e8356a4daeb37de421dbeac6fb16fc1bab56b1de6,581f2347ac9a82f56788030e8356a4daeb37de421dbeac6fb16fc1bab56b1de6,131,131
21419,utt_ad4d6be8d906685b00c7::p0015-p0017,utt_ad4d6be8d906685b00c7::p0015-p0017,0a2fac55c4b3773809e3013582950d418648d81615da4aae30ac5b136b093dd3,0a2fac55c4b3773809e3013582950d418648d81615da4aae30ac5b136b093dd3,125,125
21419,utt_ad4d6be8d906685b00c7::p0018,utt_ad4d6be8d906685b00c7::p0018,fe83ff3dbc04b917dd01f255a0329be47ab07bc92fb2c546623ead17c395c4af,fe83ff3dbc04b917dd01f255a0329be47ab07bc92fb2c546623ead17c395c4af,63,63
21419,utt_ad4d6be8d906685b00c7::p0019-p0022,utt_ad4d6be8d906685b00c7::p0019-p0022,f5ac632c6b6791f9cdb8a84524f98f022142bc2cdab80febe3e8a303ce5412ab,f5ac632c6b6791f9cdb8a84524f98f022142bc2cdab80febe3e8a303ce5412ab,116,116
21419,utt_65794d6d971ec4de9dca::p0001,utt_65794d6d971ec4de9dca::p0001,3067d52d2032c86b2291dabe1ec7845dc34dd43497b0c7259ca0dc4de1c08c6e,3067d52d2032c86b2291dabe1ec7845dc34dd43497b0c7259ca0dc4de1c08c6e,18,18
21419,utt_8c30ef5e9a7e213d9dd6::p0001-p0004,utt_8c30ef5e9a7e213d9dd6::p0001-p0005,ef7edf9c8106339de8f18ec94f7c6a51c0564b54ee3a25ff68f38c62f3ee41cc,223aad9641052788ef92e880384402626bcb06781c82d1896c78cd1a62ac6421,143,192
21419,utt_8c30ef5e9a7e213d9dd6::p0005,utt_8c30ef5e9a7e213d9dd6::p0001-p0005,5ddeae132a5e4b99777222145c0e80d765b19093a479cad87bedbae3ba34834c,223aad9641052788ef92e880384402626bcb06781c82d1896c78cd1a62ac6421,49,192
21419,utt_1290471567a58808a74a::p0001,utt_1290471567a58808a74a::p0001,8bfbc16ecdb1d69469251ec689b2f24640bbed880acf248936e2002428accb00,8bfbc16ecdb1d69469251ec689b2f24640bbed880acf248936e2002428accb00,5,5
21419,utt_ae343df7d52f8e695359::p0001-p0002,utt_ae343df7d52f8e695359::p0001-p0002,4f6583ea1afbc2ea15e357a19078e97fff4d92c4b25e85f97316bd657f1fbeae,4f6583ea1afbc2ea15e357a19078e97fff4d92c4b25e85f97316bd657f1fbeae,124,124
21419,utt_ae343df7d52f8e695359::p0003-p0004,utt_ae343df7d52f8e695359::p0003-p0004,b7b47cd586d7837ad65ef0a047783fd55093022edd5e943645d27c15b0ffab72,b7b47cd586d7837ad65ef0a047783fd55093022edd5e943645d27c15b0ffab72,72,72
21419,utt_ae343df7d52f8e695359::p0005,utt_ae343df7d52f8e695359::p0005,c4cf3bc6c7f757773290fcb5d1ed56895a59875b104d6cd8e768cd55fdb52529,c4cf3bc6c7f757773290fcb5d1ed56895a59875b104d6cd8e768cd55fdb52529,73,73
21419,utt_ae343df7d52f8e695359::p0006,utt_ae343df7d52f8e695359::p0006,c3638139897abbdf8c55eabf7c3cf01185b846630bda7fadbad95b4c7e49cd80,c3638139897abbdf8c55eabf7c3cf01185b846630bda7fadbad95b4c7e49cd80,60,60
21419,utt_ae343df7d52f8e695359::p0007-p0009,utt_ae343df7d52f8e695359::p0007-p0009,574c7e7b7fe4d4f34fee8a3fecf9b073fd218d6b429addd5271ec63f0df46fa2,574c7e7b7fe4d4f34fee8a3fecf9b073fd218d6b429addd5271ec63f0df46fa2,138,138
21419,utt_ae343df7d52f8e695359::p0010-p0011,utt_ae343df7d52f8e695359::p0010-p0011,6d654816a9888685af486e31eda23919b1969fafeb9448f4e45219aa6c9136a6,6d654816a9888685af486e31eda23919b1969fafeb9448f4e45219aa6c9136a6,110,110
21419,utt_ae343df7d52f8e695359::p0012,utt_ae343df7d52f8e695359::p0012,ee9ac37f6671a013b26f550c13af6a34a4800ef69ca399f0c2efa279ba3cc62d,ee9ac37f6671a013b26f550c13af6a34a4800ef69ca399f0c2efa279ba3cc62d,82,82
21419,utt_ae343df7d52f8e695359::p0013-p0014,utt_ae343df7d52f8e695359::p0013-p0014,06fc3f7e1888c6b13bff0a678d8ed3c56fed98316385e527abbfbbaf0ae57cac,06fc3f7e1888c6b13bff0a678d8ed3c56fed98316385e527abbfbbaf0ae57cac,106,106
21419,utt_ae343df7d52f8e695359::p0015-p0016,utt_ae343df7d52f8e695359::p0015-p0016,115459e82e415ff191867c5c73b824f3b17ce722723f10e66cf8f924af7f6806,115459e82e415ff191867c5c73b824f3b17ce722723f10e66cf8f924af7f6806,91,91
21419,utt_ae343df7d52f8e695359::p0017-p0018,utt_ae343df7d52f8e695359::p0017-p0018,807188304266c53dcd70ad69c702607b39ac0333b6cc073bfe283fed4c199885,807188304266c53dcd70ad69c702607b39ac0333b6cc073bfe283fed4c199885,119,119
21419,utt_dfd13faf153383d7bb78::p0001-p0003,utt_dfd13faf153383d7bb78::p0001-p0003,fc286da9bc90d9b9410f75a8199c60711348276c18d1cf7e5317b06378007135,fc286da9bc90d9b9410f75a8199c60711348276c18d1cf7e5317b06378007135,143,143
21419,utt_dfd13faf153383d7bb78::p0004-p0005,utt_dfd13faf153383d7bb78::p0004-p0005,43e40b53939507e0ed0beda979ab80324ba329eb6c8b5a28a5ee4c9440c2e5bf,43e40b53939507e0ed0beda979ab80324ba329eb6c8b5a28a5ee4c9440c2e5bf,91,91
21419,utt_dfd13faf153383d7bb78::p0006-p0007,utt_dfd13faf153383d7bb78::p0006-p0007,2b6a3cfaf1e85b351629eb099a396912f87ccb6330539881dc10052eab70a6a7,2b6a3cfaf1e85b351629eb099a396912f87ccb6330539881dc10052eab70a6a7,123,123
21419,utt_dfd13faf153383d7bb78::p0008-p0010,utt_dfd13faf153383d7bb78::p0008-p0010,37b2a9c20bc42a6c7c9ed2488056f0edfef627eaafe99dada16ca69fe6f2a982,37b2a9c20bc42a6c7c9ed2488056f0edfef627eaafe99dada16ca69fe6f2a982,128,128
21419,utt_dfd13faf153383d7bb78::p0011-p0012,utt_dfd13faf153383d7bb78::p0011-p0012,367ac09e5e16c9601badaf1dce3b0abfad4accfd12c325c178255c00b3daf027,367ac09e5e16c9601badaf1dce3b0abfad4accfd12c325c178255c00b3daf027,88,88
21419,utt_dfd13faf153383d7bb78::p0013-p0014,utt_dfd13faf153383d7bb78::p0013-p0014,4c6afffb2beb83130b4306acf3041568488b3cd7bd0866cefe653279d9e88fa4,4c6afffb2beb83130b4306acf3041568488b3cd7bd0866cefe653279d9e88fa4,103,103
21419,utt_dfd13faf153383d7bb78::p0015-p0016,utt_dfd13faf153383d7bb78::p0015-p0016,eb6aa37e7280192dad1fcd6aaa33b093b62761f7fe6c075e15d17fd4e705d8d3,eb6aa37e7280192dad1fcd6aaa33b093b62761f7fe6c075e15d17fd4e705d8d3,59,59
21419,utt_dfd13faf153383d7bb78::p0017,utt_dfd13faf153383d7bb78::p0017,251c02fc3db8d71a5be1d39a5a4203ffc1609e118710ecb589a71d3aafd8af0a,251c02fc3db8d71a5be1d39a5a4203ffc1609e118710ecb589a71d3aafd8af0a,86,86
21419,utt_dfd13faf153383d7bb78::p0018-p0019,utt_dfd13faf153383d7bb78::p0018-p0019,c4a502681d0d60abca53fdf67ecc7499cae53695a2e8043218ab1ff8df067fd6,c4a502681d0d60abca53fdf67ecc7499cae53695a2e8043218ab1ff8df067fd6,137,137
21419,utt_34b2aad0453afae19451::p0001-p0003,utt_34b2aad0453afae19451::p0001-p0003,96af73c67418ecd2ee45759f95a35dafe6afe5d82bdc8d660c39a721abea5d82,96af73c67418ecd2ee45759f95a35dafe6afe5d82bdc8d660c39a721abea5d82,86,86
21419,utt_ee2dac9f03e0ca62dc2e::p0001-p0002,utt_ee2dac9f03e0ca62dc2e::p0001-p0002,d160e4b9207407824a8654aa2370f8732768e0d6e7cf3398b8325613cc796fe7,d160e4b9207407824a8654aa2370f8732768e0d6e7cf3398b8325613cc796fe7,19,19
21419,utt_c1e0b9bd3b76041f9f00::p0001-p0003,utt_c1e0b9bd3b76041f9f00::p0001-p0003,3f92552432cb25777b6d073f819f2f3f387784e3632e67eae45082e636ce4dc7,3f92552432cb25777b6d073f819f2f3f387784e3632e67eae45082e636ce4dc7,74,74
21419,utt_c1e0b9bd3b76041f9f00::p0004,utt_c1e0b9bd3b76041f9f00::p0004,f768bfea4643d058f45197006feb840cb414b5c6bd4ca77b137113d1c2f1d41b,f768bfea4643d058f45197006feb840cb414b5c6bd4ca77b137113d1c2f1d41b,58,58
21419,utt_c1e0b9bd3b76041f9f00::p0005-p0008,utt_c1e0b9bd3b76041f9f00::p0005-p0008,ae755344d4f639c131cf33d124f85cf3070245907251ba4012b8c0ec3c96492f,ae755344d4f639c131cf33d124f85cf3070245907251ba4012b8c0ec3c96492f,148,148
21419,utt_c1e0b9bd3b76041f9f00::p0009-p0010,utt_c1e0b9bd3b76041f9f00::p0009-p0010,13c6aa035d143bb097bfc973412403f1b98ecfa571153742d729639a0bf980a6,13c6aa035d143bb097bfc973412403f1b98ecfa571153742d729639a0bf980a6,51,51
21419,utt_dcbb7225ee6962682d11::p0001-p0002,utt_dcbb7225ee6962682d11::p0001-p0002,5ba8cb6213fc0fab09e381b989e643fb80be45142f7af58a29e30dba2f636334,5ba8cb6213fc0fab09e381b989e643fb80be45142f7af58a29e30dba2f636334,14,14
21419,utt_9b3555a4a419a9776305::p0001-p0002,utt_9b3555a4a419a9776305::p0001-p0002,5329b9c1346fd104ae26581360699401603d8ccbee18ad63b230e626056706cf,5329b9c1346fd104ae26581360699401603d8ccbee18ad63b230e626056706cf,81,81
21419,utt_9b3555a4a419a9776305::p0003,utt_9b3555a4a419a9776305::p0003,eb1d8e2176f741534cb11d11f64e49ab05cf74f8619d31610828742fc3b60d42,eb1d8e2176f741534cb11d11f64e49ab05cf74f8619d31610828742fc3b60d42,92,92
21419,utt_9b3555a4a419a9776305::p0004,utt_9b3555a4a419a9776305::p0004,92e11779c8d3fb9efcc888427831632db9464e4cf9cf5e689c931febaeeddd94,92e11779c8d3fb9efcc888427831632db9464e4cf9cf5e689c931febaeeddd94,103,103
21419,utt_9b3555a4a419a9776305::p0005,utt_9b3555a4a419a9776305::p0005,42775df0c4d8c447ecb7e12ad68266c84a02294a01174ab20b2841b04f7ae364,42775df0c4d8c447ecb7e12ad68266c84a02294a01174ab20b2841b04f7ae364,86,86
21419,utt_9b3555a4a419a9776305::p0006-p0008,utt_9b3555a4a419a9776305::p0006-p0008,e54d03493622403fbe83c14e30427e05b930f7c0d81bd50d6463a729ccca37a3,e54d03493622403fbe83c14e30427e05b930f7c0d81bd50d6463a729ccca37a3,124,124
21419,utt_9b3555a4a419a9776305::p0009,utt_9b3555a4a419a9776305::p0009,92a214af52d891cae79889433162de0ba5d38551fd871711ec2610341440bf0f,92a214af52d891cae79889433162de0ba5d38551fd871711ec2610341440bf0f,114,114
21419,utt_9b3555a4a419a9776305::p0010-p0012,utt_9b3555a4a419a9776305::p0010-p0012,ce2de0b800046f66a792104c4e8acb07fc9895b01ec633e9f58ba1b0bc49a432,ce2de0b800046f66a792104c4e8acb07fc9895b01ec633e9f58ba1b0bc49a432,106,106
21419,utt_db39c508257946e263aa::p0001-p0003,utt_db39c508257946e263aa::p0001-p0003,b99f26b3146e6b44ff1ac495bf34cff2668239e7f72bb266cff54a6af269448c,b99f26b3146e6b44ff1ac495bf34cff2668239e7f72bb266cff54a6af269448c,112,112
21419,utt_db39c508257946e263aa::p0004,utt_db39c508257946e263aa::p0004,1219d2b0e3fcfbefb794065590d51b7efc9318d3a970d6b3e85e9f9cf8018af5,1219d2b0e3fcfbefb794065590d51b7efc9318d3a970d6b3e85e9f9cf8018af5,53,53
21419,utt_db39c508257946e263aa::p0005,utt_db39c508257946e263aa::p0005,181e14a44f2a012792d837b4d1996ac4e25097fec5b3f34343626f767de5a747,181e14a44f2a012792d837b4d1996ac4e25097fec5b3f34343626f767de5a747,82,82
21419,utt_db39c508257946e263aa::p0006,utt_db39c508257946e263aa::p0006,1956e1e2b5758036598bbfb9943f56523cc977f3b6e8d7c9ef8531d008342050,1956e1e2b5758036598bbfb9943f56523cc977f3b6e8d7c9ef8531d008342050,87,87
21419,utt_db39c508257946e263aa::p0007-p0008,utt_db39c508257946e263aa::p0007-p0009,e6371f02b58481e5f0567f8cff535ea3a26557e386353e36727416f2b60dbb20,7bf8f360ae517477099bee8b719341593f6336ae220918d364a2706bda064156,107,154
21419,utt_db39c508257946e263aa::p0009,utt_db39c508257946e263aa::p0007-p0009,04d0fea57884433cf00196a876bbfd8f8aba8fd2ff65ae2885ea260ff8a4b885,7bf8f360ae517477099bee8b719341593f6336ae220918d364a2706bda064156,47,154
21419,utt_db39c508257946e263aa::p0010-p0011,utt_db39c508257946e263aa::p0010-p0011,ccc2e556ff19982d932274b7f3c638289f2de4f9248e9cb7ca92f99cfce621f5,ccc2e556ff19982d932274b7f3c638289f2de4f9248e9cb7ca92f99cfce621f5,111,111
21419,utt_0b83e826e996884e309e::p0001-p0002,utt_0b83e826e996884e309e::p0001-p0002,cdbec06729c4668d19977fc83f33a1d36b2ebf9ff6198db6950984bbc15daf41,cdbec06729c4668d19977fc83f33a1d36b2ebf9ff6198db6950984bbc15daf41,21,21
21419,utt_23844ae89ae92efa9821::p0001-p0003,utt_23844ae89ae92efa9821::p0001-p0005,c6e2413734959cba369d836c952fcd048343c4b1a41ae789f28030c6e5db8011,0b31631cff5fc6f8816ca1718965fcb212d2d1df2c041206a62def7aa451bd02,41,187
21419,utt_23844ae89ae92efa9821::p0004-p0005,utt_23844ae89ae92efa9821::p0001-p0005,715009aaff33138646a6ade75ffbb79075e8b925db73d201d299605e1a58dfb0,0b31631cff5fc6f8816ca1718965fcb212d2d1df2c041206a62def7aa451bd02,146,187
21419,utt_23844ae89ae92efa9821::p0006,utt_23844ae89ae92efa9821::p0006,0f687bcdb7e8d5743738d5ecfb8315dab445c314297fa19377876cb36b40fdac,0f687bcdb7e8d5743738d5ecfb8315dab445c314297fa19377876cb36b40fdac,72,72
21419,utt_23844ae89ae92efa9821::p0007-p0008,utt_23844ae89ae92efa9821::p0007-p0008,8d5b473d5d4d197aae35f021a92937284af4345151878a589a1a8103dee1ad3e,8d5b473d5d4d197aae35f021a92937284af4345151878a589a1a8103dee1ad3e,92,92
21419,utt_23844ae89ae92efa9821::p0009-p0010,utt_23844ae89ae92efa9821::p0009-p0010,2e99dee46172af09c9c9e2169e4e08fe26062befdcf53bc56711cb5ea25874ab,2e99dee46172af09c9c9e2169e4e08fe26062befdcf53bc56711cb5ea25874ab,124,124
21419,utt_23844ae89ae92efa9821::p0011-p0013,utt_23844ae89ae92efa9821::p0011-p0013,6ce0a88f8dc047459f3a6f1bf9c67a340aee8c04537ec4ae987029de68b413d2,6ce0a88f8dc047459f3a6f1bf9c67a340aee8c04537ec4ae987029de68b413d2,149,149
21419,utt_23844ae89ae92efa9821::p0014-p0015,utt_23844ae89ae92efa9821::p0014-p0015,3c67909f4da82926ac8da04158fb27454fa9ece231edd2b66007eb47d2d805e0,3c67909f4da82926ac8da04158fb27454fa9ece231edd2b66007eb47d2d805e0,116,116
21419,utt_23844ae89ae92efa9821::p0016-p0017,utt_23844ae89ae92efa9821::p0016-p0017,6a80421f986928d21dee74e7e5002309fd557fe0456e0e7e1074b495d89ad955,6a80421f986928d21dee74e7e5002309fd557fe0456e0e7e1074b495d89ad955,99,99
21419,utt_e88dab8b9a5ea33fd372::p0001-p0004,utt_e88dab8b9a5ea33fd372::p0001-p0004,a4194ab1c7bec709ea1fd2c5ec533053a3fdf75555836f60a73a24168fe7c142,a4194ab1c7bec709ea1fd2c5ec533053a3fdf75555836f60a73a24168fe7c142,138,138
21419,utt_e88dab8b9a5ea33fd372::p0005-p0007,utt_e88dab8b9a5ea33fd372::p0005-p0007,36cf7632b866312799006e518f1718539ccce0784213ac74906ecdb356f2e13d,36cf7632b866312799006e518f1718539ccce0784213ac74906ecdb356f2e13d,126,126
21419,utt_e88dab8b9a5ea33fd372::p0008-p0010,utt_e88dab8b9a5ea33fd372::p0008-p0010,8c07b741d5e8da70cf74b7a29c75710c800ba7d43b021b555be6a3c2cb2c4478,8c07b741d5e8da70cf74b7a29c75710c800ba7d43b021b555be6a3c2cb2c4478,75,75
21419,utt_e88dab8b9a5ea33fd372::p0011,utt_e88dab8b9a5ea33fd372::p0011,c5d859817380d5cb251c95790455c8f22fbc5db780e3cfc201aad9a0a47f0db6,c5d859817380d5cb251c95790455c8f22fbc5db780e3cfc201aad9a0a47f0db6,91,91
21419,utt_e88dab8b9a5ea33fd372::p0012-p0015,utt_e88dab8b9a5ea33fd372::p0012-p0018,623d7d81e70717e4150a153ed5926a38509d77f641ec196f09a888380ffc9af5,7d37bc7bfd93cab386504525d6856a361458492e51c458d76d50f715e7101a9a,119,163
21419,utt_e88dab8b9a5ea33fd372::p0016-p0018,utt_e88dab8b9a5ea33fd372::p0012-p0018,b07086199f1f26f52b87c18426cc5e00c455db30da58d6a70e91cc41e2e75a77,7d37bc7bfd93cab386504525d6856a361458492e51c458d76d50f715e7101a9a,44,163
21419,utt_12936eced6d4067f7002::p0001-p0004,utt_12936eced6d4067f7002::p0001-p0005,2559cc498511c0ba44d5a897813a997fc0b367bab17feaad51d65b51d4431e68,218367f60794821e04f8fd9a4aa9a54ff865bc4883b38a8f0d4940adb24beb09,121,154
21419,utt_12936eced6d4067f7002::p0005,utt_12936eced6d4067f7002::p0001-p0005,da060c8dbc69c2bdcc111c2895e14783d19c1a4d7dc2e022aa7682beccf91f3e,218367f60794821e04f8fd9a4aa9a54ff865bc4883b38a8f0d4940adb24beb09,33,154
21419,utt_12936eced6d4067f7002::p0006,utt_12936eced6d4067f7002::p0006,9049e6a183f9f0d063edfb47844b677fe62b6d23a7505ed4a1d3f4dd49feeeab,9049e6a183f9f0d063edfb47844b677fe62b6d23a7505ed4a1d3f4dd49feeeab,138,138
21419,utt_12936eced6d4067f7002::p0007-p0008,utt_12936eced6d4067f7002::p0007-p0008,4653c8ad50df6ac7a0b36d258f53f4ceb744d1dc288f7e75b5274b34336d9afb,4653c8ad50df6ac7a0b36d258f53f4ceb744d1dc288f7e75b5274b34336d9afb,113,113
21419,utt_12936eced6d4067f7002::p0009-p0011,utt_12936eced6d4067f7002::p0009-p0011,a4f6fa28bea0be0f5b7ec0964a8b97378b8655ba67727b274757687d4c9af4d1,a4f6fa28bea0be0f5b7ec0964a8b97378b8655ba67727b274757687d4c9af4d1,134,134
21419,utt_12936eced6d4067f7002::p0012-p0014,utt_12936eced6d4067f7002::p0012-p0014,68b30292f63618329df8c2278201fc167e3472e9dff57a78a8e5a8020bb818e7,68b30292f63618329df8c2278201fc167e3472e9dff57a78a8e5a8020bb818e7,135,135
21419,utt_12936eced6d4067f7002::p0015-p0023,utt_12936eced6d4067f7002::p0015-p0023,4ae637517ace39fded10c1ac147d98ee2c419b5400faf6a7776cbfb431059605,4ae637517ace39fded10c1ac147d98ee2c419b5400faf6a7776cbfb431059605,117,117
21419,utt_21a307019af85ed671e6::p0001-p0004,utt_21a307019af85ed671e6::p0001-p0004,03a47f1a9be3aedd405c6d3534f5d4a717188439a9712770b457841745468cfe,03a47f1a9be3aedd405c6d3534f5d4a717188439a9712770b457841745468cfe,117,117
21419,utt_89e47b186322038b72d6::p0001-p0003,utt_89e47b186322038b72d6::p0001-p0003,1071ad85fe75df487ed85aef1dc9a6b0978749661e207288d14d13d76d6640a4,1071ad85fe75df487ed85aef1dc9a6b0978749661e207288d14d13d76d6640a4,15,15
21419,utt_5794478ccccc2d8086a3::p0001-p0003,utt_5794478ccccc2d8086a3::p0001-p0003,186ae1346d7f884172d58cbdc9286cbc56a3d7066a59678b3ff11b789bb0905f,186ae1346d7f884172d58cbdc9286cbc56a3d7066a59678b3ff11b789bb0905f,7,7
21419,utt_440cdc630715cd62ade7::p0001-p0004,utt_440cdc630715cd62ade7::p0001-p0004,f559e26280a441155f1d3f9710d94756c68f925bbb4d1d966aeebec0a905bdb0,f559e26280a441155f1d3f9710d94756c68f925bbb4d1d966aeebec0a905bdb0,100,100
21419,utt_440cdc630715cd62ade7::p0005-p0007,utt_440cdc630715cd62ade7::p0005-p0007,87ba31c0036d5c8c005a19a82c9ae2108c1e23c834149d97c475edd3509321ba,87ba31c0036d5c8c005a19a82c9ae2108c1e23c834149d97c475edd3509321ba,112,112
21419,utt_440cdc630715cd62ade7::p0008-p0009,utt_440cdc630715cd62ade7::p0008-p0009,84e8ffc4df29f631c10f4321044c8501a4236386bd0bd03881e154f69c2e81d1,84e8ffc4df29f631c10f4321044c8501a4236386bd0bd03881e154f69c2e81d1,95,95
21419,utt_440cdc630715cd62ade7::p0010-p0012,utt_440cdc630715cd62ade7::p0010-p0012,53e9de330c72b987ab3b32f77c26c88fbcee1ab0c36a4b700ecc4762f5e9d146,53e9de330c72b987ab3b32f77c26c88fbcee1ab0c36a4b700ecc4762f5e9d146,115,115
21419,utt_440cdc630715cd62ade7::p0013-p0014,utt_440cdc630715cd62ade7::p0013-p0014,7ebc4f5d67c9b7f5f7904cd535f40d02c2fbd66a0b0c1e6fec128d96b4be20f7,7ebc4f5d67c9b7f5f7904cd535f40d02c2fbd66a0b0c1e6fec128d96b4be20f7,73,73
21419,utt_440cdc630715cd62ade7::p0015-p0019,utt_440cdc630715cd62ade7::p0015-p0019,5be90f6b23f78e451f19aafb3a6751661068a5f5fb78c3d702ff4bc8974a3264,5be90f6b23f78e451f19aafb3a6751661068a5f5fb78c3d702ff4bc8974a3264,129,129
21419,utt_ac3729c87edad71377d3::p0001-p0004,utt_ac3729c87edad71377d3::p0001-p0004,88e514aa7145b3cd56b067cda842cb77c924cef5976156a189ce1a168b8908bc,88e514aa7145b3cd56b067cda842cb77c924cef5976156a189ce1a168b8908bc,83,83
21419,utt_ac3729c87edad71377d3::p0005-p0006,utt_ac3729c87edad71377d3::p0005-p0006,3ac52816ffdbf25f98b6466622351b799368f864f76918d3bf0fa74dea364d59,3ac52816ffdbf25f98b6466622351b799368f864f76918d3bf0fa74dea364d59,145,145
21419,utt_ac3729c87edad71377d3::p0007-p0008,utt_ac3729c87edad71377d3::p0007-p0008,fa857559900264c37d93ae50e4cb650b4568e2a14a3b6023e2b9f197374b9353,fa857559900264c37d93ae50e4cb650b4568e2a14a3b6023e2b9f197374b9353,108,108
21419,utt_ac3729c87edad71377d3::p0009-p0010,utt_ac3729c87edad71377d3::p0009-p0010,1cb8d843e8d24a3fed6b57d82a5b6fbc289511e92ea4f59ae7e4bb2a415df10f,1cb8d843e8d24a3fed6b57d82a5b6fbc289511e92ea4f59ae7e4bb2a415df10f,85,85
21419,utt_ac3729c87edad71377d3::p0011-p0012,utt_ac3729c87edad71377d3::p0011-p0012,b7e9c0e93baeb209d1f768441da2557ca7ae5d550f4d4072840a790dbc9836a6,b7e9c0e93baeb209d1f768441da2557ca7ae5d550f4d4072840a790dbc9836a6,140,140
21419,utt_ac3729c87edad71377d3::p0013-p0014,utt_ac3729c87edad71377d3::p0013-p0014,b5436a7dfe55b27c20803f49b6b869f9b526456519d70cefefb18c9814a63c91,b5436a7dfe55b27c20803f49b6b869f9b526456519d70cefefb18c9814a63c91,80,80
21419,utt_ac3729c87edad71377d3::p0015-p0017,utt_ac3729c87edad71377d3::p0015-p0017,1c57c119f7cbf71123ae84b7359fe7efd908ca5c5eb8474aa8ba6bf713068b57,1c57c119f7cbf71123ae84b7359fe7efd908ca5c5eb8474aa8ba6bf713068b57,127,127
21419,utt_d3a100448b96b40c5801::p0001-p0002,utt_d3a100448b96b40c5801::p0001-p0002,cca597f69d284ec8fa2856d9636250e1c14f65a9faf866cafe7c748ab84019b6,cca597f69d284ec8fa2856d9636250e1c14f65a9faf866cafe7c748ab84019b6,9,9
21419,utt_3048888a78d3e90ba0b6::p0001-p0002,utt_3048888a78d3e90ba0b6::p0001-p0002,b8f63cd0a87d4ae63bf6093e1d61dda9d83a7fe133c6f36676aa98e4c077d43b,b8f63cd0a87d4ae63bf6093e1d61dda9d83a7fe133c6f36676aa98e4c077d43b,80,80
21419,utt_3048888a78d3e90ba0b6::p0003,utt_3048888a78d3e90ba0b6::p0003,06f90de1a5261646ee381ba5c5ee3ee1ff7e937e4bad06f8d8cbdc96839b4af5,06f90de1a5261646ee381ba5c5ee3ee1ff7e937e4bad06f8d8cbdc96839b4af5,142,142
21419,utt_3048888a78d3e90ba0b6::p0004-p0006,utt_3048888a78d3e90ba0b6::p0004-p0006,f4f65d447690a053c56d72d4ba2ab24621f6b1cacf7ab77a8a6f74de0b7195d6,f4f65d447690a053c56d72d4ba2ab24621f6b1cacf7ab77a8a6f74de0b7195d6,136,136
21419,utt_3048888a78d3e90ba0b6::p0007,utt_3048888a78d3e90ba0b6::p0007,5ac474d2351bdf5e758eac75ae04a750e68d963cb842ae3a4fe084587d230ac5,5ac474d2351bdf5e758eac75ae04a750e68d963cb842ae3a4fe084587d230ac5,116,116
21419,utt_3048888a78d3e90ba0b6::p0008,utt_3048888a78d3e90ba0b6::p0008,5f98e9987b3bfcfdcbe141e4d2dde91790eec881ce3cb703c7ce26ecffc21d6a,5f98e9987b3bfcfdcbe141e4d2dde91790eec881ce3cb703c7ce26ecffc21d6a,128,128
21419,utt_3048888a78d3e90ba0b6::p0009-p0010,utt_3048888a78d3e90ba0b6::p0009-p0010,7983c475d0c007db0cb0984d4700eccf360570344fbcc267a7c4da1431886fe6,7983c475d0c007db0cb0984d4700eccf360570344fbcc267a7c4da1431886fe6,89,89
21419,utt_9a851f3d21a4c9ab5312::p0001-p0002,utt_9a851f3d21a4c9ab5312::p0001-p0002,70ea0c1ec67afe180378f4817728f2598f5adbc073995b8ea651c7b37a540df9,70ea0c1ec67afe180378f4817728f2598f5adbc073995b8ea651c7b37a540df9,19,19
21419,utt_c0b97150d03f0d2df3fd::p0001-p0002,utt_c0b97150d03f0d2df3fd::p0001-p0002,ba4747ee6395fee0c4311e52cebeb5db2337123553b20301a86bbe370ddb4c77,ba4747ee6395fee0c4311e52cebeb5db2337123553b20301a86bbe370ddb4c77,19,19
21419,utt_c5cb8cfcfadfbb5d2105::p0001,utt_c5cb8cfcfadfbb5d2105::p0001,0547f30ed4e8dcff49d4c733c6389979c31706588ad98f1dfb055fc3c0e546f2,0547f30ed4e8dcff49d4c733c6389979c31706588ad98f1dfb055fc3c0e546f2,18,18
21419,utt_1f787c393992352cfd6f::p0001,utt_1f787c393992352cfd6f::p0001,0db6ebabee0c85cc5a11eea3075daab49248da36c266ed3c30b75fa4d7faf81d,0db6ebabee0c85cc5a11eea3075daab49248da36c266ed3c30b75fa4d7faf81d,9,9
21419,utt_d2ecdc2e1fde4640e002::p0001-p0003,utt_d2ecdc2e1fde4640e002::p0001-p0003,56185d1a887ad803ed1aed8aa6177e6352f0c6166ab6c979569722cbaedb162c,56185d1a887ad803ed1aed8aa6177e6352f0c6166ab6c979569722cbaedb162c,142,142
21419,utt_d2ecdc2e1fde4640e002::p0004,utt_d2ecdc2e1fde4640e002::p0004,4ac7dd1c5ae40186436009b34b6141ec8c20fcc61e6bf612c4060aa4e22fafaa,4ac7dd1c5ae40186436009b34b6141ec8c20fcc61e6bf612c4060aa4e22fafaa,52,52
21419,utt_d2ecdc2e1fde4640e002::p0005,utt_d2ecdc2e1fde4640e002::p0005,83ee7349d56d2a8c186a6d319e1dd1a49f29d3470594f103c0c435b8733166bb,83ee7349d56d2a8c186a6d319e1dd1a49f29d3470594f103c0c435b8733166bb,115,115
21419,utt_d2ecdc2e1fde4640e002::p0006-p0007,utt_d2ecdc2e1fde4640e002::p0006-p0007,a06605c7309c070717d0f0da70db9e57089db2e215e465a304e4667a9b108ac6,a06605c7309c070717d0f0da70db9e57089db2e215e465a304e4667a9b108ac6,116,116
21419,utt_d2ecdc2e1fde4640e002::p0008,utt_d2ecdc2e1fde4640e002::p0008,05c089231f0469ff839bc819e231e46fa18d8b66af47cdb4f2729a09977d4640,05c089231f0469ff839bc819e231e46fa18d8b66af47cdb4f2729a09977d4640,74,74
21419,utt_d2ecdc2e1fde4640e002::p0009-p0012,utt_d2ecdc2e1fde4640e002::p0009-p0012,54a75b1790a0455177b51a067fb15e7616f362b21fa06edae4a850db57e1a377,54a75b1790a0455177b51a067fb15e7616f362b21fa06edae4a850db57e1a377,131,131
21419,utt_3fa28e82f6041a105003::p0001-p0004,utt_3fa28e82f6041a105003::p0001-p0004,60bd8dd7c3a40f9e9265717c27c066dd486303bcc61fc47ff0b07209297fde60,60bd8dd7c3a40f9e9265717c27c066dd486303bcc61fc47ff0b07209297fde60,120,120
21419,utt_3fa28e82f6041a105003::p0005,utt_3fa28e82f6041a105003::p0005,42dd7bdc0918b3451e60fbed9c0a7f757ce40889a0c5fdd6d90ba453fed3d243,42dd7bdc0918b3451e60fbed9c0a7f757ce40889a0c5fdd6d90ba453fed3d243,112,112
21419,utt_3fa28e82f6041a105003::p0006-p0007,utt_3fa28e82f6041a105003::p0006-p0007,8ef9252c4afd3160ed1a7c054a8dd4aefc78bd6fcd3ee0f9780dd6324857c484,8ef9252c4afd3160ed1a7c054a8dd4aefc78bd6fcd3ee0f9780dd6324857c484,105,105
21419,utt_3fa28e82f6041a105003::p0008,utt_3fa28e82f6041a105003::p0008,a5e82b4fea6487b5ad05c901eedab8b191726f9ca167ee83e8045eb9c2b56231,a5e82b4fea6487b5ad05c901eedab8b191726f9ca167ee83e8045eb9c2b56231,69,69
21419,utt_3fa28e82f6041a105003::p0009-p0010,utt_3fa28e82f6041a105003::p0009-p0010,e7cdc94bd78b866aebfce9f127187ff7a350d374c2ad6ef2f005be83ebd159cf,e7cdc94bd78b866aebfce9f127187ff7a350d374c2ad6ef2f005be83ebd159cf,63,63
21419,utt_3fa28e82f6041a105003::p0011,utt_3fa28e82f6041a105003::p0011,9d11d7498ac46b3158403c2e516b4131c0d1c4e475c981a479f4b9869006b4f1,9d11d7498ac46b3158403c2e516b4131c0d1c4e475c981a479f4b9869006b4f1,74,74
21419,utt_3fa28e82f6041a105003::p0012-p0014,utt_3fa28e82f6041a105003::p0012-p0017,70affdb3a02daf64a5584f496d216cfc854f4df456f5fb8c270aa4b5370b0df0,d0e6723b79261c714ca9adc3953c78adf8c8c6dbcdb8e5673ac81b346454367f,125,166
21419,utt_3fa28e82f6041a105003::p0015-p0017,utt_3fa28e82f6041a105003::p0012-p0017,f190924b8cd124349ff0130ad42015f747da486177e71a0ec565029b9c17b520,d0e6723b79261c714ca9adc3953c78adf8c8c6dbcdb8e5673ac81b346454367f,41,166
21419,utt_c1d1bb60e579c6af5002::p0001,utt_c1d1bb60e579c6af5002::p0001,5c4148fd38357f7fc37bbfb692efbe33e13bde57937fba8ddb78c7cd4919badf,5c4148fd38357f7fc37bbfb692efbe33e13bde57937fba8ddb78c7cd4919badf,13,13
21419,utt_32a34446d4108d5add7e::p0001,utt_32a34446d4108d5add7e::p0001,d244489b72369f12b2a3781692370920c842d3c69701fc38ae3f551c3caa5fac,d244489b72369f12b2a3781692370920c842d3c69701fc38ae3f551c3caa5fac,19,19
21419,utt_f6c61c7e8c647248f5c7::p0001-p0009,utt_f6c61c7e8c647248f5c7::p0001-p0009,061ae982893236915ac1361f537154431aed705918a3f3ac31e9b1c4d087e4b5,061ae982893236915ac1361f537154431aed705918a3f3ac31e9b1c4d087e4b5,141,141
21419,utt_f6c61c7e8c647248f5c7::p0010-p0013,utt_f6c61c7e8c647248f5c7::p0010-p0013,3f72d3da710326171dbfbfce5c671abc7161eb4b6481d430a97c171c22234117,3f72d3da710326171dbfbfce5c671abc7161eb4b6481d430a97c171c22234117,83,83
21419,utt_77f4444c68128287d7e3::p0001-p0004,utt_77f4444c68128287d7e3::p0001-p0004,f01cc746b728a8e98cad0cd455bf6c846d4c354510fa3887021cdd22bb3f134b,f01cc746b728a8e98cad0cd455bf6c846d4c354510fa3887021cdd22bb3f134b,14,14
21419,utt_9014e85bb7d0dd21d542::p0001-p0002,utt_9014e85bb7d0dd21d542::p0001-p0002,3cabb8afcdab77e40a034dbb356b7e4b6eac40cd064a3dfe236e890001649e4a,3cabb8afcdab77e40a034dbb356b7e4b6eac40cd064a3dfe236e890001649e4a,62,62
21419,utt_30dfcee8c6d9c98648fa::p0001,utt_30dfcee8c6d9c98648fa::p0001,e96af3f677410287028f7db3fae0723161e4b9e9d69be0ea3ee454fda0ef9b51,e96af3f677410287028f7db3fae0723161e4b9e9d69be0ea3ee454fda0ef9b51,14,14
21419,utt_ead14814fbfdad5dac4a::p0001,utt_ead14814fbfdad5dac4a::p0001,74e02abbe5e4d7a560a747bdddf38fdd088f95b6530ac93444bab5ceec6d369b,74e02abbe5e4d7a560a747bdddf38fdd088f95b6530ac93444bab5ceec6d369b,7,7
21419,utt_942852cac0f3e96e9791::p0001-p0004,utt_942852cac0f3e96e9791::p0001-p0004,13cb21284978bd1ea231f01b568499085c4ace028674c4c151da4f64dda924cc,13cb21284978bd1ea231f01b568499085c4ace028674c4c151da4f64dda924cc,22,22
21419,utt_cff233527f2b073aab85::p0001-p0002,utt_cff233527f2b073aab85::p0001-p0002,6866e4a305f57b540245105aac3918b606064113aefbc3560e5b8f96abf4c2f2,6866e4a305f57b540245105aac3918b606064113aefbc3560e5b8f96abf4c2f2,81,81
21419,utt_c683af86324d89b0689b::p0001-p0003,utt_c683af86324d89b0689b::p0001-p0003,9a78af8d7a4a0fe72b838cbb4fb82979e1f2f63ccfefa78ca4f9acb0837950ce,9a78af8d7a4a0fe72b838cbb4fb82979e1f2f63ccfefa78ca4f9acb0837950ce,8,8
21419,utt_81e0c9bbd84aaa59a6ee::p0001-p0002,utt_81e0c9bbd84aaa59a6ee::p0001-p0002,21cd23a0b95c54dbfee46227d233bb65766d047d2914aa4ce95fdbb217daa766,21cd23a0b95c54dbfee46227d233bb65766d047d2914aa4ce95fdbb217daa766,23,23
21419,utt_de8dbed493d0b8a4525b::p0001,utt_de8dbed493d0b8a4525b::p0001,360d03a8948d242842e45dfdd32536da27bf8216ba727108d3aa43bbb2f4b04d,360d03a8948d242842e45dfdd32536da27bf8216ba727108d3aa43bbb2f4b04d,7,7
21419,utt_fa9d0438f2674689df54::p0001-p0003,utt_fa9d0438f2674689df54::p0001-p0003,7f28847e8df9e655cdd7e66af52f745df7675f9597fe80a82bf25d74cfeb566c,7f28847e8df9e655cdd7e66af52f745df7675f9597fe80a82bf25d74cfeb566c,9,9
21419,utt_a117e324a2b2138ae1a3::p0001,utt_a117e324a2b2138ae1a3::p0001,476c51f5f69cb3a5a3569c42ed868256fec85b67247d69ece26760d7bb725abf,476c51f5f69cb3a5a3569c42ed868256fec85b67247d69ece26760d7bb725abf,8,8
21419,utt_5162d0d389ede75cc056::p0001-p0002,utt_5162d0d389ede75cc056::p0001-p0002,0636655dd3df399b0d2395b8982d1adcec22edb0d4f2a7d38ae1f6b29d47e6ae,0636655dd3df399b0d2395b8982d1adcec22edb0d4f2a7d38ae1f6b29d47e6ae,103,103
21419,utt_5162d0d389ede75cc056::p0003,utt_5162d0d389ede75cc056::p0003,a870876e8aef81cc888d471b535e1657f3947015206e9da47ee084abcfefd86d,a870876e8aef81cc888d471b535e1657f3947015206e9da47ee084abcfefd86d,92,92
21419,utt_5162d0d389ede75cc056::p0004-p0005,utt_5162d0d389ede75cc056::p0004-p0005,39d71ca3d7cd2959a2060c5081de503df78c781ffba739cad550aceabf1cd781,39d71ca3d7cd2959a2060c5081de503df78c781ffba739cad550aceabf1cd781,117,117
21419,utt_5162d0d389ede75cc056::p0006-p0007,utt_5162d0d389ede75cc056::p0006-p0007,6bba1ca7c570c53c35d365f3a7b382fb7b121981741de35fadb4b10e039feadf,6bba1ca7c570c53c35d365f3a7b382fb7b121981741de35fadb4b10e039feadf,135,135
21419,utt_5162d0d389ede75cc056::p0008-p0009,utt_5162d0d389ede75cc056::p0008-p0009,f6450001b644b4c9b71f639b8f32e51840f76bb1bb09646c495c4f3e93aedcad,f6450001b644b4c9b71f639b8f32e51840f76bb1bb09646c495c4f3e93aedcad,91,91
21419,utt_5162d0d389ede75cc056::p0010-p0011,utt_5162d0d389ede75cc056::p0010-p0011,b19d2d4e98d904c968a6e7c72a035b16e603a2e85914b7d526fd3dc40c2e49f6,b19d2d4e98d904c968a6e7c72a035b16e603a2e85914b7d526fd3dc40c2e49f6,146,146
21419,utt_5162d0d389ede75cc056::p0012-p0014,utt_5162d0d389ede75cc056::p0012-p0014,99f491a37e347f05816282e0991b05398250a43a3951a629735171eeb3fb3650,99f491a37e347f05816282e0991b05398250a43a3951a629735171eeb3fb3650,114,114
21419,utt_98a0c9cb0d143db00f8c::p0001-p0002,utt_98a0c9cb0d143db00f8c::p0001-p0002,5c411b1d043a52da5dd1fc5e58741077bdc0913ffbec34bacd30e7ebaaf36467,5c411b1d043a52da5dd1fc5e58741077bdc0913ffbec34bacd30e7ebaaf36467,69,69
21419,utt_98a0c9cb0d143db00f8c::p0003-p0004,utt_98a0c9cb0d143db00f8c::p0003-p0004,d22cde9c400f14a9eb9f345d644134e659330eaf24b3dceca2ba8befd6b117a6,d22cde9c400f14a9eb9f345d644134e659330eaf24b3dceca2ba8befd6b117a6,52,52
21419,utt_af63dad3c222f36e8d88::p0001-p0003,utt_af63dad3c222f36e8d88::p0001-p0003,5a77763b854f5603b10341ac2e827a27dc38c4249cf954a1407038f23cc4184c,5a77763b854f5603b10341ac2e827a27dc38c4249cf954a1407038f23cc4184c,21,21
21419,utt_289b0fb559ca74901faf::p0001-p0003,utt_289b0fb559ca74901faf::p0001-p0003,211cdba0ae9222cef3b92bb01cd8992a2c71a26837205c1c1fbd1ed0bb005519,211cdba0ae9222cef3b92bb01cd8992a2c71a26837205c1c1fbd1ed0bb005519,128,128
21419,utt_289b0fb559ca74901faf::p0004-p0005,utt_289b0fb559ca74901faf::p0004-p0005,6abe27936dc3adf35e7e99fc572051db7d6bfecdd26f046f23031f06d29265e8,6abe27936dc3adf35e7e99fc572051db7d6bfecdd26f046f23031f06d29265e8,97,97
21419,utt_289b0fb559ca74901faf::p0006-p0008,utt_289b0fb559ca74901faf::p0006-p0008,6e6e0559981c05cb412c91ca87c4a0118d1abdaa86e6e6eb01c6580fcdce4eb6,6e6e0559981c05cb412c91ca87c4a0118d1abdaa86e6e6eb01c6580fcdce4eb6,131,131
21419,utt_289b0fb559ca74901faf::p0009-p0011,utt_289b0fb559ca74901faf::p0009-p0013,27119b66a8faf716ec9b4ab0c0cd51a012d7ccb9f97cf40eb8db700ed14c28c3,4dd3c15bae2e244d64a75dca8ec903e111056e2feb099a6f37a6796df2651141,127,153
21419,utt_289b0fb559ca74901faf::p0012-p0013,utt_289b0fb559ca74901faf::p0009-p0013,1019558d80d80bc510b91f8d0b5ac74f083278459037beffbfae432730370320,4dd3c15bae2e244d64a75dca8ec903e111056e2feb099a6f37a6796df2651141,26,153
21419,utt_c51cd1fc2df0bccfdff6::p0001-p0002,utt_c51cd1fc2df0bccfdff6::p0001-p0002,3a4712338a231e467d742126d0ba38d5e1423a2ce11b78b05f650f1bcd3ff074,3a4712338a231e467d742126d0ba38d5e1423a2ce11b78b05f650f1bcd3ff074,25,25
21419,utt_d513f29d57ac8b07c00d::p0001-p0002,utt_d513f29d57ac8b07c00d::p0001-p0002,b9d34d3f2bcfe44e2e58b80c0ecd982ddb9b1a6457f0a130ce04c938e18db11c,b9d34d3f2bcfe44e2e58b80c0ecd982ddb9b1a6457f0a130ce04c938e18db11c,57,57
21419,utt_d513f29d57ac8b07c00d::p0003-p0004,utt_d513f29d57ac8b07c00d::p0003-p0004,a9fc337abcd10b2cf2f00a7dcc3fc3dfd345f2e19addbcacc4aa63354f0e8c3c,a9fc337abcd10b2cf2f00a7dcc3fc3dfd345f2e19addbcacc4aa63354f0e8c3c,71,71
21419,utt_da44d36087a0171db0ec::p0001-p0004,utt_da44d36087a0171db0ec::p0001-p0004,52a3445508e8dab411eb0443ce78bffa5e41e3e2302da1b34ae5e30a7f4b44e6,52a3445508e8dab411eb0443ce78bffa5e41e3e2302da1b34ae5e30a7f4b44e6,80,80
21419,utt_5efcf82000bce2008406::p0001,utt_5efcf82000bce2008406::p0001,f7ede87128afc313903900af80c868d85af0552227ff0cef538ee9c0381d78f4,f7ede87128afc313903900af80c868d85af0552227ff0cef538ee9c0381d78f4,51,51
21419,utt_5efcf82000bce2008406::p0002-p0004,utt_5efcf82000bce2008406::p0002-p0004,bdab2c1ca671589ca3346d3d773cdca68644744ec21f5004d19def66b1e49f01,bdab2c1ca671589ca3346d3d773cdca68644744ec21f5004d19def66b1e49f01,144,144
21419,utt_d4f274f217135a2c3c99::p0001-p0002,utt_d4f274f217135a2c3c99::p0001-p0002,0ebff49bafdb3c85ad50a5361b44d6e5f959039f13948a6f7a9767474d81bffc,0ebff49bafdb3c85ad50a5361b44d6e5f959039f13948a6f7a9767474d81bffc,8,8
21419,utt_393709900254f95c187d::p0001-p0002,utt_393709900254f95c187d::p0001-p0002,0d65f7066a6910a5f2737688d2686170619b69cac3e7ba2bb3fa1c4a8c27c331,0d65f7066a6910a5f2737688d2686170619b69cac3e7ba2bb3fa1c4a8c27c331,78,78
21419,utt_087f0f1e5740c7d73ccd::p0001-p0005,utt_087f0f1e5740c7d73ccd::p0001-p0005,935c4109ce5910533ba38240b2760de5a062cf321090978a883b986e627ad4dc,935c4109ce5910533ba38240b2760de5a062cf321090978a883b986e627ad4dc,70,70
21419,utt_5164f57b16a245992f1a::p0001-p0002,utt_5164f57b16a245992f1a::p0001-p0002,7e5f83b628b0b6b9002df189e90ce7d80aea295b2d37bee31a3dedb9fb20e8b7,7e5f83b628b0b6b9002df189e90ce7d80aea295b2d37bee31a3dedb9fb20e8b7,89,89
21419,utt_5164f57b16a245992f1a::p0003-p0004,utt_5164f57b16a245992f1a::p0003-p0004,eeddf3fd167af2d7a38aa3e03fc87652fe9f09a60f7991bb38098b25c90308ec,eeddf3fd167af2d7a38aa3e03fc87652fe9f09a60f7991bb38098b25c90308ec,72,72
21419,utt_a1cea20e9ba5a2e35eb1::p0001,utt_a1cea20e9ba5a2e35eb1::p0001,45f4b6043c1a9999f8862123979edee7f1b0d67a752f6aa79459c1571e88c999,45f4b6043c1a9999f8862123979edee7f1b0d67a752f6aa79459c1571e88c999,17,17
21419,utt_d7b592ea356ba04b62a4::p0001-p0002,utt_d7b592ea356ba04b62a4::p0001-p0002,416d7329155ac9633b0df62b64c52727f031aa5ff68a9f3d3700ae6f403df6f6,416d7329155ac9633b0df62b64c52727f031aa5ff68a9f3d3700ae6f403df6f6,19,19
21419,utt_2f68e677f19f2b4cb657::p0001,utt_2f68e677f19f2b4cb657::p0001,59527755d4bdd578a52b89102e779f3e84522390c8317d65278aae62cfdf9141,59527755d4bdd578a52b89102e779f3e84522390c8317d65278aae62cfdf9141,5,5
21419,utt_0668dbff1d18ce062daf::p0001,utt_0668dbff1d18ce062daf::p0001,512145543afdea194c7ee5bec6dee62f8e57d1edc804d952b6e88e39d57d81a5,512145543afdea194c7ee5bec6dee62f8e57d1edc804d952b6e88e39d57d81a5,7,7
21419,utt_fb7ef22f76169640a2de::p0001,utt_fb7ef22f76169640a2de::p0001,e3f6033efa5c33a39fc90c4b4877aedb6405b3307746528ee3381877716a8110,e3f6033efa5c33a39fc90c4b4877aedb6405b3307746528ee3381877716a8110,5,5
21419,utt_3918565c5227eeb21155::p0001-p0003,utt_3918565c5227eeb21155::p0001-p0003,df27ecb45d7f214ed4ae49069394192ceac320760afe3e788488c0deb222b4f6,df27ecb45d7f214ed4ae49069394192ceac320760afe3e788488c0deb222b4f6,22,22
21419,utt_3c01ad6f64b338d67515::p0001-p0002,utt_3c01ad6f64b338d67515::p0001-p0002,6dd2e418081a1e60de9f52ad65d66a8d669e1ead9efa35799b1a0f482d4908e8,6dd2e418081a1e60de9f52ad65d66a8d669e1ead9efa35799b1a0f482d4908e8,30,30
21419,utt_5a4ce505d80afb2b3091::p0001-p0002,utt_5a4ce505d80afb2b3091::p0001-p0002,395d0fc00edb8453a2fad40e523c9551d7da22ffd4ad2db164d845e218d650d4,395d0fc00edb8453a2fad40e523c9551d7da22ffd4ad2db164d845e218d650d4,22,22
21419,utt_a5c539ffe325c97571fe::p0001-p0005,utt_a5c539ffe325c97571fe::p0001-p0005,f63eed6e175fc8d22fe87b6d94b5327b48134f8fadfc9b6d651a7e7de483cc89,f63eed6e175fc8d22fe87b6d94b5327b48134f8fadfc9b6d651a7e7de483cc89,125,125
21419,utt_2fd7397f6f75a08e9a2a::p0001-p0002,utt_2fd7397f6f75a08e9a2a::p0001-p0002,96e5ca99026104c32b9933e1cbd1c8cdbd3bb6420b5c75df774f744225e800b9,96e5ca99026104c32b9933e1cbd1c8cdbd3bb6420b5c75df774f744225e800b9,67,67
21419,utt_2fd7397f6f75a08e9a2a::p0003,utt_2fd7397f6f75a08e9a2a::p0003,71429a570f2eb8c6f39ec1c2a0f10bb8d1027b24f63d4a8364888df28dbd55b6,71429a570f2eb8c6f39ec1c2a0f10bb8d1027b24f63d4a8364888df28dbd55b6,101,101
21419,utt_2fd7397f6f75a08e9a2a::p0004,utt_2fd7397f6f75a08e9a2a::p0004,9b114418f4ea500aaf40f23c0a8806e1986d4e4c29326bca9f4ee3dcbc193d73,9b114418f4ea500aaf40f23c0a8806e1986d4e4c29326bca9f4ee3dcbc193d73,53,53
21419,utt_2fd7397f6f75a08e9a2a::p0005-p0006,utt_2fd7397f6f75a08e9a2a::p0005-p0006,d75037efa457b19d05e8a1dc092998f01c7a0165efdb6f69d6e8982892d65667,d75037efa457b19d05e8a1dc092998f01c7a0165efdb6f69d6e8982892d65667,63,63
21419,utt_f5ec8fe2cf254eebd28e::p0001-p0005,utt_f5ec8fe2cf254eebd28e::p0001-p0005,a3eebb7d19bc466b62acd076512b350dafb305ac9ee63950f0ce1fded561d5bd,a3eebb7d19bc466b62acd076512b350dafb305ac9ee63950f0ce1fded561d5bd,79,79
21419,utt_e9bb2a2ad5a6015d0446::p0001-p0003,utt_e9bb2a2ad5a6015d0446::p0001-p0005,11c982353bc036fb47488e12393ef5916195870c0ceeba3efa4233817ef467c5,c63c2597e52c1c38e9856eb425aeafc62ffa924502a9a5322304a6a5db281989,129,169
21419,utt_e9bb2a2ad5a6015d0446::p0004-p0005,utt_e9bb2a2ad5a6015d0446::p0001-p0005,8014c13bc68245c4f17e0bed1a61d38a0ab3f5527e241cc0dbcb078221b76358,c63c2597e52c1c38e9856eb425aeafc62ffa924502a9a5322304a6a5db281989,40,169
21419,utt_4806ef2c4934e04511a8::p0001,utt_4806ef2c4934e04511a8::p0001,63e6e5531d850ee7c7f7147a9c7875c02709cb2248ea7ca32c3a075e0869eea5,63e6e5531d850ee7c7f7147a9c7875c02709cb2248ea7ca32c3a075e0869eea5,5,5
21419,utt_ac4c3cbae119cf1bbdb7::p0001-p0002,utt_ac4c3cbae119cf1bbdb7::p0001-p0002,2e63c6e0313a12190a0fd0fa4c5bfde36ac111c54f81c70f43e2f15771427273,2e63c6e0313a12190a0fd0fa4c5bfde36ac111c54f81c70f43e2f15771427273,71,71
21419,utt_8c1653f78535cdcd7b0f::p0001-p0002,utt_8c1653f78535cdcd7b0f::p0001-p0002,f9f8cb8f5bdc97c21792e5c29fafd573bdc5d9e18aba8bc59153b32a630610a2,f9f8cb8f5bdc97c21792e5c29fafd573bdc5d9e18aba8bc59153b32a630610a2,6,6
21419,utt_989088388c8f5eb75ab8::p0001,utt_989088388c8f5eb75ab8::p0001,210e78c732a886c4449f121205b0dc64a9228f8ba6f0ac3d94fe2012f201b9ea,210e78c732a886c4449f121205b0dc64a9228f8ba6f0ac3d94fe2012f201b9ea,19,19
21419,utt_49a5568f255bba294f30::p0001-p0003,utt_49a5568f255bba294f30::p0001-p0003,bc3e1a44d36ae0b8473dda792bc335e7af2fded7c500d13a615b80e41b739ebd,bc3e1a44d36ae0b8473dda792bc335e7af2fded7c500d13a615b80e41b739ebd,39,39
21419,utt_e1edce1a068f6d2780cd::p0001-p0002,utt_e1edce1a068f6d2780cd::p0001-p0002,47c1156cf1fbb5c928121b0651ce589892e63486b0ec4b292948a1a81ce8206d,47c1156cf1fbb5c928121b0651ce589892e63486b0ec4b292948a1a81ce8206d,32,32
21419,utt_20e1b9562c5743c05e0a::p0001,utt_20e1b9562c5743c05e0a::p0001,ef81fd6ddcc9adb834158653411750ecd4ff1331c4fec5ac5b85837cd30802bb,ef81fd6ddcc9adb834158653411750ecd4ff1331c4fec5ac5b85837cd30802bb,6,6
21419,utt_d4b226a8b02c27d51818::p0001-p0002,utt_d4b226a8b02c27d51818::p0001-p0002,941b38841e51d9168e8e8a5fc942662fa874cc63dd6f86400fb53dd0f09e3ade,941b38841e51d9168e8e8a5fc942662fa874cc63dd6f86400fb53dd0f09e3ade,54,54
21419,utt_cb491d87394ca4ce0ad8::p0001-p0004,utt_cb491d87394ca4ce0ad8::p0001-p0004,042d7fc95e2f153615cd16da4f065047b49ee5de70a5c940b4aa8a3d9adcf0a1,042d7fc95e2f153615cd16da4f065047b49ee5de70a5c940b4aa8a3d9adcf0a1,128,128
21419,utt_cb491d87394ca4ce0ad8::p0005-p0008,utt_cb491d87394ca4ce0ad8::p0005-p0008,b513e9f22c2387301bf1bd72f4d4aabb79abf2481afca09141bd9982c7fa6610,b513e9f22c2387301bf1bd72f4d4aabb79abf2481afca09141bd9982c7fa6610,136,136
21419,utt_8a0c9abad85f15e3a844::p0001,utt_8a0c9abad85f15e3a844::p0001,9d18f5088ce407d11dc7437dfba91f6657c1ad9952a0a0ea9ff5e847bd41b273,9d18f5088ce407d11dc7437dfba91f6657c1ad9952a0a0ea9ff5e847bd41b273,7,7
21419,utt_1d6a77eb1af15b8ffd2f::p0001-p0004,utt_1d6a77eb1af15b8ffd2f::p0001-p0004,4fa30fe00bc27114848d178ccc07adfce6f5a1f4dbf21ece628620ae89b80e3e,4fa30fe00bc27114848d178ccc07adfce6f5a1f4dbf21ece628620ae89b80e3e,38,38
21419,utt_dc53194e3a2f1c14007a::p0001,utt_dc53194e3a2f1c14007a::p0001,d930fd4fcd366f7d8c4e835adfa0bbb2b9c17e4318838d17abefa209d36d906f,d930fd4fcd366f7d8c4e835adfa0bbb2b9c17e4318838d17abefa209d36d906f,6,6
21419,utt_8fc46c085b5c14f7f6eb::p0001-p0003,utt_8fc46c085b5c14f7f6eb::p0001-p0003,76af7c5c1d13a12f87116cab0a6c76d7a9205dabda65f271bfe8ad3492b01544,76af7c5c1d13a12f87116cab0a6c76d7a9205dabda65f271bfe8ad3492b01544,16,16
21419,utt_37528810f71140781023::p0001-p0003,utt_37528810f71140781023::p0001-p0003,f7da412313cc7920097ea9ec0e8c0b60d854ca2d3acd7c95685b2ef885ecaa7a,f7da412313cc7920097ea9ec0e8c0b60d854ca2d3acd7c95685b2ef885ecaa7a,72,72
21419,utt_652d9fb4d2128c158c5c::p0001-p0002,utt_652d9fb4d2128c158c5c::p0001-p0002,fce4eb0d4a0ac9c3de9693a8d8db8e1d4306bdf76c62033f6e799be66b230f63,fce4eb0d4a0ac9c3de9693a8d8db8e1d4306bdf76c62033f6e799be66b230f63,65,65
21419,utt_f927f70f4b45a4632824::p0001-p0003,utt_f927f70f4b45a4632824::p0001-p0003,b9878f6ca4ffe1208d73eac3a6d2ed679b595f5a01074508da2148c25ce8f4f4,b9878f6ca4ffe1208d73eac3a6d2ed679b595f5a01074508da2148c25ce8f4f4,60,60
21419,utt_ad9482bd193c3e1db0a3::p0001-p0007,utt_ad9482bd193c3e1db0a3::p0001-p0007,009e2a50609e17ae0cf718441d1e8cfcf9a5c233d22a56be77528d06f93d9014,009e2a50609e17ae0cf718441d1e8cfcf9a5c233d22a56be77528d06f93d9014,41,41
21419,utt_04be2bd3672c070d82f9::p0001,utt_04be2bd3672c070d82f9::p0001,5f9eb78ea4801892ca7aa133cb473b1b7bb72b6c536899d070ac0020ae973f6d,5f9eb78ea4801892ca7aa133cb473b1b7bb72b6c536899d070ac0020ae973f6d,5,5
21419,utt_6ff1cba9972a66661175::p0001,utt_6ff1cba9972a66661175::p0001,6c2913f0c216f42160cac9938beb98192bc3ba2105e8953f5dd59f641cb6f4b7,6c2913f0c216f42160cac9938beb98192bc3ba2105e8953f5dd59f641cb6f4b7,5,5
21419,utt_16b7b86cddb71ce01df4::p0001-p0003,utt_16b7b86cddb71ce01df4::p0001-p0003,8010ae1eae2fa0f82f9880935126a0cf4b032f73110db20c4001de109c349942,8010ae1eae2fa0f82f9880935126a0cf4b032f73110db20c4001de109c349942,24,24
21419,utt_f13ac67ba976f5d14cae::p0001,utt_f13ac67ba976f5d14cae::p0001,9ba541fd9aeb7dee91ad684decaae69be8746943e426679bda2900e749968cff,9ba541fd9aeb7dee91ad684decaae69be8746943e426679bda2900e749968cff,7,7
21419,utt_bb9d0334193522f9cf8f::p0001,utt_bb9d0334193522f9cf8f::p0001,093ed7fed1e1e6e22ddff33e235eb5f242434bac03b071922a602a602d6d6b61,093ed7fed1e1e6e22ddff33e235eb5f242434bac03b071922a602a602d6d6b61,6,6
21419,utt_e397ee53e1351f7453b8::p0001-p0005,utt_e397ee53e1351f7453b8::p0001-p0005,494aff2b1edcc788dad3978fcf7461a074ee75c4a406bc9679c95019b75ddbd4,494aff2b1edcc788dad3978fcf7461a074ee75c4a406bc9679c95019b75ddbd4,43,43
21419,utt_db1c9c20d2523fb0c0db::p0001-p0002,utt_db1c9c20d2523fb0c0db::p0001-p0002,0103ae2d767a4dcd6da9371568e7617149c1b6d5069295fbeb5b5081579c2ecd,0103ae2d767a4dcd6da9371568e7617149c1b6d5069295fbeb5b5081579c2ecd,47,47
21419,utt_b2cb3eb0e860e3b0e446::p0001-p0002,utt_b2cb3eb0e860e3b0e446::p0001-p0002,11b3dcc8b22a239dd8a79f812189dfd9194560a7214075b15585032ea1a3e0a4,11b3dcc8b22a239dd8a79f812189dfd9194560a7214075b15585032ea1a3e0a4,26,26
21419,utt_e689b7370c97d7a03f12::p0001-p0003,utt_e689b7370c97d7a03f12::p0001-p0003,fe5bb0acf9f6c0ce7bbf4b824605927c475a3efc7c177462e177142f82551a62,fe5bb0acf9f6c0ce7bbf4b824605927c475a3efc7c177462e177142f82551a62,50,50
21419,utt_b8485d4ab9933f910a35::p0001-p0004,utt_b8485d4ab9933f910a35::p0001-p0004,1d476c9f160a9b1c332191e5121f2abcfc577af2918bc5cfe17c52d6a00709c6,1d476c9f160a9b1c332191e5121f2abcfc577af2918bc5cfe17c52d6a00709c6,147,147
21419,utt_b8485d4ab9933f910a35::p0005-p0006,utt_b8485d4ab9933f910a35::p0005-p0006,9f32bd1012e79335dd79b890ed35f34dd23d82de752427de14e4913a8ab9bc82,9f32bd1012e79335dd79b890ed35f34dd23d82de752427de14e4913a8ab9bc82,123,123
21419,utt_b8485d4ab9933f910a35::p0007,utt_b8485d4ab9933f910a35::p0007,09c0fe4252de730d89e43ce2cae53210ff9cc4b31fd648156021387e249f3f3e,09c0fe4252de730d89e43ce2cae53210ff9cc4b31fd648156021387e249f3f3e,91,91
21419,utt_b8485d4ab9933f910a35::p0008-p0010,utt_b8485d4ab9933f910a35::p0008-p0010,530ed9ce633acafae58573ef2068f4c134e5b04f0fe3d8950e58cc19ae63478d,530ed9ce633acafae58573ef2068f4c134e5b04f0fe3d8950e58cc19ae63478d,114,114
21419,utt_b8485d4ab9933f910a35::p0011-p0012,utt_b8485d4ab9933f910a35::p0011-p0012,9de8e66dd496e25172b63b7a5507b1069fe1c3dbaa9336973de2bd13db195a4b,9de8e66dd496e25172b63b7a5507b1069fe1c3dbaa9336973de2bd13db195a4b,141,141
21419,utt_b8485d4ab9933f910a35::p0013-p0014,utt_b8485d4ab9933f910a35::p0013-p0014,dc96c1dc3adcaccc37ae2451bdb8751e256ea73ab23c97862d1af9b6a90fd6b1,dc96c1dc3adcaccc37ae2451bdb8751e256ea73ab23c97862d1af9b6a90fd6b1,148,148
21419,utt_a6a87dbb877aceed15ea::p0001-p0002,utt_a6a87dbb877aceed15ea::p0001-p0003,5374d09fde89883f84f84848b0f298e1342f1d9cce668cdee71357cc3eebbb58,12c7736563d99fd014142b69d5af38c5a7212523aaa1ca19e57c83b1560a95ad,34,164
21419,utt_a6a87dbb877aceed15ea::p0003,utt_a6a87dbb877aceed15ea::p0001-p0003,bfb7f93001eeece3f40d28cb4d7e7d1675b505e9896d99b38eef72197a2b6d06,12c7736563d99fd014142b69d5af38c5a7212523aaa1ca19e57c83b1560a95ad,130,164
21419,utt_a6a87dbb877aceed15ea::p0004-p0007,utt_a6a87dbb877aceed15ea::p0004-p0007,aecd30ea3be347a924923c7988b5fbf5c634c8dec13b62afdca9326f4f87a688,aecd30ea3be347a924923c7988b5fbf5c634c8dec13b62afdca9326f4f87a688,147,147
21419,utt_a6a87dbb877aceed15ea::p0008-p0014,utt_a6a87dbb877aceed15ea::p0008-p0014,fbb78f23cbd626cc857eb88db7d3ea2b33c20a09e1eb4498bc95ce1927273e20,fbb78f23cbd626cc857eb88db7d3ea2b33c20a09e1eb4498bc95ce1927273e20,99,99
21419,utt_70ba0f16a2b5075ec003::p0001-p0005,utt_70ba0f16a2b5075ec003::p0001-p0005,259a3a8760fe4982e0a770b9adb21f943e61ae6bea17806f5d2ede7d5967e625,259a3a8760fe4982e0a770b9adb21f943e61ae6bea17806f5d2ede7d5967e625,35,35
21419,utt_79f2cdf4c84501db2fd0::p0001-p0007,utt_79f2cdf4c84501db2fd0::p0001-p0007,2a30c146d16dba480fcec5cb77cbf187a9b9c08fc7f2b4ffa2c7ea648ede333c,2a30c146d16dba480fcec5cb77cbf187a9b9c08fc7f2b4ffa2c7ea648ede333c,137,137
21419,utt_79f2cdf4c84501db2fd0::p0008-p0013,utt_79f2cdf4c84501db2fd0::p0008-p0013,c219f4a1b07085a17737c8d44a23915646e203e75b18ae06f302f1cf1eb1337e,c219f4a1b07085a17737c8d44a23915646e203e75b18ae06f302f1cf1eb1337e,145,145
21419,utt_79f2cdf4c84501db2fd0::p0014-p0017,utt_79f2cdf4c84501db2fd0::p0014-p0017,fb9489dfefcd0a1ce1e97dff64c76d9265fae2e4b0dd01714fa9b71eeeb87205,fb9489dfefcd0a1ce1e97dff64c76d9265fae2e4b0dd01714fa9b71eeeb87205,144,144
21419,utt_79f2cdf4c84501db2fd0::p0018-p0020,utt_79f2cdf4c84501db2fd0::p0018-p0020,1f0c7a23812cdf6f08a2bbe1c002429d109b4c0451405c9ecb83586d44b21888,1f0c7a23812cdf6f08a2bbe1c002429d109b4c0451405c9ecb83586d44b21888,82,82
21419,utt_79f2cdf4c84501db2fd0::p0021-p0024,utt_79f2cdf4c84501db2fd0::p0021-p0024,eb3a8c0d2e1255c0cb53cb210202645f9b64bc6cf730ec35b67980325f7776b8,eb3a8c0d2e1255c0cb53cb210202645f9b64bc6cf730ec35b67980325f7776b8,128,128
21419,utt_e83df4d71a02276035ec::p0001-p0007,utt_e83df4d71a02276035ec::p0001-p0007,b22480ad67b940c1a6495b29d403d130a8ed80ff2a37dce3645da76b5a82c0e8,b22480ad67b940c1a6495b29d403d130a8ed80ff2a37dce3645da76b5a82c0e8,143,143
21419,utt_e83df4d71a02276035ec::p0008-p0014,utt_e83df4d71a02276035ec::p0008-p0014,1fdf62b394a1a17849144e333b8d2bad596d8bb315a318b00eb51ba50ff5dd0c,1fdf62b394a1a17849144e333b8d2bad596d8bb315a318b00eb51ba50ff5dd0c,146,146
21419,utt_ebb38da6519ff7d3cdec::p0001-p0002,utt_ebb38da6519ff7d3cdec::p0001-p0002,f744db40760bdb0ea5297d80c5fa52519293997dc71dcfe28a8ab93d3ff00e1c,f744db40760bdb0ea5297d80c5fa52519293997dc71dcfe28a8ab93d3ff00e1c,11,11
21419,utt_52a01af26adbcf75accc::p0001-p0007,utt_52a01af26adbcf75accc::p0001-p0007,043bb9178bd1f68a8a3defd96c8f9e3c335d6ba609e0788d72e7e85058e7bfe9,043bb9178bd1f68a8a3defd96c8f9e3c335d6ba609e0788d72e7e85058e7bfe9,135,135
21419,utt_52a01af26adbcf75accc::p0008-p0011,utt_52a01af26adbcf75accc::p0008-p0011,4f0268d35b707d43258db25cb36bb6e1f9ccf1d4a7687a22afb42098b88c1376,4f0268d35b707d43258db25cb36bb6e1f9ccf1d4a7687a22afb42098b88c1376,84,84
21419,utt_52a01af26adbcf75accc::p0012-p0014,utt_52a01af26adbcf75accc::p0012-p0014,b3db162b601955cf3da1085d4bc76fb63ba9bad91b8c72435de85db7245e9b3a,b3db162b601955cf3da1085d4bc76fb63ba9bad91b8c72435de85db7245e9b3a,146,146
21419,utt_52a01af26adbcf75accc::p0015,utt_52a01af26adbcf75accc::p0015,0e24def63c4997b15f28bce54ba47e352b3b8bb988e09a1aa548de30b8c1d3e2,0e24def63c4997b15f28bce54ba47e352b3b8bb988e09a1aa548de30b8c1d3e2,61,61
21419,utt_52a01af26adbcf75accc::p0016-p0017,utt_52a01af26adbcf75accc::p0016-p0017,5a8f9bc2595cbc034ad88222f3491ac9b7f34c14331a495cdf016c04a79c59e1,5a8f9bc2595cbc034ad88222f3491ac9b7f34c14331a495cdf016c04a79c59e1,59,59
21419,utt_e9ff33a8e8684ea38dc4::p0001-p0002,utt_e9ff33a8e8684ea38dc4::p0001-p0002,12f9214d4687bbd556d5729e5144071c756823727daec286b26dd73621efadd3,12f9214d4687bbd556d5729e5144071c756823727daec286b26dd73621efadd3,95,95
21419,utt_e9ff33a8e8684ea38dc4::p0003,utt_e9ff33a8e8684ea38dc4::p0003,114f60b5fcc2764998810c711480836b4bf3528d59a57e0729230b76ebbbec6c,114f60b5fcc2764998810c711480836b4bf3528d59a57e0729230b76ebbbec6c,104,104
21419,utt_e9ff33a8e8684ea38dc4::p0004-p0005,utt_e9ff33a8e8684ea38dc4::p0004-p0005,ef9fa05567ad23d2cdf7c0f65d0953f96573dec2d0e660b52f97d588ca734255,ef9fa05567ad23d2cdf7c0f65d0953f96573dec2d0e660b52f97d588ca734255,100,100
21419,utt_e9ff33a8e8684ea38dc4::p0006,utt_e9ff33a8e8684ea38dc4::p0006,469db227ece444d1c2ac8a0a8ff4bf375fe012067a0653bc2f1228f56b6ba631,469db227ece444d1c2ac8a0a8ff4bf375fe012067a0653bc2f1228f56b6ba631,54,54
21419,utt_e9ff33a8e8684ea38dc4::p0007-p0009,utt_e9ff33a8e8684ea38dc4::p0007-p0009,4ed8daf575abfeab80ffe3469f42236c467c1fbef693fdeb25c217ec6222b89b,4ed8daf575abfeab80ffe3469f42236c467c1fbef693fdeb25c217ec6222b89b,120,120
21419,utt_4c53b710b40430edbd03::p0001-p0004,utt_4c53b710b40430edbd03::p0001-p0004,b09004f7607ed41454c554c484f9749b06a5874e0f8fd719ad9c50cfbee40034,b09004f7607ed41454c554c484f9749b06a5874e0f8fd719ad9c50cfbee40034,148,148
21419,utt_4c53b710b40430edbd03::p0005,utt_4c53b710b40430edbd03::p0005,5c64d0eb9561fe89a15fd9ee9b05b166be54b8b1344e894d4d75a02f5f38f789,5c64d0eb9561fe89a15fd9ee9b05b166be54b8b1344e894d4d75a02f5f38f789,50,50
21419,utt_4c53b710b40430edbd03::p0006,utt_4c53b710b40430edbd03::p0006,89adcc5709e7b75ff32cd3f946477ff632aa3e1d11d2b722d6be9560649ed6c1,89adcc5709e7b75ff32cd3f946477ff632aa3e1d11d2b722d6be9560649ed6c1,65,65
21419,utt_4c53b710b40430edbd03::p0007-p0009,utt_4c53b710b40430edbd03::p0007-p0009,42c0f517625e6295a4ee20ffd5af4d64f6c29a2a2de674e6f7c2337eb4743c46,42c0f517625e6295a4ee20ffd5af4d64f6c29a2a2de674e6f7c2337eb4743c46,71,71
21419,utt_505b487d18aa04b825c4::p0001-p0003,utt_505b487d18aa04b825c4::p0001-p0003,a582fe7385f7e5a013214ceaa84cbd213482d517686e5403040d5df17c85098a,a582fe7385f7e5a013214ceaa84cbd213482d517686e5403040d5df17c85098a,117,117
21419,utt_505b487d18aa04b825c4::p0004-p0006,utt_505b487d18aa04b825c4::p0004-p0006,83b0673ded6773590c0b85ea475125ec5fdf1e6f41a249e08e9db002cb92b0cd,83b0673ded6773590c0b85ea475125ec5fdf1e6f41a249e08e9db002cb92b0cd,101,101
21419,utt_0af90828b9e762fb55a7::p0001-p0002,utt_0af90828b9e762fb55a7::p0001-p0002,13d8a206b879cfbefdee301c8298176a1d299734d44f87d5e449ed808a842ff5,13d8a206b879cfbefdee301c8298176a1d299734d44f87d5e449ed808a842ff5,5,5
21419,utt_5936a765677a1e5b9dc6::p0001-p0004,utt_5936a765677a1e5b9dc6::p0001-p0004,90569a527f0829e2c39e96328cea2a962cbf8c8602f7820fd1e961fbc749e331,90569a527f0829e2c39e96328cea2a962cbf8c8602f7820fd1e961fbc749e331,124,124
21419,utt_5936a765677a1e5b9dc6::p0005,utt_5936a765677a1e5b9dc6::p0005,12d824eb88d49f138ea4f53b4f41e8a4357f1bc342ba80925bad5ef122a820f5,12d824eb88d49f138ea4f53b4f41e8a4357f1bc342ba80925bad5ef122a820f5,69,69
21419,utt_5936a765677a1e5b9dc6::p0006-p0008,utt_5936a765677a1e5b9dc6::p0006-p0008,7031b2e4f6db693dc1b5cd48d6044285f3066d049c3ae7f1ce0e7341f2fe2840,7031b2e4f6db693dc1b5cd48d6044285f3066d049c3ae7f1ce0e7341f2fe2840,149,149
21419,utt_5936a765677a1e5b9dc6::p0009-p0011,utt_5936a765677a1e5b9dc6::p0009-p0011,90bc118d1524508ada6deca58986d303659f4f0326b9a7824327783beb89a288,90bc118d1524508ada6deca58986d303659f4f0326b9a7824327783beb89a288,140,140
21419,utt_5936a765677a1e5b9dc6::p0012,utt_5936a765677a1e5b9dc6::p0012,40beb19b830fd2e64f30c89137a43a128a855599e7872351c656ae08f2dfa10b,40beb19b830fd2e64f30c89137a43a128a855599e7872351c656ae08f2dfa10b,89,89
21419,utt_5936a765677a1e5b9dc6::p0013-p0016,utt_5936a765677a1e5b9dc6::p0013-p0016,40cfd00fa2621bad12dbe383b11106151c5baef02fcdb7d183fcd8d5102c5903,40cfd00fa2621bad12dbe383b11106151c5baef02fcdb7d183fcd8d5102c5903,146,146
21419,utt_5936a765677a1e5b9dc6::p0017,utt_5936a765677a1e5b9dc6::p0017,065f9c900d66fb8f7c1aec8cea527597ef7695c9fd57b27a93292de874ff3278,065f9c900d66fb8f7c1aec8cea527597ef7695c9fd57b27a93292de874ff3278,79,79
21419,utt_34dec9d9e6eae9ed12df::p0001-p0003,utt_34dec9d9e6eae9ed12df::p0001-p0003,17efe135c8b94dfb8df1aab29f86f751f4dcbce9de97a39f2f885c999b5ab408,17efe135c8b94dfb8df1aab29f86f751f4dcbce9de97a39f2f885c999b5ab408,110,110
21419,utt_34dec9d9e6eae9ed12df::p0004-p0007,utt_34dec9d9e6eae9ed12df::p0004-p0007,7c956e2f150a70822947fd509efe0c0e5c1c40992523833c65ea95983ebe3844,7c956e2f150a70822947fd509efe0c0e5c1c40992523833c65ea95983ebe3844,143,143
21419,utt_34dec9d9e6eae9ed12df::p0008-p0011,utt_34dec9d9e6eae9ed12df::p0008-p0011,c4986c4760d50a71480a7f5fc9f8dfe4fedb88ec0850f7dc1999bc390eb23c7c,c4986c4760d50a71480a7f5fc9f8dfe4fedb88ec0850f7dc1999bc390eb23c7c,138,138
21419,utt_34dec9d9e6eae9ed12df::p0012-p0014,utt_34dec9d9e6eae9ed12df::p0012-p0014,bf436a3529ecaa0478bff76b920972812e27aa0f3a4acecdbcae3c5f09fa943e,bf436a3529ecaa0478bff76b920972812e27aa0f3a4acecdbcae3c5f09fa943e,120,120
21419,utt_34dec9d9e6eae9ed12df::p0015-p0017,utt_34dec9d9e6eae9ed12df::p0015-p0017,4a6b99aabb67d244270f38bf336a4ba4428dda29e19ab19b55a3104ad6c4bd4a,4a6b99aabb67d244270f38bf336a4ba4428dda29e19ab19b55a3104ad6c4bd4a,107,107
21419,utt_7e69f3cf200de0f4243d::p0001-p0002s001,utt_7e69f3cf200de0f4243d::p0001-p0002s001,17fb16b5ac5a3b05fccb35d47abeb773a2fac2b4d3ef2a2acc37e1bc1fe4f0ac,17fb16b5ac5a3b05fccb35d47abeb773a2fac2b4d3ef2a2acc37e1bc1fe4f0ac,103,103
21419,utt_7e69f3cf200de0f4243d::p0002s002-p0003,utt_7e69f3cf200de0f4243d::p0002s002-p0003,4c48803e40654d58da9af0b238d4a4386e1abfec50a81420b99e507a6950435a,4c48803e40654d58da9af0b238d4a4386e1abfec50a81420b99e507a6950435a,87,87
21419,utt_7e69f3cf200de0f4243d::p0004-p0007,utt_7e69f3cf200de0f4243d::p0004-p0007,9b81edee71a8931062ddd53ded55156e8dbac151765bfc8384c6a130f6181a4f,9b81edee71a8931062ddd53ded55156e8dbac151765bfc8384c6a130f6181a4f,129,129
21419,utt_7e69f3cf200de0f4243d::p0008,utt_7e69f3cf200de0f4243d::p0008,d60798cabb041e2e17b847c6717b5b9d4e1aa5209c21b5b734e713db2a75ddd5,d60798cabb041e2e17b847c6717b5b9d4e1aa5209c21b5b734e713db2a75ddd5,73,73
21419,utt_7e69f3cf200de0f4243d::p0009-p0011,utt_7e69f3cf200de0f4243d::p0009-p0011,95da2c90d5ee9dfc0944111d2e409d512ca68199fc2918516c74c648b6dc7c17,95da2c90d5ee9dfc0944111d2e409d512ca68199fc2918516c74c648b6dc7c17,115,115
21419,utt_7e69f3cf200de0f4243d::p0012-p0013,utt_7e69f3cf200de0f4243d::p0012-p0013,c4a022a75137e9a5030b4f552e9558dd0f35bdd0616ba81310b3e3afef178326,c4a022a75137e9a5030b4f552e9558dd0f35bdd0616ba81310b3e3afef178326,109,109
21419,utt_7e69f3cf200de0f4243d::p0014-p0016,utt_7e69f3cf200de0f4243d::p0014-p0016,2f4aa77fddc13b6dfc23789f9185d5cb9d72b28dd159228f41fb5afcbf091255,2f4aa77fddc13b6dfc23789f9185d5cb9d72b28dd159228f41fb5afcbf091255,87,87
21419,utt_3cecfd94603949e5086e::p0001,utt_3cecfd94603949e5086e::p0001,fee3a9ead9529b9f11c5d9ec8469cd9a779b1cec0dc96199626c61ca4e27524f,fee3a9ead9529b9f11c5d9ec8469cd9a779b1cec0dc96199626c61ca4e27524f,7,7
21419,utt_b64a8e9c6702d5b7b451::p0001-p0002,utt_b64a8e9c6702d5b7b451::p0001-p0002,f51570b55c77dbb177c2b1a91aeec33c5647afd2013d7a6db2b00559655c929d,f51570b55c77dbb177c2b1a91aeec33c5647afd2013d7a6db2b00559655c929d,7,7
21419,utt_a38934d968974f7db56d::p0001-p0002,utt_a38934d968974f7db56d::p0001-p0002,d42fecb45210b9483142e8bf21cce4b84f3a011e97c6075f11e315dd66fbb8d8,d42fecb45210b9483142e8bf21cce4b84f3a011e97c6075f11e315dd66fbb8d8,16,16
21419,utt_9073fd0b46b16c16b08f::p0001-p0002,utt_9073fd0b46b16c16b08f::p0001-p0002,4828027e92849bb2517342f480fa8414bf6f5da30b866956032f84121abe52a7,4828027e92849bb2517342f480fa8414bf6f5da30b866956032f84121abe52a7,14,14
21419,utt_fb81e0b12c51da7743ac::p0001-p0002,utt_fb81e0b12c51da7743ac::p0001-p0002,dddf91526208a385490c1498e591eb9b1b38196ba5bcd039ca960f5392f1a212,dddf91526208a385490c1498e591eb9b1b38196ba5bcd039ca960f5392f1a212,39,39
21419,utt_009484d5c61fe566f550::p0001-p0003,utt_009484d5c61fe566f550::p0001-p0003,f396a25327860cd003641b449fadfecb3cd1369ad69d024698b19a45ef80cded,f396a25327860cd003641b449fadfecb3cd1369ad69d024698b19a45ef80cded,19,19
21419,utt_42ac51187bdfa92e6d77::p0001-p0002,utt_42ac51187bdfa92e6d77::p0001-p0002,44405124a0d0e8a1fd8cba996a47a52e3f803df40d05c1084451d299ebe1463d,44405124a0d0e8a1fd8cba996a47a52e3f803df40d05c1084451d299ebe1463d,88,88
21419,utt_42ac51187bdfa92e6d77::p0003-p0006,utt_42ac51187bdfa92e6d77::p0003-p0006,e4dbe59e5196545e5b4df5b1bd72d9f3677e4c9b8a24f6eb7d5b4f3f521e35eb,e4dbe59e5196545e5b4df5b1bd72d9f3677e4c9b8a24f6eb7d5b4f3f521e35eb,136,136
21419,utt_42ac51187bdfa92e6d77::p0007-p0010,utt_42ac51187bdfa92e6d77::p0007-p0010,041f3d1b5ed5f2f39b72940743047ac6cfe5580c74c3d21b31f122536925f45f,041f3d1b5ed5f2f39b72940743047ac6cfe5580c74c3d21b31f122536925f45f,136,136
21419,utt_42ac51187bdfa92e6d77::p0011-p0015,utt_42ac51187bdfa92e6d77::p0011-p0017,6eae7ae3b24e9d6860d61182753b7761a7344680f887cfe0a742ae8d6122b976,2e5f97141683a8091373f2f65c532f44590b4527400bef5d625b4d7a8eb3d259,137,170
21419,utt_42ac51187bdfa92e6d77::p0016-p0017,utt_42ac51187bdfa92e6d77::p0011-p0017,f93eb8e9fdda342c3355521911760e51e9d2cfa93a3be55511d2f07fc15ccbbb,2e5f97141683a8091373f2f65c532f44590b4527400bef5d625b4d7a8eb3d259,33,170
21419,utt_4d9961bfb2b71e657622::p0001-p0004,utt_4d9961bfb2b71e657622::p0001-p0004,370d32de071cf8fc7d5505922cffc168f7832a5d28b5e9f89696fb85b5a2f81d,370d32de071cf8fc7d5505922cffc168f7832a5d28b5e9f89696fb85b5a2f81d,112,112
21419,utt_4d9961bfb2b71e657622::p0005-p0007,utt_4d9961bfb2b71e657622::p0005-p0007,e35bfbc1d6ca5464501e4c20aee03ba28889dbde25a1cd68600ca9ab0c10cfd6,e35bfbc1d6ca5464501e4c20aee03ba28889dbde25a1cd68600ca9ab0c10cfd6,140,140
21419,utt_4d9961bfb2b71e657622::p0008,utt_4d9961bfb2b71e657622::p0008,ec74eb12870ea62f61298511e3bfbcda3a14ea416c0a966c0808fff41c64dd48,ec74eb12870ea62f61298511e3bfbcda3a14ea416c0a966c0808fff41c64dd48,59,59
21419,utt_4d9961bfb2b71e657622::p0009-p0010,utt_4d9961bfb2b71e657622::p0009-p0010,3e27130d246d2b502a5486e8b3c334a96361537c5f4f7148ade76a9c15d783cd,3e27130d246d2b502a5486e8b3c334a96361537c5f4f7148ade76a9c15d783cd,67,67
21419,utt_4d9961bfb2b71e657622::p0011-p0015,utt_4d9961bfb2b71e657622::p0011-p0016,d10838c5802deece06960ac3ec6b249b9a15d835c87f567d165d3991a83e6a91,f87d146375cabaafe745587214d746a74a3293d303aabbff5acc081e3351b5ad,149,151
21419,utt_6832b5e4cbc5440edce3::p0001-p0004,utt_6832b5e4cbc5440edce3::p0001-p0004,d52c974281fc44dc94498ced269c3a302d5e1ba85a648561e329b9e5d732805e,d52c974281fc44dc94498ced269c3a302d5e1ba85a648561e329b9e5d732805e,102,102
21419,utt_6832b5e4cbc5440edce3::p0005-p0008,utt_6832b5e4cbc5440edce3::p0005-p0008,39743ac66004d86daa56f5d8333003d1b6014389656d1b869ba91fab366ed1ae,39743ac66004d86daa56f5d8333003d1b6014389656d1b869ba91fab366ed1ae,108,108
21419,utt_6832b5e4cbc5440edce3::p0009-p0010,utt_6832b5e4cbc5440edce3::p0009-p0010,47175f4216cc5da9dc7ebf74f08a1f7cf7749f5d16cdac22ea8c0070c7b77669,47175f4216cc5da9dc7ebf74f08a1f7cf7749f5d16cdac22ea8c0070c7b77669,72,72
21419,utt_6832b5e4cbc5440edce3::p0011-p0014,utt_6832b5e4cbc5440edce3::p0011-p0014,c3887026d8a0e3868dc8c2a0fd3f9cc769fa00d2884c4dd140602ef158c249dd,c3887026d8a0e3868dc8c2a0fd3f9cc769fa00d2884c4dd140602ef158c249dd,110,110
21419,utt_6832b5e4cbc5440edce3::p0015,utt_6832b5e4cbc5440edce3::p0015,f9e0039d9a14cc294f70a51161d12b8cb42e61179bf6b66ea213371fddc3aa7c,f9e0039d9a14cc294f70a51161d12b8cb42e61179bf6b66ea213371fddc3aa7c,64,64
21419,utt_6832b5e4cbc5440edce3::p0016-p0019,utt_6832b5e4cbc5440edce3::p0016-p0019,a90418ebffd913609df5f69682f4f511fc8ba873e5e2ac1fca24ff5c01c5dada,a90418ebffd913609df5f69682f4f511fc8ba873e5e2ac1fca24ff5c01c5dada,91,91
21419,utt_6832b5e4cbc5440edce3::p0020-p0023,utt_6832b5e4cbc5440edce3::p0020-p0023,60b4037ea8af7e3d5d532294e1bb0a93c852fad10eec252a960ecdfe3d94d275,60b4037ea8af7e3d5d532294e1bb0a93c852fad10eec252a960ecdfe3d94d275,103,103
21419,utt_62d2084732dc4f8ed203::p0001-p0005,utt_62d2084732dc4f8ed203::p0001-p0005,b2ff5aca3859388dea3f477f61fbeba1f9e29ed884580e85ff23e4afd932cf5e,b2ff5aca3859388dea3f477f61fbeba1f9e29ed884580e85ff23e4afd932cf5e,143,143
21419,utt_62d2084732dc4f8ed203::p0006-p0010,utt_62d2084732dc4f8ed203::p0006-p0010,a626ea5db140b27043e4a47f0f176474be0e40f9b9de35144fe5be68de1c2719,a626ea5db140b27043e4a47f0f176474be0e40f9b9de35144fe5be68de1c2719,146,146
21419,utt_62d2084732dc4f8ed203::p0011-p0016,utt_62d2084732dc4f8ed203::p0011-p0016,7996d867881efb7fe331ef85aac57def57517a9484ff715fd21a459330c50d31,7996d867881efb7fe331ef85aac57def57517a9484ff715fd21a459330c50d31,140,140
21419,utt_83e523835715ea6191a8::p0001,utt_83e523835715ea6191a8::p0001,1aaa0607447a693482097e91af6002fb201c5a908422c4d2957a6cea26f45d18,1aaa0607447a693482097e91af6002fb201c5a908422c4d2957a6cea26f45d18,13,13
21419,utt_742ea1c998109f9bdcf0::p0001-p0002,utt_742ea1c998109f9bdcf0::p0001-p0002,2d895991caf963fea8fc685ac0867159266f34242f17ca2369a501d01a0c2837,2d895991caf963fea8fc685ac0867159266f34242f17ca2369a501d01a0c2837,104,104
21419,utt_742ea1c998109f9bdcf0::p0003-p0004,utt_742ea1c998109f9bdcf0::p0003-p0004,7e240172b7c6027b93e770209cec879e89b3cda79790ffc3e278152db5fdb1be,7e240172b7c6027b93e770209cec879e89b3cda79790ffc3e278152db5fdb1be,104,104
21419,utt_742ea1c998109f9bdcf0::p0005,utt_742ea1c998109f9bdcf0::p0005,3213d76ef2eaef7942c42fae38a21431780f03e3fbf1433963511447dde77bad,3213d76ef2eaef7942c42fae38a21431780f03e3fbf1433963511447dde77bad,88,88
21419,utt_742ea1c998109f9bdcf0::p0006,utt_742ea1c998109f9bdcf0::p0006,f22594f927cd40f84e661b258143ff5fa93f7cdbfde1f08156958a86c7f87738,f22594f927cd40f84e661b258143ff5fa93f7cdbfde1f08156958a86c7f87738,52,52
21419,utt_742ea1c998109f9bdcf0::p0007,utt_742ea1c998109f9bdcf0::p0007,0065e9a27555a6452b7158e1003c9c949ba90d6984fdb134b46acbe61965b238,0065e9a27555a6452b7158e1003c9c949ba90d6984fdb134b46acbe61965b238,117,117
21419,utt_742ea1c998109f9bdcf0::p0008,utt_742ea1c998109f9bdcf0::p0008,6a9d9e608503531a436a7f484cf3c4a51dc98e486b750edf1a889a13e652187c,6a9d9e608503531a436a7f484cf3c4a51dc98e486b750edf1a889a13e652187c,58,58
21419,utt_742ea1c998109f9bdcf0::p0009,utt_742ea1c998109f9bdcf0::p0009,87176f9f6048e9953e0e45c2545dbe48011693bb032e167a433a13090a237c0e,87176f9f6048e9953e0e45c2545dbe48011693bb032e167a433a13090a237c0e,84,84
21419,utt_742ea1c998109f9bdcf0::p0010,utt_742ea1c998109f9bdcf0::p0010,ed50b97dbbedd77fe0156540272b150e6140c8346f6f29c84c5bf496b4873e95,ed50b97dbbedd77fe0156540272b150e6140c8346f6f29c84c5bf496b4873e95,71,71
21419,utt_742ea1c998109f9bdcf0::p0011,utt_742ea1c998109f9bdcf0::p0011,17b08919a119a6571eab7bc0ef126a7c97699b2457dde0a38d715414861d41ed,17b08919a119a6571eab7bc0ef126a7c97699b2457dde0a38d715414861d41ed,91,91
21419,utt_742ea1c998109f9bdcf0::p0012,utt_742ea1c998109f9bdcf0::p0012,14871942de16a957908b069fa5d49cbf740b084661437ed2bca2da3d24535e56,14871942de16a957908b069fa5d49cbf740b084661437ed2bca2da3d24535e56,76,76
21419,utt_742ea1c998109f9bdcf0::p0013-p0016,utt_742ea1c998109f9bdcf0::p0013-p0016,c7b445f0682e2f3812000219db31cda5bef138a271ba671fac619b6592f1c405,c7b445f0682e2f3812000219db31cda5bef138a271ba671fac619b6592f1c405,129,129
21419,utt_c4dde7830515e708f9fd::p0001,utt_c4dde7830515e708f9fd::p0001,217e3efb05eff77ade067a6d018014149b4aa9923d0e6bc2ae85401b57ebd8a3,217e3efb05eff77ade067a6d018014149b4aa9923d0e6bc2ae85401b57ebd8a3,73,73
21419,utt_c4dde7830515e708f9fd::p0002,utt_c4dde7830515e708f9fd::p0002,683e55d90b154083d1e00a8276dfdf10428a920ab756d207d82843fa13508676,683e55d90b154083d1e00a8276dfdf10428a920ab756d207d82843fa13508676,97,97
21419,utt_c4dde7830515e708f9fd::p0003,utt_c4dde7830515e708f9fd::p0003,8c862aca4fd4f32d46fb39a61ccdb825cdbd0b89a985c74dd1062261cfc28e12,8c862aca4fd4f32d46fb39a61ccdb825cdbd0b89a985c74dd1062261cfc28e12,84,84
21419,utt_c4dde7830515e708f9fd::p0004-p0005,utt_c4dde7830515e708f9fd::p0004-p0005,dbba723f67f7c5ff164a21aef60e087e3b3a9ca88761762281c37d81de319557,dbba723f67f7c5ff164a21aef60e087e3b3a9ca88761762281c37d81de319557,129,129
21419,utt_c4dde7830515e708f9fd::p0006-p0008,utt_c4dde7830515e708f9fd::p0006-p0008,cfa15117e0bb68a41c813484160533b65c77beecd14b15132967f2a3312b5a5d,cfa15117e0bb68a41c813484160533b65c77beecd14b15132967f2a3312b5a5d,149,149
21419,utt_c4dde7830515e708f9fd::p0009-p0011,utt_c4dde7830515e708f9fd::p0009-p0011,0218bef7e6821ea7dc8e6f5a5e8445e4eaaa7c3f1fece313073e88d473118c0c,0218bef7e6821ea7dc8e6f5a5e8445e4eaaa7c3f1fece313073e88d473118c0c,136,136
21419,utt_c4dde7830515e708f9fd::p0012,utt_c4dde7830515e708f9fd::p0012-p0015,0386f93d5a0222d4f3720de8e7a5e97cdf729441e854dd4fcdfd666c1ba022d4,fef6c8a6669e3c49123c1120b3e98cf6c1fae0d8eb1e90c0eac81800936e361a,40,169
21419,utt_c4dde7830515e708f9fd::p0013-p0015,utt_c4dde7830515e708f9fd::p0012-p0015,f0037da3feae715673f7cca27188ca4602a305839453fa054cb7a607651e2e66,fef6c8a6669e3c49123c1120b3e98cf6c1fae0d8eb1e90c0eac81800936e361a,129,169
21419,utt_bde4e376c13333198b6a::p0001,utt_bde4e376c13333198b6a::p0001,9209c85d63f2e1446d87e62028db5d726730199499961f2840fe07c35a7c7178,9209c85d63f2e1446d87e62028db5d726730199499961f2840fe07c35a7c7178,58,58
21419,utt_bde4e376c13333198b6a::p0002-p0003,utt_bde4e376c13333198b6a::p0002-p0003,f85e78bbf48995e3102cd8c5d6d8afd2a4333a5e0ca092ad154c858f3cb7fd1b,f85e78bbf48995e3102cd8c5d6d8afd2a4333a5e0ca092ad154c858f3cb7fd1b,105,105
21419,utt_bde4e376c13333198b6a::p0004,utt_bde4e376c13333198b6a::p0004,0b381221fb06ca2ca6fece98cdd7397d384d95470277f20098ac493257b66756,0b381221fb06ca2ca6fece98cdd7397d384d95470277f20098ac493257b66756,60,60
21419,utt_bde4e376c13333198b6a::p0005-p0006,utt_bde4e376c13333198b6a::p0005-p0006,069ceafadb647659055190f0a60f155b71358e66e4c589894cfbd138ab82d902,069ceafadb647659055190f0a60f155b71358e66e4c589894cfbd138ab82d902,113,113
21419,utt_bde4e376c13333198b6a::p0007-p0008,utt_bde4e376c13333198b6a::p0007-p0008,202e846119ef1a142ddd8ed4e4dabe6d6d5e4639059570a60636e5829481a098,202e846119ef1a142ddd8ed4e4dabe6d6d5e4639059570a60636e5829481a098,114,114
21419,utt_bde4e376c13333198b6a::p0009-p0010,utt_bde4e376c13333198b6a::p0009-p0010,69050bc65c7d8a37515a7948a31a34cfc7b32fb7d67901558778aaf9b0642a48,69050bc65c7d8a37515a7948a31a34cfc7b32fb7d67901558778aaf9b0642a48,110,110
21419,utt_bde4e376c13333198b6a::p0011-p0013,utt_bde4e376c13333198b6a::p0011-p0013,53b9f4c6ce4e6f64b0de2cc1cd5e08c197add2fc183dbbb39d522259da83211f,53b9f4c6ce4e6f64b0de2cc1cd5e08c197add2fc183dbbb39d522259da83211f,118,118
21419,utt_bde4e376c13333198b6a::p0014-p0017,utt_bde4e376c13333198b6a::p0014-p0017,e932f9923fadc9c6555639c2c0e0cde637b76b75d08e57119756629dae03be88,e932f9923fadc9c6555639c2c0e0cde637b76b75d08e57119756629dae03be88,148,148
21419,utt_bde4e376c13333198b6a::p0018-p0020,utt_bde4e376c13333198b6a::p0018-p0020,e9465b8f3bcc242ba67cb8f3708fec1bc7c98484a1f955a8ca6e11832a89a427,e9465b8f3bcc242ba67cb8f3708fec1bc7c98484a1f955a8ca6e11832a89a427,111,111
21419,utt_bde4e376c13333198b6a::p0021-p0023,utt_bde4e376c13333198b6a::p0021-p0023,4541110d207a15320b6d286d8cd61a5c46c64105f794edc5203f1970f2b7e669,4541110d207a15320b6d286d8cd61a5c46c64105f794edc5203f1970f2b7e669,144,144
21419,utt_bde4e376c13333198b6a::p0024-p0027,utt_bde4e376c13333198b6a::p0024-p0027,56af4d11247302ecfb91b74488140ba812d3490a1f7c4b662645444de6d031ed,56af4d11247302ecfb91b74488140ba812d3490a1f7c4b662645444de6d031ed,69,69
21419,utt_c800a8bdd3836d1bc6d4::p0001,utt_c800a8bdd3836d1bc6d4::p0001-p0002s001,77048784d713afd8bb88052b2d4ec0f8bfd69ffa72b0cc2146bcad73df9bf297,46e86e0f679f6dd8fe7b7510c81fced357e29728b20a67802c8dcb05136f65b2,42,153
21419,utt_c800a8bdd3836d1bc6d4::p0002s001,utt_c800a8bdd3836d1bc6d4::p0001-p0002s001,c28417575905a3f9f1b062bb1f269ec39f83ecf5fca64831977a6a16220335e4,46e86e0f679f6dd8fe7b7510c81fced357e29728b20a67802c8dcb05136f65b2,111,153
21419,utt_c800a8bdd3836d1bc6d4::p0002s002-p0004,utt_c800a8bdd3836d1bc6d4::p0002s002-p0004,c7b464a8abdd483eb761a1c596d7413ed4502a701cb6e4ec552b919e0bbfc9e3,c7b464a8abdd483eb761a1c596d7413ed4502a701cb6e4ec552b919e0bbfc9e3,98,98
21419,utt_c800a8bdd3836d1bc6d4::p0005,utt_c800a8bdd3836d1bc6d4::p0005,506c8f2c3c51aaad01dbaeb568c78938308440e41c373f981b214ce6cdb49e6c,506c8f2c3c51aaad01dbaeb568c78938308440e41c373f981b214ce6cdb49e6c,57,57
21419,utt_c800a8bdd3836d1bc6d4::p0006,utt_c800a8bdd3836d1bc6d4::p0006,bc25d415a751fc6087b07b2d8ef6397b8a751ab85ab5d277b941c434fa955311,bc25d415a751fc6087b07b2d8ef6397b8a751ab85ab5d277b941c434fa955311,102,102
21419,utt_c800a8bdd3836d1bc6d4::p0007-p0008,utt_c800a8bdd3836d1bc6d4::p0007-p0008,3fbaf74e2c236cbbd5a6d69accbd3a2db2ae92d7413f5a29f82a5b912f05568e,3fbaf74e2c236cbbd5a6d69accbd3a2db2ae92d7413f5a29f82a5b912f05568e,65,65
21419,utt_8b0ee42a34638e95e7ef::p0001-p0002,utt_8b0ee42a34638e95e7ef::p0001-p0002,b1bb0635c288ef4abaf5a38cfd9f143a4984cc89a18d62888aa13ee180aacfb3,b1bb0635c288ef4abaf5a38cfd9f143a4984cc89a18d62888aa13ee180aacfb3,80,80
21419,utt_8b0ee42a34638e95e7ef::p0003-p0005,utt_8b0ee42a34638e95e7ef::p0003-p0005,ee4c0d9c9bfb8260f04e681d7c2d643bd25236a727ee3ce0d7727b2b60477e6f,ee4c0d9c9bfb8260f04e681d7c2d643bd25236a727ee3ce0d7727b2b60477e6f,132,132
21419,utt_8b0ee42a34638e95e7ef::p0006-p0007,utt_8b0ee42a34638e95e7ef::p0006-p0007,e4bdee8ac347ba0dfebe1f991f0ef29a52ccc9a8ec4139ee68d320ac96e60397,e4bdee8ac347ba0dfebe1f991f0ef29a52ccc9a8ec4139ee68d320ac96e60397,92,92
21419,utt_8b0ee42a34638e95e7ef::p0008,utt_8b0ee42a34638e95e7ef::p0008,ec200688816a7f88ee49555db03aa188944534e80bdd69307d67a57dfd1a5ea1,ec200688816a7f88ee49555db03aa188944534e80bdd69307d67a57dfd1a5ea1,111,111
21419,utt_8b0ee42a34638e95e7ef::p0009,utt_8b0ee42a34638e95e7ef::p0009,64fd2c3488a25ff33db1c3673d8fa50cf718d386402396f615bbed3c7c298631,64fd2c3488a25ff33db1c3673d8fa50cf718d386402396f615bbed3c7c298631,60,60
21419,utt_8b0ee42a34638e95e7ef::p0010,utt_8b0ee42a34638e95e7ef::p0010,c5fa7478ecadec753be25187d9c8dec7ba6661cfa933a9054054e7ab8acac6a0,c5fa7478ecadec753be25187d9c8dec7ba6661cfa933a9054054e7ab8acac6a0,57,57
21419,utt_8b0ee42a34638e95e7ef::p0011,utt_8b0ee42a34638e95e7ef::p0011,87b7569efd42b2a6ce6d6ed543d8d63c46bb48cf4043aa1fc1e1d323e68072e3,87b7569efd42b2a6ce6d6ed543d8d63c46bb48cf4043aa1fc1e1d323e68072e3,54,54
21419,utt_8b0ee42a34638e95e7ef::p0012,utt_8b0ee42a34638e95e7ef::p0012,5c16e541560fec18de4fa91dc63bb9bb96fae9334e97a5bd614c80a77b61a3d2,5c16e541560fec18de4fa91dc63bb9bb96fae9334e97a5bd614c80a77b61a3d2,113,113
21419,utt_8b0ee42a34638e95e7ef::p0013-p0015,utt_8b0ee42a34638e95e7ef::p0013-p0015,e0302ccbc78da66dfa5629327cb3d7680bbb5709bce07ec54158c46d4e624e38,e0302ccbc78da66dfa5629327cb3d7680bbb5709bce07ec54158c46d4e624e38,103,103
21419,utt_6b2680fbed2bddc2356b::p0001-p0002,utt_6b2680fbed2bddc2356b::p0001-p0002,dc973e9c8f705c13caa49c27e6f301250409cde09a01298390d029ea21f124ef,dc973e9c8f705c13caa49c27e6f301250409cde09a01298390d029ea21f124ef,149,149
21419,utt_6b2680fbed2bddc2356b::p0003,utt_6b2680fbed2bddc2356b::p0003,79543933a44ecb5aef56df343efc7bba7fdc5c24b50d979fd702d61fc79287d6,79543933a44ecb5aef56df343efc7bba7fdc5c24b50d979fd702d61fc79287d6,111,111
21419,utt_6b2680fbed2bddc2356b::p0004-p0008,utt_6b2680fbed2bddc2356b::p0004-p0008,c815b59329e5ceddbfe6fbcc714d5c75c97fac7c30137faa3c108aa1f467058c,c815b59329e5ceddbfe6fbcc714d5c75c97fac7c30137faa3c108aa1f467058c,126,126
21419,utt_0e883545b82cd2d9bfe1::p0001,utt_0e883545b82cd2d9bfe1::p0001,533068fdeb2755f511ba019ef3231474f160d6742ae1d5d34629c8e85422b184,533068fdeb2755f511ba019ef3231474f160d6742ae1d5d34629c8e85422b184,83,83
21419,utt_0e883545b82cd2d9bfe1::p0002-p0003,utt_0e883545b82cd2d9bfe1::p0002-p0003,547ac2f400e44bcd38bb75910aedf11364909473a43aa96a487d69c60d09e411,547ac2f400e44bcd38bb75910aedf11364909473a43aa96a487d69c60d09e411,105,105
21419,utt_0e883545b82cd2d9bfe1::p0004,utt_0e883545b82cd2d9bfe1::p0004,c861738a4bec06c6148c5b265579cc1d7b19f4aa1c685b33b94a2dca0b858623,c861738a4bec06c6148c5b265579cc1d7b19f4aa1c685b33b94a2dca0b858623,52,52
21419,utt_0e883545b82cd2d9bfe1::p0005,utt_0e883545b82cd2d9bfe1::p0005,b308cba0521d2dca0176afc107a4378028f52b61c311178465c145393551b2db,b308cba0521d2dca0176afc107a4378028f52b61c311178465c145393551b2db,50,50
21419,utt_0e883545b82cd2d9bfe1::p0006-p0009,utt_0e883545b82cd2d9bfe1::p0006-p0009,22c47bf7ccd7f2aca4ad7a1ae3249761c6faed6904c47b79ab8d79a4701cfb45,22c47bf7ccd7f2aca4ad7a1ae3249761c6faed6904c47b79ab8d79a4701cfb45,101,101
21419,utt_1ca2d2e7c30547c79fd0::p0001-p0002,utt_1ca2d2e7c30547c79fd0::p0001-p0002,5faed822773e98f98ef116234ef4122a1221a521f3fa9e76b270a25dde5c9097,5faed822773e98f98ef116234ef4122a1221a521f3fa9e76b270a25dde5c9097,113,113
21419,utt_1ca2d2e7c30547c79fd0::p0003-p0005,utt_1ca2d2e7c30547c79fd0::p0003-p0005,1eab8c7db235501e6d004f78fe1712fb8ea20a692e27d55cab3948cf3980fa53,1eab8c7db235501e6d004f78fe1712fb8ea20a692e27d55cab3948cf3980fa53,118,118
21419,utt_1ca2d2e7c30547c79fd0::p0006,utt_1ca2d2e7c30547c79fd0::p0006,21b9f7e3d6ef814ca6ef655dae256da6fbc4f2b8dac51469fdbaabf2a60da402,21b9f7e3d6ef814ca6ef655dae256da6fbc4f2b8dac51469fdbaabf2a60da402,73,73
21419,utt_1ca2d2e7c30547c79fd0::p0007-p0009,utt_1ca2d2e7c30547c79fd0::p0007-p0009,9d19e51093636cff3f58ee3d9599acaa6e43f1c6c636d9ad7b242ed7b1cd32fe,9d19e51093636cff3f58ee3d9599acaa6e43f1c6c636d9ad7b242ed7b1cd32fe,93,93
21419,utt_5b2d965fe9f4a150b476::p0001-p0003,utt_5b2d965fe9f4a150b476::p0001-p0003,28288dc97d36e86255d7c9d02f76dbb2445157cdd17360c66a32d938a0f154c2,28288dc97d36e86255d7c9d02f76dbb2445157cdd17360c66a32d938a0f154c2,125,125
21419,utt_5b2d965fe9f4a150b476::p0004-p0005,utt_5b2d965fe9f4a150b476::p0004-p0005,8aa06eb375d1faa9810da730960011fed377cb8feb2751652210572c07a807fc,8aa06eb375d1faa9810da730960011fed377cb8feb2751652210572c07a807fc,86,86
21419,utt_5b2d965fe9f4a150b476::p0006,utt_5b2d965fe9f4a150b476::p0006,75d79272f3647fff80e5cecc1af9287e8d57af967b3b0586038a07c0626712a1,75d79272f3647fff80e5cecc1af9287e8d57af967b3b0586038a07c0626712a1,59,59
21419,utt_5b2d965fe9f4a150b476::p0007-p0008,utt_5b2d965fe9f4a150b476::p0007-p0008,b62dac8d5b66f7d03ba14fbe667966d703577a1417d7966076307e7690cb9039,b62dac8d5b66f7d03ba14fbe667966d703577a1417d7966076307e7690cb9039,130,130
21419,utt_5b2d965fe9f4a150b476::p0009-p0011,utt_5b2d965fe9f4a150b476::p0009-p0011,7d97db98b480d622bf631744326532af566e4d1b515d631c0af90a489067c111,7d97db98b480d622bf631744326532af566e4d1b515d631c0af90a489067c111,64,64
21419,utt_125f124ef02b7dad842e::p0001-p0002,utt_125f124ef02b7dad842e::p0001-p0002,5a6c33c4cf7d340afa13380f14d7846816a72b067a5464cbf2893949636cca60,5a6c33c4cf7d340afa13380f14d7846816a72b067a5464cbf2893949636cca60,91,91
21419,utt_125f124ef02b7dad842e::p0003,utt_125f124ef02b7dad842e::p0003,4437a3aad544de7bd811b74a2f7eae3f290d93fa08d5d5ca34184096cc5c6efc,4437a3aad544de7bd811b74a2f7eae3f290d93fa08d5d5ca34184096cc5c6efc,50,50
21419,utt_125f124ef02b7dad842e::p0004-p0005,utt_125f124ef02b7dad842e::p0004-p0005,040d3dfee6b9f9e4a3fcd7afe804248b40f16cf1ee089e1ebfb61acefeb14edd,040d3dfee6b9f9e4a3fcd7afe804248b40f16cf1ee089e1ebfb61acefeb14edd,102,102
21419,utt_125f124ef02b7dad842e::p0006-p0008,utt_125f124ef02b7dad842e::p0006-p0008,5d95f8445d3535064cb191945b0ae1da0c19cc3982b428f1b6722d4d04f20bac,5d95f8445d3535064cb191945b0ae1da0c19cc3982b428f1b6722d4d04f20bac,84,84
21419,utt_3e385b0c423b7ec5cae7::p0001-p0002,utt_3e385b0c423b7ec5cae7::p0001-p0002,261e48aa383c0e566ceb14aab2ac57c0c8fc84157a76bffa71684317db66f677,261e48aa383c0e566ceb14aab2ac57c0c8fc84157a76bffa71684317db66f677,73,73
21419,utt_3e385b0c423b7ec5cae7::p0003-p0004,utt_3e385b0c423b7ec5cae7::p0003-p0004,71af68df2677da624f165186ecc71deefeba52b3abd5f877231781774565f20c,71af68df2677da624f165186ecc71deefeba52b3abd5f877231781774565f20c,126,126
21419,utt_3e385b0c423b7ec5cae7::p0005-p0006,utt_3e385b0c423b7ec5cae7::p0005-p0006,c3d6822cf72712b6ff08d312dc1e88a4f3c0c45487fdd6b351816389bce541c2,c3d6822cf72712b6ff08d312dc1e88a4f3c0c45487fdd6b351816389bce541c2,77,77
21419,utt_3e385b0c423b7ec5cae7::p0007,utt_3e385b0c423b7ec5cae7::p0007-p0010,b1c137d045cb384691d2cce4927771b5ca7a37b1d4b2896995e9f46f1732dd7d,81532d3c160ba667664ce2569461436d692d1131e3c40f0da5a59dd9ffbff402,120,168
21419,utt_3e385b0c423b7ec5cae7::p0008-p0010,utt_3e385b0c423b7ec5cae7::p0007-p0010,45ce3e6883453290fdbb2cdcc09479e770753b51e363c0c62238b5776601e1df,81532d3c160ba667664ce2569461436d692d1131e3c40f0da5a59dd9ffbff402,48,168
21419,utt_e6cf7e3b0068df7d26ab::p0001-p0003,utt_e6cf7e3b0068df7d26ab::p0001-p0003,e65ea5a7c2851a6c6572e083e33a4e69f85593298f6abe8cf7480c01c454f3b8,e65ea5a7c2851a6c6572e083e33a4e69f85593298f6abe8cf7480c01c454f3b8,110,110
21419,utt_e6cf7e3b0068df7d26ab::p0004,utt_e6cf7e3b0068df7d26ab::p0004,b6c3756fbc242ae5b61d27c808f6d2421245cf63f76596e13d35af33d22bf769,b6c3756fbc242ae5b61d27c808f6d2421245cf63f76596e13d35af33d22bf769,69,69
21419,utt_e6cf7e3b0068df7d26ab::p0005,utt_e6cf7e3b0068df7d26ab::p0005,9ac47be77114e403f9377e9abc1754589784472ed8e984ab213000af67a5cb0d,9ac47be77114e403f9377e9abc1754589784472ed8e984ab213000af67a5cb0d,111,111
21419,utt_e6cf7e3b0068df7d26ab::p0006,utt_e6cf7e3b0068df7d26ab::p0006,227b98984909d4a77eb0e33519fd5d6f80a1734be98b5753b4c00c91811850b5,227b98984909d4a77eb0e33519fd5d6f80a1734be98b5753b4c00c91811850b5,55,55
21419,utt_e6cf7e3b0068df7d26ab::p0007-p0008,utt_e6cf7e3b0068df7d26ab::p0007-p0008,99ca40212d459416cbf03f1210bdc664a9630a003ddc261958ae67f8677b1510,99ca40212d459416cbf03f1210bdc664a9630a003ddc261958ae67f8677b1510,74,74
21419,utt_6d2e6c6b500a0bfc99c0::p0001-p0002,utt_6d2e6c6b500a0bfc99c0::p0001-p0002,3fef7299a3ed7f319e3d85673445f928ba7c046275c89513d4df3c25e6578424,3fef7299a3ed7f319e3d85673445f928ba7c046275c89513d4df3c25e6578424,95,95
21419,utt_6d2e6c6b500a0bfc99c0::p0003,utt_6d2e6c6b500a0bfc99c0::p0003,acf48394c786eb5e823917c35f66ef266b2e6b0a2ff9be9c0a6c5bfbac2b5aaf,acf48394c786eb5e823917c35f66ef266b2e6b0a2ff9be9c0a6c5bfbac2b5aaf,96,96
21419,utt_6d2e6c6b500a0bfc99c0::p0004,utt_6d2e6c6b500a0bfc99c0::p0004,9bbd6a37ddec277040891b02904e1135e697efd5605b80f00bcb9c762bbe42ef,9bbd6a37ddec277040891b02904e1135e697efd5605b80f00bcb9c762bbe42ef,126,126
21419,utt_6d2e6c6b500a0bfc99c0::p0005,utt_6d2e6c6b500a0bfc99c0::p0005,54e1898dd97bdaf2a546fa4f30b3df6e7b5b899acd734e1fa6f103618470fd2c,54e1898dd97bdaf2a546fa4f30b3df6e7b5b899acd734e1fa6f103618470fd2c,64,64
21419,utt_6d2e6c6b500a0bfc99c0::p0006-p0008,utt_6d2e6c6b500a0bfc99c0::p0006-p0008,69abb0c7607956eeb82e908e81dfaf7df79bd827a1dc49ee9060627fbc02afff,69abb0c7607956eeb82e908e81dfaf7df79bd827a1dc49ee9060627fbc02afff,64,64
21419,utt_c800d02344cbaa6dd588::p0001,utt_c800d02344cbaa6dd588::p0001,62221ca8a450d038ab62ecb42970b090af6fafe93b72b3a02986fe752508c3ce,62221ca8a450d038ab62ecb42970b090af6fafe93b72b3a02986fe752508c3ce,68,68
21419,utt_c800d02344cbaa6dd588::p0002,utt_c800d02344cbaa6dd588::p0002,0114c31865e0056d1996764448bad09284538ab782b1cf75be4f17f97551ad07,0114c31865e0056d1996764448bad09284538ab782b1cf75be4f17f97551ad07,122,122
21419,utt_c800d02344cbaa6dd588::p0003-p0004,utt_c800d02344cbaa6dd588::p0003-p0004,f02c03c37c5f127834737916998be9e7a151895ee2c8982190b94ee73232ebe4,f02c03c37c5f127834737916998be9e7a151895ee2c8982190b94ee73232ebe4,97,97
21419,utt_c800d02344cbaa6dd588::p0005s001,utt_c800d02344cbaa6dd588::p0005s001-p0006,b514ebdb59f6ac5d6bdf31a1aba52398f65ccf724b2c834e86d8423ea610da8d,8082905fe56030986e4f77a7aec9aad20d72a7e661adf876e3c64d880485c780,125,165
21419,utt_c800d02344cbaa6dd588::p0005s002-p0006,utt_c800d02344cbaa6dd588::p0005s001-p0006,084f2f2ea6e2571c2baed1728d447a65e1e671c57fc4c8d0b6348984f258bb5a,8082905fe56030986e4f77a7aec9aad20d72a7e661adf876e3c64d880485c780,40,165
21419,utt_4129763b94185fcdd624::p0001-p0002,utt_4129763b94185fcdd624::p0001-p0002,f9cef78099367d682ee77d93a49673e98e039d7aff86ed610e49d54c3b51a94d,f9cef78099367d682ee77d93a49673e98e039d7aff86ed610e49d54c3b51a94d,97,97
21419,utt_4129763b94185fcdd624::p0003-p0004,utt_4129763b94185fcdd624::p0003-p0004,44bc411a3a66329170a666f86da12868e719dfc093b5eb3d2bc93f5287ce819f,44bc411a3a66329170a666f86da12868e719dfc093b5eb3d2bc93f5287ce819f,117,117
21419,utt_4129763b94185fcdd624::p0005-p0008,utt_4129763b94185fcdd624::p0005-p0008,7bec34644d381700a1c090eab0c5d6e8b7de538b603d45d7c468b51b52ad4f7c,7bec34644d381700a1c090eab0c5d6e8b7de538b603d45d7c468b51b52ad4f7c,115,115
21419,utt_5116533e3611e77af149::p0001-p0003,utt_5116533e3611e77af149::p0001-p0003,9f7a9071dd4e3c157b59fcc74fe344f5a53aade875594ffffb3f41713f717b57,9f7a9071dd4e3c157b59fcc74fe344f5a53aade875594ffffb3f41713f717b57,126,126
21419,utt_5116533e3611e77af149::p0004-p0005,utt_5116533e3611e77af149::p0004-p0005,1828c880d010f351c14f2fca1b241ff2c97c4e9a3c737dd035d10a1ce65b2fd1,1828c880d010f351c14f2fca1b241ff2c97c4e9a3c737dd035d10a1ce65b2fd1,108,108
21419,utt_5116533e3611e77af149::p0006,utt_5116533e3611e77af149::p0006,3045dc98d62f9b71f8aa794c7476690535f8065433a4e120ba2fe4e1e4e5f820,3045dc98d62f9b71f8aa794c7476690535f8065433a4e120ba2fe4e1e4e5f820,59,59
21419,utt_5116533e3611e77af149::p0007,utt_5116533e3611e77af149::p0007-p0009,eea39ac255c8f514eef8fac8d53ed33f5669132b18ad41b43078746407a9d26c,490724a1ad44ec9b785a32abb23544c594261d6c690502ced6f815b35362d715,149,194
21419,utt_5116533e3611e77af149::p0008-p0009,utt_5116533e3611e77af149::p0007-p0009,363ac3337d2f31669f4433ebe70dae5302ed1c3cb35d51527610b4a8a7cb7dec,490724a1ad44ec9b785a32abb23544c594261d6c690502ced6f815b35362d715,45,194
21419,utt_7d9838f951d03a1d0d1f::p0001,utt_7d9838f951d03a1d0d1f::p0001-p0003,31455bf73d4a6618d5daf7c414d4e91f01e04713262f25d46e10e621a15ef2c4,250ecf905d19beeda2303b28a48def0949fd60c25a4fb75ab9bfda67ea0f0c66,39,180
21419,utt_7d9838f951d03a1d0d1f::p0002-p0003,utt_7d9838f951d03a1d0d1f::p0001-p0003,e8c0033b876455cca5365eb2873487a31aa0bd0544f8a6b6ee224910e7e8bbf8,250ecf905d19beeda2303b28a48def0949fd60c25a4fb75ab9bfda67ea0f0c66,141,180
21419,utt_7d9838f951d03a1d0d1f::p0004,utt_7d9838f951d03a1d0d1f::p0004,24e844fff3b362d72a2e7bb0ee1ce9e12b34c20126ddc6a34d5a062ee7cc0921,24e844fff3b362d72a2e7bb0ee1ce9e12b34c20126ddc6a34d5a062ee7cc0921,100,100
21419,utt_7d9838f951d03a1d0d1f::p0005,utt_7d9838f951d03a1d0d1f::p0005,5670ce5069079bd5380bb1d0bb2efd0f53e179d410a577a13a2140499edd9622,5670ce5069079bd5380bb1d0bb2efd0f53e179d410a577a13a2140499edd9622,100,100
21419,utt_7d9838f951d03a1d0d1f::p0006,utt_7d9838f951d03a1d0d1f::p0006-p0008,fc5d45c0268e1c9b6851bdfbf7ad3f92dea240f6563daf779093953a41c65610,9b7c1c29273dd21feed420bec9275c364b0cd02b8b06f1efeb2421a40eacbaa4,125,162
21419,utt_7d9838f951d03a1d0d1f::p0007-p0008,utt_7d9838f951d03a1d0d1f::p0006-p0008,ca8e535cfddb8fca9307a5f8c46b816a981c4139c94ef1a3d549aaa58ba2cd6c,9b7c1c29273dd21feed420bec9275c364b0cd02b8b06f1efeb2421a40eacbaa4,37,162
21419,utt_d7e06aa270030d304c4a::p0001,utt_d7e06aa270030d304c4a::p0001,da0594cff2a79f04a6bd6b7a0f48a78dba76808bd77804a218ba518a2373e491,da0594cff2a79f04a6bd6b7a0f48a78dba76808bd77804a218ba518a2373e491,14,14
21419,utt_efe6539eeb00b9a4cdd8::p0001-p0003,utt_efe6539eeb00b9a4cdd8::p0001-p0003,44312f3e75867e6989e1bf3242581f1c2eaf7f52739cbdff80e1224ccb814946,44312f3e75867e6989e1bf3242581f1c2eaf7f52739cbdff80e1224ccb814946,148,148
21419,utt_efe6539eeb00b9a4cdd8::p0004-p0005,utt_efe6539eeb00b9a4cdd8::p0004-p0005,15601c74be16bdd049ac47c708c2e02867f9dae7f401d6e823616298b9c2c3d4,15601c74be16bdd049ac47c708c2e02867f9dae7f401d6e823616298b9c2c3d4,97,97
21419,utt_efe6539eeb00b9a4cdd8::p0006,utt_efe6539eeb00b9a4cdd8::p0006,2c574f67ff682940a3d8ca60df10d0e2b3380e1f6d8ebf248be2899cf46d5d5b,2c574f67ff682940a3d8ca60df10d0e2b3380e1f6d8ebf248be2899cf46d5d5b,86,86
21419,utt_efe6539eeb00b9a4cdd8::p0007,utt_efe6539eeb00b9a4cdd8::p0007,eb8c03b0a1b6c946a848115d267db74651e0bd19533ead6e5ef1ba9ab1aed806,eb8c03b0a1b6c946a848115d267db74651e0bd19533ead6e5ef1ba9ab1aed806,90,90
21419,utt_efe6539eeb00b9a4cdd8::p0008,utt_efe6539eeb00b9a4cdd8::p0008,e47a549a1d35c303b8e8ec7b0e77afefa510585c277250c40b6ddb2e9691f634,e47a549a1d35c303b8e8ec7b0e77afefa510585c277250c40b6ddb2e9691f634,92,92
21419,utt_efe6539eeb00b9a4cdd8::p0009,utt_efe6539eeb00b9a4cdd8::p0009,882df1a8ceb9db19d04792a6f93f1e46931a97323c574ee034f0ab07eb269cdf,882df1a8ceb9db19d04792a6f93f1e46931a97323c574ee034f0ab07eb269cdf,64,64
21419,utt_efe6539eeb00b9a4cdd8::p0010,utt_efe6539eeb00b9a4cdd8::p0010,5145c48a53467f659a57d7a2bdd64c01cd7377c0d81e3180f235eb0570a2c74c,5145c48a53467f659a57d7a2bdd64c01cd7377c0d81e3180f235eb0570a2c74c,60,60
21419,utt_efe6539eeb00b9a4cdd8::p0011-p0012,utt_efe6539eeb00b9a4cdd8::p0011-p0012,52f68c775bf1f157df8523e04dee8252f84cc1b67e7a23e5b31460839e6328c6,52f68c775bf1f157df8523e04dee8252f84cc1b67e7a23e5b31460839e6328c6,134,134
21419,utt_efe6539eeb00b9a4cdd8::p0013-p0014,utt_efe6539eeb00b9a4cdd8::p0013-p0014,bf0bad774d91979de1ea22c852aae370dae6bf02e8b62e0b23b58ba7ae7b29d4,bf0bad774d91979de1ea22c852aae370dae6bf02e8b62e0b23b58ba7ae7b29d4,136,136
21419,utt_efe6539eeb00b9a4cdd8::p0015,utt_efe6539eeb00b9a4cdd8::p0015,5ac635e99522412365bab938fc99ea80403847b08557221844b88786acfa4cb7,5ac635e99522412365bab938fc99ea80403847b08557221844b88786acfa4cb7,54,54
21419,utt_efe6539eeb00b9a4cdd8::p0016,utt_efe6539eeb00b9a4cdd8::p0016,5b2351358dbba1c0c636e2a9405b999391dd1424b0ef3e6ab6867d50f07692d5,5b2351358dbba1c0c636e2a9405b999391dd1424b0ef3e6ab6867d50f07692d5,103,103
21419,utt_efe6539eeb00b9a4cdd8::p0017,utt_efe6539eeb00b9a4cdd8::p0017,81524547986beb8a7f167e53bfcb7a6d9063f328cb007cbb2a40e57c9eb39903,81524547986beb8a7f167e53bfcb7a6d9063f328cb007cbb2a40e57c9eb39903,60,60
21419,utt_efe6539eeb00b9a4cdd8::p0018-p0020,utt_efe6539eeb00b9a4cdd8::p0018-p0020,755223b19e07900a25e748fe4fb696cc445802abdd82e8675d8a2088e4728434,755223b19e07900a25e748fe4fb696cc445802abdd82e8675d8a2088e4728434,107,107
21419,utt_efe6539eeb00b9a4cdd8::p0021,utt_efe6539eeb00b9a4cdd8::p0021,7568751b514f612a26b98e00f66445e997a22191d212357d33a98a98856dea69,7568751b514f612a26b98e00f66445e997a22191d212357d33a98a98856dea69,145,145
21419,utt_efe6539eeb00b9a4cdd8::p0022s001,utt_efe6539eeb00b9a4cdd8::p0022s001,dd4ef8e1b49c35dd6318a5781b5966c29ba3e5dfc2ca20b9b8ae0693269ed697,dd4ef8e1b49c35dd6318a5781b5966c29ba3e5dfc2ca20b9b8ae0693269ed697,107,107
21419,utt_efe6539eeb00b9a4cdd8::p0022s002,utt_efe6539eeb00b9a4cdd8::p0022s002,395efe80c6bde8645eeda641970b857842b63536f596d3048ac6f0395437568a,395efe80c6bde8645eeda641970b857842b63536f596d3048ac6f0395437568a,84,84
21419,utt_efe6539eeb00b9a4cdd8::p0023s001,utt_efe6539eeb00b9a4cdd8::p0023s001,11f6fa9aa4a3635e45b7d38bde40518bc36124143a40f4e767ba34e98864742f,11f6fa9aa4a3635e45b7d38bde40518bc36124143a40f4e767ba34e98864742f,122,122
21419,utt_efe6539eeb00b9a4cdd8::p0023s002-p0024,utt_efe6539eeb00b9a4cdd8::p0023s002-p0024,41f2257f10d104311f714b66df2cdb4f0927cc0b011274643f1a07542c692046,41f2257f10d104311f714b66df2cdb4f0927cc0b011274643f1a07542c692046,84,84
21419,utt_efe6539eeb00b9a4cdd8::p0025-p0026,utt_efe6539eeb00b9a4cdd8::p0025-p0026,97bdee1ec4b31936b6474285f39d662ea35538de06d6ccb6b2af88f4d4c142b5,97bdee1ec4b31936b6474285f39d662ea35538de06d6ccb6b2af88f4d4c142b5,135,135
21419,utt_efe6539eeb00b9a4cdd8::p0027-p0028,utt_efe6539eeb00b9a4cdd8::p0027-p0028,69c6317e3365005e8fc1cac9ee6fd1f37d5650fa700df7af53cf5acf4303cdf4,69c6317e3365005e8fc1cac9ee6fd1f37d5650fa700df7af53cf5acf4303cdf4,144,144
21419,utt_efe6539eeb00b9a4cdd8::p0029,utt_efe6539eeb00b9a4cdd8::p0029,a2822e80797104c05d3ece75002eb89880605a1ca631232e387faab3fa0254e7,a2822e80797104c05d3ece75002eb89880605a1ca631232e387faab3fa0254e7,64,64
21419,utt_efe6539eeb00b9a4cdd8::p0030-p0031,utt_efe6539eeb00b9a4cdd8::p0030-p0031,e32fa939b567013bee68d77cb3f262cc414a985523b53d8c07fb581fa641bbf8,e32fa939b567013bee68d77cb3f262cc414a985523b53d8c07fb581fa641bbf8,115,115
21419,utt_efe6539eeb00b9a4cdd8::p0032-p0033,utt_efe6539eeb00b9a4cdd8::p0032-p0033,d04f1707f1052a7ccaed2d5c5fcf04d7dc694197c3dfc35de491d29f5d4a5a17,d04f1707f1052a7ccaed2d5c5fcf04d7dc694197c3dfc35de491d29f5d4a5a17,104,104
21419,utt_efe6539eeb00b9a4cdd8::p0034-p0036,utt_efe6539eeb00b9a4cdd8::p0034-p0036,7a1b9862bc80c9fcebbf206f56338c1dde731130cd3716a424dbff4831703f17,7a1b9862bc80c9fcebbf206f56338c1dde731130cd3716a424dbff4831703f17,121,121
21419,utt_fef9e643f341686b8cda::p0001-p0002,utt_fef9e643f341686b8cda::p0001-p0002,38019a12f01b2ede229be68b5a6e1b79ef5b26e858accc31a5f17f5dcfe0d2b1,38019a12f01b2ede229be68b5a6e1b79ef5b26e858accc31a5f17f5dcfe0d2b1,76,76
21419,utt_fef9e643f341686b8cda::p0003,utt_fef9e643f341686b8cda::p0003,2c099a0e501cfeadb4bbf0bbd393e878a5a756070680f9399de58d65f49898a9,2c099a0e501cfeadb4bbf0bbd393e878a5a756070680f9399de58d65f49898a9,57,57
21419,utt_fef9e643f341686b8cda::p0004,utt_fef9e643f341686b8cda::p0004,08f28c7a760dac9294c9c298f71a62743264f7b75f94eb2774c4c2f3d3409546,08f28c7a760dac9294c9c298f71a62743264f7b75f94eb2774c4c2f3d3409546,55,55
21419,utt_fef9e643f341686b8cda::p0005,utt_fef9e643f341686b8cda::p0005,40a4390562362401ae5624119894db84ff529cdab5fbdb9757bdf38699eadc2b,40a4390562362401ae5624119894db84ff529cdab5fbdb9757bdf38699eadc2b,67,67
21419,utt_fef9e643f341686b8cda::p0006,utt_fef9e643f341686b8cda::p0006,e4d7cea5287ba11491e00ad6f0f73ae8cdd0322409c6841152bdcf2c84fabd11,e4d7cea5287ba11491e00ad6f0f73ae8cdd0322409c6841152bdcf2c84fabd11,63,63
21419,utt_fef9e643f341686b8cda::p0007-p0008,utt_fef9e643f341686b8cda::p0007-p0008,bee366acdf421e2914d7fb5fe9007332072bf2355ef529bf57272c8d699b26f6,bee366acdf421e2914d7fb5fe9007332072bf2355ef529bf57272c8d699b26f6,58,58
21419,utt_04455cf97e5cd2088c27::p0001,utt_04455cf97e5cd2088c27::p0001,6d92834d7b0ee71a2097a8d2bfaa5213d78c435cc890cbef7deef6d1b4000e91,6d92834d7b0ee71a2097a8d2bfaa5213d78c435cc890cbef7deef6d1b4000e91,52,52
21419,utt_04455cf97e5cd2088c27::p0002-p0003,utt_04455cf97e5cd2088c27::p0002-p0003,1590a30d242c99bde53a1bafcaebe4a4227cb083b99d72d529a1bed278357b0d,1590a30d242c99bde53a1bafcaebe4a4227cb083b99d72d529a1bed278357b0d,131,131
21419,utt_04455cf97e5cd2088c27::p0004-p0005,utt_04455cf97e5cd2088c27::p0004-p0005,3bb50d407d8eb82adbdd748c8de78025b31e159b0695284dc02201fe66db551e,3bb50d407d8eb82adbdd748c8de78025b31e159b0695284dc02201fe66db551e,83,83
21419,utt_04455cf97e5cd2088c27::p0006,utt_04455cf97e5cd2088c27::p0006,e52f8a0e6ce42ac62185a19e682684c2bd61bce1f66273c66fb00c630a9cb3dc,e52f8a0e6ce42ac62185a19e682684c2bd61bce1f66273c66fb00c630a9cb3dc,77,77
21419,utt_04455cf97e5cd2088c27::p0007-p0008,utt_04455cf97e5cd2088c27::p0007-p0008,9e63949c907c6bbce9edfc60bee84f85c08fdf7eaf9a04a17c43107628004592,9e63949c907c6bbce9edfc60bee84f85c08fdf7eaf9a04a17c43107628004592,83,83
21419,utt_f302d09bfca38755ff55::p0001-p0002,utt_f302d09bfca38755ff55::p0001-p0002,095a39c41deb4b7f72e6a0c7d6910f1ae73f8bc8d4cc20fe0eb9a847f54bcf69,095a39c41deb4b7f72e6a0c7d6910f1ae73f8bc8d4cc20fe0eb9a847f54bcf69,150,150
21419,utt_f302d09bfca38755ff55::p0003-p0005,utt_f302d09bfca38755ff55::p0003-p0005,bf7b52093561f8b3e8f4a47cc72f22e221321dbbefa7abeedcf023d5d7e1797a,bf7b52093561f8b3e8f4a47cc72f22e221321dbbefa7abeedcf023d5d7e1797a,143,143
21419,utt_f302d09bfca38755ff55::p0006-p0009,utt_f302d09bfca38755ff55::p0006-p0009,fb59f5424367dc7ed9761901994f8041c4e360ad4b0b8e6dffa8483266de4f1d,fb59f5424367dc7ed9761901994f8041c4e360ad4b0b8e6dffa8483266de4f1d,138,138
21419,utt_3c4eaa11cc704545660a::p0001-p0002,utt_3c4eaa11cc704545660a::p0001-p0003,c272a3e981973a35dab347b2226d1dd9920c1a269661ecd4780462ff6d7e59ee,f064833dd477819ffc55ce12bc6f6f2774ef51ad2f138b982bedd6cba6b75c17,26,166
21419,utt_3c4eaa11cc704545660a::p0003,utt_3c4eaa11cc704545660a::p0001-p0003,09fe704396ab1cdcbb2570d71780af7387e1bfc0330cee79bc1bb2d7f4511929,f064833dd477819ffc55ce12bc6f6f2774ef51ad2f138b982bedd6cba6b75c17,140,166
21419,utt_3c4eaa11cc704545660a::p0004-p0005,utt_3c4eaa11cc704545660a::p0004-p0005,c920658afacae24948deed8c339305f429f8456635aa03fd9d433bd89f2c9d64,c920658afacae24948deed8c339305f429f8456635aa03fd9d433bd89f2c9d64,94,94
21419,utt_3c4eaa11cc704545660a::p0006-p0007,utt_3c4eaa11cc704545660a::p0006-p0007,1b120270339e91ffcd5d8f725de7f8f12ea7ee711e4bd99f3c8fbb93e0b21917,1b120270339e91ffcd5d8f725de7f8f12ea7ee711e4bd99f3c8fbb93e0b21917,111,111
21419,utt_3c4eaa11cc704545660a::p0008-p0010,utt_3c4eaa11cc704545660a::p0008-p0010,223f52ace7b81c6e5291dc7e820663f5be8db82b8f137d4634e6451571ff8915,223f52ace7b81c6e5291dc7e820663f5be8db82b8f137d4634e6451571ff8915,75,75
21419,utt_199eca4902a6cc9b00ef::p0001-p0003,utt_199eca4902a6cc9b00ef::p0001-p0003,d0e767293754268b5472a7e4d099ab4023b68eef8b346cfd7240c0adadaf12fb,d0e767293754268b5472a7e4d099ab4023b68eef8b346cfd7240c0adadaf12fb,132,132
21419,utt_199eca4902a6cc9b00ef::p0004,utt_199eca4902a6cc9b00ef::p0004,5f43741d97d8ff00e036fd08f62a26f47861c35d18e58a073e4b9ac2803a354a,5f43741d97d8ff00e036fd08f62a26f47861c35d18e58a073e4b9ac2803a354a,133,133
21419,utt_199eca4902a6cc9b00ef::p0005-p0008,utt_199eca4902a6cc9b00ef::p0005-p0008,0e27dfb6030cb3293275440d70ae8ef42f27796ca5a256c7baecf7a2e7201378,0e27dfb6030cb3293275440d70ae8ef42f27796ca5a256c7baecf7a2e7201378,132,132
21419,utt_aae16cfc24f46ded2c70::p0001,utt_aae16cfc24f46ded2c70::p0001,7b095b3621a38993b440c7026b546c37906f0ef39dfa5f9d8e9f8125f829efe6,7b095b3621a38993b440c7026b546c37906f0ef39dfa5f9d8e9f8125f829efe6,132,132
21419,utt_aae16cfc24f46ded2c70::p0002-p0003,utt_aae16cfc24f46ded2c70::p0002-p0003,59a6efcb285f2e68d3887a4d4fb18b2ec51d54c2694676130cb4e8e0906c96d6,59a6efcb285f2e68d3887a4d4fb18b2ec51d54c2694676130cb4e8e0906c96d6,143,143
21419,utt_aae16cfc24f46ded2c70::p0004-p0006,utt_aae16cfc24f46ded2c70::p0004-p0007,1fefa2c7ece43b8095b5e51330f848dc73e5d382e288fa07e1f680f62dfe8f30,4d01d26601c2076e597f738295e53c354374db8b30f05b32b83c92f56c48f931,141,154
21419,utt_aae16cfc24f46ded2c70::p0007,utt_aae16cfc24f46ded2c70::p0004-p0007,c9bfc6a028c1c8daf5887474c32b0311311db3f58e8751a45dcb2b1ec765d6fd,4d01d26601c2076e597f738295e53c354374db8b30f05b32b83c92f56c48f931,13,154
21419,utt_004e11c7435416538f76::p0001-p0002,utt_004e11c7435416538f76::p0001-p0002,ea8855326a00973dd4bf9161c6ea590016d2eb06fd1c5a27a20d4935a5e65789,ea8855326a00973dd4bf9161c6ea590016d2eb06fd1c5a27a20d4935a5e65789,86,86
21419,utt_004e11c7435416538f76::p0003,utt_004e11c7435416538f76::p0003,557b5aeebe34c40cbb992ff933d0771fe5a5438f481b8fd25fd39ffe41ca1bbc,557b5aeebe34c40cbb992ff933d0771fe5a5438f481b8fd25fd39ffe41ca1bbc,100,100
21419,utt_004e11c7435416538f76::p0004,utt_004e11c7435416538f76::p0004,3042e2e3017b945f3586177c1f514c9c29d18beabe1243f95ef23d7b195b741b,3042e2e3017b945f3586177c1f514c9c29d18beabe1243f95ef23d7b195b741b,147,147
21419,utt_004e11c7435416538f76::p0005,utt_004e11c7435416538f76::p0005,3c6b8944bda2fe710de58189d31bc35e60135dd0da182f2a4bbc6fa4567239f0,3c6b8944bda2fe710de58189d31bc35e60135dd0da182f2a4bbc6fa4567239f0,72,72
21419,utt_004e11c7435416538f76::p0006-p0007,utt_004e11c7435416538f76::p0006-p0007,33cfa778c2ea5ce859dc4498123993eb8615d4e7818dee06e9f98aa586c6fe72,33cfa778c2ea5ce859dc4498123993eb8615d4e7818dee06e9f98aa586c6fe72,141,141
21419,utt_914a2cbe9092decc87f5::p0001-p0002s001,utt_914a2cbe9092decc87f5::p0001-p0002s001,436178df9f002f04eb0c460929f330ea1813a445e5219b2b83318120049af285,436178df9f002f04eb0c460929f330ea1813a445e5219b2b83318120049af285,129,129
21419,utt_914a2cbe9092decc87f5::p0002s002-p0003,utt_914a2cbe9092decc87f5::p0002s002-p0003,86fa0819d20bf2faca88e5ade0d6db1f4976aeeaf703c0ffc862be3518c33374,86fa0819d20bf2faca88e5ade0d6db1f4976aeeaf703c0ffc862be3518c33374,92,92
21419,utt_914a2cbe9092decc87f5::p0004-p0005,utt_914a2cbe9092decc87f5::p0004-p0005,d7421b6830605e5538c9c41fa130b7802880401d295b9638dddf16d37d06e2f9,d7421b6830605e5538c9c41fa130b7802880401d295b9638dddf16d37d06e2f9,145,145
21419,utt_914a2cbe9092decc87f5::p0006-p0007,utt_914a2cbe9092decc87f5::p0006-p0007,df2e58464dca4d4e5748b1c38a6a90a8fa93f50a44f7fc163ac34ab269075380,df2e58464dca4d4e5748b1c38a6a90a8fa93f50a44f7fc163ac34ab269075380,58,58
21419,utt_dd38c0bdeb6f5be8ec02::p0001-p0004,utt_dd38c0bdeb6f5be8ec02::p0001-p0004,028789b05d8fd5da4aec4e693a59097c6fc68231193818f0de046fe4ee05d7f9,028789b05d8fd5da4aec4e693a59097c6fc68231193818f0de046fe4ee05d7f9,147,147
21419,utt_dd38c0bdeb6f5be8ec02::p0005,utt_dd38c0bdeb6f5be8ec02::p0005,eca75e127ae4d010545b57b88c8d73caa3b192ea6cfa23f180e5ee420ccb5ed2,eca75e127ae4d010545b57b88c8d73caa3b192ea6cfa23f180e5ee420ccb5ed2,80,80
21419,utt_dd38c0bdeb6f5be8ec02::p0006-p0008,utt_dd38c0bdeb6f5be8ec02::p0006-p0008,8e1fd977975f9490e0de788bd70cd03a8373f4cd6256ca8fafb733c5c5153a53,8e1fd977975f9490e0de788bd70cd03a8373f4cd6256ca8fafb733c5c5153a53,107,107
21419,utt_ce052e6e01de0125898e::p0001-p0002,utt_ce052e6e01de0125898e::p0001-p0002,ad9b816d18fa70ffa981367ecedc7afb6dfb32043db244ea004136fa29aa7348,ad9b816d18fa70ffa981367ecedc7afb6dfb32043db244ea004136fa29aa7348,114,114
21419,utt_ce052e6e01de0125898e::p0003-p0004,utt_ce052e6e01de0125898e::p0003-p0004,6d6e7a824c1c98c5b0ae8dc18632eb58c0837b5f199977410d69c42a6c8d2616,6d6e7a824c1c98c5b0ae8dc18632eb58c0837b5f199977410d69c42a6c8d2616,111,111
21419,utt_ce052e6e01de0125898e::p0005-p0007,utt_ce052e6e01de0125898e::p0005-p0007,e6c79f24d2c37cfe850be46817f5b1f75def8eadd2fd02e5943fb325ddc13260,e6c79f24d2c37cfe850be46817f5b1f75def8eadd2fd02e5943fb325ddc13260,122,122
21419,utt_ce052e6e01de0125898e::p0008-p0011,utt_ce052e6e01de0125898e::p0008-p0011,58fac3bbc76f4755340b1c37b7c2dc4b02b38f08a7682351e630d879f486c042,58fac3bbc76f4755340b1c37b7c2dc4b02b38f08a7682351e630d879f486c042,135,135
21419,utt_774559cd67c438850a30::p0001,utt_774559cd67c438850a30::p0001,8db0cd7986344988f5f35bde59abd237ad10be525dda7f782465fd288de817ba,8db0cd7986344988f5f35bde59abd237ad10be525dda7f782465fd288de817ba,54,54
21419,utt_774559cd67c438850a30::p0002,utt_774559cd67c438850a30::p0002,5c1cc047fb72537a7eff1855bdd6fe66e3c143a771e711c3ad763383738166ce,5c1cc047fb72537a7eff1855bdd6fe66e3c143a771e711c3ad763383738166ce,71,71
21419,utt_774559cd67c438850a30::p0003,utt_774559cd67c438850a30::p0003,375c13801c62004e9d55011c4ce99f86e147aab37374a586ea6828fefd501a87,375c13801c62004e9d55011c4ce99f86e147aab37374a586ea6828fefd501a87,56,56
21419,utt_774559cd67c438850a30::p0004,utt_774559cd67c438850a30::p0004,6614ef6c6ce295fdd22d40042330218329533dc8bee3e90cc403b7b16b926f23,6614ef6c6ce295fdd22d40042330218329533dc8bee3e90cc403b7b16b926f23,130,130
21419,utt_774559cd67c438850a30::p0005-p0007,utt_774559cd67c438850a30::p0005-p0007,2e05c9be5aca9174753e363091e5c956c68d68907b225480c242af7ba85e7500,2e05c9be5aca9174753e363091e5c956c68d68907b225480c242af7ba85e7500,85,85
21419,utt_1dbe6f2dc32ba8e1c8bb::p0001-p0003,utt_1dbe6f2dc32ba8e1c8bb::p0001-p0003,a297df4f7983d48ea5db7746b834764f406829ab0f970ba01a00d06698e91e88,a297df4f7983d48ea5db7746b834764f406829ab0f970ba01a00d06698e91e88,133,133
21419,utt_1dbe6f2dc32ba8e1c8bb::p0004,utt_1dbe6f2dc32ba8e1c8bb::p0004,335684a3227ec87777d932c8b1d65fcbc1ca9c0710a822baa991f33012084f92,335684a3227ec87777d932c8b1d65fcbc1ca9c0710a822baa991f33012084f92,53,53
21419,utt_1dbe6f2dc32ba8e1c8bb::p0005-p0006,utt_1dbe6f2dc32ba8e1c8bb::p0005-p0006,a1eff572388bf860106b9aceaf725508ec90c80b77212649e8c6087f57193efb,a1eff572388bf860106b9aceaf725508ec90c80b77212649e8c6087f57193efb,102,102
21419,utt_5ccfc77883f98276240e::p0001-p0002,utt_5ccfc77883f98276240e::p0001-p0002,92511c463d8df104b588fbb7e86287e6f6120e05e6a5dd6eee9d98ef6060d9af,92511c463d8df104b588fbb7e86287e6f6120e05e6a5dd6eee9d98ef6060d9af,103,103
21419,utt_5ccfc77883f98276240e::p0003-p0004,utt_5ccfc77883f98276240e::p0003-p0004,aae1ae101832fdb44c11f8685ae0d18c2b0b692e767256fa959164ca7ab632a5,aae1ae101832fdb44c11f8685ae0d18c2b0b692e767256fa959164ca7ab632a5,141,141
21419,utt_5ccfc77883f98276240e::p0005,utt_5ccfc77883f98276240e::p0005,e823e0bbbf15399633f1388851de6d9ac7f63daf021b3f48210dec11bcbbf709,e823e0bbbf15399633f1388851de6d9ac7f63daf021b3f48210dec11bcbbf709,129,129
21419,utt_5ccfc77883f98276240e::p0006-p0008,utt_5ccfc77883f98276240e::p0006-p0008,73e4d12b7b5d8730991117319746ea245c37199fc16bfd3cffc48fa9b023dd7d,73e4d12b7b5d8730991117319746ea245c37199fc16bfd3cffc48fa9b023dd7d,57,57
21419,utt_0095d1e2ee7cfc4a33bd::p0001-p0002,utt_0095d1e2ee7cfc4a33bd::p0001-p0002,ebf2086fa4c79e7ae876cde39b433ea63a0ff3792e85bb3f4775a75505b95a97,ebf2086fa4c79e7ae876cde39b433ea63a0ff3792e85bb3f4775a75505b95a97,77,77
21419,utt_0095d1e2ee7cfc4a33bd::p0003,utt_0095d1e2ee7cfc4a33bd::p0003,09f12591ae15e69c50fbb505ceebb600fff1e3f553377a6124f5e94f15168236,09f12591ae15e69c50fbb505ceebb600fff1e3f553377a6124f5e94f15168236,56,56
21419,utt_0095d1e2ee7cfc4a33bd::p0004,utt_0095d1e2ee7cfc4a33bd::p0004,89cbe9e8c824d0c3ce5d3a30115cbfcf16cdf18ce7d99f50fe9c09384bbe5223,89cbe9e8c824d0c3ce5d3a30115cbfcf16cdf18ce7d99f50fe9c09384bbe5223,73,73
21419,utt_0095d1e2ee7cfc4a33bd::p0005,utt_0095d1e2ee7cfc4a33bd::p0005,37341e02d5af7e8e9cd65055eadf5d5c887b57c2fcc206170891ba35ee3acaa6,37341e02d5af7e8e9cd65055eadf5d5c887b57c2fcc206170891ba35ee3acaa6,107,107
21419,utt_0095d1e2ee7cfc4a33bd::p0006-p0008,utt_0095d1e2ee7cfc4a33bd::p0006-p0008,b9be45c9a81c8562ee25b466fb554e93e24f453a095b12c60fa8f41844b8e5f0,b9be45c9a81c8562ee25b466fb554e93e24f453a095b12c60fa8f41844b8e5f0,94,94
21419,utt_b45167ee1cd5297d52d2::p0001-p0003,utt_b45167ee1cd5297d52d2::p0001-p0003,8347856ce8a8a73b9a0862f9ed30a93e5d3fcd3d23a54def4fb9607c50bda60a,8347856ce8a8a73b9a0862f9ed30a93e5d3fcd3d23a54def4fb9607c50bda60a,137,137
21419,utt_b45167ee1cd5297d52d2::p0004,utt_b45167ee1cd5297d52d2::p0004,e4f3b81298f7397f5574813f9dd5ca646e707a1ee54236758d38b8ed55796707,e4f3b81298f7397f5574813f9dd5ca646e707a1ee54236758d38b8ed55796707,77,77
21419,utt_b45167ee1cd5297d52d2::p0005,utt_b45167ee1cd5297d52d2::p0005,049e59df9429f6b26d17b453a5f609b19da961b5d290628c0b97be91fe8f08ff,049e59df9429f6b26d17b453a5f609b19da961b5d290628c0b97be91fe8f08ff,79,79
21419,utt_b45167ee1cd5297d52d2::p0006,utt_b45167ee1cd5297d52d2::p0006,5239671a84c562bfa591b17127a75a03083ea9e3669025a8c952b1d621af0725,5239671a84c562bfa591b17127a75a03083ea9e3669025a8c952b1d621af0725,110,110
21419,utt_b45167ee1cd5297d52d2::p0007-p0008,utt_b45167ee1cd5297d52d2::p0007-p0008,34d54a5a806a59deb7b7a1bcda9944dc7da4fd2b0446f59c8862102767af937f,34d54a5a806a59deb7b7a1bcda9944dc7da4fd2b0446f59c8862102767af937f,60,60
21419,utt_a4cfe30f4abacd25532c::p0001-p0002,utt_a4cfe30f4abacd25532c::p0001-p0002,196f4f49d9b5be0059821650a75b8b2569cbd0a4d7a6ec809b4f9956f3ab4611,196f4f49d9b5be0059821650a75b8b2569cbd0a4d7a6ec809b4f9956f3ab4611,101,101
21419,utt_a4cfe30f4abacd25532c::p0003,utt_a4cfe30f4abacd25532c::p0003,2e3d91e440d0c4157ab6526066216824e4201cc6def28fc3cfe43e6c0abd159b,2e3d91e440d0c4157ab6526066216824e4201cc6def28fc3cfe43e6c0abd159b,90,90
21419,utt_a4cfe30f4abacd25532c::p0004,utt_a4cfe30f4abacd25532c::p0004,a7964375b40f0a1f35699740aeb84a98b48e93b5fe484a992eb490ab68237a81,a7964375b40f0a1f35699740aeb84a98b48e93b5fe484a992eb490ab68237a81,55,55
21419,utt_a4cfe30f4abacd25532c::p0005,utt_a4cfe30f4abacd25532c::p0005,0966659aeeca7cc38d21e7f31e88da5188ebe314613e9b1aa4b09d9b00729c3a,0966659aeeca7cc38d21e7f31e88da5188ebe314613e9b1aa4b09d9b00729c3a,108,108
21419,utt_a4cfe30f4abacd25532c::p0006-p0008,utt_a4cfe30f4abacd25532c::p0006-p0008,95ded0362c548f8c69609733f0fcba02ab0c69fc52636a44afa620f1ea582d84,95ded0362c548f8c69609733f0fcba02ab0c69fc52636a44afa620f1ea582d84,105,105
21419,utt_be418fc398370adf20ab::p0001,utt_be418fc398370adf20ab::p0001,e88edb44ee1525c2f610f2e394fc873d416153dc680322fddfa8abe293fd12dc,e88edb44ee1525c2f610f2e394fc873d416153dc680322fddfa8abe293fd12dc,142,142
21419,utt_be418fc398370adf20ab::p0002-p0004,utt_be418fc398370adf20ab::p0002-p0004,ce47b29903e194ef405c22d2131b398afd4a45324e9e4fc310c6caca115a20e7,ce47b29903e194ef405c22d2131b398afd4a45324e9e4fc310c6caca115a20e7,101,101
21419,utt_82447f3eb153bf70150c::p0001-p0002,utt_82447f3eb153bf70150c::p0001-p0002,ef8d1c5a1f8198e0390a5f9fe158749a5f28f44313bc4e8cb90c6243c40f73d1,ef8d1c5a1f8198e0390a5f9fe158749a5f28f44313bc4e8cb90c6243c40f73d1,93,93
21419,utt_82447f3eb153bf70150c::p0003,utt_82447f3eb153bf70150c::p0003,19759d5d6e8f4cf5e8872a9004befa88340c9f8be77d32e091e4519193db9971,19759d5d6e8f4cf5e8872a9004befa88340c9f8be77d32e091e4519193db9971,83,83
21419,utt_82447f3eb153bf70150c::p0004,utt_82447f3eb153bf70150c::p0004,c5d07bb353f737c44f073723de489aa3cfcf5c6adc34a0dd57f4e1e0965bb185,c5d07bb353f737c44f073723de489aa3cfcf5c6adc34a0dd57f4e1e0965bb185,97,97
21419,utt_82447f3eb153bf70150c::p0005,utt_82447f3eb153bf70150c::p0005,215513d255a816a4e44366c15cb98580958bfcdcdfe9f0d093cfac3a1754dc1b,215513d255a816a4e44366c15cb98580958bfcdcdfe9f0d093cfac3a1754dc1b,122,122
21419,utt_82447f3eb153bf70150c::p0006-p0008,utt_82447f3eb153bf70150c::p0006-p0008,5025ac0fc55defa1418069d62429a1c039844fef4b072b200caaea629edac48e,5025ac0fc55defa1418069d62429a1c039844fef4b072b200caaea629edac48e,67,67
21419,utt_e9ad831183650902f673::p0001,utt_e9ad831183650902f673::p0001,fe2e037a8175f64d0d05e186becae432bdbe81cfe527717d888b1e41d09e3aff,fe2e037a8175f64d0d05e186becae432bdbe81cfe527717d888b1e41d09e3aff,127,127
21419,utt_e9ad831183650902f673::p0002-p0003,utt_e9ad831183650902f673::p0002-p0003,3e1605fc5334d23e10fb795d6d0d1c415a0133ee26ed9a9f7bbbea9f2ffa2c31,3e1605fc5334d23e10fb795d6d0d1c415a0133ee26ed9a9f7bbbea9f2ffa2c31,138,138
21419,utt_e9ad831183650902f673::p0004-p0005,utt_e9ad831183650902f673::p0004-p0005,14c5a8483776bba51a09861ac26802f091b07a5cc6a9428e21935134a5fa7e39,14c5a8483776bba51a09861ac26802f091b07a5cc6a9428e21935134a5fa7e39,110,110
21419,utt_e9ad831183650902f673::p0006-p0008,utt_e9ad831183650902f673::p0006-p0008,e6b70b5c1031d925435ecb2e32c250fb96e04b9681a7938bf6b4c14c5ff3664d,e6b70b5c1031d925435ecb2e32c250fb96e04b9681a7938bf6b4c14c5ff3664d,125,125
21419,utt_76d063c49d10953dc371::p0001-p0005,utt_76d063c49d10953dc371::p0001-p0005,bcd9265fafe46624c3be0cd403848f7fac3d2e8d1e6850cbce8a2f22859b5586,bcd9265fafe46624c3be0cd403848f7fac3d2e8d1e6850cbce8a2f22859b5586,92,92
21419,utt_014c7a79ad517894b770::p0001-p0002,utt_014c7a79ad517894b770::p0001-p0003s001,3b0098a15a580cf932790845daa9017715006c60b8fb62264b3d76973b1f9cf9,ab21a8f88819f193a03879e56de2bf2e0eaffcfb31cd5a8c3dec9ece6245f7e8,9,159
21419,utt_014c7a79ad517894b770::p0003s001,utt_014c7a79ad517894b770::p0001-p0003s001,623ed9e4747dbf7a88dcf5e62c8c36301158502e94cab274a529fd28dfa3eb50,ab21a8f88819f193a03879e56de2bf2e0eaffcfb31cd5a8c3dec9ece6245f7e8,150,159
21419,utt_014c7a79ad517894b770::p0003s002,utt_014c7a79ad517894b770::p0003s002,e85545021d5a45a039033aa556e32326024d32b176bb7bebee17ebcc9eba2f32,e85545021d5a45a039033aa556e32326024d32b176bb7bebee17ebcc9eba2f32,150,150
21419,utt_014c7a79ad517894b770::p0003s003,utt_014c7a79ad517894b770::p0003s003,bf1b51c52d3c3e2528b3aa7bbcdcc068923873bdddaec1e92089a7d94652fc06,bf1b51c52d3c3e2528b3aa7bbcdcc068923873bdddaec1e92089a7d94652fc06,129,129
21419,utt_c57811fecf3b4581f5fa::p0001-p0004,utt_c57811fecf3b4581f5fa::p0001-p0005,3449a9b2e3c5b7df303dc6fb907e11829633782f5d3e21b5b2872cceec37cf37,97b0fa6e1bef172e422a2dd7419b9671166b27edd9c0a9938dfc837ab475d579,141,168
21419,utt_c57811fecf3b4581f5fa::p0005,utt_c57811fecf3b4581f5fa::p0001-p0005,8717e9f3765fd9273c51eddad541582ada24b8354f515c0fad1f008804e26355,97b0fa6e1bef172e422a2dd7419b9671166b27edd9c0a9938dfc837ab475d579,27,168
21419,utt_b21d793054a79b4d5568::p0001-p0002,utt_b21d793054a79b4d5568::p0001-p0003s001,51e295272b9f0e271314426cd2d1b12e4d093ef0845840430f609ff0624f62b0,10b1607296db639ce0df5529820d1cd41a4313fe61e7565127fb6b04bcd44165,9,159
21419,utt_b21d793054a79b4d5568::p0003s001,utt_b21d793054a79b4d5568::p0001-p0003s001,8630ff0b21e597965ccc95d5097c88fa376cfda9458fb248d8e53d68b8704a08,10b1607296db639ce0df5529820d1cd41a4313fe61e7565127fb6b04bcd44165,150,159
21419,utt_b21d793054a79b4d5568::p0003s002-p0004,utt_b21d793054a79b4d5568::p0003s002-p0004,7e44aa8f3cbb05681a5b0472f6282b146c6db3df43de7e1a6f254025ff5d59ec,7e44aa8f3cbb05681a5b0472f6282b146c6db3df43de7e1a6f254025ff5d59ec,81,81
21419,utt_b21d793054a79b4d5568::p0005s001,utt_b21d793054a79b4d5568::p0005s001,883940b11c38ba8fcb9e4d4abfc150e8b91c79712cad0f89fd278078cdc37d13,883940b11c38ba8fcb9e4d4abfc150e8b91c79712cad0f89fd278078cdc37d13,150,150
21419,utt_b21d793054a79b4d5568::p0005s002-p0007,utt_b21d793054a79b4d5568::p0005s002-p0007,9687bccda0e3f52d4ad0aa7ec1ddf198baa12076d156eb17bcca57983267ddf3,9687bccda0e3f52d4ad0aa7ec1ddf198baa12076d156eb17bcca57983267ddf3,61,61
21419,utt_4debbffd3081a1610c2d::p0001-p0004,utt_4debbffd3081a1610c2d::p0001-p0004,d22897195fb20277944edb6427e7660bc096872f5e7d5f37542669547eba52aa,d22897195fb20277944edb6427e7660bc096872f5e7d5f37542669547eba52aa,80,80
21419,utt_4fe0592d2f462ad1bda4::p0001-p0002,utt_4fe0592d2f462ad1bda4::p0001-p0003s001,3b0098a15a580cf932790845daa9017715006c60b8fb62264b3d76973b1f9cf9,50e08aee0e1e1aec7d1c8e7306d95efd69d95223474125b566060767f6b488c5,9,159
21419,utt_4fe0592d2f462ad1bda4::p0003s001,utt_4fe0592d2f462ad1bda4::p0001-p0003s001,25d0bed2665bfecdb8d2a77a0c7927d2993e0361c514c7b321ad04102a4de2fd,50e08aee0e1e1aec7d1c8e7306d95efd69d95223474125b566060767f6b488c5,150,159
21419,utt_4fe0592d2f462ad1bda4::p0003s002-p0004,utt_4fe0592d2f462ad1bda4::p0003s002-p0004,6eb5fda50a4113c5f756c812ea3670464aeb77a52f9e22b898d3672b1ca23b74,6eb5fda50a4113c5f756c812ea3670464aeb77a52f9e22b898d3672b1ca23b74,113,113
21419,utt_4fe0592d2f462ad1bda4::p0005s001,utt_4fe0592d2f462ad1bda4::p0005s001-p0007,8e6dfa446684acb182a86f9c78830ee3d7ab4b4ca8ae8b828cadfded92c5dd51,18aece8c23b53869def9152096f7a6fdfabd23adf2ae1a9cf12200bbc10b0215,150,179
21419,utt_4fe0592d2f462ad1bda4::p0005s002-p0007,utt_4fe0592d2f462ad1bda4::p0005s001-p0007,243d3dd02e2a7e0a0892e9c1963b973277e8de2d1b94af5749f2c7cd8b6ec8db,18aece8c23b53869def9152096f7a6fdfabd23adf2ae1a9cf12200bbc10b0215,29,179
21419,utt_957481292b629ee27458::p0001,utt_957481292b629ee27458::p0001,a0099064fdf50bb34dd91258f26ba229b8f89c1adefea10f4fc8a596ba9e2b00,a0099064fdf50bb34dd91258f26ba229b8f89c1adefea10f4fc8a596ba9e2b00,69,69
21419,utt_8c62b52c0dcb6d591488::p0001,utt_8c62b52c0dcb6d591488::p0001,f967fb8f3596cfa0d1630accb1b5c608cffef8c081d01dc845b028161e4dc6ca,f967fb8f3596cfa0d1630accb1b5c608cffef8c081d01dc845b028161e4dc6ca,6,6
21419,utt_872316bf7e8593e415d3::p0001,utt_872316bf7e8593e415d3::p0001,3e83d73d0bf5032dad98dcfec7131cb4e7545b11bce41b210012291b59870b5f,3e83d73d0bf5032dad98dcfec7131cb4e7545b11bce41b210012291b59870b5f,7,7
21419,utt_f341957cdb85912bc40f::p0001-p0002,utt_f341957cdb85912bc40f::p0001-p0002,ac5c4ac83ce89c3ead2a7e4b3de3d0114432d911ae1bafdbb4b8995843019500,ac5c4ac83ce89c3ead2a7e4b3de3d0114432d911ae1bafdbb4b8995843019500,116,116
21419,utt_f341957cdb85912bc40f::p0003,utt_f341957cdb85912bc40f::p0003,8999859946405ce3d7dda8011984ed378a2cb35f30d00a3063d4b4e7d707347e,8999859946405ce3d7dda8011984ed378a2cb35f30d00a3063d4b4e7d707347e,52,52
21419,utt_f341957cdb85912bc40f::p0004-p0007,utt_f341957cdb85912bc40f::p0004-p0008,f984b8ea54a3ebe433bd96f2bb91e880fc094ff64c2c5648e6537e9f5aa7e661,dd4b2f2a310ce988551f185fcfbdb3237e0aaadbf7a93cbe879f9a77937dbf77,150,152
21419,utt_15ff08b0600e363da088::p0001-p0005,utt_15ff08b0600e363da088::p0001-p0005,62371ceb29126e9bc09f2a0eee20696aa0cab2987ae1ec3757df8526b37b2eff,62371ceb29126e9bc09f2a0eee20696aa0cab2987ae1ec3757df8526b37b2eff,145,145
21419,utt_69b0104a4a86fe6c854c::p0001-p0003,utt_69b0104a4a86fe6c854c::p0001-p0003,987de158a58eddb1f9a73f71ab817b526d725aaf54d1463825ddb3ad17084f19,987de158a58eddb1f9a73f71ab817b526d725aaf54d1463825ddb3ad17084f19,68,68
21419,utt_46319b3878ab1e44576d::p0001-p0004,utt_46319b3878ab1e44576d::p0001-p0004,f6d3d9f1af36b7523ca9d1e30d3c6306c05d2ddb1b90537f4e1380b2fcdb39e4,f6d3d9f1af36b7523ca9d1e30d3c6306c05d2ddb1b90537f4e1380b2fcdb39e4,136,136
21419,utt_46319b3878ab1e44576d::p0005s001,utt_46319b3878ab1e44576d::p0005s001,7b22a72ed5bc2f47032e4ce93736fb92033fbd7789102b51a8d801f73d87446c,7b22a72ed5bc2f47032e4ce93736fb92033fbd7789102b51a8d801f73d87446c,150,150
21419,utt_46319b3878ab1e44576d::p0005s002-p0006,utt_46319b3878ab1e44576d::p0005s002-p0007,b487e56c01ff628e992fda1c612b1cc2a18d4046c09a8651b457d63151f74a9e,40286697d66afa0fbb9042a0cf345a45cd9627c29c7e5fafa08b38adb208e0c5,137,159
21419,utt_46319b3878ab1e44576d::p0007,utt_46319b3878ab1e44576d::p0005s002-p0007,66ecd252f3317811b88561da8e152db18511d5b8bca022a1da46199905144e6b,40286697d66afa0fbb9042a0cf345a45cd9627c29c7e5fafa08b38adb208e0c5,22,159
21419,utt_4b192f03bf4041095e6b::p0001-p0005,utt_4b192f03bf4041095e6b::p0001-p0005,eee6688f608550e6eb75c5cb0e59ef377a2f85e3230921df944b1938421b6d27,eee6688f608550e6eb75c5cb0e59ef377a2f85e3230921df944b1938421b6d27,86,86
21419,utt_ad8280bd1a54c1d04315::p0001-p0002,utt_ad8280bd1a54c1d04315::p0001-p0003s001,3b0098a15a580cf932790845daa9017715006c60b8fb62264b3d76973b1f9cf9,2bbb38e55ff4252c50d29909334b89ef49775fa064258b3d23a6496b8d2b162a,9,159
21419,utt_ad8280bd1a54c1d04315::p0003s001,utt_ad8280bd1a54c1d04315::p0001-p0003s001,489f3e14cbf38b0e8f6d8fef3efbf404aa0b2ddcf36e6852cf167c7cabc25fb4,2bbb38e55ff4252c50d29909334b89ef49775fa064258b3d23a6496b8d2b162a,150,159
21419,utt_ad8280bd1a54c1d04315::p0003s002,utt_ad8280bd1a54c1d04315::p0003s002,5f991dfd737161e77cc29e08414856a901fcee8e3acd80b061fcdac30185a34d,5f991dfd737161e77cc29e08414856a901fcee8e3acd80b061fcdac30185a34d,150,150
21419,utt_ad8280bd1a54c1d04315::p0003s003,utt_ad8280bd1a54c1d04315::p0003s003,4c635253dec056519563dcbaf65d3c199982c763f3392683d34b3db14292f66b,4c635253dec056519563dcbaf65d3c199982c763f3392683d34b3db14292f66b,126,126
21419,utt_1a02d1019c713a5e0f05::p0001-p0004,utt_1a02d1019c713a5e0f05::p0001-p0004,f56c366f4c23416b876f4e7060db5fcd7b21177dd41ba7d858841aec3dfa0bfc,f56c366f4c23416b876f4e7060db5fcd7b21177dd41ba7d858841aec3dfa0bfc,86,86
21419,utt_05443dabe786db4fee5a::p0001-p0002,utt_05443dabe786db4fee5a::p0001-p0003s001,3b0098a15a580cf932790845daa9017715006c60b8fb62264b3d76973b1f9cf9,b9644f83a3438f92b8857235d55bb4b86eeb1e9d7be1a5a24e3a3906545925e3,9,159
21419,utt_05443dabe786db4fee5a::p0003s001,utt_05443dabe786db4fee5a::p0001-p0003s001,f88753d2992f2bcfc0f806f00f8bee2d63dbc7c129a4e7f1ca2f59fe51004c90,b9644f83a3438f92b8857235d55bb4b86eeb1e9d7be1a5a24e3a3906545925e3,150,159
21419,utt_05443dabe786db4fee5a::p0003s002-p0004,utt_05443dabe786db4fee5a::p0003s002-p0004,2df8b87a2d0ece477c6bb01582dfe43baf7830d8c4c0e33ae6fea851a589ff9f,2df8b87a2d0ece477c6bb01582dfe43baf7830d8c4c0e33ae6fea851a589ff9f,120,120
21419,utt_05443dabe786db4fee5a::p0005s001,utt_05443dabe786db4fee5a::p0005s001-p0005s002,8d72bab604be407dd4f6756ce52e6fe6cdb8a24925a060efbee3a78370252742,1743aee2bf4b14cc68a0f150ce5cfb69c08d2e5770710fa0f627e458d499bd46,150,164
21419,utt_05443dabe786db4fee5a::p0005s002,utt_05443dabe786db4fee5a::p0005s001-p0005s002,4346328de954e259cdce085ae06bd0a0b42be87d62b6e0aa8f8ec063c97cb660,1743aee2bf4b14cc68a0f150ce5cfb69c08d2e5770710fa0f627e458d499bd46,14,164
21419,utt_8e0e00c26d6e7abd29bf::p0001-p0005,utt_8e0e00c26d6e7abd29bf::p0001-p0005,b48de09013cccd7f461eec244153d0e2d7f5dc55ef17b05385a36ac20fe11e96,b48de09013cccd7f461eec244153d0e2d7f5dc55ef17b05385a36ac20fe11e96,40,40
21419,utt_5f644f2fbc6aeb9dde82::p0001,utt_5f644f2fbc6aeb9dde82::p0001,1cbf48f49ea595ca5193f1d0e0523b6a8ae5194170f435eabcfe894db44e633f,1cbf48f49ea595ca5193f1d0e0523b6a8ae5194170f435eabcfe894db44e633f,24,24
21419,utt_5e3698f9ea30ad0d6c14::p0001,utt_5e3698f9ea30ad0d6c14::p0001,507b82667f652d1e9da523baf7024bfa6484cb9268e734f9c1ea91cc9a8c6933,507b82667f652d1e9da523baf7024bfa6484cb9268e734f9c1ea91cc9a8c6933,31,31
21419,utt_3669239ab42215f6c799::p0001,utt_3669239ab42215f6c799::p0001,51dbd145ca0f31e1b4d0395db35a0c53439cac0b1bbc9efefe209a15cb06e626,51dbd145ca0f31e1b4d0395db35a0c53439cac0b1bbc9efefe209a15cb06e626,9,9
21419,utt_57781ca7a82602da2918::p0001,utt_57781ca7a82602da2918::p0001,ebacec4fb1862edfeeb2b33387fb850237d8513c4b137629067d9f9f1d462534,ebacec4fb1862edfeeb2b33387fb850237d8513c4b137629067d9f9f1d462534,13,13
21419,utt_a5dcde4b69d3b4b2ecb0::p0001-p0004,utt_a5dcde4b69d3b4b2ecb0::p0001-p0004,ebc2965532284512fa2211f34a2d1538073aac913b87aeab3950d46d32db070d,ebc2965532284512fa2211f34a2d1538073aac913b87aeab3950d46d32db070d,87,87
21419,utt_a5dcde4b69d3b4b2ecb0::p0005,utt_a5dcde4b69d3b4b2ecb0::p0005,46b684392040e16e403588799594c56f372343008ee1b1c7929e03844ea09914,46b684392040e16e403588799594c56f372343008ee1b1c7929e03844ea09914,114,114
21419,utt_a5dcde4b69d3b4b2ecb0::p0006,utt_a5dcde4b69d3b4b2ecb0::p0006,ac57de35a1527b24411e66fc3c2c48286197f2668902843d5d9ea3e6c3b8bf5c,ac57de35a1527b24411e66fc3c2c48286197f2668902843d5d9ea3e6c3b8bf5c,55,55
21419,utt_a5dcde4b69d3b4b2ecb0::p0007,utt_a5dcde4b69d3b4b2ecb0::p0007,2ad3b634a57b51a00a3bf305d445ee3c1b139c00f07389d1036b65ea27554a93,2ad3b634a57b51a00a3bf305d445ee3c1b139c00f07389d1036b65ea27554a93,58,58
21419,utt_a5dcde4b69d3b4b2ecb0::p0008,utt_a5dcde4b69d3b4b2ecb0::p0008,baeaf19273141e245949fb3e1d3a8162c78d58661fc907382485eb2320352d7b,baeaf19273141e245949fb3e1d3a8162c78d58661fc907382485eb2320352d7b,64,64
21419,utt_a5dcde4b69d3b4b2ecb0::p0009-p0012,utt_a5dcde4b69d3b4b2ecb0::p0009-p0012,317a2a33f356af27ca097fc5ad1ade30e285bfdd3a76524a375d999df9a21c40,317a2a33f356af27ca097fc5ad1ade30e285bfdd3a76524a375d999df9a21c40,117,117
21419,utt_d8eff57b1c3bfb5ab5ea::p0001,utt_d8eff57b1c3bfb5ab5ea::p0001,29eef8937b4fd8c7fb817a5debe0a28c87725cb3e5b81538b83e38c1ef7b8397,29eef8937b4fd8c7fb817a5debe0a28c87725cb3e5b81538b83e38c1ef7b8397,75,75
21419,utt_d8eff57b1c3bfb5ab5ea::p0002-p0003,utt_d8eff57b1c3bfb5ab5ea::p0002-p0003,09b144c4821d9555ef458ee4963f77056bc983d11e32e34bb9fa088e47cbee27,09b144c4821d9555ef458ee4963f77056bc983d11e32e34bb9fa088e47cbee27,105,105
21419,utt_d8eff57b1c3bfb5ab5ea::p0004,utt_d8eff57b1c3bfb5ab5ea::p0004,db24dfde06781f682f781d7ca6eae2c2660681f306b83b4f5af47a0b206d19a6,db24dfde06781f682f781d7ca6eae2c2660681f306b83b4f5af47a0b206d19a6,92,92
21419,utt_d8eff57b1c3bfb5ab5ea::p0005,utt_d8eff57b1c3bfb5ab5ea::p0005,60e8b297796407f8231319574e32ead27079c5459b6b955d24bd439444297ce5,60e8b297796407f8231319574e32ead27079c5459b6b955d24bd439444297ce5,61,61
21419,utt_d8eff57b1c3bfb5ab5ea::p0006,utt_d8eff57b1c3bfb5ab5ea::p0006,0cca1d24069aad7b7bd0f02c152dbb0c440544dd9461b499b422f7f7f58175b9,0cca1d24069aad7b7bd0f02c152dbb0c440544dd9461b499b422f7f7f58175b9,57,57
21419,utt_d8eff57b1c3bfb5ab5ea::p0007,utt_d8eff57b1c3bfb5ab5ea::p0007,f4e710fdc62736202a7b0d611e44d3acdfdb4c456616826a8f4e3ec65ddbaf32,f4e710fdc62736202a7b0d611e44d3acdfdb4c456616826a8f4e3ec65ddbaf32,115,115
21419,utt_d8eff57b1c3bfb5ab5ea::p0008-p0009,utt_d8eff57b1c3bfb5ab5ea::p0008-p0009,e4821acb44ed130f02477eca83ba7a9223128ae1c155ab72f9a6f1418f0120cd,e4821acb44ed130f02477eca83ba7a9223128ae1c155ab72f9a6f1418f0120cd,82,82
21419,utt_d8eff57b1c3bfb5ab5ea::p0010-p0011,utt_d8eff57b1c3bfb5ab5ea::p0010-p0011,0475b1fa4c628cc4d46d4645ab8236deba2cacf668b358cce6756c859f93dea4,0475b1fa4c628cc4d46d4645ab8236deba2cacf668b358cce6756c859f93dea4,63,63
21419,utt_e92fa10919e1d5c2a9e7::p0001-p0002,utt_e92fa10919e1d5c2a9e7::p0001-p0002,771acfc4b99d2801f727b3597ed733c9988e287ac48ff749a9cc9b6319450645,771acfc4b99d2801f727b3597ed733c9988e287ac48ff749a9cc9b6319450645,107,107
21419,utt_e92fa10919e1d5c2a9e7::p0003,utt_e92fa10919e1d5c2a9e7::p0003,6ac11f401f5cb0424f73c511feecb9f4e6b745f1a6030b1ad33b4d7da75c32ab,6ac11f401f5cb0424f73c511feecb9f4e6b745f1a6030b1ad33b4d7da75c32ab,82,82
21419,utt_e92fa10919e1d5c2a9e7::p0004-p0007,utt_e92fa10919e1d5c2a9e7::p0004-p0007,fbb7f293db2437c503a82f1511495edafb3cf836d068f127b0eaa81588f16bba,fbb7f293db2437c503a82f1511495edafb3cf836d068f127b0eaa81588f16bba,142,142
21419,utt_787b70fdda543088bd14::p0001-p0002,utt_787b70fdda543088bd14::p0001-p0002,40c28dad2c9ffd7a27bb3049ab2bf619870f0e862788b1392f1160f476e1d65e,40c28dad2c9ffd7a27bb3049ab2bf619870f0e862788b1392f1160f476e1d65e,80,80
21419,utt_787b70fdda543088bd14::p0003-p0006,utt_787b70fdda543088bd14::p0003-p0006,f2b3a231f3141576c5827fe6b7b163630d4ce789d4c401fd2d81ccb0891f938e,f2b3a231f3141576c5827fe6b7b163630d4ce789d4c401fd2d81ccb0891f938e,123,123
21419,utt_e4362ec46e1476a9a083::p0001-p0003,utt_e4362ec46e1476a9a083::p0001-p0003,dd0e86bb175252f7a83129eb2a94a07050b59ce003025ec477de013e562ce47e,dd0e86bb175252f7a83129eb2a94a07050b59ce003025ec477de013e562ce47e,132,132
21419,utt_e4362ec46e1476a9a083::p0004-p0008,utt_e4362ec46e1476a9a083::p0004-p0008,64b33c52e59d996dc6d5c47fe6b95e5ebe6955353031364f0b4654dc338fcdf8,64b33c52e59d996dc6d5c47fe6b95e5ebe6955353031364f0b4654dc338fcdf8,144,144
21419,utt_f8d6ef0e86ffb9bb4d31::p0001,utt_f8d6ef0e86ffb9bb4d31::p0001,aec74fc9460ab3b50ecf00ca13442475976fd3c4f9d56c3e76f294e47d445afb,aec74fc9460ab3b50ecf00ca13442475976fd3c4f9d56c3e76f294e47d445afb,69,69
21419,utt_f8d6ef0e86ffb9bb4d31::p0002-p0003,utt_f8d6ef0e86ffb9bb4d31::p0002-p0003,278706ec66e521bce70d55bd4a537f3d34205476bc2aa84f290f894307071cf8,278706ec66e521bce70d55bd4a537f3d34205476bc2aa84f290f894307071cf8,103,103
21419,utt_f8d6ef0e86ffb9bb4d31::p0004,utt_f8d6ef0e86ffb9bb4d31::p0004-p0006,0dab4c5e4e17b325eb05ab9a7edcc60542bf6d5dc51508bd1299c95717bfa60a,6cf6220e3ffb44e08be84876ef4fbe80ee6e0ecd09071dfa3ec4e1c5fd8d504c,120,166
21419,utt_f8d6ef0e86ffb9bb4d31::p0005-p0006,utt_f8d6ef0e86ffb9bb4d31::p0004-p0006,69851649741121fc0e9250b139e1bdcef4b20d3839539054b9f22420a65e4518,6cf6220e3ffb44e08be84876ef4fbe80ee6e0ecd09071dfa3ec4e1c5fd8d504c,46,166
21419,utt_6ad1ebb366153f114174::p0001-p0003,utt_6ad1ebb366153f114174::p0001-p0003,a0098130e55846a011b3503181874c324067aef591f710350b03ff9afe4c2797,a0098130e55846a011b3503181874c324067aef591f710350b03ff9afe4c2797,97,97
21419,utt_6ad1ebb366153f114174::p0004,utt_6ad1ebb366153f114174::p0004,980ff2e33e2bdc474da6fff22d32cf8d5d8667b90500f07c8e7ca0d55c3a8cb9,980ff2e33e2bdc474da6fff22d32cf8d5d8667b90500f07c8e7ca0d55c3a8cb9,81,81
21419,utt_6ad1ebb366153f114174::p0005,utt_6ad1ebb366153f114174::p0005,d21452a09ed2a00320845db2d354b864c39c27fe391a01978846b02cf2e063bc,d21452a09ed2a00320845db2d354b864c39c27fe391a01978846b02cf2e063bc,121,121
21419,utt_6ad1ebb366153f114174::p0006-p0009,utt_6ad1ebb366153f114174::p0006-p0009,265275b3c3cce3ee3c938940448103797edbb9b6810c7bd45b30cd3b8d2e7df6,265275b3c3cce3ee3c938940448103797edbb9b6810c7bd45b30cd3b8d2e7df6,149,149
21419,utt_22855657633a3a351bbf::p0001,utt_22855657633a3a351bbf::p0001,8e8a85751ad84e5414108a7c147929546d2cb80859b36a8b9295b82f772fe413,8e8a85751ad84e5414108a7c147929546d2cb80859b36a8b9295b82f772fe413,17,17
21419,utt_e0ff88497f1b7ae4e4cb::p0001-p0002,utt_e0ff88497f1b7ae4e4cb::p0001-p0002,29eaeef0f64977b57df179bb7011afb1e5aca30e1fb2d8c5e76bf73c17cef06a,29eaeef0f64977b57df179bb7011afb1e5aca30e1fb2d8c5e76bf73c17cef06a,73,73
21419,utt_e0ff88497f1b7ae4e4cb::p0003,utt_e0ff88497f1b7ae4e4cb::p0003,f3bb34e257030ee648d41acd8a573adae15e289697fff502a28187c6bde9e9f9,f3bb34e257030ee648d41acd8a573adae15e289697fff502a28187c6bde9e9f9,107,107
21419,utt_e0ff88497f1b7ae4e4cb::p0004,utt_e0ff88497f1b7ae4e4cb::p0004,6395d93ef3354d6fff8721caf24ef0a5e629271c41aaca9541f23e7127a1f9db,6395d93ef3354d6fff8721caf24ef0a5e629271c41aaca9541f23e7127a1f9db,65,65
21419,utt_e0ff88497f1b7ae4e4cb::p0005,utt_e0ff88497f1b7ae4e4cb::p0005,b776c96d89535a8ad59078b30435c57bdac994652d7004d27cfd169bfaf3aa8d,b776c96d89535a8ad59078b30435c57bdac994652d7004d27cfd169bfaf3aa8d,116,116
21419,utt_e0ff88497f1b7ae4e4cb::p0006,utt_e0ff88497f1b7ae4e4cb::p0006,13192c9b02ddefe7c413fa9c764401e3ec5a0a4c69552506e8feee074aea3aaf,13192c9b02ddefe7c413fa9c764401e3ec5a0a4c69552506e8feee074aea3aaf,61,61
21419,utt_e0ff88497f1b7ae4e4cb::p0007,utt_e0ff88497f1b7ae4e4cb::p0007,3acea060921bc36fa3cb8d6255e3ad7fa9820f7284ea3a6f72832a25d1c51bed,3acea060921bc36fa3cb8d6255e3ad7fa9820f7284ea3a6f72832a25d1c51bed,77,77
21419,utt_e0ff88497f1b7ae4e4cb::p0008,utt_e0ff88497f1b7ae4e4cb::p0008,14ae7e60a667e5932260cdf849639af4db2b284563e69e1f7f2b4f17ec0ca17d,14ae7e60a667e5932260cdf849639af4db2b284563e69e1f7f2b4f17ec0ca17d,133,133
21419,utt_e0ff88497f1b7ae4e4cb::p0009,utt_e0ff88497f1b7ae4e4cb::p0009,1270eadda55485752e2f68067ef7b2ef8f742765f4c551ffe8c9d9ffe7daff95,1270eadda55485752e2f68067ef7b2ef8f742765f4c551ffe8c9d9ffe7daff95,65,65
21419,utt_e0ff88497f1b7ae4e4cb::p0010,utt_e0ff88497f1b7ae4e4cb::p0010,363c84f4fc714c417d80c9155c10c94099154195373a3c3ff2e8272c4f9d3a3a,363c84f4fc714c417d80c9155c10c94099154195373a3c3ff2e8272c4f9d3a3a,127,127
21419,utt_e0ff88497f1b7ae4e4cb::p0011s001,utt_e0ff88497f1b7ae4e4cb::p0011s001,ccecc4767cda65a45710119868e5301d7de1b3d1b488f5b0b32c68d0fff65370,ccecc4767cda65a45710119868e5301d7de1b3d1b488f5b0b32c68d0fff65370,128,128
21419,utt_e0ff88497f1b7ae4e4cb::p0011s002,utt_e0ff88497f1b7ae4e4cb::p0011s002,886d36cc57bf22051cd161227eef1bfdbd81663cf7be12f7704643975461ad46,886d36cc57bf22051cd161227eef1bfdbd81663cf7be12f7704643975461ad46,99,99
21419,utt_e0ff88497f1b7ae4e4cb::p0012,utt_e0ff88497f1b7ae4e4cb::p0012,ca5a4ce436a7c8f910bd97a6968761991a215fea044a054bf9008e3c94b26074,ca5a4ce436a7c8f910bd97a6968761991a215fea044a054bf9008e3c94b26074,56,56
21419,utt_e0ff88497f1b7ae4e4cb::p0013,utt_e0ff88497f1b7ae4e4cb::p0013,b164155f191e43214bec6bf89acf75e72461803156f4b7e4086d3fecf18f395d,b164155f191e43214bec6bf89acf75e72461803156f4b7e4086d3fecf18f395d,80,80
21419,utt_e0ff88497f1b7ae4e4cb::p0014,utt_e0ff88497f1b7ae4e4cb::p0014,ba4717983ed5cbdf2c1dcac742d8a43bdb4f9ddaddb80a63dca33d9eb1cb279d,ba4717983ed5cbdf2c1dcac742d8a43bdb4f9ddaddb80a63dca33d9eb1cb279d,82,82
21419,utt_e0ff88497f1b7ae4e4cb::p0015,utt_e0ff88497f1b7ae4e4cb::p0015,672864443325921b8626b2b8d79a80fee53991707ad249c208457682a5bd5a79,672864443325921b8626b2b8d79a80fee53991707ad249c208457682a5bd5a79,67,67
21419,utt_e0ff88497f1b7ae4e4cb::p0016,utt_e0ff88497f1b7ae4e4cb::p0016,983676b7005b14519f751f7d0ec109676658bc60c6fdc183f0335bdde655d9cb,983676b7005b14519f751f7d0ec109676658bc60c6fdc183f0335bdde655d9cb,106,106
21419,utt_e0ff88497f1b7ae4e4cb::p0017,utt_e0ff88497f1b7ae4e4cb::p0017,0057748c09ed387e0d011e2079951a992d03eb25201a8b3d1028311b66f5884b,0057748c09ed387e0d011e2079951a992d03eb25201a8b3d1028311b66f5884b,107,107
21419,utt_e0ff88497f1b7ae4e4cb::p0018,utt_e0ff88497f1b7ae4e4cb::p0018,e0e6de57f7f307097a68bfcb09d259abbe56fb4cb08473b0f57111efe1298406,e0e6de57f7f307097a68bfcb09d259abbe56fb4cb08473b0f57111efe1298406,125,125
21419,utt_e0ff88497f1b7ae4e4cb::p0019-p0021,utt_e0ff88497f1b7ae4e4cb::p0019-p0021,131342600ac2052e1ae941733a43a5c3307b129fef599a646744230b76d5364a,131342600ac2052e1ae941733a43a5c3307b129fef599a646744230b76d5364a,150,150
21419,utt_e0ff88497f1b7ae4e4cb::p0022,utt_e0ff88497f1b7ae4e4cb::p0022,478b99b910722f662f6d8e12e27cb09746c44091040c1263930210f76af6d783,478b99b910722f662f6d8e12e27cb09746c44091040c1263930210f76af6d783,140,140
21419,utt_e0ff88497f1b7ae4e4cb::p0023,utt_e0ff88497f1b7ae4e4cb::p0023,2dc78a341b88b4a04f85330c2e53435246af6614d961c9da6e422f57a3f41ed7,2dc78a341b88b4a04f85330c2e53435246af6614d961c9da6e422f57a3f41ed7,53,53
21419,utt_e0ff88497f1b7ae4e4cb::p0024-p0025,utt_e0ff88497f1b7ae4e4cb::p0024-p0025,00c1d6097b3e6ced0b1bec059e31cd7a3257d7264bc3a985b4d4303140c2ebcf,00c1d6097b3e6ced0b1bec059e31cd7a3257d7264bc3a985b4d4303140c2ebcf,73,73
21419,utt_29b8280a0c71122aadca::p0001-p0002,utt_29b8280a0c71122aadca::p0001-p0002,edd362ee810378dae4583f194f4c74c16478d01c14d66c44ee0d13fedcbc81f7,edd362ee810378dae4583f194f4c74c16478d01c14d66c44ee0d13fedcbc81f7,95,95
21419,utt_29b8280a0c71122aadca::p0003,utt_29b8280a0c71122aadca::p0003,de3e1c3d0e14fe8bca8fa08c59f4d76ed8c7281c117864f0d7b49eee5f022f91,de3e1c3d0e14fe8bca8fa08c59f4d76ed8c7281c117864f0d7b49eee5f022f91,86,86
21419,utt_29b8280a0c71122aadca::p0004s001,utt_29b8280a0c71122aadca::p0004s001,bb75628607125728cf364872ce3f1a87b9aadf40442e724204898ec267aabc2e,bb75628607125728cf364872ce3f1a87b9aadf40442e724204898ec267aabc2e,104,104
21419,utt_29b8280a0c71122aadca::p0004s002-p0005,utt_29b8280a0c71122aadca::p0004s002-p0005,5fee2c26b9e157eb5f100ddc53bdab1bd62a8ca0a8ac6f9cc29d9575d36bdc24,5fee2c26b9e157eb5f100ddc53bdab1bd62a8ca0a8ac6f9cc29d9575d36bdc24,104,104
21419,utt_29b8280a0c71122aadca::p0006,utt_29b8280a0c71122aadca::p0006,83087d446a7005355041c0ab12e793fba60477d74ece4f12a8ee43c75d5f00e9,83087d446a7005355041c0ab12e793fba60477d74ece4f12a8ee43c75d5f00e9,111,111
21419,utt_29b8280a0c71122aadca::p0007,utt_29b8280a0c71122aadca::p0007,33d6eadd016b8f941f9bc17155aebf9f01a48689b6a6318aa19ed0353828c013,33d6eadd016b8f941f9bc17155aebf9f01a48689b6a6318aa19ed0353828c013,63,63
21419,utt_29b8280a0c71122aadca::p0008-p0010,utt_29b8280a0c71122aadca::p0008-p0010,cbfb18c6dd1e57a7a3e5daae61b44c83df8ea4d9521dde143e3ca48b769aaf70,cbfb18c6dd1e57a7a3e5daae61b44c83df8ea4d9521dde143e3ca48b769aaf70,110,110
21419,utt_b07b346a88d8858fcb55::p0001-p0003,utt_b07b346a88d8858fcb55::p0001-p0003,1f0d2d2f3f3fee289a9b6a826e5fc9d5d094f6bdbee2a6e05a621db0dcfef584,1f0d2d2f3f3fee289a9b6a826e5fc9d5d094f6bdbee2a6e05a621db0dcfef584,123,123
21419,utt_b07b346a88d8858fcb55::p0004,utt_b07b346a88d8858fcb55::p0004,6d879030d3890ff615862a891386a854cbbe50bef13c33da2bb163dcb6afee2c,6d879030d3890ff615862a891386a854cbbe50bef13c33da2bb163dcb6afee2c,54,54
21419,utt_b07b346a88d8858fcb55::p0005-p0006,utt_b07b346a88d8858fcb55::p0005-p0006,55bb739b445690ec225607cd727268479e6dd56239f59bbf2cae4d9d10705d8b,55bb739b445690ec225607cd727268479e6dd56239f59bbf2cae4d9d10705d8b,104,104
21419,utt_b07b346a88d8858fcb55::p0007,utt_b07b346a88d8858fcb55::p0007,559bdd43b52ed12e371730a0345214d58f15c6dc28f3dc19a77b8f3b0062bfbf,559bdd43b52ed12e371730a0345214d58f15c6dc28f3dc19a77b8f3b0062bfbf,58,58
21419,utt_b07b346a88d8858fcb55::p0008-p0009,utt_b07b346a88d8858fcb55::p0008-p0009,65c753e876133932d9956fa4fc4c1e4bb3c9f984ddc2ec55c30cb0a9334cc900,65c753e876133932d9956fa4fc4c1e4bb3c9f984ddc2ec55c30cb0a9334cc900,85,85
21419,utt_6864af277ba5cf1e2b18::p0001,utt_6864af277ba5cf1e2b18::p0001,af9fd15f4559f04298718d5e4e912afa5dd5817f78aa53a80098ba7aac96cdd6,af9fd15f4559f04298718d5e4e912afa5dd5817f78aa53a80098ba7aac96cdd6,80,80
21419,utt_6864af277ba5cf1e2b18::p0002-p0004,utt_6864af277ba5cf1e2b18::p0002-p0004,8d0d9e991922534220318bdb8fc6aecfa17e71ffa45b7c8206c32f296be2d9b6,8d0d9e991922534220318bdb8fc6aecfa17e71ffa45b7c8206c32f296be2d9b6,140,140
21419,utt_6864af277ba5cf1e2b18::p0005-p0006,utt_6864af277ba5cf1e2b18::p0005-p0006,38e863dc9ddfbfec8b68e86e27c9ca0367fe7df710a235819ce9a34d3a1c0afa,38e863dc9ddfbfec8b68e86e27c9ca0367fe7df710a235819ce9a34d3a1c0afa,113,113
21419,utt_6864af277ba5cf1e2b18::p0007,utt_6864af277ba5cf1e2b18::p0007,46b99b7fe9f816fb932a2f662a358496e441423df11ed03ab457b0986e165f9f,46b99b7fe9f816fb932a2f662a358496e441423df11ed03ab457b0986e165f9f,64,64
21419,utt_6864af277ba5cf1e2b18::p0008-p0010,utt_6864af277ba5cf1e2b18::p0008-p0013,e6644feddab7cb7932f2044d093be44ff52dfcd2fc508c3be9b0bf29c34c55dc,a9d83e0398332b736f6c85c4ff1243c7e3012a4b8a76e8e80bb6aac21a2f71a9,122,168
21419,utt_6864af277ba5cf1e2b18::p0011-p0013,utt_6864af277ba5cf1e2b18::p0008-p0013,7d494f208279906f1fd45bb8376f87134e3a2582142cce8f53645b4233eceff2,a9d83e0398332b736f6c85c4ff1243c7e3012a4b8a76e8e80bb6aac21a2f71a9,46,168
21419,utt_22747d5c6ab315065cc2::p0001-p0003,utt_22747d5c6ab315065cc2::p0001-p0003,0a46d421639037edaaf93b228886959044fb13bfcbf4b00d66d984f3015fc965,0a46d421639037edaaf93b228886959044fb13bfcbf4b00d66d984f3015fc965,119,119
21419,utt_22747d5c6ab315065cc2::p0004-p0006,utt_22747d5c6ab315065cc2::p0004-p0006,6092ed9bde943bc69cdf042a0f0233dba9c24cb9ea6ceec5e27e51b538085893,6092ed9bde943bc69cdf042a0f0233dba9c24cb9ea6ceec5e27e51b538085893,86,86
21419,utt_38af9fa7bc7df0862ec9::p0001,utt_38af9fa7bc7df0862ec9::p0001,bdef38c7056c9dbae54ac2337b396d2111343faee713f73d87170815f0d61a3b,bdef38c7056c9dbae54ac2337b396d2111343faee713f73d87170815f0d61a3b,58,58
21419,utt_38af9fa7bc7df0862ec9::p0002-p0003,utt_38af9fa7bc7df0862ec9::p0002-p0003,2d5433ecf14f2648b3b40cd8b09b8870eea7d5c4e56d1b762937c402a61fa571,2d5433ecf14f2648b3b40cd8b09b8870eea7d5c4e56d1b762937c402a61fa571,98,98
21419,utt_38af9fa7bc7df0862ec9::p0004-p0005,utt_38af9fa7bc7df0862ec9::p0004-p0005,e399da70522e1acb46dcd574d7fc0025525da79e156f20819be2e879fd8afa34,e399da70522e1acb46dcd574d7fc0025525da79e156f20819be2e879fd8afa34,125,125
21419,utt_38af9fa7bc7df0862ec9::p0006-p0007,utt_38af9fa7bc7df0862ec9::p0006-p0009,5600f8e3a7e30d0550a06dab103aeaa891a807d0bccef450a7854493f8a7dce0,c5537b53a5c21c18515dd4890703187b4ccd4729af19bb0fd1c4d22396698f65,129,154
21419,utt_38af9fa7bc7df0862ec9::p0008-p0009,utt_38af9fa7bc7df0862ec9::p0006-p0009,ee6e34d297ea2438c909d8cee26b04a5d9a87334446bc3f52e125d4823b71559,c5537b53a5c21c18515dd4890703187b4ccd4729af19bb0fd1c4d22396698f65,25,154
21419,utt_b30afbf344c1c6fa0e04::p0001-p0004,utt_b30afbf344c1c6fa0e04::p0001-p0004,f3cb6df1d3760682447c7ad5dc3e8d01ab37d5dfb4dc81c549efee705c0a2d5e,f3cb6df1d3760682447c7ad5dc3e8d01ab37d5dfb4dc81c549efee705c0a2d5e,142,142
21419,utt_b30afbf344c1c6fa0e04::p0005,utt_b30afbf344c1c6fa0e04::p0005,a73815d3c306e2c78bd316da1b1cd2f691a7f6f0d23d36c67919af018d896f75,a73815d3c306e2c78bd316da1b1cd2f691a7f6f0d23d36c67919af018d896f75,87,87
21419,utt_b30afbf344c1c6fa0e04::p0006-p0008,utt_b30afbf344c1c6fa0e04::p0006-p0008,50f185da323515197ae69c06534057e253dadf6335497fcf863e2157de6c4f62,50f185da323515197ae69c06534057e253dadf6335497fcf863e2157de6c4f62,105,105
21419,utt_8dbe8743a7d74a4301df::p0001,utt_8dbe8743a7d74a4301df::p0001,e8b8afa676fcb2298b645fb17911c2767e17d430e7fa909897553622cadfe594,e8b8afa676fcb2298b645fb17911c2767e17d430e7fa909897553622cadfe594,109,109
21419,utt_8dbe8743a7d74a4301df::p0002-p0004,utt_8dbe8743a7d74a4301df::p0002-p0006,087ccd7ba15ac43a9388051b7ad4db765d9c4238bf0062fcb42ba083ff0b0db6,44971b3b35a1ca3647195d4e64053ec8810aa09f896d0c218a441a47d95c44c8,148,159
21419,utt_8dbe8743a7d74a4301df::p0005-p0006,utt_8dbe8743a7d74a4301df::p0002-p0006,34bbe1ee3aeafbe5808ad067a19a2b26c99ca7e23944dff67455942943073603,44971b3b35a1ca3647195d4e64053ec8810aa09f896d0c218a441a47d95c44c8,11,159
21419,utt_b99b67d3e9ccc449ff45::p0001,utt_b99b67d3e9ccc449ff45::p0001,058865c45cab880b0258689c7e7b8c67b5f2cd1783a3381f5a39d4ff79516377,058865c45cab880b0258689c7e7b8c67b5f2cd1783a3381f5a39d4ff79516377,112,112
21419,utt_b99b67d3e9ccc449ff45::p0002,utt_b99b67d3e9ccc449ff45::p0002,f4c92e4bfff6126dafc9bd024cc2617189d8ffb39204cf5090c5db6c1de8f7eb,f4c92e4bfff6126dafc9bd024cc2617189d8ffb39204cf5090c5db6c1de8f7eb,74,74
21419,utt_b99b67d3e9ccc449ff45::p0003,utt_b99b67d3e9ccc449ff45::p0003,6eb0d6a11b36e6796dc46f17120a080d2102394315747cbee1089f5fb672a072,6eb0d6a11b36e6796dc46f17120a080d2102394315747cbee1089f5fb672a072,55,55
21419,utt_b99b67d3e9ccc449ff45::p0004,utt_b99b67d3e9ccc449ff45::p0004,deb48ec6f7ca149bd1f12a1cb82e7e4d5b70dc183cab0dfff844f18d08e2ca8b,deb48ec6f7ca149bd1f12a1cb82e7e4d5b70dc183cab0dfff844f18d08e2ca8b,127,127
21419,utt_b99b67d3e9ccc449ff45::p0005,utt_b99b67d3e9ccc449ff45::p0005,078f12db5eb0341381243f41168e8043f639f2ad8e2e7485ae6e63221b51e805,078f12db5eb0341381243f41168e8043f639f2ad8e2e7485ae6e63221b51e805,56,56
21419,utt_b99b67d3e9ccc449ff45::p0006s001,utt_b99b67d3e9ccc449ff45::p0006s001,4dc11b03463c87167f8390ee86e910a5938d1593457302a39a0c6dc1ed6850a7,4dc11b03463c87167f8390ee86e910a5938d1593457302a39a0c6dc1ed6850a7,100,100
21419,utt_b99b67d3e9ccc449ff45::p0006s002,utt_b99b67d3e9ccc449ff45::p0006s002,18975bd46a3b9722a649aeef4d72e99faca37f17d8e3d32b0cd5de94255f2045,18975bd46a3b9722a649aeef4d72e99faca37f17d8e3d32b0cd5de94255f2045,91,91
21419,utt_b99b67d3e9ccc449ff45::p0007,utt_b99b67d3e9ccc449ff45::p0007,025e2ecc0594f33e0794a5ca7b83b9cbac99c95e01a9922258bc9cfb1ae4b475,025e2ecc0594f33e0794a5ca7b83b9cbac99c95e01a9922258bc9cfb1ae4b475,150,150
21419,utt_b99b67d3e9ccc449ff45::p0008,utt_b99b67d3e9ccc449ff45::p0008,1ada685c031cc5d8f59b97a5d1c819ab5391803c1eb60e822a4b5a2f8505d4b4,1ada685c031cc5d8f59b97a5d1c819ab5391803c1eb60e822a4b5a2f8505d4b4,107,107
21419,utt_b99b67d3e9ccc449ff45::p0009,utt_b99b67d3e9ccc449ff45::p0009,30e0eaa2e31884e351d4397c969a92e9f223f73a6625f3500999f7d93468ac44,30e0eaa2e31884e351d4397c969a92e9f223f73a6625f3500999f7d93468ac44,92,92
21419,utt_b99b67d3e9ccc449ff45::p0010,utt_b99b67d3e9ccc449ff45::p0010,7b715fb7b1510dc6fc4ed5c6f2adfd84eed0c6d17b743ae92bc0d465e7129ada,7b715fb7b1510dc6fc4ed5c6f2adfd84eed0c6d17b743ae92bc0d465e7129ada,58,58
21419,utt_b99b67d3e9ccc449ff45::p0011-p0012,utt_b99b67d3e9ccc449ff45::p0011-p0012,5c512f0fae2fe51dc439944083fe658740018f72284fb0645ae31fe20effeec5,5c512f0fae2fe51dc439944083fe658740018f72284fb0645ae31fe20effeec5,82,82
21419,utt_27efcea031a2e28e2b12::p0001-p0002,utt_27efcea031a2e28e2b12::p0001-p0002,ea971f798dd513b9783fe748f9d8c243fbfb2d4941b05c8c755b5489a233ecb3,ea971f798dd513b9783fe748f9d8c243fbfb2d4941b05c8c755b5489a233ecb3,119,119
21419,utt_27efcea031a2e28e2b12::p0003,utt_27efcea031a2e28e2b12::p0003,25caddbea62b7ba9d5514b2b1c894e361d6754435ab6cfc7b3461a18b953436f,25caddbea62b7ba9d5514b2b1c894e361d6754435ab6cfc7b3461a18b953436f,52,52
21419,utt_27efcea031a2e28e2b12::p0004-p0005,utt_27efcea031a2e28e2b12::p0004-p0005,38d996fbff09824eb7aeda89309db90ae91d790471e02ec7c92c71190b6f911d,38d996fbff09824eb7aeda89309db90ae91d790471e02ec7c92c71190b6f911d,133,133
21419,utt_27efcea031a2e28e2b12::p0006,utt_27efcea031a2e28e2b12::p0006,07f5c934271d87a045284035aba154e286eed911582f35315f21e3b8431a5033,07f5c934271d87a045284035aba154e286eed911582f35315f21e3b8431a5033,55,55
21419,utt_27efcea031a2e28e2b12::p0007-p0008,utt_27efcea031a2e28e2b12::p0007-p0008,6c249dd6a7e7cb7db8296a6069ed7e0e65928fde3280c69370e1ebbe0a48a415,6c249dd6a7e7cb7db8296a6069ed7e0e65928fde3280c69370e1ebbe0a48a415,88,88
21419,utt_27efcea031a2e28e2b12::p0009-p0011,utt_27efcea031a2e28e2b12::p0009-p0011,524a2d5659dbb8bfe863b735a764f62dde9d38b63ca74648aa0278877f979c04,524a2d5659dbb8bfe863b735a764f62dde9d38b63ca74648aa0278877f979c04,90,90
21419,utt_4f3a116dc84b2aee992c::p0001-p0002,utt_4f3a116dc84b2aee992c::p0001-p0002,90a94b0a2dffc1af871bcf665bad40260da062de9e3c168821c6869aa9e686c0,90a94b0a2dffc1af871bcf665bad40260da062de9e3c168821c6869aa9e686c0,78,78
21419,utt_4f3a116dc84b2aee992c::p0003-p0004,utt_4f3a116dc84b2aee992c::p0003-p0004,ce5ed6257eb25accdefd9b1c2496ab79f2f463c0b96bc29c7a6406243e10bd9a,ce5ed6257eb25accdefd9b1c2496ab79f2f463c0b96bc29c7a6406243e10bd9a,98,98
21419,utt_4f3a116dc84b2aee992c::p0005-p0007,utt_4f3a116dc84b2aee992c::p0005-p0007,581abc36abdc36dc7202cbf6ecf802d9bae7f8d81dd33de446d0acdff41e037d,581abc36abdc36dc7202cbf6ecf802d9bae7f8d81dd33de446d0acdff41e037d,136,136
21419,utt_4f3a116dc84b2aee992c::p0008-p0009,utt_4f3a116dc84b2aee992c::p0008-p0009,3fff5e78f7d7662f768e228ba507f45669b404cca7ef2105d9ee09a847b52273,3fff5e78f7d7662f768e228ba507f45669b404cca7ef2105d9ee09a847b52273,58,58
21419,utt_6e350965aa610a4478f5::p0001-p0002,utt_6e350965aa610a4478f5::p0001-p0002,a92ec2ba63cc952c1d95a321c8c25138c00ba62f5b9e216198d8f35a23518761,a92ec2ba63cc952c1d95a321c8c25138c00ba62f5b9e216198d8f35a23518761,88,88
21419,utt_6e350965aa610a4478f5::p0003,utt_6e350965aa610a4478f5::p0003,cbda2a61053d1d238267c46b7dcdb5a75f5696ddf62bf8d61855b2a09e7836d5,cbda2a61053d1d238267c46b7dcdb5a75f5696ddf62bf8d61855b2a09e7836d5,74,74
21419,utt_6e350965aa610a4478f5::p0004,utt_6e350965aa610a4478f5::p0004,c6bccf8e6cccbbbb949ff3864a3af9c4f5487c1c5a053a3908bfcfda84f91d72,c6bccf8e6cccbbbb949ff3864a3af9c4f5487c1c5a053a3908bfcfda84f91d72,66,66
21419,utt_6e350965aa610a4478f5::p0005-p0006,utt_6e350965aa610a4478f5::p0005-p0006,9444b1ae074d77084024cb7c6af1e89ac9e3f51df66461d8f6b029b594f30665,9444b1ae074d77084024cb7c6af1e89ac9e3f51df66461d8f6b029b594f30665,67,67
21419,utt_a5c9ef894da03eb081ff::p0001,utt_a5c9ef894da03eb081ff::p0001,895f1ad25bb52ce2b475cbbacef597286c3e1640813b35e5baa433f055bc7dce,895f1ad25bb52ce2b475cbbacef597286c3e1640813b35e5baa433f055bc7dce,60,60
21419,utt_a5c9ef894da03eb081ff::p0002-p0003,utt_a5c9ef894da03eb081ff::p0002-p0003,d90a5d2f76cef201e347f0ae5ad7f893c3fc2b099e4b5164d93eb38ceecffd87,d90a5d2f76cef201e347f0ae5ad7f893c3fc2b099e4b5164d93eb38ceecffd87,128,128
21419,utt_a5c9ef894da03eb081ff::p0004-p0005,utt_a5c9ef894da03eb081ff::p0004-p0005,079372c880909a9e7022f0f365c45252838795da508b19b786b8002f1f83610d,079372c880909a9e7022f0f365c45252838795da508b19b786b8002f1f83610d,79,79
21419,utt_a5c9ef894da03eb081ff::p0006,utt_a5c9ef894da03eb081ff::p0006,0402ce13e881b7e20762325c0336a99d79d01d6afb6dc26fbb0e925700012241,0402ce13e881b7e20762325c0336a99d79d01d6afb6dc26fbb0e925700012241,55,55
21419,utt_a5c9ef894da03eb081ff::p0007-p0008,utt_a5c9ef894da03eb081ff::p0007-p0008,64fa4d76b9a2dec175f6cb2651566859ad47ce396fda5b547e2046100bbd9fec,64fa4d76b9a2dec175f6cb2651566859ad47ce396fda5b547e2046100bbd9fec,56,56
21419,utt_424e5d9a00d4892f30b3::p0001-p0002,utt_424e5d9a00d4892f30b3::p0001-p0003,f4950cb70183a513af89141e290c610d84dcbd08bdec8681fe11f507b390d592,a3433a38568dc81082380452d8ccf2592ff28273d0474aaeb9c85b3bfff22106,110,152
21419,utt_424e5d9a00d4892f30b3::p0003,utt_424e5d9a00d4892f30b3::p0001-p0003,991be4ddb11ddde468c11cf5bc5eaf696f6f8c115cdad2029888b3f8076e28d6,a3433a38568dc81082380452d8ccf2592ff28273d0474aaeb9c85b3bfff22106,42,152
21419,utt_424e5d9a00d4892f30b3::p0004,utt_424e5d9a00d4892f30b3::p0004,1542ae5984f9108a301802a6844135f1b2a0453d91471f229a70eccdb9d7d5bc,1542ae5984f9108a301802a6844135f1b2a0453d91471f229a70eccdb9d7d5bc,137,137
21419,utt_424e5d9a00d4892f30b3::p0005-p0007,utt_424e5d9a00d4892f30b3::p0005-p0007,dadb8abd1ad4bd568374ab611c6448938158dd4f2a050d9eae69896b543de845,dadb8abd1ad4bd568374ab611c6448938158dd4f2a050d9eae69896b543de845,114,114
21419,utt_424e5d9a00d4892f30b3::p0008-p0011,utt_424e5d9a00d4892f30b3::p0008-p0011,9633b76f286320b4fba88e3f8cb98c4ef9f1bdac6e19a6b758f2a6604109c6f5,9633b76f286320b4fba88e3f8cb98c4ef9f1bdac6e19a6b758f2a6604109c6f5,148,148
21419,utt_cc35a2fd6f33512ff03b::p0001-p0005,utt_cc35a2fd6f33512ff03b::p0001-p0005,36708f5eaad5386e8193170ae09ec8eb4d3863edfcc24dbffde42176662a5231,36708f5eaad5386e8193170ae09ec8eb4d3863edfcc24dbffde42176662a5231,142,142
21419,utt_cc35a2fd6f33512ff03b::p0006,utt_cc35a2fd6f33512ff03b::p0006,84105b8fe744f91b406ce7b28b5d22ca4d2105c64d48bb9594c368343a6fda24,84105b8fe744f91b406ce7b28b5d22ca4d2105c64d48bb9594c368343a6fda24,77,77
21419,utt_cc35a2fd6f33512ff03b::p0007,utt_cc35a2fd6f33512ff03b::p0007,19c0a783384387e50dfead88990b4b391d0ba1f3621fcb2d7f0f0c432520f7c5,19c0a783384387e50dfead88990b4b391d0ba1f3621fcb2d7f0f0c432520f7c5,70,70
21419,utt_cc35a2fd6f33512ff03b::p0008,utt_cc35a2fd6f33512ff03b::p0008,4e6a0090107d2dba64d13e7cb259921d5f44c8bf544b34c4293330ffebe5798b,4e6a0090107d2dba64d13e7cb259921d5f44c8bf544b34c4293330ffebe5798b,59,59
21419,utt_cc35a2fd6f33512ff03b::p0009,utt_cc35a2fd6f33512ff03b::p0009,0512d5c716ba3301d9d75103384bb9ffcbdfa0e8aa774c7be9e201768cffe033,0512d5c716ba3301d9d75103384bb9ffcbdfa0e8aa774c7be9e201768cffe033,102,102
21419,utt_cc35a2fd6f33512ff03b::p0010,utt_cc35a2fd6f33512ff03b::p0010,1b545629733e1d16f0766aa7f45f1509c510fcaf46aa5c5ab9b71bca23d4d702,1b545629733e1d16f0766aa7f45f1509c510fcaf46aa5c5ab9b71bca23d4d702,84,84
21419,utt_cc35a2fd6f33512ff03b::p0011,utt_cc35a2fd6f33512ff03b::p0011,49e73c398dfdd440bbac35566b67a702ef3d4fa1bb67f28e867e5f57e06abc4f,49e73c398dfdd440bbac35566b67a702ef3d4fa1bb67f28e867e5f57e06abc4f,99,99
21419,utt_175702bcdf1e32c8e894::p0001-p0002,utt_175702bcdf1e32c8e894::p0001-p0002,04e2e01a44003ea93e397a4c2e7e13d8e966e22ef2e0ac994984188d96b98aa0,04e2e01a44003ea93e397a4c2e7e13d8e966e22ef2e0ac994984188d96b98aa0,61,61
21419,utt_b9341b57a7bc037f529c::p0001-p0002,utt_b9341b57a7bc037f529c::p0001-p0002,13e35fa741e145dac73a7da2b2e553007ba428eb45b7530bfcfdf96e4df37ebe,13e35fa741e145dac73a7da2b2e553007ba428eb45b7530bfcfdf96e4df37ebe,117,117
21419,utt_b9341b57a7bc037f529c::p0003-p0004,utt_b9341b57a7bc037f529c::p0003-p0004,1082341fd15b077ecd4c4dc1a12a275dde7030a16360878024d2263e889c254b,1082341fd15b077ecd4c4dc1a12a275dde7030a16360878024d2263e889c254b,92,92
21419,utt_b9341b57a7bc037f529c::p0005,utt_b9341b57a7bc037f529c::p0005,623805d6c27b2c5b9ccf1aee24011e1f12c679229bef581fd9eb5cc7511cfb28,623805d6c27b2c5b9ccf1aee24011e1f12c679229bef581fd9eb5cc7511cfb28,68,68
21419,utt_b9341b57a7bc037f529c::p0006,utt_b9341b57a7bc037f529c::p0006,d5a1c64b43f5030977816bd694bbc553c3c261d19d21b370db5e7c085e61b015,d5a1c64b43f5030977816bd694bbc553c3c261d19d21b370db5e7c085e61b015,109,109
21419,utt_b9341b57a7bc037f529c::p0007-p0009,utt_b9341b57a7bc037f529c::p0007-p0009,f942f2f2d406a8626c1e40f7139a001ea6645463100a9e243c82285e720070bc,f942f2f2d406a8626c1e40f7139a001ea6645463100a9e243c82285e720070bc,102,102
21419,utt_30bcedbb4dd0ba022ce5::p0001-p0003,utt_30bcedbb4dd0ba022ce5::p0001-p0003,e1a0b4e053a7c70793edaef45fb2b1170b2526494c5671b5b51c350131d76fb9,e1a0b4e053a7c70793edaef45fb2b1170b2526494c5671b5b51c350131d76fb9,106,106
21419,utt_30bcedbb4dd0ba022ce5::p0004,utt_30bcedbb4dd0ba022ce5::p0004,a1fbc0fe6cc0aa9a0f1ec5389b1960b5a393e694540dcb5d53463933ea3a3290,a1fbc0fe6cc0aa9a0f1ec5389b1960b5a393e694540dcb5d53463933ea3a3290,59,59
21419,utt_30bcedbb4dd0ba022ce5::p0005-p0006,utt_30bcedbb4dd0ba022ce5::p0005-p0006,970224483034d8aa3ba5f4cfaee71ad846c455943f1d6ab62cd4f493997caa82,970224483034d8aa3ba5f4cfaee71ad846c455943f1d6ab62cd4f493997caa82,106,106
21419,utt_30bcedbb4dd0ba022ce5::p0007-p0008,utt_30bcedbb4dd0ba022ce5::p0007-p0008,bd0927928576232d4e10c2323941ef2a554387d9eac6beed96ec27a55fc21639,bd0927928576232d4e10c2323941ef2a554387d9eac6beed96ec27a55fc21639,115,115
21419,utt_30bcedbb4dd0ba022ce5::p0009,utt_30bcedbb4dd0ba022ce5::p0009,36c32f260bb9bd867ddb4032d186bad596b4f869bc8e87e562c1b34149945d4c,36c32f260bb9bd867ddb4032d186bad596b4f869bc8e87e562c1b34149945d4c,59,59
21419,utt_30bcedbb4dd0ba022ce5::p0010,utt_30bcedbb4dd0ba022ce5::p0010,fc77f4f039b29931ddb2de7b271a255c71bbb04acaf75acafbfd9b151ef76556,fc77f4f039b29931ddb2de7b271a255c71bbb04acaf75acafbfd9b151ef76556,58,58
21419,utt_30bcedbb4dd0ba022ce5::p0011,utt_30bcedbb4dd0ba022ce5::p0011,c702f936331e88da073a80336e96d5e6c99da3c58da5a343a957eaaa7dc84377,c702f936331e88da073a80336e96d5e6c99da3c58da5a343a957eaaa7dc84377,81,81
21419,utt_30bcedbb4dd0ba022ce5::p0012,utt_30bcedbb4dd0ba022ce5::p0012,f92401702c6ab575fbcb18f6754750c244764a1d37dcff4aade87b7b0953aacc,f92401702c6ab575fbcb18f6754750c244764a1d37dcff4aade87b7b0953aacc,131,131
21419,utt_30bcedbb4dd0ba022ce5::p0013,utt_30bcedbb4dd0ba022ce5::p0013,04658280e4d029b1ec996b37ad880b95eab781e5874e52908484c22db0bdf132,04658280e4d029b1ec996b37ad880b95eab781e5874e52908484c22db0bdf132,91,91
21419,utt_30bcedbb4dd0ba022ce5::p0014,utt_30bcedbb4dd0ba022ce5::p0014,049b331a579d86e93f8df81ded0ca9713dc5073218273dad091d9a7aa4ba9095,049b331a579d86e93f8df81ded0ca9713dc5073218273dad091d9a7aa4ba9095,78,78
21419,utt_30bcedbb4dd0ba022ce5::p0015-p0017,utt_30bcedbb4dd0ba022ce5::p0015-p0017,67d9b547722a0d08c818987191f68934ffa880e1d01361875f4b4c4bd48a55cb,67d9b547722a0d08c818987191f68934ffa880e1d01361875f4b4c4bd48a55cb,71,71
21419,utt_37aa049c0111f0e26ebc::p0001,utt_37aa049c0111f0e26ebc::p0001,eeea64f9ee2c424068f54515aaa049c1c013bf258e34c6e1d424132fc6ece839,eeea64f9ee2c424068f54515aaa049c1c013bf258e34c6e1d424132fc6ece839,96,96
21419,utt_37aa049c0111f0e26ebc::p0002,utt_37aa049c0111f0e26ebc::p0002,b3b6468b9a5854eb9e48a94f12e012085fdf405099ebd4e95d63a9e5eb8a74f2,b3b6468b9a5854eb9e48a94f12e012085fdf405099ebd4e95d63a9e5eb8a74f2,75,75
21419,utt_37aa049c0111f0e26ebc::p0003,utt_37aa049c0111f0e26ebc::p0003,2b91bdc89403bfea5ab947bc84c8118a2e361b97ffdb11df2d7696f5a57b10fb,2b91bdc89403bfea5ab947bc84c8118a2e361b97ffdb11df2d7696f5a57b10fb,98,98
21419,utt_37aa049c0111f0e26ebc::p0004,utt_37aa049c0111f0e26ebc::p0004,b0b9108fa61fe817a04b64f4fc7139446ee4344a8d622fa0b0d2a35b4546afac,b0b9108fa61fe817a04b64f4fc7139446ee4344a8d622fa0b0d2a35b4546afac,56,56
21419,utt_37aa049c0111f0e26ebc::p0005,utt_37aa049c0111f0e26ebc::p0005,539bb06f2d739f3637e4029e5aa87640d114974d2a2ebdb12c51c9a5396e9a4d,539bb06f2d739f3637e4029e5aa87640d114974d2a2ebdb12c51c9a5396e9a4d,57,57
21419,utt_37aa049c0111f0e26ebc::p0006,utt_37aa049c0111f0e26ebc::p0006,389b9c47a4a8cb0a3af17d6e68d7a6581867375f87da9a6aed1d5b2997425545,389b9c47a4a8cb0a3af17d6e68d7a6581867375f87da9a6aed1d5b2997425545,86,86
21419,utt_37aa049c0111f0e26ebc::p0007-p0008,utt_37aa049c0111f0e26ebc::p0007-p0008,98b9a1b85d59df82fd67eb9308d5233837663d85525bcbb820f3a9adbefa9570,98b9a1b85d59df82fd67eb9308d5233837663d85525bcbb820f3a9adbefa9570,143,143
21419,utt_37aa049c0111f0e26ebc::p0009-p0010,utt_37aa049c0111f0e26ebc::p0009-p0010,a5dc8089e06ae4792b901c65408ceffe87bde80b9554c0fd5ed57d2b531350e8,a5dc8089e06ae4792b901c65408ceffe87bde80b9554c0fd5ed57d2b531350e8,72,72
21419,utt_37aa049c0111f0e26ebc::p0011,utt_37aa049c0111f0e26ebc::p0011,0c6769946c41f96e47dee07d316261eb36a9e1471bec0ffc40c8d1df2f2fddeb,0c6769946c41f96e47dee07d316261eb36a9e1471bec0ffc40c8d1df2f2fddeb,51,51
21419,utt_37aa049c0111f0e26ebc::p0012-p0013,utt_37aa049c0111f0e26ebc::p0012-p0013,05b77bbb7e90c1d37456e2c59ff4c6fda329aafb15b4c849d1ddf474a0978284,05b77bbb7e90c1d37456e2c59ff4c6fda329aafb15b4c849d1ddf474a0978284,79,79
21419,utt_eeb977f196efbad62d97::p0001-p0003,utt_eeb977f196efbad62d97::p0001-p0003,583c1ed787cbb9edc46106cb4552e449e2fb6910ced6633b482a904de6ffbe25,583c1ed787cbb9edc46106cb4552e449e2fb6910ced6633b482a904de6ffbe25,32,32
21419,utt_092a7d3c6ac7dc30d40c::p0001-p0004,utt_092a7d3c6ac7dc30d40c::p0001-p0004,f2766a5050ee13925cf2d6222a27225ec753bf312ee5747ab18b28d26affedeb,f2766a5050ee13925cf2d6222a27225ec753bf312ee5747ab18b28d26affedeb,75,75
21419,utt_86b86c8fc9a0a2720cfb::p0001-p0002,utt_86b86c8fc9a0a2720cfb::p0001-p0003s001,b54ea8a2271a060d85108051be0243bd943310e8adfc9b8aff1512215a5bf737,ab9805349bc8737fa4a04c7774b38267e668c314141cf7febbc54be2e0aca966,9,159
21419,utt_86b86c8fc9a0a2720cfb::p0003s001,utt_86b86c8fc9a0a2720cfb::p0001-p0003s001,7957790cb85acdcdd60a6d527ff936913e75649b48dff225311b44d755b63d36,ab9805349bc8737fa4a04c7774b38267e668c314141cf7febbc54be2e0aca966,150,159
21419,utt_86b86c8fc9a0a2720cfb::p0003s002,utt_86b86c8fc9a0a2720cfb::p0003s002,7ddcf691b2d544c01a81edfb2b4a8d1a90763514055b11630115d8b818c78cce,7ddcf691b2d544c01a81edfb2b4a8d1a90763514055b11630115d8b818c78cce,150,150
21419,utt_86b86c8fc9a0a2720cfb::p0003s003,utt_86b86c8fc9a0a2720cfb::p0003s003,938133624abe9fb660f99ccee93ee5b50ca027f4ae0d9ba720573e7955c93fcd,938133624abe9fb660f99ccee93ee5b50ca027f4ae0d9ba720573e7955c93fcd,79,79
21419,utt_1725aa60798516a6f6a0::p0001-p0002,utt_1725aa60798516a6f6a0::p0001-p0002,cec5fafe818d40fdffdd36d6f3d901d55c24f8d01608c48b7c3b634edf9f0301,cec5fafe818d40fdffdd36d6f3d901d55c24f8d01608c48b7c3b634edf9f0301,117,117
21419,utt_1725aa60798516a6f6a0::p0003-p0004,utt_1725aa60798516a6f6a0::p0003-p0004,2f7c367c43a8eaeb6e09693dfc9453ce4e8490331a1a3d22840b89608b50db37,2f7c367c43a8eaeb6e09693dfc9453ce4e8490331a1a3d22840b89608b50db37,63,63
21419,utt_dffb979e4ee85439141e::p0001,utt_dffb979e4ee85439141e::p0001,6f40039c9c28b340d2f35570fb93639eb1d85a9e8003e484f5485a262d46c7ee,6f40039c9c28b340d2f35570fb93639eb1d85a9e8003e484f5485a262d46c7ee,25,25
21419,utt_15f118651c5c302148eb::p0001-p0003,utt_15f118651c5c302148eb::p0001-p0003,3f2dbb22da513a7d5f666a7111c72fb514830e8c2030b4c0f8c4058c0e6ffaa0,3f2dbb22da513a7d5f666a7111c72fb514830e8c2030b4c0f8c4058c0e6ffaa0,63,63
21419,utt_5228501d1f6af06fbf94::p0001-p0002,utt_5228501d1f6af06fbf94::p0001-p0003s001,b54ea8a2271a060d85108051be0243bd943310e8adfc9b8aff1512215a5bf737,1ee5f69c28dfd9e0efc2e7c25d977f17adeba8e4e201a20d8080543f5635e8eb,9,159
21419,utt_5228501d1f6af06fbf94::p0003s001,utt_5228501d1f6af06fbf94::p0001-p0003s001,6879c81404d707e99df18542f17cde0fea4df2695c75d4c9096f55518e8d5d71,1ee5f69c28dfd9e0efc2e7c25d977f17adeba8e4e201a20d8080543f5635e8eb,150,159
21419,utt_5228501d1f6af06fbf94::p0003s002,utt_5228501d1f6af06fbf94::p0003s002,145bfac31b6bb547d1b2dd18c636fca920b9feade9a6a18b6c61ec3066689694,145bfac31b6bb547d1b2dd18c636fca920b9feade9a6a18b6c61ec3066689694,150,150
21419,utt_5228501d1f6af06fbf94::p0003s003-p0004,utt_5228501d1f6af06fbf94::p0003s003-p0004,c262d7ccc0c74f95d0e0ffc79696885550c4002b463beb0236da6f2ec9a47024,c262d7ccc0c74f95d0e0ffc79696885550c4002b463beb0236da6f2ec9a47024,85,85
21419,utt_203c59fca8a9b4da34b2::p0001-p0003,utt_203c59fca8a9b4da34b2::p0001-p0003,742f88ed29e939d1d105bde1efd2a507a0b1105de2bb63e2be99f0d2d31b4eca,742f88ed29e939d1d105bde1efd2a507a0b1105de2bb63e2be99f0d2d31b4eca,53,53
21419,utt_fc9bfbf1cfb9ecb8b1c3::p0001-p0002,utt_fc9bfbf1cfb9ecb8b1c3::p0001-p0003s001,3b0098a15a580cf932790845daa9017715006c60b8fb62264b3d76973b1f9cf9,4f8567d838c07704ba14be5361a726b7ce63b33ddc7b5b6d1642cc728f5170fa,9,159
21419,utt_fc9bfbf1cfb9ecb8b1c3::p0003s001,utt_fc9bfbf1cfb9ecb8b1c3::p0001-p0003s001,ad821524451dfe9fdfd8793ae6d7e7a28262bd4f6fd396e110937fc9b2fa8ded,4f8567d838c07704ba14be5361a726b7ce63b33ddc7b5b6d1642cc728f5170fa,150,159
21419,utt_fc9bfbf1cfb9ecb8b1c3::p0003s002,utt_fc9bfbf1cfb9ecb8b1c3::p0003s002,e9ed0db2c50cb08d6f0e4c46149d686c657458c2c87b1946777fe99887a2fcc1,e9ed0db2c50cb08d6f0e4c46149d686c657458c2c87b1946777fe99887a2fcc1,150,150
21419,utt_fc9bfbf1cfb9ecb8b1c3::p0003s003-p0007,utt_fc9bfbf1cfb9ecb8b1c3::p0003s003-p0007,1cedb3c5d2a5cdc5592544b625d1af22dd2df63cd3d52dc28a922841b2b82dc5,1cedb3c5d2a5cdc5592544b625d1af22dd2df63cd3d52dc28a922841b2b82dc5,95,95
21419,utt_d14a80167cb6070db781::p0001-p0003,utt_d14a80167cb6070db781::p0001-p0003,47215589e41f0caae2247e879885163aaf3f8b6df3ce148f2a35da87ed29d04f,47215589e41f0caae2247e879885163aaf3f8b6df3ce148f2a35da87ed29d04f,51,51
21419,utt_45ecc3b5aa45ae62f932::p0001-p0002,utt_45ecc3b5aa45ae62f932::p0001-p0003s001,3b0098a15a580cf932790845daa9017715006c60b8fb62264b3d76973b1f9cf9,4f8567d838c07704ba14be5361a726b7ce63b33ddc7b5b6d1642cc728f5170fa,9,159
21419,utt_45ecc3b5aa45ae62f932::p0003s001,utt_45ecc3b5aa45ae62f932::p0001-p0003s001,ad821524451dfe9fdfd8793ae6d7e7a28262bd4f6fd396e110937fc9b2fa8ded,4f8567d838c07704ba14be5361a726b7ce63b33ddc7b5b6d1642cc728f5170fa,150,159
21419,utt_45ecc3b5aa45ae62f932::p0003s002,utt_45ecc3b5aa45ae62f932::p0003s002,bead4eed2fe02fd8018c962e35988a023d11f0ee5b328d66c483584f6905d877,bead4eed2fe02fd8018c962e35988a023d11f0ee5b328d66c483584f6905d877,150,150
21419,utt_45ecc3b5aa45ae62f932::p0003s003-p0007,utt_45ecc3b5aa45ae62f932::p0003s003-p0007,640384d5defd9a8564f7389e91d86698b809584c48591facdd4321e267afb7fc,640384d5defd9a8564f7389e91d86698b809584c48591facdd4321e267afb7fc,98,98
21538,utt_d93f07183289dc2fd26c::p0001-p0003,utt_d93f07183289dc2fd26c::p0001-p0003,a44d6ca0640c814ad8021cab3e12a31b988ecb178f22b968964154c64dd712b6,a44d6ca0640c814ad8021cab3e12a31b988ecb178f22b968964154c64dd712b6,136,136
21538,utt_d93f07183289dc2fd26c::p0004-p0005,utt_d93f07183289dc2fd26c::p0004-p0005,aeaddef9163f9b8513c29c1155aa337091432b16fca65007e9d7ad540006ec38,aeaddef9163f9b8513c29c1155aa337091432b16fca65007e9d7ad540006ec38,101,101
21538,utt_d93f07183289dc2fd26c::p0006,utt_d93f07183289dc2fd26c::p0006,006533aeb1569343eaa40d3f55a71dd27f544704403386ccc285dcd21419623a,006533aeb1569343eaa40d3f55a71dd27f544704403386ccc285dcd21419623a,112,112
21538,utt_d93f07183289dc2fd26c::p0007-p0009,utt_d93f07183289dc2fd26c::p0007-p0009,dc41e4d8677788169f0467f78bf66d2cef60d579ca12433217f7e671fb681b8c,dc41e4d8677788169f0467f78bf66d2cef60d579ca12433217f7e671fb681b8c,135,135
21538,utt_d93f07183289dc2fd26c::p0010-p0012,utt_d93f07183289dc2fd26c::p0010-p0012,d9f84769c44ebed2295bc84718527ab88c3b6e486fcf2b58e6b137c63fb4b99e,d9f84769c44ebed2295bc84718527ab88c3b6e486fcf2b58e6b137c63fb4b99e,109,109
21538,utt_d93f07183289dc2fd26c::p0013-p0014,utt_d93f07183289dc2fd26c::p0013-p0014,d2a2935ba227e03adc30bd8947ad93aec279ec1c99c1647392dc8630fff490a5,d2a2935ba227e03adc30bd8947ad93aec279ec1c99c1647392dc8630fff490a5,67,67
21538,utt_d93f07183289dc2fd26c::p0015,utt_d93f07183289dc2fd26c::p0015,61d95b98a1efc0f48f7eba7617859d011a3c1d58fdd643f249045c632bd990c0,61d95b98a1efc0f48f7eba7617859d011a3c1d58fdd643f249045c632bd990c0,99,99
21538,utt_d93f07183289dc2fd26c::p0016-p0019,utt_d93f07183289dc2fd26c::p0016-p0019,be2c5de29ccbb7850c2793506d192806d1caec9ce35fdd0c88603d5fdafac5ec,be2c5de29ccbb7850c2793506d192806d1caec9ce35fdd0c88603d5fdafac5ec,105,105
21538,utt_88b6b24c461430dc54aa::p0001-p0003,utt_88b6b24c461430dc54aa::p0001-p0003,96b955962b6e7e16b390a93b1635fbefae2233df32f59c96eabec546354f4509,96b955962b6e7e16b390a93b1635fbefae2233df32f59c96eabec546354f4509,120,120
21538,utt_88b6b24c461430dc54aa::p0004,utt_88b6b24c461430dc54aa::p0004,3d8d91b0305241d39c5abce85dbd6f8aeb62dfb6cab1b51cd5b3a884445ddaf9,3d8d91b0305241d39c5abce85dbd6f8aeb62dfb6cab1b51cd5b3a884445ddaf9,56,56
21538,utt_88b6b24c461430dc54aa::p0005,utt_88b6b24c461430dc54aa::p0005,c777aae538b86ec27cb7c3a4f36079c945d51f25de8b15fdf44fbe34534e652a,c777aae538b86ec27cb7c3a4f36079c945d51f25de8b15fdf44fbe34534e652a,79,79
21538,utt_88b6b24c461430dc54aa::p0006,utt_88b6b24c461430dc54aa::p0006,adbe83b7a244a6272f9519de0fa271432a504c9a2c7e2c09f1b34e6e52fc4880,adbe83b7a244a6272f9519de0fa271432a504c9a2c7e2c09f1b34e6e52fc4880,55,55
21538,utt_88b6b24c461430dc54aa::p0007,utt_88b6b24c461430dc54aa::p0007,759d5994b46307d846dcff91a118af184d7d9fc02ab8dc9629b2d2a0e87c33f8,759d5994b46307d846dcff91a118af184d7d9fc02ab8dc9629b2d2a0e87c33f8,67,67
21538,utt_88b6b24c461430dc54aa::p0008,utt_88b6b24c461430dc54aa::p0008,9c46fcf6487b7fa4ea76050cda23100d044790884b9974b77faad9fdf7a45011,9c46fcf6487b7fa4ea76050cda23100d044790884b9974b77faad9fdf7a45011,74,74
21538,utt_88b6b24c461430dc54aa::p0009,utt_88b6b24c461430dc54aa::p0009,8a6b674846fbfe0ec8d5410886e52f6f000b9c542f6ae50ebb9bfd3a02fe5031,8a6b674846fbfe0ec8d5410886e52f6f000b9c542f6ae50ebb9bfd3a02fe5031,66,66
21538,utt_88b6b24c461430dc54aa::p0010-p0013,utt_88b6b24c461430dc54aa::p0010-p0013,977496e87229d48dab0dc661df5c3dbe829d3f714f10994f443ca9629abc82a6,977496e87229d48dab0dc661df5c3dbe829d3f714f10994f443ca9629abc82a6,89,89
21538,utt_6f46cb4741472332b952::p0001-p0002,utt_6f46cb4741472332b952::p0001-p0002,23cc262d1ec3cf58508f6250f15981f1aa2796c49f6700023b358acf55702330,23cc262d1ec3cf58508f6250f15981f1aa2796c49f6700023b358acf55702330,114,114
21538,utt_6f46cb4741472332b952::p0003-p0004,utt_6f46cb4741472332b952::p0003-p0004,3068a3ce3e6e91966f5e91692092eced84fd64d67eb3136e5d4e79d775658d05,3068a3ce3e6e91966f5e91692092eced84fd64d67eb3136e5d4e79d775658d05,139,139
21538,utt_6f46cb4741472332b952::p0005,utt_6f46cb4741472332b952::p0005,fb7f8433f1eb2f5c714bc323ca6bc8d32da81cb81145e3fccec2284078a46ba6,fb7f8433f1eb2f5c714bc323ca6bc8d32da81cb81145e3fccec2284078a46ba6,71,71
21538,utt_6f46cb4741472332b952::p0006-p0008,utt_6f46cb4741472332b952::p0006-p0008,9546c0fadc28d10a85759a32e1f4692f14147cac02ef4ce0740f6c75f87a2ad2,9546c0fadc28d10a85759a32e1f4692f14147cac02ef4ce0740f6c75f87a2ad2,144,144
21538,utt_4db61026289291275feb::p0001-p0002,utt_4db61026289291275feb::p0001-p0002,4ab68e5beefb18450e56dc29b9939e9ab1fdacddeb3e9a83afaf677675de5c14,4ab68e5beefb18450e56dc29b9939e9ab1fdacddeb3e9a83afaf677675de5c14,81,81
21538,utt_4db61026289291275feb::p0003,utt_4db61026289291275feb::p0003,4659a3afb0dc0e962f937d648d0ed18bd4a44cc9893fce135e249272cfe9f85e,4659a3afb0dc0e962f937d648d0ed18bd4a44cc9893fce135e249272cfe9f85e,60,60
21538,utt_4db61026289291275feb::p0004,utt_4db61026289291275feb::p0004,f3b9adda493e769fed7050c419c06e3fb7aa2d3754b8c5d5fa429caf46f06e5d,f3b9adda493e769fed7050c419c06e3fb7aa2d3754b8c5d5fa429caf46f06e5d,144,144
21538,utt_4db61026289291275feb::p0005-p0006,utt_4db61026289291275feb::p0005-p0006,ec355c705d8019bc82587574a29e2dd0d8d417e5390250fb98e11dc71eae764d,ec355c705d8019bc82587574a29e2dd0d8d417e5390250fb98e11dc71eae764d,73,73
21538,utt_a13cd7a8f252721eae47::p0001,utt_a13cd7a8f252721eae47::p0001,87cc507c200cbf75409d63e3f1a0bd7fd887e41641a8b671cd02fef490730c77,87cc507c200cbf75409d63e3f1a0bd7fd887e41641a8b671cd02fef490730c77,51,51
21538,utt_a13cd7a8f252721eae47::p0002-p0003,utt_a13cd7a8f252721eae47::p0002-p0003,eeafc859af0872f8129eda775e5cfe04fdb479dfdd1d191caa6bb8258cd37fba,eeafc859af0872f8129eda775e5cfe04fdb479dfdd1d191caa6bb8258cd37fba,123,123
21538,utt_a13cd7a8f252721eae47::p0004-p0005,utt_a13cd7a8f252721eae47::p0004-p0005,2e36e9eba9e28f5a56ea78f8895142e24da3a5cf3342f5518ca973f6f0b2ca0d,2e36e9eba9e28f5a56ea78f8895142e24da3a5cf3342f5518ca973f6f0b2ca0d,52,52
21538,utt_442bdd38d594001efcf8::p0001-p0002,utt_442bdd38d594001efcf8::p0001-p0002,d8788855cf660babb314505a80f88bea422a47986390abd45706d0b10ebf00b7,d8788855cf660babb314505a80f88bea422a47986390abd45706d0b10ebf00b7,100,100
21538,utt_442bdd38d594001efcf8::p0003-p0004,utt_442bdd38d594001efcf8::p0003-p0004,53631abe1ce28970a9305df1ac575c85af750e1428171c58848cdeeb7b527805,53631abe1ce28970a9305df1ac575c85af750e1428171c58848cdeeb7b527805,83,83
21538,utt_442bdd38d594001efcf8::p0005-p0006,utt_442bdd38d594001efcf8::p0005-p0006,525a90254820a453e51870ae9433c46fae6b2176df35dcb38ef5c5cfeb2c41ee,525a90254820a453e51870ae9433c46fae6b2176df35dcb38ef5c5cfeb2c41ee,129,129
21538,utt_442bdd38d594001efcf8::p0007,utt_442bdd38d594001efcf8::p0007-p0009,762c6cc1bafc912d370e16dbf10377b286b85b90f92914212554caf3742ed0f5,6240fa0bf44ca048dc47455b097f00e2f9415815ba05879eb58ba9de7344c616,129,162
21538,utt_442bdd38d594001efcf8::p0008-p0009,utt_442bdd38d594001efcf8::p0007-p0009,ea22a0f516bfd17e0d9a9d1cb54fdc30e585e3f7cbd017a765cf2126393b68e7,6240fa0bf44ca048dc47455b097f00e2f9415815ba05879eb58ba9de7344c616,33,162
21538,utt_49bfe87dc644cd6143aa::p0001,utt_49bfe87dc644cd6143aa::p0001,956c312846fdb1579e6aab938a4d2e3c2e95b9eed82e92168ecc9df03436f2e0,956c312846fdb1579e6aab938a4d2e3c2e95b9eed82e92168ecc9df03436f2e0,56,56
21538,utt_49bfe87dc644cd6143aa::p0002,utt_49bfe87dc644cd6143aa::p0002,e767d62829505765222adbc7dc0e529940f8721d033bced50906945fd522f6fe,e767d62829505765222adbc7dc0e529940f8721d033bced50906945fd522f6fe,77,77
21538,utt_49bfe87dc644cd6143aa::p0003-p0004,utt_49bfe87dc644cd6143aa::p0003-p0004,89c3d61e04e073d39a97fafdcdf366dd12db3c080d620bc9f01edd303ceb798a,89c3d61e04e073d39a97fafdcdf366dd12db3c080d620bc9f01edd303ceb798a,79,79
21538,utt_49bfe87dc644cd6143aa::p0005-p0006,utt_49bfe87dc644cd6143aa::p0005-p0006,906d1b7babb4e487f865dd46bcd3f51aa0c299de6e09663da213eb4e547585ab,906d1b7babb4e487f865dd46bcd3f51aa0c299de6e09663da213eb4e547585ab,103,103
21538,utt_49bfe87dc644cd6143aa::p0007-p0009,utt_49bfe87dc644cd6143aa::p0007-p0009,f9a722773106a3ce80d1f52ddcde18f70e7d1c37154c2376143e4c6e31a5b945,f9a722773106a3ce80d1f52ddcde18f70e7d1c37154c2376143e4c6e31a5b945,126,126
21538,utt_c7e697eae3fb40d7e0d7::p0001-p0004,utt_c7e697eae3fb40d7e0d7::p0001-p0004,c8c7cf6cfbe140ec263be903e06fb71b44a0bca182d37197b45d5df37689862e,c8c7cf6cfbe140ec263be903e06fb71b44a0bca182d37197b45d5df37689862e,144,144
21538,utt_c7e697eae3fb40d7e0d7::p0005,utt_c7e697eae3fb40d7e0d7::p0005,50d261709e97ec32e1907071ac91104269e6589e8225f829fb4fecbfbf83bcd3,50d261709e97ec32e1907071ac91104269e6589e8225f829fb4fecbfbf83bcd3,109,109
21538,utt_c7e697eae3fb40d7e0d7::p0006-p0007,utt_c7e697eae3fb40d7e0d7::p0006-p0009,1f85e6df1b4dd78a10bab07238707aa0e2612ec602b632efef9aa04095d3309f,2dbc181a7cba372c2244c09b1e136d5d383830af28eeccc61221c5751259a1a2,120,162
21538,utt_c7e697eae3fb40d7e0d7::p0008-p0009,utt_c7e697eae3fb40d7e0d7::p0006-p0009,f9f04ed6d03186c2bcc8fd6ba5cadab91c5b86932eabc50476485aed9584dfb5,2dbc181a7cba372c2244c09b1e136d5d383830af28eeccc61221c5751259a1a2,42,162
21538,utt_c25de1c1552e4e3e7405::p0001-p0005,utt_c25de1c1552e4e3e7405::p0001-p0005,269318541d43c50ecec552d8389bb12eea9b78b980705522346f3c2a5a4a433f,269318541d43c50ecec552d8389bb12eea9b78b980705522346f3c2a5a4a433f,147,147
21538,utt_c25de1c1552e4e3e7405::p0006,utt_c25de1c1552e4e3e7405::p0006,c1fde9673209d32d454ef080dca1aa44c89d6fb63348874d6590e9337074fcd6,c1fde9673209d32d454ef080dca1aa44c89d6fb63348874d6590e9337074fcd6,73,73
21538,utt_c25de1c1552e4e3e7405::p0007,utt_c25de1c1552e4e3e7405::p0007,a28af7f42a7308a1f4b8ac3baaed95fac2832d9fc704cf9dbda14eeebcb639b8,a28af7f42a7308a1f4b8ac3baaed95fac2832d9fc704cf9dbda14eeebcb639b8,92,92
21538,utt_c25de1c1552e4e3e7405::p0008-p0009,utt_c25de1c1552e4e3e7405::p0008-p0009,37b5acfbdb94a0a56794cd2422cd9847cdd830259bf64370fb9609b53bcb74aa,37b5acfbdb94a0a56794cd2422cd9847cdd830259bf64370fb9609b53bcb74aa,70,70
21538,utt_5e2871f7f1e37a569ce0::p0001-p0002,utt_5e2871f7f1e37a569ce0::p0001-p0002,a48c62fcb84f50a038c9888b3d7141bac22dd50ba4cd38a98a3f1ef594a18486,a48c62fcb84f50a038c9888b3d7141bac22dd50ba4cd38a98a3f1ef594a18486,97,97
21538,utt_5e2871f7f1e37a569ce0::p0003-p0004,utt_5e2871f7f1e37a569ce0::p0003-p0004,d9b66bbe24bcd08720351a7aba4e64c9aae367b2ef79954f088ffe06ada740f2,d9b66bbe24bcd08720351a7aba4e64c9aae367b2ef79954f088ffe06ada740f2,83,83
21538,utt_5e2871f7f1e37a569ce0::p0005-p0006,utt_5e2871f7f1e37a569ce0::p0005-p0006,2f3e4bd07afdb133a4190a84dddd7da3cad7d9e4e07770f4a15a6441dd84a9d4,2f3e4bd07afdb133a4190a84dddd7da3cad7d9e4e07770f4a15a6441dd84a9d4,93,93
21538,utt_5e2871f7f1e37a569ce0::p0007-p0008,utt_5e2871f7f1e37a569ce0::p0007-p0008,87459f42844dc4549544dcbd23806b6bb6461ed991cf57919bd913b588f1500c,87459f42844dc4549544dcbd23806b6bb6461ed991cf57919bd913b588f1500c,135,135
21538,utt_85f42f17857afc0059c3::p0001-p0002,utt_85f42f17857afc0059c3::p0001-p0002,5edd36a2f9353c5b447464018d581eb28872e37a08fecb0623a900e3f9c087f5,5edd36a2f9353c5b447464018d581eb28872e37a08fecb0623a900e3f9c087f5,75,75
21538,utt_85f42f17857afc0059c3::p0003-p0005,utt_85f42f17857afc0059c3::p0003-p0005,11bb6032f3b2f68483016512601ca08fa667da272b2878a9dbb45aca7e928a95,11bb6032f3b2f68483016512601ca08fa667da272b2878a9dbb45aca7e928a95,120,120
21538,utt_85f42f17857afc0059c3::p0006,utt_85f42f17857afc0059c3::p0006,f618bd7f10ada1cf8979b16454bcad845f000f1443d02c9e82a958430f8b7f1b,f618bd7f10ada1cf8979b16454bcad845f000f1443d02c9e82a958430f8b7f1b,81,81
21538,utt_85f42f17857afc0059c3::p0007-p0008,utt_85f42f17857afc0059c3::p0007-p0008,c0f0b0a57246ca0d9f2eea7f40824eeaba48232082afa57927fe133084e444b2,c0f0b0a57246ca0d9f2eea7f40824eeaba48232082afa57927fe133084e444b2,109,109
21538,utt_31868b514bc6f94bcf9f::p0001-p0002,utt_31868b514bc6f94bcf9f::p0001-p0002,b1a0ad09759f6bae2324229d4f57f094cc50c339f2da4c2e2bbd0a1d840ce2fe,b1a0ad09759f6bae2324229d4f57f094cc50c339f2da4c2e2bbd0a1d840ce2fe,126,126
21538,utt_31868b514bc6f94bcf9f::p0003,utt_31868b514bc6f94bcf9f::p0003,0cac007738e87d9857bea93ef25df2b8ddac6f5d4564aea7cd7a28d762073248,0cac007738e87d9857bea93ef25df2b8ddac6f5d4564aea7cd7a28d762073248,66,66
21538,utt_31868b514bc6f94bcf9f::p0004,utt_31868b514bc6f94bcf9f::p0004,51b7408f24b7a11e895a5e76108b36443dc3282f57e1ee69a3bfe253ef6ba486,51b7408f24b7a11e895a5e76108b36443dc3282f57e1ee69a3bfe253ef6ba486,52,52
21538,utt_31868b514bc6f94bcf9f::p0005,utt_31868b514bc6f94bcf9f::p0005,cfc4b4248329a38e8efcf69f8a294bf5afd4b7b3c5fe325f46b740e2855fa9f0,cfc4b4248329a38e8efcf69f8a294bf5afd4b7b3c5fe325f46b740e2855fa9f0,116,116
21538,utt_31868b514bc6f94bcf9f::p0006-p0008,utt_31868b514bc6f94bcf9f::p0006-p0008,53817545f8352f98fda825f8d63837c56585de39c78b1500797d181777cff39e,53817545f8352f98fda825f8d63837c56585de39c78b1500797d181777cff39e,67,67
21538,utt_b35f915890d2ff997026::p0001-p0002,utt_b35f915890d2ff997026::p0001-p0002,ad5da0d36ddda7a2a15ec1236efd1697eeb14af518471de564ace545488f6d19,ad5da0d36ddda7a2a15ec1236efd1697eeb14af518471de564ace545488f6d19,80,80
21538,utt_b35f915890d2ff997026::p0003,utt_b35f915890d2ff997026::p0003,ba7c8e585afdf89d2bd88fe88aaa6edde59f90d793c9708681330e97bf930224,ba7c8e585afdf89d2bd88fe88aaa6edde59f90d793c9708681330e97bf930224,122,122
21538,utt_b35f915890d2ff997026::p0004,utt_b35f915890d2ff997026::p0004,7ee02156ab83ef29b649ee084bdd37858dbcce7e47d2ef65c247445803009b43,7ee02156ab83ef29b649ee084bdd37858dbcce7e47d2ef65c247445803009b43,62,62
21538,utt_b35f915890d2ff997026::p0005-p0006,utt_b35f915890d2ff997026::p0005-p0006,e4e5bb4d39cf3ba39f65c602e8d1c797324c6568ec4a6080b54a215f379c0326,e4e5bb4d39cf3ba39f65c602e8d1c797324c6568ec4a6080b54a215f379c0326,63,63
21538,utt_217f23378854b4db3d98::p0001-p0002,utt_217f23378854b4db3d98::p0001-p0002,4181d53f3c3975c8bcd19bd608d85ee17c0e1ffb32451167923f48374d35cd7d,4181d53f3c3975c8bcd19bd608d85ee17c0e1ffb32451167923f48374d35cd7d,127,127
21538,utt_217f23378854b4db3d98::p0003-p0004,utt_217f23378854b4db3d98::p0003-p0004,42ff4b2d8706994c7e32cb2b4a2d29f8491a5d54eedb5dfc795b52782e212dc2,42ff4b2d8706994c7e32cb2b4a2d29f8491a5d54eedb5dfc795b52782e212dc2,144,144
21538,utt_217f23378854b4db3d98::p0005-p0006,utt_217f23378854b4db3d98::p0005-p0006,b8c4efbb487bcf69b71f589aa23fa2fb117debcefeeba14680d30d4e12c1dd0d,b8c4efbb487bcf69b71f589aa23fa2fb117debcefeeba14680d30d4e12c1dd0d,61,61
21538,utt_a7ac03c6ae7ce7a10c6c::p0001-p0002,utt_a7ac03c6ae7ce7a10c6c::p0001-p0002,0f0ba6de8ea9c2e389272efc95e1062ce09b5ac06789be9342fae2f8ab76dacf,0f0ba6de8ea9c2e389272efc95e1062ce09b5ac06789be9342fae2f8ab76dacf,122,122
21538,utt_a7ac03c6ae7ce7a10c6c::p0003,utt_a7ac03c6ae7ce7a10c6c::p0003,59eceba9571cef1c1494f26e6530a22e13b9ab9444de69d1edddffdcf6f76002,59eceba9571cef1c1494f26e6530a22e13b9ab9444de69d1edddffdcf6f76002,98,98
21538,utt_a7ac03c6ae7ce7a10c6c::p0004,utt_a7ac03c6ae7ce7a10c6c::p0004,4c0bd9518b520d2141978a90e62075c447b3ec7c8bb35fcc60bb6da0baf04fee,4c0bd9518b520d2141978a90e62075c447b3ec7c8bb35fcc60bb6da0baf04fee,60,60
21538,utt_a7ac03c6ae7ce7a10c6c::p0005-p0006,utt_a7ac03c6ae7ce7a10c6c::p0005-p0007,87839956b4cfd0ec027cb3aac7c7d4e34143fbf7c37aa6092f9b9e1e09f51496,016449f73e4cc3b274e65a922ec07d923c280bffd7277f5a7e624bff9c821e33,141,174
21538,utt_a7ac03c6ae7ce7a10c6c::p0007,utt_a7ac03c6ae7ce7a10c6c::p0005-p0007,aebccc4f2385cf920b76d11aaaa5bf1b0f54ced6988895fc9d371e3e775f3e6a,016449f73e4cc3b274e65a922ec07d923c280bffd7277f5a7e624bff9c821e33,33,174
21538,utt_f8c3c0bd70c53dbe0d3d::p0001-p0002,utt_f8c3c0bd70c53dbe0d3d::p0001-p0002,c822fcbcd122484e7d82099d3b216b493c212e7c9f617f1acea4cb940452a9f7,c822fcbcd122484e7d82099d3b216b493c212e7c9f617f1acea4cb940452a9f7,109,109
21538,utt_f8c3c0bd70c53dbe0d3d::p0003,utt_f8c3c0bd70c53dbe0d3d::p0003,9d65ee509663af8ac76b40a7dca0b6f86e41854e706391dec20eebe7ca363c79,9d65ee509663af8ac76b40a7dca0b6f86e41854e706391dec20eebe7ca363c79,80,80
21538,utt_f8c3c0bd70c53dbe0d3d::p0004-p0005,utt_f8c3c0bd70c53dbe0d3d::p0004-p0007,24c8357a86e01735085c35b1a0a1798047ca0f62cb453ecbdcf9a4bad5e82234,258bde0ee28cebde7939f2da6f64c39f2d3feacae88c66c61589d736fd174283,137,155
21538,utt_f8c3c0bd70c53dbe0d3d::p0006-p0007,utt_f8c3c0bd70c53dbe0d3d::p0004-p0007,3b8ca551a4f023aa730c316037e015014593fba564d628404a200bbd3a24a760,258bde0ee28cebde7939f2da6f64c39f2d3feacae88c66c61589d736fd174283,18,155
21538,utt_36903f862943886fc3ca::p0001-p0002,utt_36903f862943886fc3ca::p0001-p0002,856fd547829a6e5427f559dc4c3664a06560dc6a2ece2fcc5610859778c474d7,856fd547829a6e5427f559dc4c3664a06560dc6a2ece2fcc5610859778c474d7,30,30
21538,utt_42346f47cb6a4a4d7f54::p0001-p0003,utt_42346f47cb6a4a4d7f54::p0001-p0003,e84d9a357cfe5ecc343bc476107402870a98aaa7a4fc715ef2d793fb0f0f9fd2,e84d9a357cfe5ecc343bc476107402870a98aaa7a4fc715ef2d793fb0f0f9fd2,133,133
21538,utt_42346f47cb6a4a4d7f54::p0004,utt_42346f47cb6a4a4d7f54::p0004,099e77b7760750241a7d417f23ba6bd5895a9e39ddcfeb35ff91348629f8ef83,099e77b7760750241a7d417f23ba6bd5895a9e39ddcfeb35ff91348629f8ef83,66,66
21538,utt_42346f47cb6a4a4d7f54::p0005-p0008,utt_42346f47cb6a4a4d7f54::p0005-p0008,e152c6a0b932a7c5e7414306f1b7506503906b12649ed8e5d10dfdd228d4e65b,e152c6a0b932a7c5e7414306f1b7506503906b12649ed8e5d10dfdd228d4e65b,104,104
21538,utt_cf50b2e33bb73951a090::p0001,utt_cf50b2e33bb73951a090::p0001,22b97dc029267a79f8c0e4f1ff8ddf56025c48798c8ffdebf75555416a6af69e,22b97dc029267a79f8c0e4f1ff8ddf56025c48798c8ffdebf75555416a6af69e,53,53
21538,utt_cf50b2e33bb73951a090::p0002,utt_cf50b2e33bb73951a090::p0002,e941e72d49abe8d71737d0dd3d5b0a7dba375de19df3f6c28f0d96bb686d3053,e941e72d49abe8d71737d0dd3d5b0a7dba375de19df3f6c28f0d96bb686d3053,67,67
21538,utt_a924ef3345aee24e9a19::p0001,utt_a924ef3345aee24e9a19::p0001,2ccd6d0e1d5ecd2529bf4b5a4aedf9c4611793a34772b9ce782f1e9e58d8e43c,2ccd6d0e1d5ecd2529bf4b5a4aedf9c4611793a34772b9ce782f1e9e58d8e43c,53,53
21538,utt_a924ef3345aee24e9a19::p0002,utt_a924ef3345aee24e9a19::p0002,8b73c16691b151d59fd6afa0be203b9be58c040c4d85f9ff4d979697866e5a2a,8b73c16691b151d59fd6afa0be203b9be58c040c4d85f9ff4d979697866e5a2a,77,77
21538,utt_a924ef3345aee24e9a19::p0003,utt_a924ef3345aee24e9a19::p0003,e9725c7e09d28e8b42c9fd89063c351c2d8802408591bbb2768a208fcb47e54a,e9725c7e09d28e8b42c9fd89063c351c2d8802408591bbb2768a208fcb47e54a,52,52
21538,utt_a924ef3345aee24e9a19::p0004,utt_a924ef3345aee24e9a19::p0004,6a75d0f28d625c12b55c96edaf15d26d3be1a0f929866906ec024055cb05acfe,6a75d0f28d625c12b55c96edaf15d26d3be1a0f929866906ec024055cb05acfe,106,106
21538,utt_a924ef3345aee24e9a19::p0005-p0007,utt_a924ef3345aee24e9a19::p0005-p0007,bdb34f0a8356bc23460264b4d0d0e31658358f0534677738de9aa55c92d4de7a,bdb34f0a8356bc23460264b4d0d0e31658358f0534677738de9aa55c92d4de7a,102,102
21538,utt_1ad084fb73a19ffc3af8::p0001-p0002,utt_1ad084fb73a19ffc3af8::p0001-p0002,163b4c71531ed2ce416815f753462bf65e3175b37630217839828994988cd00e,163b4c71531ed2ce416815f753462bf65e3175b37630217839828994988cd00e,42,42
21538,utt_a94147ec1f1ec0d31115::p0001-p0002,utt_a94147ec1f1ec0d31115::p0001-p0002,2f82b349a8cd978421d3620c58ac6d0a89f4d073834fda0500be3cfe21f9fff7,2f82b349a8cd978421d3620c58ac6d0a89f4d073834fda0500be3cfe21f9fff7,52,52
21538,utt_8f0f0c34eaba2b5f9365::p0001-p0002,utt_8f0f0c34eaba2b5f9365::p0001-p0002,982d09f74164464cebd5fc785475d89c307175f807ae8e0ba2538e306dbf6410,982d09f74164464cebd5fc785475d89c307175f807ae8e0ba2538e306dbf6410,128,128
21538,utt_8f0f0c34eaba2b5f9365::p0003-p0004,utt_8f0f0c34eaba2b5f9365::p0003-p0004,87232466e9603408aae7cab4a17828d0fe28034a3d3642eae34bdd179efb1fa7,87232466e9603408aae7cab4a17828d0fe28034a3d3642eae34bdd179efb1fa7,137,137
21538,utt_8f0f0c34eaba2b5f9365::p0005,utt_8f0f0c34eaba2b5f9365::p0005,0539ffa79ca0f27d89833e41082f61883fcb7f545cc066fb809a5ed87b88c8da,0539ffa79ca0f27d89833e41082f61883fcb7f545cc066fb809a5ed87b88c8da,121,121
21538,utt_8f0f0c34eaba2b5f9365::p0006-p0008,utt_8f0f0c34eaba2b5f9365::p0006-p0008,29dec4d58b0360fe9872663b93cf95008f7d9486ad7d27f8d1c89389a48e1525,29dec4d58b0360fe9872663b93cf95008f7d9486ad7d27f8d1c89389a48e1525,86,86
21538,utt_f4b8a961f428e95703cf::p0001-p0003,utt_f4b8a961f428e95703cf::p0001-p0003,a677abcc058490932a91bf0863e2cacc0ca96620f63840882dc108543461d426,a677abcc058490932a91bf0863e2cacc0ca96620f63840882dc108543461d426,77,77
21538,utt_ac5d6be4b0a3b9d49fd2::p0001-p0002,utt_ac5d6be4b0a3b9d49fd2::p0001-p0002,d95de8e476461216bb9049cc5d70cfa5756e12db010a8e4e545131ab5030b552,d95de8e476461216bb9049cc5d70cfa5756e12db010a8e4e545131ab5030b552,122,122
21538,utt_ac5d6be4b0a3b9d49fd2::p0003,utt_ac5d6be4b0a3b9d49fd2::p0003,b77fbedc7e3684964a475b243fb360da8aafd42f7b4bb6577064d32f67f72b35,b77fbedc7e3684964a475b243fb360da8aafd42f7b4bb6577064d32f67f72b35,51,51
21538,utt_ac5d6be4b0a3b9d49fd2::p0004s001,utt_ac5d6be4b0a3b9d49fd2::p0004s001,539f09e31b5f387e70999d7de84c2bd57040bc2a3c44a23ebf3f389557c3df30,539f09e31b5f387e70999d7de84c2bd57040bc2a3c44a23ebf3f389557c3df30,120,120
21538,utt_ac5d6be4b0a3b9d49fd2::p0004s002-p0005,utt_ac5d6be4b0a3b9d49fd2::p0004s002-p0005,c83345c3783d6a33e8f77ccda4a7a711e5518fc6a62acd63cef1c182a426be66,c83345c3783d6a33e8f77ccda4a7a711e5518fc6a62acd63cef1c182a426be66,116,116
21538,utt_ac5d6be4b0a3b9d49fd2::p0006-p0007,utt_ac5d6be4b0a3b9d49fd2::p0006-p0007,4c170bb779040d00580c9862f26b631e31f0881b59ac2e774f93c0e57efe1ac8,4c170bb779040d00580c9862f26b631e31f0881b59ac2e774f93c0e57efe1ac8,144,144
21538,utt_ac5d6be4b0a3b9d49fd2::p0008-p0009,utt_ac5d6be4b0a3b9d49fd2::p0008-p0009,badfe2e5b9c8ca36191dc2191fae63aec688cf2cea0764da88c3fcef0b8a416e,badfe2e5b9c8ca36191dc2191fae63aec688cf2cea0764da88c3fcef0b8a416e,67,67
21538,utt_ac5d6be4b0a3b9d49fd2::p0010,utt_ac5d6be4b0a3b9d49fd2::p0010,fee9331eace453327bf4cb5edd208983cef355e2f89e6b6310b13fa7e3bb1992,fee9331eace453327bf4cb5edd208983cef355e2f89e6b6310b13fa7e3bb1992,109,109
21538,utt_ac5d6be4b0a3b9d49fd2::p0011,utt_ac5d6be4b0a3b9d49fd2::p0011,3812c68fedd532bcbcb657d0c6452ae666eaf5b7e8412499715cc7821eeee45a,3812c68fedd532bcbcb657d0c6452ae666eaf5b7e8412499715cc7821eeee45a,72,72
21538,utt_ac5d6be4b0a3b9d49fd2::p0012,utt_ac5d6be4b0a3b9d49fd2::p0012,73bb06a9a08420af02da80bab50c42e9096907dc38cb4e5aa2ef20a93e298076,73bb06a9a08420af02da80bab50c42e9096907dc38cb4e5aa2ef20a93e298076,64,64
21538,utt_ac5d6be4b0a3b9d49fd2::p0013-p0014,utt_ac5d6be4b0a3b9d49fd2::p0013-p0014,e387b7b28a504fdb4ab9a1a373f06a4bdb964ed29f3c73228e3e7b8749b9949e,e387b7b28a504fdb4ab9a1a373f06a4bdb964ed29f3c73228e3e7b8749b9949e,117,117
21538,utt_ac5d6be4b0a3b9d49fd2::p0015-p0018,utt_ac5d6be4b0a3b9d49fd2::p0015-p0018,30aa5d5234f77296881da7e32081a2ac300c50d600fb81e0ade768a3aab41810,30aa5d5234f77296881da7e32081a2ac300c50d600fb81e0ade768a3aab41810,134,134
21538,utt_48d9b47085072b5b534d::p0001,utt_48d9b47085072b5b534d::p0001,cb2c3d35d2b9ac41bfa38ed5a4d723bea08d9d81e56a6c7f25c74df5dcb8d7e5,cb2c3d35d2b9ac41bfa38ed5a4d723bea08d9d81e56a6c7f25c74df5dcb8d7e5,43,43
21538,utt_2243e2fd2782d7ec7b62::p0001,utt_2243e2fd2782d7ec7b62::p0001,020b4cf4052b965351da3b3bc2d5fa6185d6b04c27f743f20dde4cae5f43157b,020b4cf4052b965351da3b3bc2d5fa6185d6b04c27f743f20dde4cae5f43157b,89,89
21538,utt_2243e2fd2782d7ec7b62::p0002,utt_2243e2fd2782d7ec7b62::p0002,96a7dde6345384a462351ec17c0f8a259da490e588992b5985e9cae0fc7a5b05,96a7dde6345384a462351ec17c0f8a259da490e588992b5985e9cae0fc7a5b05,69,69
21538,utt_2243e2fd2782d7ec7b62::p0003-p0004,utt_2243e2fd2782d7ec7b62::p0003-p0004,1e0abb050590595c918733e2452fccd721de57af28103b6fb0e0093fcb74b959,1e0abb050590595c918733e2452fccd721de57af28103b6fb0e0093fcb74b959,60,60
21538,utt_50b5d9f8c3d8b247ce23::p0001-p0002,utt_50b5d9f8c3d8b247ce23::p0001-p0002,c35173ae9a9b0ca157d9836cd72030488d0fbe224d55adb58b31a723061240f4,c35173ae9a9b0ca157d9836cd72030488d0fbe224d55adb58b31a723061240f4,113,113
21538,utt_50b5d9f8c3d8b247ce23::p0003,utt_50b5d9f8c3d8b247ce23::p0003,1f9a741dcb169611c99ce6f1033cf9915f66113c33a441ddfa3e18860f264994,1f9a741dcb169611c99ce6f1033cf9915f66113c33a441ddfa3e18860f264994,68,68
21538,utt_50b5d9f8c3d8b247ce23::p0004,utt_50b5d9f8c3d8b247ce23::p0004,91d9d5252e68246afa7f1e6959b9f8f69c2dc2eec88c81063b39639e16a258ee,91d9d5252e68246afa7f1e6959b9f8f69c2dc2eec88c81063b39639e16a258ee,75,75
21538,utt_50b5d9f8c3d8b247ce23::p0005,utt_50b5d9f8c3d8b247ce23::p0005,2dbc76ebc4677c88dbe2f343eb69b76cc722730b138883c01a1f5ab60fcb7d8b,2dbc76ebc4677c88dbe2f343eb69b76cc722730b138883c01a1f5ab60fcb7d8b,97,97
21538,utt_50b5d9f8c3d8b247ce23::p0006-p0007,utt_50b5d9f8c3d8b247ce23::p0006-p0007,588f95b997c1aefcf0c29f8fc237d971aa6cc2510d81aaa80973a36610b43fec,588f95b997c1aefcf0c29f8fc237d971aa6cc2510d81aaa80973a36610b43fec,124,124
21538,utt_50b5d9f8c3d8b247ce23::p0008-p0010,utt_50b5d9f8c3d8b247ce23::p0008-p0010,f478c07c26fd80f59f812eb64ef3215184754d283f73ffa4d15f0e3f278fcc41,f478c07c26fd80f59f812eb64ef3215184754d283f73ffa4d15f0e3f278fcc41,71,71
21538,utt_6eebbf9b0eae52b67658::p0001-p0002,utt_6eebbf9b0eae52b67658::p0001-p0002,88850bbb816899e6f682aaeca46d9aa0ff639e434be38f3d7bdbd54c9f7a207f,88850bbb816899e6f682aaeca46d9aa0ff639e434be38f3d7bdbd54c9f7a207f,110,110
21538,utt_6eebbf9b0eae52b67658::p0003-p0004,utt_6eebbf9b0eae52b67658::p0003-p0004,ac579af82a67f042931532a25acba8d9e0e824d8e29d6cd20a49fe07fe10de7b,ac579af82a67f042931532a25acba8d9e0e824d8e29d6cd20a49fe07fe10de7b,145,145
21538,utt_6eebbf9b0eae52b67658::p0005-p0006,utt_6eebbf9b0eae52b67658::p0005-p0006,67ac3f92dec73b732bfd0922a7dda16cf1e3fe8e9929688f7a971275167bf619,67ac3f92dec73b732bfd0922a7dda16cf1e3fe8e9929688f7a971275167bf619,109,109
21538,utt_6eebbf9b0eae52b67658::p0007-p0008,utt_6eebbf9b0eae52b67658::p0007-p0008,f7fbb21f2a12840b836679e8a98b7d326155eac20e354a169aebd9658344feba,f7fbb21f2a12840b836679e8a98b7d326155eac20e354a169aebd9658344feba,95,95
21538,utt_ba8e7c62051bbb191ed3::p0001-p0002,utt_ba8e7c62051bbb191ed3::p0001-p0002,f10035491e624d53c75f10edee7df4857ce494b3ade6d525e6b294ab03da787d,f10035491e624d53c75f10edee7df4857ce494b3ade6d525e6b294ab03da787d,98,98
21538,utt_ba8e7c62051bbb191ed3::p0003,utt_ba8e7c62051bbb191ed3::p0003,a5d61a51e6b2f2346db3c4bd34c4906f66551d2ad55195455c20c3fc9b125f9b,a5d61a51e6b2f2346db3c4bd34c4906f66551d2ad55195455c20c3fc9b125f9b,62,62
21538,utt_ba8e7c62051bbb191ed3::p0004,utt_ba8e7c62051bbb191ed3::p0004,797da95ff67569a5c0678350e83380b26a6820911e9a6ddbc63065401191afbe,797da95ff67569a5c0678350e83380b26a6820911e9a6ddbc63065401191afbe,68,68
21538,utt_ba8e7c62051bbb191ed3::p0005,utt_ba8e7c62051bbb191ed3::p0005,845960b476b4b9c3d4788636af2fe52be12b03ea0d0031e3c01f8796a8538433,845960b476b4b9c3d4788636af2fe52be12b03ea0d0031e3c01f8796a8538433,76,76
21538,utt_ba8e7c62051bbb191ed3::p0006-p0009,utt_ba8e7c62051bbb191ed3::p0006-p0009,3278f37c384aa1cc7287a31ca5188c2d2eb42b0dba79dcecb4a66e44bb84f0e0,3278f37c384aa1cc7287a31ca5188c2d2eb42b0dba79dcecb4a66e44bb84f0e0,137,137
21538,utt_cbd165e541e063cf008c::p0001-p0004,utt_cbd165e541e063cf008c::p0001-p0004,be5914551c5a1efcf77445c072d43f40d1815ff81ef67484206a7dd01cc785c7,be5914551c5a1efcf77445c072d43f40d1815ff81ef67484206a7dd01cc785c7,137,137
21538,utt_cbd165e541e063cf008c::p0005-p0006,utt_cbd165e541e063cf008c::p0005-p0006,e32705cea5438dbc2732b691efedf92308586b9af20876f7eca12de42002a73e,e32705cea5438dbc2732b691efedf92308586b9af20876f7eca12de42002a73e,98,98
21538,utt_cbd165e541e063cf008c::p0007-p0008,utt_cbd165e541e063cf008c::p0007-p0008,f31f2ee2e8eb524d975ea2fdb317b91307c437e556cb760cddaa27d03f7c578c,f31f2ee2e8eb524d975ea2fdb317b91307c437e556cb760cddaa27d03f7c578c,105,105
21538,utt_cbd165e541e063cf008c::p0009,utt_cbd165e541e063cf008c::p0009,bbfe9bc0b1815915c1531c84ca78a4ac89493117159d37cd6f0e8a7df8053daa,bbfe9bc0b1815915c1531c84ca78a4ac89493117159d37cd6f0e8a7df8053daa,50,50
21538,utt_cbd165e541e063cf008c::p0010-p0013,utt_cbd165e541e063cf008c::p0010-p0013,ed655c5efd38c2bee7e9f746f22bda65f6fddcec5301391daf1c6b8b93947d8d,ed655c5efd38c2bee7e9f746f22bda65f6fddcec5301391daf1c6b8b93947d8d,134,134
21538,utt_f732c6f41221d18ca35c::p0001-p0005,utt_f732c6f41221d18ca35c::p0001-p0005,99abdf06d535c02c5b7502cea324e37262f73a01b1f90c1db31ce41585328af6,99abdf06d535c02c5b7502cea324e37262f73a01b1f90c1db31ce41585328af6,87,87
21538,utt_5a9e5255e01e1acea9c9::p0001,utt_5a9e5255e01e1acea9c9::p0001,015a317c720fdc6d8a54e8ce122306d26f74458b4b247684810e9f520ac5b26d,015a317c720fdc6d8a54e8ce122306d26f74458b4b247684810e9f520ac5b26d,11,11
21538,utt_0aec8089016b9aa1896c::p0001-p0003,utt_0aec8089016b9aa1896c::p0001-p0003,5f911ee59fc6fe42348e585091fafe6f9ba5c4f22c88082fd7a4b104f1fe6f3d,5f911ee59fc6fe42348e585091fafe6f9ba5c4f22c88082fd7a4b104f1fe6f3d,52,52
21538,utt_fc27231751fc946f7fae::p0001-p0003,utt_fc27231751fc946f7fae::p0001-p0003,cb58fa484dfb22e30bd78dd8ef1fc09d7164a410951156f41fe9e28111a185c5,cb58fa484dfb22e30bd78dd8ef1fc09d7164a410951156f41fe9e28111a185c5,109,109
21538,utt_fc27231751fc946f7fae::p0004,utt_fc27231751fc946f7fae::p0004,4947c4c852c7305c87edcd3a0063d53179d7ca2d9f977a93c2f59c2de13abd7f,4947c4c852c7305c87edcd3a0063d53179d7ca2d9f977a93c2f59c2de13abd7f,69,69
21538,utt_fc27231751fc946f7fae::p0005-p0006,utt_fc27231751fc946f7fae::p0005-p0006,f0e9e2fd9dbbb2f45804bb594722d6f8f00640d8e2534642230f1f1e86ae0e0d,f0e9e2fd9dbbb2f45804bb594722d6f8f00640d8e2534642230f1f1e86ae0e0d,107,107
21538,utt_fc27231751fc946f7fae::p0007-p0009,utt_fc27231751fc946f7fae::p0007-p0009,b72df6e7e10db84013f1252160976e42ca6d777c1edf6c4a238936d0379ee6c5,b72df6e7e10db84013f1252160976e42ca6d777c1edf6c4a238936d0379ee6c5,117,117
21538,utt_5177b45f60fd672d789f::p0001,utt_5177b45f60fd672d789f::p0001,63fbf0e053187d2414ae0c78e2c6f1299f1f5eab0f951a2f7b9f70c9a2430a91,63fbf0e053187d2414ae0c78e2c6f1299f1f5eab0f951a2f7b9f70c9a2430a91,145,145
21538,utt_5177b45f60fd672d789f::p0002,utt_5177b45f60fd672d789f::p0002,34a7ab1bc6e68f1e633a27d1effb74477c67a157d7336b41c2e7daa5d3b77178,34a7ab1bc6e68f1e633a27d1effb74477c67a157d7336b41c2e7daa5d3b77178,68,68
21538,utt_5177b45f60fd672d789f::p0003,utt_5177b45f60fd672d789f::p0003,093c37ee8d1714d1e77969d4d78498063836c44116577bfd011df8e47cc8a1f9,093c37ee8d1714d1e77969d4d78498063836c44116577bfd011df8e47cc8a1f9,118,118
21538,utt_5177b45f60fd672d789f::p0004-p0005,utt_5177b45f60fd672d789f::p0004-p0005,4d122819f19cd6dd61cd39defa5303e8e3c6a9bfe75102ca5a4b7db7594ea216,4d122819f19cd6dd61cd39defa5303e8e3c6a9bfe75102ca5a4b7db7594ea216,142,142
21538,utt_5177b45f60fd672d789f::p0006-p0008,utt_5177b45f60fd672d789f::p0006-p0008,ed3972dab058ee6cb1c2d8a0bb7c3738f51cda618d31083119686595d85ace0b,ed3972dab058ee6cb1c2d8a0bb7c3738f51cda618d31083119686595d85ace0b,57,57
21538,utt_68bc2c883abb4115a7b1::p0001,utt_68bc2c883abb4115a7b1::p0001,1e55c8816b77a9674aa3b3beb76b7fa3b05a6c4fea261a6d26d1a2c92e015986,1e55c8816b77a9674aa3b3beb76b7fa3b05a6c4fea261a6d26d1a2c92e015986,44,44
21538,utt_42ec42b3572099578648::p0001,utt_42ec42b3572099578648::p0001,803283ba0ae1d24bf0704f363feb21bd7227653a74621f3575a05e591d42b194,803283ba0ae1d24bf0704f363feb21bd7227653a74621f3575a05e591d42b194,14,14
21538,utt_f61b5bad10326b62c018::p0001,utt_f61b5bad10326b62c018::p0001,ad84c545aa1da2ebf2caeda28a30d268eac5edc32c73c9ee4161ece003f002c7,ad84c545aa1da2ebf2caeda28a30d268eac5edc32c73c9ee4161ece003f002c7,51,51
21538,utt_32e315582fecfbc84a61::p0001-p0002,utt_32e315582fecfbc84a61::p0001-p0002,81f8907c42cc60289f01101af17829c40905ef6811a2d795e5bae97b52893fba,81f8907c42cc60289f01101af17829c40905ef6811a2d795e5bae97b52893fba,119,119
21538,utt_32e315582fecfbc84a61::p0003,utt_32e315582fecfbc84a61::p0003,7771c4ef07719303b39270e9619b48c965c6a5b18bf051e59739e3ba917a18e9,7771c4ef07719303b39270e9619b48c965c6a5b18bf051e59739e3ba917a18e9,64,64
21538,utt_32e315582fecfbc84a61::p0004-p0007,utt_32e315582fecfbc84a61::p0004-p0007,95b8e2f4a17162100cf61e24704ec7e252b154cdfca562a7e1c3525323dcebd8,95b8e2f4a17162100cf61e24704ec7e252b154cdfca562a7e1c3525323dcebd8,108,108
21538,utt_476142cfcc8786023d7e::p0001-p0004,utt_476142cfcc8786023d7e::p0001-p0004,332a92494a29f2ebf001b4a252d32fdeac2c5edd3ca2576b450ec07d88e770eb,332a92494a29f2ebf001b4a252d32fdeac2c5edd3ca2576b450ec07d88e770eb,129,129
21538,utt_476142cfcc8786023d7e::p0005-p0006,utt_476142cfcc8786023d7e::p0005-p0006,699cf67db027284c1bfac536db69c86dc0b6c6373445b00be98776153f9d3e9a,699cf67db027284c1bfac536db69c86dc0b6c6373445b00be98776153f9d3e9a,101,101
21538,utt_476142cfcc8786023d7e::p0007,utt_476142cfcc8786023d7e::p0007,5c795f65e9a9dbd886f785b004f1e51ce0991742892a13abb023afb5c501888b,5c795f65e9a9dbd886f785b004f1e51ce0991742892a13abb023afb5c501888b,68,68
21538,utt_476142cfcc8786023d7e::p0008-p0010,utt_476142cfcc8786023d7e::p0008-p0010,2c685ceb41eb96a506cdaa07a561a664ef2ad0548ee624fa7a28fc2c601d3f01,2c685ceb41eb96a506cdaa07a561a664ef2ad0548ee624fa7a28fc2c601d3f01,87,87
21538,utt_d927f4f10c458b0a4f8a::p0001-p0005,utt_d927f4f10c458b0a4f8a::p0001-p0005,d2a9cdcce165ea1602fa32c6b9695bb5667ae445139a936e7d6d6ff555c52254,d2a9cdcce165ea1602fa32c6b9695bb5667ae445139a936e7d6d6ff555c52254,54,54
21538,utt_4c224abcd7a732646d9d::p0001-p0003,utt_4c224abcd7a732646d9d::p0001-p0003,81774e8d9015dcc3b26d859d032a367abf54952875e5a911ef3957db05e0cc71,81774e8d9015dcc3b26d859d032a367abf54952875e5a911ef3957db05e0cc71,129,129
21538,utt_4c224abcd7a732646d9d::p0004,utt_4c224abcd7a732646d9d::p0004,a3d9d40c7fd82645dd0f8c9bb4a3d0ecd29d1af1362e06a37fa9fd20fc05483c,a3d9d40c7fd82645dd0f8c9bb4a3d0ecd29d1af1362e06a37fa9fd20fc05483c,111,111
21538,utt_4c224abcd7a732646d9d::p0005,utt_4c224abcd7a732646d9d::p0005,d24c662bf66e75a2ff54da18ec1c8a76ece2c4d56737af7d75c8ce954796119c,d24c662bf66e75a2ff54da18ec1c8a76ece2c4d56737af7d75c8ce954796119c,60,60
21538,utt_4c224abcd7a732646d9d::p0006-p0008,utt_4c224abcd7a732646d9d::p0006-p0008,dd4baab82ab3537838047c24283752cc45f6ac4dfc7a13aa21d4b7108fb35749,dd4baab82ab3537838047c24283752cc45f6ac4dfc7a13aa21d4b7108fb35749,64,64
21538,utt_70fd4b08a107b6a71789::p0001-p0002,utt_70fd4b08a107b6a71789::p0001-p0002,ac9432a0f1c098f7f4eb394dca62b89744ee7d20d4735678432662ff4b1fd2f8,ac9432a0f1c098f7f4eb394dca62b89744ee7d20d4735678432662ff4b1fd2f8,97,97
21538,utt_70fd4b08a107b6a71789::p0003,utt_70fd4b08a107b6a71789::p0003,4427f4f942777ac04f3517cf48739454a7f014f7b5ae29b3ad48e1ee9dd609ed,4427f4f942777ac04f3517cf48739454a7f014f7b5ae29b3ad48e1ee9dd609ed,52,52
21538,utt_70fd4b08a107b6a71789::p0004-p0005,utt_70fd4b08a107b6a71789::p0004-p0005,902f2faab59a18a5c3ed215fe15bd638b9737f853d30633a25a03f29fdf7c784,902f2faab59a18a5c3ed215fe15bd638b9737f853d30633a25a03f29fdf7c784,92,92
21538,utt_70fd4b08a107b6a71789::p0006,utt_70fd4b08a107b6a71789::p0006,2ecc43ccf38d4a0d55c5655b2d5cc8266a78b82fb1aef0d643bfc5fec0df27be,2ecc43ccf38d4a0d55c5655b2d5cc8266a78b82fb1aef0d643bfc5fec0df27be,131,131
21538,utt_70fd4b08a107b6a71789::p0007-p0008,utt_70fd4b08a107b6a71789::p0007-p0008,0fe5364a3cc49c99b306e54681fcc928555253de23e3f0b06171443c6c0e73ff,0fe5364a3cc49c99b306e54681fcc928555253de23e3f0b06171443c6c0e73ff,96,96
21538,utt_70fd4b08a107b6a71789::p0009-p0010,utt_70fd4b08a107b6a71789::p0009-p0010,fb86f6038315995a2587ccf32cd2ecabb5d459caacc6163d4af755010552637e,fb86f6038315995a2587ccf32cd2ecabb5d459caacc6163d4af755010552637e,77,77
21538,utt_4502e866faf2d3fab374::p0001-p0004,utt_4502e866faf2d3fab374::p0001-p0004,20a8a01c03ddaadc0de788185c871ac7083eb976899072bbca9a19fa0731b5a8,20a8a01c03ddaadc0de788185c871ac7083eb976899072bbca9a19fa0731b5a8,103,103
21538,utt_7d90e763ba6d613a3944::p0001,utt_7d90e763ba6d613a3944::p0001,6bf2966a474e67519b30b307cb4ea1b0bac05c12a9953262fe6e68179148ed28,6bf2966a474e67519b30b307cb4ea1b0bac05c12a9953262fe6e68179148ed28,72,72
21538,utt_7d90e763ba6d613a3944::p0002,utt_7d90e763ba6d613a3944::p0002,21d112a7229aa57669437d860c0d360a029e1930a7ef28468182302dd4018a45,21d112a7229aa57669437d860c0d360a029e1930a7ef28468182302dd4018a45,91,91
21538,utt_7d90e763ba6d613a3944::p0003,utt_7d90e763ba6d613a3944::p0003,c71d039474558049877f3df72da1bcc489b36990826b66e40cc4b91b5fa2040e,c71d039474558049877f3df72da1bcc489b36990826b66e40cc4b91b5fa2040e,59,59
21538,utt_7d90e763ba6d613a3944::p0004-p0005,utt_7d90e763ba6d613a3944::p0004-p0005,d09a4f997337b40af8e58f227a4b88dd781e90fcdde836e04e9bb58af89ffab4,d09a4f997337b40af8e58f227a4b88dd781e90fcdde836e04e9bb58af89ffab4,125,125
21538,utt_7d90e763ba6d613a3944::p0006-p0009,utt_7d90e763ba6d613a3944::p0006-p0009,466778a269fb83cbcc3267cdf58d7e493a9b6cdbe452799135ad6431cea26011,466778a269fb83cbcc3267cdf58d7e493a9b6cdbe452799135ad6431cea26011,112,112
21538,utt_b42e13eb8f38927d9644::p0001-p0004,utt_b42e13eb8f38927d9644::p0001-p0004,62185c26ae025876c73f52a873b7ac3252a269af3f1fa61524fce723bae6afdb,62185c26ae025876c73f52a873b7ac3252a269af3f1fa61524fce723bae6afdb,66,66
21538,utt_f7ebb6d260f940b78280::p0001-p0003,utt_f7ebb6d260f940b78280::p0001-p0003,d820d890191784266a7cf4f1d12d054804c2b32fced4ee886aea8ccf198a0dc3,d820d890191784266a7cf4f1d12d054804c2b32fced4ee886aea8ccf198a0dc3,97,97
21538,utt_f7ebb6d260f940b78280::p0004,utt_f7ebb6d260f940b78280::p0004,26d65cd75a5f8464fc3c0262e02051ffab1c35d2963b80eb3d9cd17c71029fb7,26d65cd75a5f8464fc3c0262e02051ffab1c35d2963b80eb3d9cd17c71029fb7,110,110
21538,utt_f7ebb6d260f940b78280::p0005,utt_f7ebb6d260f940b78280::p0005,8459eae63a1f83165a50690dba5bd18cf6103859baf540d5a83ff5af4b0860f1,8459eae63a1f83165a50690dba5bd18cf6103859baf540d5a83ff5af4b0860f1,108,108
21538,utt_f7ebb6d260f940b78280::p0006-p0007,utt_f7ebb6d260f940b78280::p0006-p0007,2b8dfe863af29ef32aa310b4c63f03f982ad66a4ba9cbc9d0abb87b1a7500c41,2b8dfe863af29ef32aa310b4c63f03f982ad66a4ba9cbc9d0abb87b1a7500c41,78,78
21538,utt_0127e7801678c75f512a::p0001-p0002,utt_0127e7801678c75f512a::p0001-p0002,524488f2b852982443bb4faaf48b343d22f4ee843e5b3decd9cd830698cc9321,524488f2b852982443bb4faaf48b343d22f4ee843e5b3decd9cd830698cc9321,147,147
21538,utt_0127e7801678c75f512a::p0003-p0006,utt_0127e7801678c75f512a::p0003-p0006,06b2f849d8bc0c9e8eefe0f06b4be6e56e4d9a0e618343c49f9ea12a5da86879,06b2f849d8bc0c9e8eefe0f06b4be6e56e4d9a0e618343c49f9ea12a5da86879,145,145
21538,utt_a11123570c0f7f40ab40::p0001-p0004,utt_a11123570c0f7f40ab40::p0001-p0004,b69cae35adf80c5f68d7c1b6e14404236c7f1f9d68bfc04ce2079522b0991c0b,b69cae35adf80c5f68d7c1b6e14404236c7f1f9d68bfc04ce2079522b0991c0b,62,62
21538,utt_1f11d0635a58c17cf3c8::p0001,utt_1f11d0635a58c17cf3c8::p0001,306ab206a0996d694564dfdf96e3ddc4ef3a7a54b2fd27aebf29a62cf4378aea,306ab206a0996d694564dfdf96e3ddc4ef3a7a54b2fd27aebf29a62cf4378aea,74,74
21538,utt_1f11d0635a58c17cf3c8::p0002,utt_1f11d0635a58c17cf3c8::p0002,837d07b6ffa229c60db87a344a6d55dbec20a448ee6c441b9490de999f83b28d,837d07b6ffa229c60db87a344a6d55dbec20a448ee6c441b9490de999f83b28d,104,104
21538,utt_1f11d0635a58c17cf3c8::p0003,utt_1f11d0635a58c17cf3c8::p0003,58b937a1b87d0a1dec92db6875fe5bf13c028a5a76c3d22c680990bb80a3e0cb,58b937a1b87d0a1dec92db6875fe5bf13c028a5a76c3d22c680990bb80a3e0cb,50,50
21538,utt_1f11d0635a58c17cf3c8::p0004-p0006,utt_1f11d0635a58c17cf3c8::p0004-p0006,3d5d7e9a5c1ada4d4f4791e568d6f049c6e653eff42b0b18130b0bd86bcf7b6e,3d5d7e9a5c1ada4d4f4791e568d6f049c6e653eff42b0b18130b0bd86bcf7b6e,95,95
21538,utt_c0e6a731d2cdb33a8388::p0001-p0002,utt_c0e6a731d2cdb33a8388::p0001-p0002,9218687f70b9b2f7ba5ecdd0b7f5ea556ea226a50b37c2c385f52f4bdbd9babe,9218687f70b9b2f7ba5ecdd0b7f5ea556ea226a50b37c2c385f52f4bdbd9babe,35,35
21538,utt_24076c18c3fdcff954ca::p0001,utt_24076c18c3fdcff954ca::p0001,1a8ee7cf5d4e52614e2cfc1efce9c225fddc0e7137ffab507b0722c02f261c40,1a8ee7cf5d4e52614e2cfc1efce9c225fddc0e7137ffab507b0722c02f261c40,89,89
21538,utt_24076c18c3fdcff954ca::p0002,utt_24076c18c3fdcff954ca::p0002,ca14fe325624b2370fe0da21dcee89887b40b0e54816e8e09d9df8ac296f9318,ca14fe325624b2370fe0da21dcee89887b40b0e54816e8e09d9df8ac296f9318,111,111
21538,utt_24076c18c3fdcff954ca::p0003-p0004,utt_24076c18c3fdcff954ca::p0003-p0004,dc9a2816406de0f775478418eb93735ee955cd152e64dfbae2f476a405477ca4,dc9a2816406de0f775478418eb93735ee955cd152e64dfbae2f476a405477ca4,134,134
21538,utt_24076c18c3fdcff954ca::p0005-p0006,utt_24076c18c3fdcff954ca::p0005-p0006,a7441dd5291572634d523a9fec4620a1f7408de277dc5d7bfc4b775bcf3bd865,a7441dd5291572634d523a9fec4620a1f7408de277dc5d7bfc4b775bcf3bd865,55,55
21538,utt_fe339b0902ee4b2633a2::p0001-p0002,utt_fe339b0902ee4b2633a2::p0001-p0002,7e8a96a05eb905954838a5c8ac2a597cdab0e6a21741222014cdae7241f56e2f,7e8a96a05eb905954838a5c8ac2a597cdab0e6a21741222014cdae7241f56e2f,54,54
21538,utt_f24ce85933c5fdfbe616::p0001,utt_f24ce85933c5fdfbe616::p0001,10eb737ea7a972bcc5bfee6838e3c46f976da461deb983f58c0f4c9b42aacb8a,10eb737ea7a972bcc5bfee6838e3c46f976da461deb983f58c0f4c9b42aacb8a,18,18
21538,utt_5684bc94cfa5b89bcf24::p0001,utt_5684bc94cfa5b89bcf24::p0001,edc62da83a875c6c8a2bf36a4ab0a2f20d1ad2f1f7e784882859ea07a30e53c8,edc62da83a875c6c8a2bf36a4ab0a2f20d1ad2f1f7e784882859ea07a30e53c8,6,6
21538,utt_3d16c3903d67c3cb91de::p0001-p0002,utt_3d16c3903d67c3cb91de::p0001-p0002,0d210faeecb4b0db7a0fd03a43e8bf6f45f0aa719cfe50bda40fff99eb9568d1,0d210faeecb4b0db7a0fd03a43e8bf6f45f0aa719cfe50bda40fff99eb9568d1,52,52
21538,utt_c69180e72560d485371f::p0001-p0004,utt_c69180e72560d485371f::p0001-p0004,c0dd10abf20ca6d1903e29534f381138e1c45f189e40971f9cccc5809b80effe,c0dd10abf20ca6d1903e29534f381138e1c45f189e40971f9cccc5809b80effe,133,133
21538,utt_b618927ea35ecaa7ec1d::p0001,utt_b618927ea35ecaa7ec1d::p0001,7ccedc82890903a2fd1f06207ffba1cf0932cb4803950b5bbd5052e3893e0569,7ccedc82890903a2fd1f06207ffba1cf0932cb4803950b5bbd5052e3893e0569,18,18
21538,utt_613c5c803695564e1d3e::p0001-p0004,utt_613c5c803695564e1d3e::p0001-p0004,7b039cba7ba53cdcd7c388c8041dd3daf48ec5cff91810a42c21d5a2db953a40,7b039cba7ba53cdcd7c388c8041dd3daf48ec5cff91810a42c21d5a2db953a40,103,103
21538,utt_ffc413f03c80d91e4eab::p0001-p0002,utt_ffc413f03c80d91e4eab::p0001-p0002,a2c0774c4e6fe574cb7cb310d414b79cbad4f25cb485957119ce5f4574caedfb,a2c0774c4e6fe574cb7cb310d414b79cbad4f25cb485957119ce5f4574caedfb,66,66
21538,utt_05cd97d1ff33eee1a595::p0001,utt_05cd97d1ff33eee1a595::p0001,7d20406693ba7d45d74b9f11f593931e5e33c0ee78db82a2884dfcfd9dde2fcb,7d20406693ba7d45d74b9f11f593931e5e33c0ee78db82a2884dfcfd9dde2fcb,37,37
21538,utt_b1e745197821b3f201da::p0001-p0004,utt_b1e745197821b3f201da::p0001-p0004,c00c79a8c159c05dc76c7dbb762d0963e0130661d2292b92c99f5eb788c2d95b,c00c79a8c159c05dc76c7dbb762d0963e0130661d2292b92c99f5eb788c2d95b,88,88
21538,utt_0deedd57a4d8e7017f09::p0001-p0002,utt_0deedd57a4d8e7017f09::p0001-p0003s001,5aafc0e6f9e9b3f2e2894cd26121f8b5ffbe83e4961ebff439f6e88d01762a7b,f078549fa76c2c80d329a232a91ed0a1c0dfd72e870a7b673181ab10181161fa,5,155
21538,utt_0deedd57a4d8e7017f09::p0003s001,utt_0deedd57a4d8e7017f09::p0001-p0003s001,8a079451bb97d9d313f87e9c45911cedcfbf929342cebfacb20f60633a639e19,f078549fa76c2c80d329a232a91ed0a1c0dfd72e870a7b673181ab10181161fa,150,155
21538,utt_0deedd57a4d8e7017f09::p0003s002,utt_0deedd57a4d8e7017f09::p0003s002,99c91ea3f7490de72c2a06c8d244e112adb3f74cee65bcdf46f32b366e153465,99c91ea3f7490de72c2a06c8d244e112adb3f74cee65bcdf46f32b366e153465,150,150
21538,utt_0deedd57a4d8e7017f09::p0003s003-p0005,utt_0deedd57a4d8e7017f09::p0003s003-p0005,fcfc77ce1533e2db0742cd8c8d3e1097c9961cbf05f4ed585371f0678b5f675b,fcfc77ce1533e2db0742cd8c8d3e1097c9961cbf05f4ed585371f0678b5f675b,120,120
21538,utt_d465aa75e1f666cc85ca::p0001-p0002,utt_d465aa75e1f666cc85ca::p0001-p0002,3c53b636da0c9198beb0570667608b122b91fed30b5f506d0344447441200189,3c53b636da0c9198beb0570667608b122b91fed30b5f506d0344447441200189,98,98
21538,utt_cbfeb7122ce025fedb18::p0001-p0002,utt_cbfeb7122ce025fedb18::p0001-p0002,f767de848a8d8e8a091442965f352a10e12324cdfacf7f924f36034b6be6429b,f767de848a8d8e8a091442965f352a10e12324cdfacf7f924f36034b6be6429b,85,85
21538,utt_a703736d432ca4c42b55::p0001,utt_a703736d432ca4c42b55::p0001,4afb70f0e6674bc6a8e397b1e93e18c31a1506be3b97a0f4df733c55633dd019,4afb70f0e6674bc6a8e397b1e93e18c31a1506be3b97a0f4df733c55633dd019,71,71
21538,utt_c40042f779ebe8138259::p0001-p0003,utt_c40042f779ebe8138259::p0001-p0003,8e5b8f55d228ac5ac28792ddc5d64a46d1d0b62d971abfc40ff662903f747752,8e5b8f55d228ac5ac28792ddc5d64a46d1d0b62d971abfc40ff662903f747752,109,109
21538,utt_c40042f779ebe8138259::p0004-p0005,utt_c40042f779ebe8138259::p0004-p0005,02c293f826a637239a6974e5cee49ad16e8d4ce7295fe757caa834aea37c132c,02c293f826a637239a6974e5cee49ad16e8d4ce7295fe757caa834aea37c132c,118,118
21538,utt_c40042f779ebe8138259::p0006,utt_c40042f779ebe8138259::p0006,8fc1fea72756793d47aa8afb9ff4c0ef37a51a9ef79de12842316716555e2f85,8fc1fea72756793d47aa8afb9ff4c0ef37a51a9ef79de12842316716555e2f85,108,108
21538,utt_c40042f779ebe8138259::p0007-p0009,utt_c40042f779ebe8138259::p0007-p0009,33e96400cd32145a5ff63ef05fc8e138e906980386b3be8f25be61b900c9d8df,33e96400cd32145a5ff63ef05fc8e138e906980386b3be8f25be61b900c9d8df,105,105
21538,utt_c40042f779ebe8138259::p0010-p0011,utt_c40042f779ebe8138259::p0010-p0011,6d7b231e41d024afdaa3ba2b9e9fc913ec40f02d6eef7756668a5ae0e650b51d,6d7b231e41d024afdaa3ba2b9e9fc913ec40f02d6eef7756668a5ae0e650b51d,64,64
21538,utt_e4905a4527b414754f30::p0001,utt_e4905a4527b414754f30::p0001,d2fd7053e2c4df50f181f9da6896a42ac3e09af193914fa5afe2bfb4c92925c2,d2fd7053e2c4df50f181f9da6896a42ac3e09af193914fa5afe2bfb4c92925c2,52,52
21538,utt_e4905a4527b414754f30::p0002-p0004,utt_e4905a4527b414754f30::p0002-p0004,fe6d21cc241045109903fd2f6dcfc93b85db24605d5d568bea27d34be015a4d8,fe6d21cc241045109903fd2f6dcfc93b85db24605d5d568bea27d34be015a4d8,82,82
21538,utt_1d1a291db1c290de4469::p0001-p0003,utt_1d1a291db1c290de4469::p0001-p0003,5f59dabebccc24faa8792b09146b33d0bff125669f8746438c8fe2241c0016e9,5f59dabebccc24faa8792b09146b33d0bff125669f8746438c8fe2241c0016e9,149,149
21538,utt_266372456152ad1a0310::p0001,utt_266372456152ad1a0310::p0001,9b5ba090baf4063d210119819979148c0a4c68a67217cf9c97e554259d95eda2,9b5ba090baf4063d210119819979148c0a4c68a67217cf9c97e554259d95eda2,41,41
21538,utt_35eb02652368ec837c3c::p0001-p0002,utt_35eb02652368ec837c3c::p0001-p0002,3675bd5566b4652d595bb16ed72aea48ae31e74dac60e303c71d6c485fff90ad,3675bd5566b4652d595bb16ed72aea48ae31e74dac60e303c71d6c485fff90ad,39,39
21538,utt_39185ee6b29fbac00ea9::p0001-p0002,utt_39185ee6b29fbac00ea9::p0001-p0002,01fb760c330b45bd890ebe6e2fa0b63539e881ae6f8b18bc7031914ddcca40ff,01fb760c330b45bd890ebe6e2fa0b63539e881ae6f8b18bc7031914ddcca40ff,73,73
21538,utt_39185ee6b29fbac00ea9::p0003-p0007,utt_39185ee6b29fbac00ea9::p0003-p0007,a69d2dbbed19abe77fdcd80e58f767c259805569f4603b30b61a6ae14f819c98,a69d2dbbed19abe77fdcd80e58f767c259805569f4603b30b61a6ae14f819c98,125,125
21538,utt_a6cd24bed8a69781efc0::p0001-p0003,utt_a6cd24bed8a69781efc0::p0001-p0003,10434c5d088beacc77cea4c18e12646726032e3153379e5f5ad277d08e80e726,10434c5d088beacc77cea4c18e12646726032e3153379e5f5ad277d08e80e726,58,58
21538,utt_fe7234a44c91cc4364e2::p0001-p0002,utt_fe7234a44c91cc4364e2::p0001-p0003s001,b8a864c84b09ca934f151aebd940abcea512c564c7ac9e55ba86fc9300701dff,02aaa17846529a97f0c358a89ff8894d79c3d665bdaa5cb4e66a56496b030a12,5,155
21538,utt_fe7234a44c91cc4364e2::p0003s001,utt_fe7234a44c91cc4364e2::p0001-p0003s001,dea8a6c38a70f887854f10d124b57ad8944f076d34f9e667f7da5de85ac24ea3,02aaa17846529a97f0c358a89ff8894d79c3d665bdaa5cb4e66a56496b030a12,150,155
21538,utt_fe7234a44c91cc4364e2::p0003s002-p0004,utt_fe7234a44c91cc4364e2::p0003s002-p0004,dd323d25017e9e2589054c7d5cd8444c67d82cbf211e94470edc8db35b7791f1,dd323d25017e9e2589054c7d5cd8444c67d82cbf211e94470edc8db35b7791f1,63,63
21538,utt_fe7234a44c91cc4364e2::p0005-p0006,utt_fe7234a44c91cc4364e2::p0005-p0006,336e4b2527825219dc0fff83396001dc748f93e9c601791645aa2470f07c662d,336e4b2527825219dc0fff83396001dc748f93e9c601791645aa2470f07c662d,148,148
21538,utt_fe7234a44c91cc4364e2::p0007,utt_fe7234a44c91cc4364e2::p0007,ba548004b114ec8da93e027aa2876e1e4493a1680bdc259eba1873b67589d846,ba548004b114ec8da93e027aa2876e1e4493a1680bdc259eba1873b67589d846,76,76
21538,utt_05e466083771a13b24a2::p0001,utt_05e466083771a13b24a2::p0001,35e39de5d3449bf891e89f772221a637ef237e7349e96908cfa356a7a017c6c6,35e39de5d3449bf891e89f772221a637ef237e7349e96908cfa356a7a017c6c6,26,26
21538,utt_b5ccec491065d9bff1db::p0001-p0002,utt_b5ccec491065d9bff1db::p0001-p0002,0bd2bf561ff214966535a2ae299f8f9031a36af8ba18f8b2b78d8b06d37a09ab,0bd2bf561ff214966535a2ae299f8f9031a36af8ba18f8b2b78d8b06d37a09ab,87,87
21538,utt_857fc9c45f78bb159c68::p0001-p0003,utt_857fc9c45f78bb159c68::p0001-p0003,a017f93ebc8a3c56122049f96894e893fe3b3f8d650383235cd5cfd63aef54bf,a017f93ebc8a3c56122049f96894e893fe3b3f8d650383235cd5cfd63aef54bf,34,34
21538,utt_f8464c8e40dd356a6393::p0001-p0002,utt_f8464c8e40dd356a6393::p0001-p0003s001,3d69d54e25bae2a5a7410d1f17a5a32e88865a5a4788da94e17cb02c850bde36,610282a70f0dab1c072e67186038a85be53f43abc27c713652a5326a3af21d11,5,155
21538,utt_f8464c8e40dd356a6393::p0003s001,utt_f8464c8e40dd356a6393::p0001-p0003s001,53ff878fd867bb8cf2c6bb2532d77ad9d9159aca7a8fff98837804018070579d,610282a70f0dab1c072e67186038a85be53f43abc27c713652a5326a3af21d11,150,155
21538,utt_f8464c8e40dd356a6393::p0003s002,utt_f8464c8e40dd356a6393::p0003s002,3e2f15616760214d6b94838994b620b317e193a5e7e7c902421a05adfd2b18ee,3e2f15616760214d6b94838994b620b317e193a5e7e7c902421a05adfd2b18ee,150,150
21538,utt_f8464c8e40dd356a6393::p0003s003-p0007,utt_f8464c8e40dd356a6393::p0003s003-p0007,db98c35667dfae1aa29a7b309a004b617831148c12a26c8a4a13db3659c67851,db98c35667dfae1aa29a7b309a004b617831148c12a26c8a4a13db3659c67851,137,137
21538,utt_ff72858e9e7cb82db15b::p0001,utt_ff72858e9e7cb82db15b::p0001,6e8c6dc93075533bcbdee197ceee839d8123c8f9408bf1098fc33443b4a96310,6e8c6dc93075533bcbdee197ceee839d8123c8f9408bf1098fc33443b4a96310,5,5
21538,utt_d0b889a2d0191fecf912::p0001-p0004,utt_d0b889a2d0191fecf912::p0001-p0004,c08c7e8c71e93c9d2a08749d02235d02a7fabeca3ae36524c67236d1f5f89df7,c08c7e8c71e93c9d2a08749d02235d02a7fabeca3ae36524c67236d1f5f89df7,131,131
21538,utt_d0b889a2d0191fecf912::p0005-p0006,utt_d0b889a2d0191fecf912::p0005-p0006,ebf6c9345b13e41665d4752f26eae9412484edfd9abd8cad67f0d9dcd37cb68b,ebf6c9345b13e41665d4752f26eae9412484edfd9abd8cad67f0d9dcd37cb68b,93,93
21538,utt_d0b889a2d0191fecf912::p0007,utt_d0b889a2d0191fecf912::p0007,7e2cbc607338c1be26dc09a22da67406ed613a8e0a8bc4ae80af950a0e2e010e,7e2cbc607338c1be26dc09a22da67406ed613a8e0a8bc4ae80af950a0e2e010e,139,139
21538,utt_d0b889a2d0191fecf912::p0008,utt_d0b889a2d0191fecf912::p0008,319a14db007b16aa4d3f6b1013e8e9ed9ce29cbbb4dc301e2b60ba5d45f15e59,319a14db007b16aa4d3f6b1013e8e9ed9ce29cbbb4dc301e2b60ba5d45f15e59,126,126
21538,utt_d0b889a2d0191fecf912::p0009-p0011,utt_d0b889a2d0191fecf912::p0009-p0011,182b08073fdfcd2dec8ba8775858f9da1b24de1e2e3409e52a43ee63a23015ec,182b08073fdfcd2dec8ba8775858f9da1b24de1e2e3409e52a43ee63a23015ec,112,112
21538,utt_b0d02f6f538c59874a61::p0001-p0005,utt_b0d02f6f538c59874a61::p0001-p0005,c03bdcc16f516767689decacb366a47c4f66111c727c59290b6af52a38e63a4b,c03bdcc16f516767689decacb366a47c4f66111c727c59290b6af52a38e63a4b,147,147
21538,utt_b0d02f6f538c59874a61::p0006-p0009,utt_b0d02f6f538c59874a61::p0006-p0009,e7c9c82a078d8ac3857c142505baa8665841372309d17397f58bbd300517bce7,e7c9c82a078d8ac3857c142505baa8665841372309d17397f58bbd300517bce7,126,126
21538,utt_b0d02f6f538c59874a61::p0010-p0012,utt_b0d02f6f538c59874a61::p0010-p0012,c7fe925c86f9e50dedea5b4415df603d6085f2deec76c11aacf00f905c89095d,c7fe925c86f9e50dedea5b4415df603d6085f2deec76c11aacf00f905c89095d,117,117
21538,utt_b0d02f6f538c59874a61::p0013-p0017,utt_b0d02f6f538c59874a61::p0013-p0017,447e0337a7c71f7817beac70f03105fd3cfb5bd1f0fb3954b442ccbe7e46b9a4,447e0337a7c71f7817beac70f03105fd3cfb5bd1f0fb3954b442ccbe7e46b9a4,124,124
21538,utt_b0d02f6f538c59874a61::p0018-p0022,utt_b0d02f6f538c59874a61::p0018-p0022,5d7457d0a3abf5914188ac0431e224d5693efca075b77ad90b7035343bc5d609,5d7457d0a3abf5914188ac0431e224d5693efca075b77ad90b7035343bc5d609,142,142
21538,utt_b0d02f6f538c59874a61::p0023-p0027,utt_b0d02f6f538c59874a61::p0023-p0027,e89772ebee9129659fd55f2576ba704fe1d6a931c666a56353ffb2bfec69327b,e89772ebee9129659fd55f2576ba704fe1d6a931c666a56353ffb2bfec69327b,138,138
21538,utt_b0d02f6f538c59874a61::p0028,utt_b0d02f6f538c59874a61::p0028,9dc525dc20029c95e0bcb16a27009207ebc1d209afe4074d5efcb3407af046f8,9dc525dc20029c95e0bcb16a27009207ebc1d209afe4074d5efcb3407af046f8,74,74
21538,utt_b0d02f6f538c59874a61::p0029-p0031,utt_b0d02f6f538c59874a61::p0029-p0031,76fdcf016b752ceb2ca0f97e7c6c1462419fb5e88b7835027dddfc12b9d171e3,76fdcf016b752ceb2ca0f97e7c6c1462419fb5e88b7835027dddfc12b9d171e3,120,120
21538,utt_b0d02f6f538c59874a61::p0032,utt_b0d02f6f538c59874a61::p0032,a84d808acabccd8d5d0d15d2a1676d4cd097a4d9ecd59efe61101ea8d221582c,a84d808acabccd8d5d0d15d2a1676d4cd097a4d9ecd59efe61101ea8d221582c,78,78
21538,utt_e1a3192cd687754b80cb::p0001-p0002,utt_e1a3192cd687754b80cb::p0001-p0002,f4ce7349cdd625ec588f7e1981a5af9cb195772aecd9cc56b48f76fe38c0bcaf,f4ce7349cdd625ec588f7e1981a5af9cb195772aecd9cc56b48f76fe38c0bcaf,75,75
21538,utt_e1a3192cd687754b80cb::p0003,utt_e1a3192cd687754b80cb::p0003,eac49cd0f7ceab4041abfbfcf7ba843adb4dc2d48094ece23bd1b4281b4c6010,eac49cd0f7ceab4041abfbfcf7ba843adb4dc2d48094ece23bd1b4281b4c6010,56,56
21538,utt_e1a3192cd687754b80cb::p0004,utt_e1a3192cd687754b80cb::p0004,0f402b90646b31ca149ae764f906aa7a964cd5584fa4bb0d39ad9459531d4498,0f402b90646b31ca149ae764f906aa7a964cd5584fa4bb0d39ad9459531d4498,56,56
21538,utt_e1a3192cd687754b80cb::p0005-p0006,utt_e1a3192cd687754b80cb::p0005-p0006,ad3c89f2a2d2b6adcd5aba9f622f41b893da1ada7cd0ea213b041ab6cfb5397f,ad3c89f2a2d2b6adcd5aba9f622f41b893da1ada7cd0ea213b041ab6cfb5397f,116,116
21538,utt_e1a3192cd687754b80cb::p0007,utt_e1a3192cd687754b80cb::p0007,178f9fb684e802ae8a24e9dbf4912e7c9beb3809b810f75da7797b7d2e5dd6ff,178f9fb684e802ae8a24e9dbf4912e7c9beb3809b810f75da7797b7d2e5dd6ff,76,76
21538,utt_e1a3192cd687754b80cb::p0008-p0010,utt_e1a3192cd687754b80cb::p0008-p0010,f1426d2d9e116967d2e63054d5eaa30ff1dbbe14cb969857cddc3da299201007,f1426d2d9e116967d2e63054d5eaa30ff1dbbe14cb969857cddc3da299201007,142,142
21538,utt_e1a3192cd687754b80cb::p0011-p0013,utt_e1a3192cd687754b80cb::p0011-p0013,066660df4126949497c00d701997f569f7b243e658ffc24c0ca9f309006c38e2,066660df4126949497c00d701997f569f7b243e658ffc24c0ca9f309006c38e2,89,89
21538,utt_834d1c35b5c0ea78a6e3::p0001,utt_834d1c35b5c0ea78a6e3::p0001,4510a4293df57c1aeedf792d49f47ad5cd90c97e8c7ee80d013317ae87e1c9cc,4510a4293df57c1aeedf792d49f47ad5cd90c97e8c7ee80d013317ae87e1c9cc,9,9
21538,utt_9c4f91c1dc720928c435::p0001,utt_9c4f91c1dc720928c435::p0001,24e55ff137dd4523a065705e9a7bb3469bc111b1c0c718ea6564b6125e9cd7ab,24e55ff137dd4523a065705e9a7bb3469bc111b1c0c718ea6564b6125e9cd7ab,9,9
21538,utt_b046c78cadabb1fc3621::p0001-p0002,utt_b046c78cadabb1fc3621::p0001-p0002,fb45ff621bb3c0e57ad67a9895d5a3683c3d7b0a729c9255ff57c0d108d34a44,fb45ff621bb3c0e57ad67a9895d5a3683c3d7b0a729c9255ff57c0d108d34a44,11,11
21538,utt_3ef5d9fe044c5c3244ca::p0001,utt_3ef5d9fe044c5c3244ca::p0001,698997df2082c68cdddb9fabd46bde4bc8f3406b241dbb75d4f24a616c8fea11,698997df2082c68cdddb9fabd46bde4bc8f3406b241dbb75d4f24a616c8fea11,11,11
21538,utt_6de9df4a660be6c32c2f::p0001,utt_6de9df4a660be6c32c2f::p0001,905db087c33896826d2fc0bff4f4aad629a626eeecba51f2e9f7727bb737179d,905db087c33896826d2fc0bff4f4aad629a626eeecba51f2e9f7727bb737179d,5,5
21538,utt_c64d3dcda48aca7a6eeb::p0001-p0003,utt_c64d3dcda48aca7a6eeb::p0001-p0003,093d1ee0a59b21527aa3aaaef2c9005e0d0e55ecaa4ae405449c8a470226625c,093d1ee0a59b21527aa3aaaef2c9005e0d0e55ecaa4ae405449c8a470226625c,19,19
21538,utt_6bb7528fedab2e4d0bcf::p0001,utt_6bb7528fedab2e4d0bcf::p0001,3edb14fe1c9a2c1ba64d8b01e4cebd62514a296325abecfe966e3d61c043a957,3edb14fe1c9a2c1ba64d8b01e4cebd62514a296325abecfe966e3d61c043a957,5,5
21538,utt_dce32d4345efc9e3734f::p0001,utt_dce32d4345efc9e3734f::p0001,18d468c888d3689905dd43a48816773e7cf9e7ad7f7131ad14df4e74f7794a10,18d468c888d3689905dd43a48816773e7cf9e7ad7f7131ad14df4e74f7794a10,5,5
21538,utt_5fc238888c388829f824::p0001-p0002,utt_5fc238888c388829f824::p0001-p0002,fcd07438f0d807408e9cdb07d53861b0afbd3fd136ebf54250a90955dfddda45,fcd07438f0d807408e9cdb07d53861b0afbd3fd136ebf54250a90955dfddda45,12,12
21538,utt_9f35c0746098dcda5cae::p0001,utt_9f35c0746098dcda5cae::p0001,8828e3266a829beea7294f99835c17771f585244c4fe6119d35f5b4472fc82eb,8828e3266a829beea7294f99835c17771f585244c4fe6119d35f5b4472fc82eb,11,11
21538,utt_0942156d65780aaac72d::p0001-p0004,utt_0942156d65780aaac72d::p0001-p0004,f6bf775e152d4e0138b6d6ef9ebc381e1c589223f3493b3bf62eee036cc555e0,f6bf775e152d4e0138b6d6ef9ebc381e1c589223f3493b3bf62eee036cc555e0,111,111
21538,utt_0942156d65780aaac72d::p0005,utt_0942156d65780aaac72d::p0005,28ed084e0c90180c1cf057951d8e53f5275cb4b594d298a2f5d3a47000846594,28ed084e0c90180c1cf057951d8e53f5275cb4b594d298a2f5d3a47000846594,69,69
21538,utt_0942156d65780aaac72d::p0006,utt_0942156d65780aaac72d::p0006,a860c901cbf5d7c2d87e9ba2b2a9564b187d89daa140ff2e459e0d50e0c750f1,a860c901cbf5d7c2d87e9ba2b2a9564b187d89daa140ff2e459e0d50e0c750f1,71,71
21538,utt_0942156d65780aaac72d::p0007-p0009,utt_0942156d65780aaac72d::p0007-p0009,36db1e169e26cc0770735f46e9e9e00b4a8c2ba986cd894b6904d149b8e4a12f,36db1e169e26cc0770735f46e9e9e00b4a8c2ba986cd894b6904d149b8e4a12f,128,128
21538,utt_0942156d65780aaac72d::p0010,utt_0942156d65780aaac72d::p0010,c58145f9af09dca4b7a58b2a2a3864e98378173aa50baaac68b60df144a5b48b,c58145f9af09dca4b7a58b2a2a3864e98378173aa50baaac68b60df144a5b48b,52,52
21538,utt_0942156d65780aaac72d::p0011,utt_0942156d65780aaac72d::p0011,18a36c09ae6cfe5679cb557f7f8a22e2d9d186b741a173777d683a5afd12f032,18a36c09ae6cfe5679cb557f7f8a22e2d9d186b741a173777d683a5afd12f032,133,133
21538,utt_0942156d65780aaac72d::p0012-p0013,utt_0942156d65780aaac72d::p0012-p0013,3c6446ca3c403a07b4d767020a45e40027b388468256844504a6d0b85e261e1e,3c6446ca3c403a07b4d767020a45e40027b388468256844504a6d0b85e261e1e,55,55
21538,utt_6d0c72f27171a7d546a2::p0001-p0004,utt_6d0c72f27171a7d546a2::p0001-p0004,b7f1f6313adc12c2ef08e0419ea2c95a9dc6140229bac6f1d4383282bce2a0bb,b7f1f6313adc12c2ef08e0419ea2c95a9dc6140229bac6f1d4383282bce2a0bb,51,51
21538,utt_6d0c72f27171a7d546a2::p0005,utt_6d0c72f27171a7d546a2::p0005,57d6ae69a348851eeba0ed9ef201862243281afbbd1ff446c9b076dbb6364ac9,57d6ae69a348851eeba0ed9ef201862243281afbbd1ff446c9b076dbb6364ac9,101,101
21538,utt_6d0c72f27171a7d546a2::p0006-p0010,utt_6d0c72f27171a7d546a2::p0006-p0010,0bb8f8514cd99c62172f4bae25ea0a6ba2fdae25025c09c62b372204978237c9,0bb8f8514cd99c62172f4bae25ea0a6ba2fdae25025c09c62b372204978237c9,143,143
21538,utt_6d0c72f27171a7d546a2::p0011-p0012,utt_6d0c72f27171a7d546a2::p0011-p0012,1721ff3fdcadd520e09936fb300688e469a8fe3e5da136f34f8a9b22a27956dd,1721ff3fdcadd520e09936fb300688e469a8fe3e5da136f34f8a9b22a27956dd,139,139
21538,utt_6d0c72f27171a7d546a2::p0013-p0018,utt_6d0c72f27171a7d546a2::p0013-p0018,4b976669d0555439dd1d64e9e80b627afa18fb4ee2c3831f50cd4591c78c3ae2,4b976669d0555439dd1d64e9e80b627afa18fb4ee2c3831f50cd4591c78c3ae2,121,121
21538,utt_9811b39d83ef052a1b49::p0001-p0007,utt_9811b39d83ef052a1b49::p0001-p0007,6596ad3cd84a01654eca9d9b0943367c78b0478a9b797f52cb632ef76580e72b,6596ad3cd84a01654eca9d9b0943367c78b0478a9b797f52cb632ef76580e72b,129,129
21538,utt_9811b39d83ef052a1b49::p0008,utt_9811b39d83ef052a1b49::p0008,bf190614c0c68d7214d5aa4a21580df85db09ed443378ab1220c7c82cf09b731,bf190614c0c68d7214d5aa4a21580df85db09ed443378ab1220c7c82cf09b731,51,51
21538,utt_9811b39d83ef052a1b49::p0009-p0011,utt_9811b39d83ef052a1b49::p0009-p0011,e83bbca04fad266cdd518056a2b591fcd8a7418a54739ddd8f40cec3ecbe5b53,e83bbca04fad266cdd518056a2b591fcd8a7418a54739ddd8f40cec3ecbe5b53,136,136
21538,utt_9811b39d83ef052a1b49::p0012-p0014,utt_9811b39d83ef052a1b49::p0012-p0014,e838e0961206a94d41abc3fa467d84e7981c835082cb2f84596c930afd5876ec,e838e0961206a94d41abc3fa467d84e7981c835082cb2f84596c930afd5876ec,119,119
21538,utt_9811b39d83ef052a1b49::p0015-p0017,utt_9811b39d83ef052a1b49::p0015-p0017,00d7c72bee5a58c768be574550644967dab32eaec60ecc77e3ae127758af4dd1,00d7c72bee5a58c768be574550644967dab32eaec60ecc77e3ae127758af4dd1,86,86
21538,utt_5887570a9b49e010e389::p0001-p0004,utt_5887570a9b49e010e389::p0001-p0004,bedaade72a05e7e142dcc3c45cdc324452e63d4e44209962d204d4a3c0a58fc3,bedaade72a05e7e142dcc3c45cdc324452e63d4e44209962d204d4a3c0a58fc3,134,134
21538,utt_5887570a9b49e010e389::p0005-p0006,utt_5887570a9b49e010e389::p0005-p0006,6cc385f3215fcee7a169b97611c5aa84fb49749bfb9af8267308bb0c16d66665,6cc385f3215fcee7a169b97611c5aa84fb49749bfb9af8267308bb0c16d66665,61,61
21538,utt_f78542fe3caf90e6d541::p0001-p0004,utt_f78542fe3caf90e6d541::p0001-p0004,78fda2ece14491add51440022bac18525a16fa2800e1dcc679fe593561d12fdd,78fda2ece14491add51440022bac18525a16fa2800e1dcc679fe593561d12fdd,99,99
21538,utt_f78542fe3caf90e6d541::p0005,utt_f78542fe3caf90e6d541::p0005,fbda2f41307d8ad237e34868c234189442cc23d0c9c0ec73dad2ecb7aab8431c,fbda2f41307d8ad237e34868c234189442cc23d0c9c0ec73dad2ecb7aab8431c,94,94
21538,utt_f78542fe3caf90e6d541::p0006-p0008,utt_f78542fe3caf90e6d541::p0006-p0008,e54134ca751ae3828921225eda3a4ab5aca9a5a2d05962e1dd17a0fa85abdf85,e54134ca751ae3828921225eda3a4ab5aca9a5a2d05962e1dd17a0fa85abdf85,137,137
21538,utt_f78542fe3caf90e6d541::p0009-p0012,utt_f78542fe3caf90e6d541::p0009-p0012,1d1b4263dc65cc7f763cbd71257f0cc7040808994c3d19b8b30e982a03bf92f6,1d1b4263dc65cc7f763cbd71257f0cc7040808994c3d19b8b30e982a03bf92f6,85,85
21538,utt_f78542fe3caf90e6d541::p0013-p0016,utt_f78542fe3caf90e6d541::p0013-p0016,a234978dc655cb995c8e4ab3b30e0887abafebf3102ece5ffa7e9ec3eebfc506,a234978dc655cb995c8e4ab3b30e0887abafebf3102ece5ffa7e9ec3eebfc506,89,89
21538,utt_bf0d815d4af90bb85d8b::p0001-p0003,utt_bf0d815d4af90bb85d8b::p0001-p0003,ac83ff8c28a77dde1239e5bc92a9dd4aa8791b014f604f6c15355c8cc0eb777b,ac83ff8c28a77dde1239e5bc92a9dd4aa8791b014f604f6c15355c8cc0eb777b,121,121
21538,utt_bf0d815d4af90bb85d8b::p0004-p0005,utt_bf0d815d4af90bb85d8b::p0004-p0005,3f491441f6302ff04e7cbb05b9b060c63f4ba54f82d9e2feac1330a87dea905d,3f491441f6302ff04e7cbb05b9b060c63f4ba54f82d9e2feac1330a87dea905d,131,131
21538,utt_bf0d815d4af90bb85d8b::p0006-p0008,utt_bf0d815d4af90bb85d8b::p0006-p0008,ddd43f08b0e52fa4441bf9b16072ac76203c11ce47c39065a09288fee268b8f8,ddd43f08b0e52fa4441bf9b16072ac76203c11ce47c39065a09288fee268b8f8,127,127
21538,utt_bf0d815d4af90bb85d8b::p0009-p0011,utt_bf0d815d4af90bb85d8b::p0009-p0011,158f4bd3c132bfa8c218451ddfab81c74f54954fc27a1855ab4dee1b07c7cd7e,158f4bd3c132bfa8c218451ddfab81c74f54954fc27a1855ab4dee1b07c7cd7e,64,64
21538,utt_bf0d815d4af90bb85d8b::p0012-p0015,utt_bf0d815d4af90bb85d8b::p0012-p0015,7f9baf48f2b943e7be53239c0accbfe14f8f6613da42ecc77abda670013ba917,7f9baf48f2b943e7be53239c0accbfe14f8f6613da42ecc77abda670013ba917,116,116
21538,utt_89794ec4ccc5826cd801::p0001-p0002,utt_89794ec4ccc5826cd801::p0001-p0002,be606256fa3a8df6f517ece4d4edb55dd8b8b2a7db9c88d35a015ce4e4f477fd,be606256fa3a8df6f517ece4d4edb55dd8b8b2a7db9c88d35a015ce4e4f477fd,55,55
21538,utt_89794ec4ccc5826cd801::p0003,utt_89794ec4ccc5826cd801::p0003,7179beafeac1e605ea0a2053f86bc59a6ef3f687cf65e51b8da37d8fb14b374b,7179beafeac1e605ea0a2053f86bc59a6ef3f687cf65e51b8da37d8fb14b374b,85,85
21538,utt_89794ec4ccc5826cd801::p0004,utt_89794ec4ccc5826cd801::p0004,ed782f8339868145b5761a8c9547d47f323089335266575627a2ce5d88fe2c1b,ed782f8339868145b5761a8c9547d47f323089335266575627a2ce5d88fe2c1b,65,65
21538,utt_89794ec4ccc5826cd801::p0005,utt_89794ec4ccc5826cd801::p0005,63e99fac8ea1d2549816b17c39dce1ab074041aa1715fb9dea3ccb1bab7e532a,63e99fac8ea1d2549816b17c39dce1ab074041aa1715fb9dea3ccb1bab7e532a,95,95
21538,utt_89794ec4ccc5826cd801::p0006-p0010,utt_89794ec4ccc5826cd801::p0006-p0010,b95335310e77fc05907efd341f9d381ee7680d992af8fadfd1ca895664731a47,b95335310e77fc05907efd341f9d381ee7680d992af8fadfd1ca895664731a47,149,149
21538,utt_c81d9b8aa22fe334b37e::p0001-p0004,utt_c81d9b8aa22fe334b37e::p0001-p0004,4aae72891e3a391912b63068ab8fa1f0c9b1af7ccb8af90928cbebc895dba39e,4aae72891e3a391912b63068ab8fa1f0c9b1af7ccb8af90928cbebc895dba39e,132,132
21538,utt_c81d9b8aa22fe334b37e::p0005,utt_c81d9b8aa22fe334b37e::p0005,9449706b2002850e926803d8ccfde3cc53751a530ab24e515621c33b3a39358b,9449706b2002850e926803d8ccfde3cc53751a530ab24e515621c33b3a39358b,84,84
21538,utt_c81d9b8aa22fe334b37e::p0006-p0007,utt_c81d9b8aa22fe334b37e::p0006-p0007,8769d9e768951b202298221691fdc6c7d59b300f7117c19df4cafc6e48367e63,8769d9e768951b202298221691fdc6c7d59b300f7117c19df4cafc6e48367e63,85,85
21538,utt_c81d9b8aa22fe334b37e::p0008-p0009,utt_c81d9b8aa22fe334b37e::p0008-p0009,d73f5ade4a70df9069d39c622ead734af9e53274adf86c2eba80967d2dd40347,d73f5ade4a70df9069d39c622ead734af9e53274adf86c2eba80967d2dd40347,83,83
21538,utt_c81d9b8aa22fe334b37e::p0010-p0012,utt_c81d9b8aa22fe334b37e::p0010-p0012,3eb567c5c98971be0a7adc8db46a004784fa23ae8efe068da4204e162ff9f819,3eb567c5c98971be0a7adc8db46a004784fa23ae8efe068da4204e162ff9f819,103,103
21538,utt_8d49dfd4fa1218e756d7::p0001-p0004,utt_8d49dfd4fa1218e756d7::p0001-p0004,78c165b98c1086f06a5b87df606483a79e6ccc84c565713cedaca5e7928f6752,78c165b98c1086f06a5b87df606483a79e6ccc84c565713cedaca5e7928f6752,98,98
21538,utt_8d49dfd4fa1218e756d7::p0005-p0006,utt_8d49dfd4fa1218e756d7::p0005-p0006,7c579ed4d8a702ed3e51e0842bfd6c83fae3ba41446ff86aa64828d1a690bd80,7c579ed4d8a702ed3e51e0842bfd6c83fae3ba41446ff86aa64828d1a690bd80,107,107
21538,utt_8d49dfd4fa1218e756d7::p0007,utt_8d49dfd4fa1218e756d7::p0007,811719b7e93870c95625e19808906df8c51992ec469cd3b34cf651a24974e170,811719b7e93870c95625e19808906df8c51992ec469cd3b34cf651a24974e170,79,79
21538,utt_8d49dfd4fa1218e756d7::p0008,utt_8d49dfd4fa1218e756d7::p0008,a0f2740ab106a73fd0f5fc1c3395514f39a0ba3a7af11c0bec1a9a42605f05a9,a0f2740ab106a73fd0f5fc1c3395514f39a0ba3a7af11c0bec1a9a42605f05a9,64,64
21538,utt_8d49dfd4fa1218e756d7::p0009-p0012,utt_8d49dfd4fa1218e756d7::p0009-p0012,1e5988aeac8a97c5a91b756e6b798ae680b408220184614156600a49ca2489e1,1e5988aeac8a97c5a91b756e6b798ae680b408220184614156600a49ca2489e1,90,90
21538,utt_5df9b3e4079cda4206fd::p0001-p0004,utt_5df9b3e4079cda4206fd::p0001-p0004,52b1a53b0cd870bf2ad845ed5c4452a0d935eac58ad0fdb7c005944c64910a7d,52b1a53b0cd870bf2ad845ed5c4452a0d935eac58ad0fdb7c005944c64910a7d,127,127
21538,utt_5df9b3e4079cda4206fd::p0005-p0006,utt_5df9b3e4079cda4206fd::p0005-p0006,e2bf8a9f4de5f7ce3e493066858c3273f94df6f0efae8643755311abf2e35210,e2bf8a9f4de5f7ce3e493066858c3273f94df6f0efae8643755311abf2e35210,90,90
21538,utt_5df9b3e4079cda4206fd::p0007,utt_5df9b3e4079cda4206fd::p0007,314be2c13eba8b5a449b553b2f10016b913820335c3f45f8ab183fedae97a80b,314be2c13eba8b5a449b553b2f10016b913820335c3f45f8ab183fedae97a80b,81,81
21538,utt_5df9b3e4079cda4206fd::p0008s001,utt_5df9b3e4079cda4206fd::p0008s001,3e23c73793eb0278f51e9f78f0a07a2699eb55bbced2dbec730fc46bf0203f8b,3e23c73793eb0278f51e9f78f0a07a2699eb55bbced2dbec730fc46bf0203f8b,123,123
21538,utt_5df9b3e4079cda4206fd::p0008s002,utt_5df9b3e4079cda4206fd::p0008s002,d6e3f8fc3edd13c83758a9b35df1e362c5e334e80c3a135d9e1d994ec2636e39,d6e3f8fc3edd13c83758a9b35df1e362c5e334e80c3a135d9e1d994ec2636e39,92,92
21538,utt_5df9b3e4079cda4206fd::p0009-p0010,utt_5df9b3e4079cda4206fd::p0009-p0010,696b3f0c27b267f5bb075569b2cd6cf4fe138ee0effc8248f564bdf16a150b6a,696b3f0c27b267f5bb075569b2cd6cf4fe138ee0effc8248f564bdf16a150b6a,56,56
21538,utt_f3ddaf7e7f9689a46adb::p0001-p0005,utt_f3ddaf7e7f9689a46adb::p0001-p0005,9655542fc7f119426428ea1a8a0a9314737bccf15ba6cb048c4878c5817f2438,9655542fc7f119426428ea1a8a0a9314737bccf15ba6cb048c4878c5817f2438,147,147
21538,utt_f3ddaf7e7f9689a46adb::p0006,utt_f3ddaf7e7f9689a46adb::p0006,a4571016589e85a55f295aafa57d2c17be9376873cffde19905b56d0f7a19168,a4571016589e85a55f295aafa57d2c17be9376873cffde19905b56d0f7a19168,121,121
21538,utt_f3ddaf7e7f9689a46adb::p0007,utt_f3ddaf7e7f9689a46adb::p0007,5552a23662270952eac8cab615ea6c60c01d06990a9f74bb695a0ead49eaccec,5552a23662270952eac8cab615ea6c60c01d06990a9f74bb695a0ead49eaccec,60,60
21538,utt_f3ddaf7e7f9689a46adb::p0008-p0010,utt_f3ddaf7e7f9689a46adb::p0008-p0010,52cc834d3215408a01fc89c35689f25a33269766ec5d6ff20ad3d55dd9659e4a,52cc834d3215408a01fc89c35689f25a33269766ec5d6ff20ad3d55dd9659e4a,96,96
21538,utt_b1a554e83bfa8e2aad15::p0001-p0004,utt_b1a554e83bfa8e2aad15::p0001-p0004,465dd66c2d243e831e288da85bed74862d136d74316d64ee75c7b2d8ce68fbfd,465dd66c2d243e831e288da85bed74862d136d74316d64ee75c7b2d8ce68fbfd,65,65
21538,utt_b1a554e83bfa8e2aad15::p0005,utt_b1a554e83bfa8e2aad15::p0005,822b1da2622a45a862382164046a6a99ab8ab6d31880af6da7c259fd2b5cccdd,822b1da2622a45a862382164046a6a99ab8ab6d31880af6da7c259fd2b5cccdd,110,110
21538,utt_b1a554e83bfa8e2aad15::p0006,utt_b1a554e83bfa8e2aad15::p0006,efc2b248dee4012648bc6bb97d4a6ee83e7a8594123ed32c1429ef54da2d3972,efc2b248dee4012648bc6bb97d4a6ee83e7a8594123ed32c1429ef54da2d3972,57,57
21538,utt_b1a554e83bfa8e2aad15::p0007,utt_b1a554e83bfa8e2aad15::p0007,e9c63df6532aaced6e770354c9569f01af24f31e3449b53281125420c9cf76e0,e9c63df6532aaced6e770354c9569f01af24f31e3449b53281125420c9cf76e0,123,123
21538,utt_b1a554e83bfa8e2aad15::p0008-p0010,utt_b1a554e83bfa8e2aad15::p0008-p0010,24e0749159a34a6a0f1166e95997ddbee3a88503a227c73e2b36a578c51c3756,24e0749159a34a6a0f1166e95997ddbee3a88503a227c73e2b36a578c51c3756,62,62
21538,utt_935f3742d88f6ed204cd::p0001-p0003,utt_935f3742d88f6ed204cd::p0001-p0003,3fda0478f5d301588473fd86d0e6e7ca277b17264e7ae9d9ae7db4e15bcf0524,3fda0478f5d301588473fd86d0e6e7ca277b17264e7ae9d9ae7db4e15bcf0524,12,12
21538,utt_48658b0290fa8827e8ca::p0001,utt_48658b0290fa8827e8ca::p0001,1aaa0607447a693482097e91af6002fb201c5a908422c4d2957a6cea26f45d18,1aaa0607447a693482097e91af6002fb201c5a908422c4d2957a6cea26f45d18,13,13
21538,utt_902ee03ebf7e32198b3f::p0001-p0002,utt_902ee03ebf7e32198b3f::p0001-p0002,3dc8b63de67a270d5d320328c279a84992b19095098385a24f6d207ff3ec752c,3dc8b63de67a270d5d320328c279a84992b19095098385a24f6d207ff3ec752c,88,88
21538,utt_902ee03ebf7e32198b3f::p0003,utt_902ee03ebf7e32198b3f::p0003,bdddb8e75b542626616994d63f96d08f48d41bccad26ed7be330fa711272f714,bdddb8e75b542626616994d63f96d08f48d41bccad26ed7be330fa711272f714,107,107
21538,utt_902ee03ebf7e32198b3f::p0004-p0005,utt_902ee03ebf7e32198b3f::p0004-p0005,c610a3b4e28ddff7b9571a7641be1b21738e8370a4d952e915501e7893f99efa,c610a3b4e28ddff7b9571a7641be1b21738e8370a4d952e915501e7893f99efa,70,70
21538,utt_902ee03ebf7e32198b3f::p0006,utt_902ee03ebf7e32198b3f::p0006,119148fe7e6c650252937f5d676a16b28975c56ed2a9eb652f3c126b94314b3c,119148fe7e6c650252937f5d676a16b28975c56ed2a9eb652f3c126b94314b3c,118,118
21538,utt_902ee03ebf7e32198b3f::p0007,utt_902ee03ebf7e32198b3f::p0007,85eccdcbde2e5afc0e45140e835fe9c1981be63c8a4f1dac448e6bdc55ff8090,85eccdcbde2e5afc0e45140e835fe9c1981be63c8a4f1dac448e6bdc55ff8090,51,51
21538,utt_902ee03ebf7e32198b3f::p0008,utt_902ee03ebf7e32198b3f::p0008,b4ad2bb0ae5565002039b9ba5ca3c8d27b85c2e016ac00996b5f60496ec333ec,b4ad2bb0ae5565002039b9ba5ca3c8d27b85c2e016ac00996b5f60496ec333ec,52,52
21538,utt_902ee03ebf7e32198b3f::p0009,utt_902ee03ebf7e32198b3f::p0009,e398b2e95d75bc6378939f2f6be109911a477f2c05d64f2157b1a71357e2ca66,e398b2e95d75bc6378939f2f6be109911a477f2c05d64f2157b1a71357e2ca66,132,132
21538,utt_902ee03ebf7e32198b3f::p0010,utt_902ee03ebf7e32198b3f::p0010,654e46f795e44e430aa4f4a995d93587b2691b0797c2d4f0dda1c3be87611e36,654e46f795e44e430aa4f4a995d93587b2691b0797c2d4f0dda1c3be87611e36,70,70
21538,utt_902ee03ebf7e32198b3f::p0011,utt_902ee03ebf7e32198b3f::p0011,135e64b9a2297e9fc637529106966f04ce80d7cd5155046bd938243656603106,135e64b9a2297e9fc637529106966f04ce80d7cd5155046bd938243656603106,61,61
21538,utt_902ee03ebf7e32198b3f::p0012,utt_902ee03ebf7e32198b3f::p0012,b381a2071a1cb964e8b012370d71c3c1415a0122e70f084d3fa355354560f6da,b381a2071a1cb964e8b012370d71c3c1415a0122e70f084d3fa355354560f6da,52,52
21538,utt_31d05c687c06c7557dd5::p0001-p0002,utt_31d05c687c06c7557dd5::p0001-p0002,cca80b7f77bb2757f1622174d2c6d7eae95e159762df0581d7e89ad0d57bc839,cca80b7f77bb2757f1622174d2c6d7eae95e159762df0581d7e89ad0d57bc839,117,117
21538,utt_f54e5f7c587ad0fde75b::p0001-p0002,utt_f54e5f7c587ad0fde75b::p0001-p0002,c13ea16fc9cf0bf2d9d93e3d5ebb54c38492e140b5fd4a15ae71471cd091003f,c13ea16fc9cf0bf2d9d93e3d5ebb54c38492e140b5fd4a15ae71471cd091003f,10,10
21538,utt_dbd629b17ae8f66e7f88::p0001-p0003,utt_dbd629b17ae8f66e7f88::p0001-p0003,ed7404c29c9fc5d2d188f15ffb59369ad5ca78b98c160944f01295208e8aec70,ed7404c29c9fc5d2d188f15ffb59369ad5ca78b98c160944f01295208e8aec70,111,111
21538,utt_dbd629b17ae8f66e7f88::p0004s001,utt_dbd629b17ae8f66e7f88::p0004s001,d7dc617546650c79764a1a934eff1cba910c849af1936ff84bb6c1f4a0b5ce81,d7dc617546650c79764a1a934eff1cba910c849af1936ff84bb6c1f4a0b5ce81,148,148
21538,utt_dbd629b17ae8f66e7f88::p0004s002-p0007,utt_dbd629b17ae8f66e7f88::p0004s002-p0007,a21016440e388d89d136b435942939bf72325c0da411f7a91f97c1247824865a,a21016440e388d89d136b435942939bf72325c0da411f7a91f97c1247824865a,70,70
21735,utt_b1a07441be554e586d05::p0001-p0004,utt_b1a07441be554e586d05::p0001-p0004,2a918c86d2d106ae90ced07310b0752fc4e727eff272f60259c5f125b9009a9f,2a918c86d2d106ae90ced07310b0752fc4e727eff272f60259c5f125b9009a9f,119,119
21735,utt_b1a07441be554e586d05::p0005-p0007,utt_b1a07441be554e586d05::p0005-p0007,522c8eea380491fc2717dab936de5b6ecf2867fe51742c0c35b9be005d1dde29,522c8eea380491fc2717dab936de5b6ecf2867fe51742c0c35b9be005d1dde29,122,122
21735,utt_b1a07441be554e586d05::p0008-p0010,utt_b1a07441be554e586d05::p0008-p0010,bfd77bc2d3a0d15170e26a7c569f587143b7dfc2f70b5040a656e07e538a96be,bfd77bc2d3a0d15170e26a7c569f587143b7dfc2f70b5040a656e07e538a96be,76,76
21735,utt_f25487b04d1ef673d2d3::p0001,utt_f25487b04d1ef673d2d3::p0001,36401be4f381205e677c22a9d9238393f2bc0096e5ee3b448ac8fcd63d1a1985,36401be4f381205e677c22a9d9238393f2bc0096e5ee3b448ac8fcd63d1a1985,14,14
21735,utt_4996e123e84d3cec058b::p0001-p0003,utt_4996e123e84d3cec058b::p0001-p0003,c73c46b2f5ac778469c77edac381e72f99de6f614c96061a7e7b3c9a2b20a93c,c73c46b2f5ac778469c77edac381e72f99de6f614c96061a7e7b3c9a2b20a93c,121,121
21735,utt_4996e123e84d3cec058b::p0004,utt_4996e123e84d3cec058b::p0004,25a269f95688c3cf70ee2ef2fb69073634d909a890166cb022024fa65f06a846,25a269f95688c3cf70ee2ef2fb69073634d909a890166cb022024fa65f06a846,67,67
21735,utt_4996e123e84d3cec058b::p0005-p0009,utt_4996e123e84d3cec058b::p0005-p0009,80ab24154191aef7e4c3f509b4d2e0baf312355207896faf59c81d16400d879f,80ab24154191aef7e4c3f509b4d2e0baf312355207896faf59c81d16400d879f,130,130
21735,utt_833078ae15d1f7528919::p0001-p0003,utt_833078ae15d1f7528919::p0001-p0003,5f33826d94e3980451d19fc9a767ebc8cfb165d262d67161ddc60fa6a64524a6,5f33826d94e3980451d19fc9a767ebc8cfb165d262d67161ddc60fa6a64524a6,112,112
21735,utt_833078ae15d1f7528919::p0004-p0006,utt_833078ae15d1f7528919::p0004-p0006,1133346f4d851aaa9aaff65d5b850f114f36fe2244750ca445f08a79368b7dce,1133346f4d851aaa9aaff65d5b850f114f36fe2244750ca445f08a79368b7dce,122,122
21735,utt_833078ae15d1f7528919::p0007-p0009,utt_833078ae15d1f7528919::p0007-p0009,c2ae3bb139a3f5a866bc74feb16887f607680274bb1e79b3d5e20d016646a3a8,c2ae3bb139a3f5a866bc74feb16887f607680274bb1e79b3d5e20d016646a3a8,107,107
21735,utt_833078ae15d1f7528919::p0010-p0014,utt_833078ae15d1f7528919::p0010-p0014,c6ff4e5489678be6be206644fa2e9d1c4708f72b7cfa6e3606195c0aad867be7,c6ff4e5489678be6be206644fa2e9d1c4708f72b7cfa6e3606195c0aad867be7,113,113
21735,utt_7cd26b17943d4ba3d750::p0001-p0003,utt_7cd26b17943d4ba3d750::p0001-p0003,d454c8b942d380eec3f5a741edf6e76cc133dbd0d636e3656e0b231bf43bf683,d454c8b942d380eec3f5a741edf6e76cc133dbd0d636e3656e0b231bf43bf683,122,122
21735,utt_7cd26b17943d4ba3d750::p0004-p0005,utt_7cd26b17943d4ba3d750::p0004-p0005,4a912441fa2f888c6fb5d109d364d970ba12573f5afde6d726ae6e64de35ca89,4a912441fa2f888c6fb5d109d364d970ba12573f5afde6d726ae6e64de35ca89,103,103
21735,utt_7cd26b17943d4ba3d750::p0006-p0009,utt_7cd26b17943d4ba3d750::p0006-p0009,6333286e7695c01f1b4e9a54dba71bb71200fa00e13fa3e716137a772aba7c93,6333286e7695c01f1b4e9a54dba71bb71200fa00e13fa3e716137a772aba7c93,134,134
21735,utt_d4a553c6f59f797caf2f::p0001-p0003,utt_d4a553c6f59f797caf2f::p0001-p0003,ded5496a236e550b2c54692fce227b0d3eb1c70a7cee63468d5cc3501ae82ae5,ded5496a236e550b2c54692fce227b0d3eb1c70a7cee63468d5cc3501ae82ae5,144,144
21735,utt_d4a553c6f59f797caf2f::p0004-p0005,utt_d4a553c6f59f797caf2f::p0004-p0005,672ed604975f623cf981d95d65fe65cbf495c8e6220e78c0da8950f3afda3472,672ed604975f623cf981d95d65fe65cbf495c8e6220e78c0da8950f3afda3472,99,99
21735,utt_d4a553c6f59f797caf2f::p0006-p0008,utt_d4a553c6f59f797caf2f::p0006-p0010,e7a64cba7ff6c89c7e4e9740d554d41275e8c54e8a6a26047012a18eccf9ea28,7e3fbbfffecdb999c62c154d3e67d14cf3954966241db9b764a2e16839a96e11,141,167
21735,utt_d4a553c6f59f797caf2f::p0009-p0010,utt_d4a553c6f59f797caf2f::p0006-p0010,250d45105a74d2371865715c556365cbde69c4cdabbc8f96c25f912df63cc298,7e3fbbfffecdb999c62c154d3e67d14cf3954966241db9b764a2e16839a96e11,26,167
21735,utt_c94122dc42955b0965d6::p0001-p0002,utt_c94122dc42955b0965d6::p0001-p0002,6f659fc7cc7c9aba678b5065d61752ac8d4ce0cf3c07b4f1227af79505c7844d,6f659fc7cc7c9aba678b5065d61752ac8d4ce0cf3c07b4f1227af79505c7844d,84,84
21735,utt_c94122dc42955b0965d6::p0003,utt_c94122dc42955b0965d6::p0003,8d783e791cf5f95a9d155ee6072653a87489179dc576ba8d81aa2c5d8d28434a,8d783e791cf5f95a9d155ee6072653a87489179dc576ba8d81aa2c5d8d28434a,62,62
21735,utt_c94122dc42955b0965d6::p0004,utt_c94122dc42955b0965d6::p0004,9cbfd3f9dd45b62363cdfda10096656854b7198c1a110fb0a787e3c36fade02a,9cbfd3f9dd45b62363cdfda10096656854b7198c1a110fb0a787e3c36fade02a,82,82
21735,utt_c94122dc42955b0965d6::p0005,utt_c94122dc42955b0965d6::p0005,8789ada5b49b2680fee20cea0905200c801cf97fba4671125989ed8b9e311891,8789ada5b49b2680fee20cea0905200c801cf97fba4671125989ed8b9e311891,83,83
21735,utt_c94122dc42955b0965d6::p0006-p0008,utt_c94122dc42955b0965d6::p0006-p0010,4dd61c50fab2362d6f94aed5a422525d178f2d41ad5d4c3b008cd5538b48d5e7,d590424a75a8474cbdb38342787e8bf4df8113032dd45477460dd02326a7ca08,119,161
21735,utt_c94122dc42955b0965d6::p0009-p0010,utt_c94122dc42955b0965d6::p0006-p0010,03a167d9435340f9085ebdc452c2752ae151896a4bec1eda1c8e1b551a8cfa96,d590424a75a8474cbdb38342787e8bf4df8113032dd45477460dd02326a7ca08,42,161
21735,utt_a19db6a389cb8ef40869::p0001-p0002,utt_a19db6a389cb8ef40869::p0001-p0002,f9f4c6601cb82268a9fa651ebf98cfb4b270ec0371dbea1df19b6331f3efa797,f9f4c6601cb82268a9fa651ebf98cfb4b270ec0371dbea1df19b6331f3efa797,129,129
21735,utt_a19db6a389cb8ef40869::p0003-p0004,utt_a19db6a389cb8ef40869::p0003-p0004,5eed2c7720ec20cec9ddb2e6bf6c2634580e5f096874f289b434ee2263b1256f,5eed2c7720ec20cec9ddb2e6bf6c2634580e5f096874f289b434ee2263b1256f,97,97
21735,utt_a19db6a389cb8ef40869::p0005-p0006,utt_a19db6a389cb8ef40869::p0005-p0006,e131619633fbde602f523d0d4607d6e9c6ef4bc84c22f7f32a08075e1dbb789a,e131619633fbde602f523d0d4607d6e9c6ef4bc84c22f7f32a08075e1dbb789a,89,89
21735,utt_a19db6a389cb8ef40869::p0007,utt_a19db6a389cb8ef40869::p0007,d228deeff7040a4afe83bf25d57f2288776dc24552a5a5770bdb5db26dce2370,d228deeff7040a4afe83bf25d57f2288776dc24552a5a5770bdb5db26dce2370,76,76
21735,utt_a19db6a389cb8ef40869::p0008-p0010,utt_a19db6a389cb8ef40869::p0008-p0010,1a376bf7de893e8b7cd233c4197a652394610843e89020683927993736b04337,1a376bf7de893e8b7cd233c4197a652394610843e89020683927993736b04337,99,99
21735,utt_11a86553bb270d125053::p0001-p0005,utt_11a86553bb270d125053::p0001-p0005,66ae6eda3b5b568cab1a63479b64334e4b0f566a322b994695b6e74d005c746b,66ae6eda3b5b568cab1a63479b64334e4b0f566a322b994695b6e74d005c746b,145,145
21735,utt_11a86553bb270d125053::p0006-p0007,utt_11a86553bb270d125053::p0006-p0007,2f2e6949da7990a455822a3e00900cb2b4b9d8f451c126140053b73e070ecc2d,2f2e6949da7990a455822a3e00900cb2b4b9d8f451c126140053b73e070ecc2d,90,90
21735,utt_11a86553bb270d125053::p0008-p0011,utt_11a86553bb270d125053::p0008-p0011,949e3b95b497ff3da3c22f5ac95cf13a0da553d2fb7a9c747dd6f7687c4ebd66,949e3b95b497ff3da3c22f5ac95cf13a0da553d2fb7a9c747dd6f7687c4ebd66,137,137
21735,utt_9e57bbd0a118fc0abff9::p0001-p0003,utt_9e57bbd0a118fc0abff9::p0001-p0003,096f11787dab434b17a09dd68f1869649fdedc58596deae54f6ad43956638fba,096f11787dab434b17a09dd68f1869649fdedc58596deae54f6ad43956638fba,98,98
21735,utt_9e57bbd0a118fc0abff9::p0004-p0006,utt_9e57bbd0a118fc0abff9::p0004-p0006,3c30fb2e35ceb09e1765d47664dd8a63dc21077bbc9c6af421afecaa82356a3a,3c30fb2e35ceb09e1765d47664dd8a63dc21077bbc9c6af421afecaa82356a3a,150,150
21735,utt_9e57bbd0a118fc0abff9::p0007,utt_9e57bbd0a118fc0abff9::p0007,17dc543a5152e972702bbf257ce3329b3636398b53ff72fc9e03fc8a1507b798,17dc543a5152e972702bbf257ce3329b3636398b53ff72fc9e03fc8a1507b798,60,60
21735,utt_9e57bbd0a118fc0abff9::p0008,utt_9e57bbd0a118fc0abff9::p0008,59b1682de87d3529d544efd497c7c5fbd73cd6ec58fc3440e7dfab04c336ddd0,59b1682de87d3529d544efd497c7c5fbd73cd6ec58fc3440e7dfab04c336ddd0,127,127
21735,utt_9e57bbd0a118fc0abff9::p0009-p0012,utt_9e57bbd0a118fc0abff9::p0009-p0012,9e6637fc55414e808a655d7bf042a89a75296ce0c42178768846e4ce1ce247eb,9e6637fc55414e808a655d7bf042a89a75296ce0c42178768846e4ce1ce247eb,104,104
21735,utt_3ba290a1d2c91e92ef52::p0001-p0004,utt_3ba290a1d2c91e92ef52::p0001-p0004,60f2092a142ba4fd321d97199f70bd746fc59c31c202fb106239be38bf125496,60f2092a142ba4fd321d97199f70bd746fc59c31c202fb106239be38bf125496,140,140
21735,utt_3ba290a1d2c91e92ef52::p0005-p0007,utt_3ba290a1d2c91e92ef52::p0005-p0007,1a27506afd72a33efe8ea55272299482be6dc499d611186a4a4e903eaf0965ec,1a27506afd72a33efe8ea55272299482be6dc499d611186a4a4e903eaf0965ec,62,62
21735,utt_0aa5241e4e271cc6b411::p0001-p0003,utt_0aa5241e4e271cc6b411::p0001-p0003,cee08b6da5cccc551354d19803dac5f60e101ec9de50571a5999d539bb736474,cee08b6da5cccc551354d19803dac5f60e101ec9de50571a5999d539bb736474,123,123
21735,utt_0aa5241e4e271cc6b411::p0004-p0009,utt_0aa5241e4e271cc6b411::p0004-p0009,57d6799c326315f387b9533e984d0585ac2ff1e51f9c5e30d0210e8254d82f60,57d6799c326315f387b9533e984d0585ac2ff1e51f9c5e30d0210e8254d82f60,139,139
21735,utt_152addd01aefe3eccc43::p0001-p0003,utt_152addd01aefe3eccc43::p0001-p0003,09c0d451479eeb5b98269642e9421478e7e43bad6ef111fb2bce0bf2596c46d8,09c0d451479eeb5b98269642e9421478e7e43bad6ef111fb2bce0bf2596c46d8,113,113
21735,utt_152addd01aefe3eccc43::p0004,utt_152addd01aefe3eccc43::p0004,2d35e46ef960a9289f7a46e1c8ba3468044f74ece000941e6137c1d499e48780,2d35e46ef960a9289f7a46e1c8ba3468044f74ece000941e6137c1d499e48780,92,92
21735,utt_152addd01aefe3eccc43::p0005,utt_152addd01aefe3eccc43::p0005,6be87db441ac69de27da24a38bd88ca162ffe60a396bec3b1295e34ccd3dab7d,6be87db441ac69de27da24a38bd88ca162ffe60a396bec3b1295e34ccd3dab7d,93,93
21735,utt_152addd01aefe3eccc43::p0006,utt_152addd01aefe3eccc43::p0006,f27e032026407e7e439c4aa5245c5197fa7b82b1a54d29c2b19cb19573590190,f27e032026407e7e439c4aa5245c5197fa7b82b1a54d29c2b19cb19573590190,111,111
21735,utt_152addd01aefe3eccc43::p0007,utt_152addd01aefe3eccc43::p0007,6c790e88968fa908c90166432939dae918eabb2c0c7dab1247fc9d9fc0136832,6c790e88968fa908c90166432939dae918eabb2c0c7dab1247fc9d9fc0136832,52,52
21735,utt_152addd01aefe3eccc43::p0008-p0011,utt_152addd01aefe3eccc43::p0008-p0011,7cf1dc3428aae084d0719e626d009cad2e1d7939502652498b85a91cb0e6892d,7cf1dc3428aae084d0719e626d009cad2e1d7939502652498b85a91cb0e6892d,97,97
21735,utt_49383d5f174b10123f3f::p0001s001,utt_49383d5f174b10123f3f::p0001s001,188f08598694d29a10649042c918cfdd32755dec2ffc3c6125bebf9959d74d7c,188f08598694d29a10649042c918cfdd32755dec2ffc3c6125bebf9959d74d7c,102,102
21735,utt_49383d5f174b10123f3f::p0001s002,utt_49383d5f174b10123f3f::p0001s002,1eb74373cd2ef2dcf95d629bea0ec7643202bcac5387e54b966047c200db326d,1eb74373cd2ef2dcf95d629bea0ec7643202bcac5387e54b966047c200db326d,50,50
21735,utt_49383d5f174b10123f3f::p0002,utt_49383d5f174b10123f3f::p0002,9ea9c3883222574af3061e78aabc0c7e990187e147454e08303eaa5853df87d4,9ea9c3883222574af3061e78aabc0c7e990187e147454e08303eaa5853df87d4,59,59
21735,utt_49383d5f174b10123f3f::p0003-p0005,utt_49383d5f174b10123f3f::p0003-p0005,b35e07db8f263797a7331d6da42d710f822a812557b3a6660f639059b12a9055,b35e07db8f263797a7331d6da42d710f822a812557b3a6660f639059b12a9055,106,106
21735,utt_af24040970067f8b757f::p0001,utt_af24040970067f8b757f::p0001,49415867aeb7c64cd49f1938c8a9b491f4e25ed56289eff6cf2126aa216d753b,49415867aeb7c64cd49f1938c8a9b491f4e25ed56289eff6cf2126aa216d753b,92,92
21735,utt_af24040970067f8b757f::p0002,utt_af24040970067f8b757f::p0002,15d84038c211beb5207a02bbdc41ea6007d58c0d7012b63ce5113d571533c8f2,15d84038c211beb5207a02bbdc41ea6007d58c0d7012b63ce5113d571533c8f2,92,92
21735,utt_af24040970067f8b757f::p0003,utt_af24040970067f8b757f::p0003,de0146e83c9aa0278b950cbcbb879590dbcb2148622bcc7a0ee252d012777766,de0146e83c9aa0278b950cbcbb879590dbcb2148622bcc7a0ee252d012777766,77,77
21735,utt_af24040970067f8b757f::p0004-p0005,utt_af24040970067f8b757f::p0004-p0005,2a81493485f0af6dc7e68201b4499a5ba601a51ad1f067c7b1837a0e891f0757,2a81493485f0af6dc7e68201b4499a5ba601a51ad1f067c7b1837a0e891f0757,140,140
21735,utt_e4ac9c5745c3bfc3599c::p0001,utt_e4ac9c5745c3bfc3599c::p0001,3414f11608c7bd7634cb557821b1a236a5fa3d0e4f3c9a95749dd1b4d0ca0100,3414f11608c7bd7634cb557821b1a236a5fa3d0e4f3c9a95749dd1b4d0ca0100,56,56
21735,utt_7036b4b941b90980f209::p0001,utt_7036b4b941b90980f209::p0001,ee802565628d086eb959098eb72327073b0fa2a079558a5e22cc76f1eaaea153,ee802565628d086eb959098eb72327073b0fa2a079558a5e22cc76f1eaaea153,47,47
21735,utt_089f9ec7fda9e253a029::p0001-p0002,utt_089f9ec7fda9e253a029::p0001-p0002,3a828f92f5bb29871540fd383c17a56d4f1411a84bed499b65b2af7e8bbf8ed3,3a828f92f5bb29871540fd383c17a56d4f1411a84bed499b65b2af7e8bbf8ed3,27,27
21735,utt_685940f275a50ce90e34::p0001-p0002,utt_685940f275a50ce90e34::p0001-p0002,8c63a11afb4c096021ee723b50a4e16b14795ffd3845e1a1aa6c0ea68637b569,8c63a11afb4c096021ee723b50a4e16b14795ffd3845e1a1aa6c0ea68637b569,15,15
21735,utt_dca5bada1fbd60f28a61::p0001-p0002,utt_dca5bada1fbd60f28a61::p0001-p0002,7b5081a5806bc6b3a4eff6fc8189926c18939786959957536c99a020fe67e121,7b5081a5806bc6b3a4eff6fc8189926c18939786959957536c99a020fe67e121,59,59
21735,utt_dca5bada1fbd60f28a61::p0003,utt_dca5bada1fbd60f28a61::p0003,af1528e449bf8f169a66be87422544489b016fa1dbe1740271e5fd2c9e4248b5,af1528e449bf8f169a66be87422544489b016fa1dbe1740271e5fd2c9e4248b5,107,107
21735,utt_dca5bada1fbd60f28a61::p0004-p0005,utt_dca5bada1fbd60f28a61::p0004-p0005,4ce322351a433ef558ba1863aebf856fb3b16cc609caea067671d3f038e833aa,4ce322351a433ef558ba1863aebf856fb3b16cc609caea067671d3f038e833aa,138,138
21735,utt_dca5bada1fbd60f28a61::p0006-p0008,utt_dca5bada1fbd60f28a61::p0006-p0008,5c53f09f01570db9d2d0ecc65af6c803b689ab10c2935e1bede46f3572d271ae,5c53f09f01570db9d2d0ecc65af6c803b689ab10c2935e1bede46f3572d271ae,127,127
21735,utt_5a159c199fa674ac278e::p0001,utt_5a159c199fa674ac278e::p0001,ebd82c1c9dd1d2ae02a82ca75f2b89a794f5ff404760a92c2a1fa77f988508a5,ebd82c1c9dd1d2ae02a82ca75f2b89a794f5ff404760a92c2a1fa77f988508a5,94,94
21735,utt_5a159c199fa674ac278e::p0002-p0003,utt_5a159c199fa674ac278e::p0002-p0003,7e8adde7c8e31fe2faae36fa8a843b7b9e755cefc0756c4c87950434f9d2cb52,7e8adde7c8e31fe2faae36fa8a843b7b9e755cefc0756c4c87950434f9d2cb52,131,131
21735,utt_5a159c199fa674ac278e::p0004,utt_5a159c199fa674ac278e::p0004,35f9e8592b15896781cc3f73a4553f603ed8d11527925ac49c34a760c0a7408d,35f9e8592b15896781cc3f73a4553f603ed8d11527925ac49c34a760c0a7408d,63,63
21735,utt_5a159c199fa674ac278e::p0005-p0007,utt_5a159c199fa674ac278e::p0005-p0007,8b542c00c3bdb80b93d82a19ffd078ea7f154719e7d342dbd1e0eb0662f35c19,8b542c00c3bdb80b93d82a19ffd078ea7f154719e7d342dbd1e0eb0662f35c19,133,133
21735,utt_b4b5dcbb30561e3e7658::p0001s001,utt_b4b5dcbb30561e3e7658::p0001s001,fbb5caea888eb094de46cd109e09e67f7eb9ae00816b5dadb538368c1e75edaf,fbb5caea888eb094de46cd109e09e67f7eb9ae00816b5dadb538368c1e75edaf,150,150
21735,utt_b4b5dcbb30561e3e7658::p0001s002-p0002,utt_b4b5dcbb30561e3e7658::p0001s002-p0002,5d1fbd6ebf6389c698df57caee76076b562d953afa1db89ba009285f6a8f1667,5d1fbd6ebf6389c698df57caee76076b562d953afa1db89ba009285f6a8f1667,59,59
21735,utt_b4b5dcbb30561e3e7658::p0003-p0005,utt_b4b5dcbb30561e3e7658::p0003-p0005,dee3cd0089f2df0ae488a5e79cffaf21d1088cabb657194b4a425e2d9456127b,dee3cd0089f2df0ae488a5e79cffaf21d1088cabb657194b4a425e2d9456127b,67,67
21735,utt_45a7a733e521fbad0db2::p0001-p0002,utt_45a7a733e521fbad0db2::p0001-p0002,278e47da49a3389044c7339152d968404bddcd675700ccddc08c2cb293f7c718,278e47da49a3389044c7339152d968404bddcd675700ccddc08c2cb293f7c718,112,112
21735,utt_45a7a733e521fbad0db2::p0003,utt_45a7a733e521fbad0db2::p0003,87eb50b504fc9188a7019dc07f428d86db227693f5b86afe881b9a944a02725f,87eb50b504fc9188a7019dc07f428d86db227693f5b86afe881b9a944a02725f,63,63
21735,utt_45a7a733e521fbad0db2::p0004,utt_45a7a733e521fbad0db2::p0004,5c95ecfc5475dad0b66a708ff647525abd0f4dc6757ec0713137552fed054d8d,5c95ecfc5475dad0b66a708ff647525abd0f4dc6757ec0713137552fed054d8d,71,71
21735,utt_45a7a733e521fbad0db2::p0005-p0006,utt_45a7a733e521fbad0db2::p0005-p0006,c8522d54c2762b7d975c62ea6c9ece865868e4df06ed22d2abb9b091569121b3,c8522d54c2762b7d975c62ea6c9ece865868e4df06ed22d2abb9b091569121b3,123,123
21735,utt_45a7a733e521fbad0db2::p0007,utt_45a7a733e521fbad0db2::p0007,25ef0e59405ff082c2e50338ef2e8dc02d010949bf680fe5b8fa2516dfc4d106,25ef0e59405ff082c2e50338ef2e8dc02d010949bf680fe5b8fa2516dfc4d106,51,51
21735,utt_45a7a733e521fbad0db2::p0008-p0010,utt_45a7a733e521fbad0db2::p0008-p0010,fc161eb3d9fcb7866ce319b0261307e064d4dfdc8d3991b4d1653d53366f89c3,fc161eb3d9fcb7866ce319b0261307e064d4dfdc8d3991b4d1653d53366f89c3,58,58
21735,utt_545873a8d07cd4caadff::p0001,utt_545873a8d07cd4caadff::p0001,fc956fc80b1fadf71b31cb16a461145ad01881d9f5e8b290b67c137a346a8d42,fc956fc80b1fadf71b31cb16a461145ad01881d9f5e8b290b67c137a346a8d42,63,63
21735,utt_545873a8d07cd4caadff::p0002-p0004,utt_545873a8d07cd4caadff::p0002-p0004,db74541ca1cc3276c220bcf366aada445e27f6f45858aae7794a5d301e1b2788,db74541ca1cc3276c220bcf366aada445e27f6f45858aae7794a5d301e1b2788,104,104
21735,utt_545873a8d07cd4caadff::p0005-p0006,utt_545873a8d07cd4caadff::p0005-p0006,2974037ba2deadc06fc8c4165ad8ade7e309e2b07581bf94c1479d81284d7b59,2974037ba2deadc06fc8c4165ad8ade7e309e2b07581bf94c1479d81284d7b59,106,106
21735,utt_545873a8d07cd4caadff::p0007-p0010,utt_545873a8d07cd4caadff::p0007-p0010,22c93f1ce6e36bdbe3f655965a4fc2afba7b6a876077c60457cda86c0c44f88d,22c93f1ce6e36bdbe3f655965a4fc2afba7b6a876077c60457cda86c0c44f88d,140,140
21735,utt_545873a8d07cd4caadff::p0011-p0014,utt_545873a8d07cd4caadff::p0011-p0014,392e97ef80035d7195e4ebb69165bfab7c74f97547e847af4f83ebe25009ffc7,392e97ef80035d7195e4ebb69165bfab7c74f97547e847af4f83ebe25009ffc7,83,83
21735,utt_89a0364da4869f12ab38::p0001-p0003,utt_89a0364da4869f12ab38::p0001-p0003,777612c81a48173e46feeadcfd4cf266d74de5b4ad2b4bb3ba4d204ab698e955,777612c81a48173e46feeadcfd4cf266d74de5b4ad2b4bb3ba4d204ab698e955,129,129
21735,utt_89a0364da4869f12ab38::p0004,utt_89a0364da4869f12ab38::p0004,2c7040b36ad28555f749b48b0f0e3106737d196f382e827db2c4f0ae805c1b5d,2c7040b36ad28555f749b48b0f0e3106737d196f382e827db2c4f0ae805c1b5d,58,58
21735,utt_89a0364da4869f12ab38::p0005-p0006,utt_89a0364da4869f12ab38::p0005-p0006,ff975f97989d515fe5909472116b48256cdcc14286666dc054507cd61f73e927,ff975f97989d515fe5909472116b48256cdcc14286666dc054507cd61f73e927,103,103
21735,utt_89a0364da4869f12ab38::p0007-p0010,utt_89a0364da4869f12ab38::p0007-p0010,ec533d4f80d26d1a1256e05aa6fe3e120a606154a2251088579cf3ccc070b0e5,ec533d4f80d26d1a1256e05aa6fe3e120a606154a2251088579cf3ccc070b0e5,138,138
21735,utt_f2c7c80b28e485a5da9d::p0001-p0002,utt_f2c7c80b28e485a5da9d::p0001-p0002,75eb0e1154b6557bd8e71cb8a17afaef10c36a1775bb12d913b27a3d46d3d9ba,75eb0e1154b6557bd8e71cb8a17afaef10c36a1775bb12d913b27a3d46d3d9ba,94,94
21735,utt_f2c7c80b28e485a5da9d::p0003-p0005,utt_f2c7c80b28e485a5da9d::p0003-p0005,a2bfef47a4ca3ebab07690a6a075f03f4a44a918c071558fd77f0ec22146c9f4,a2bfef47a4ca3ebab07690a6a075f03f4a44a918c071558fd77f0ec22146c9f4,120,120
21735,utt_f2c7c80b28e485a5da9d::p0006-p0007,utt_f2c7c80b28e485a5da9d::p0006-p0007,9e8dea3ff0cffb3eb41346cf8cb12f1a72f6d9115aed48c6c23bcb4a67e970d3,9e8dea3ff0cffb3eb41346cf8cb12f1a72f6d9115aed48c6c23bcb4a67e970d3,101,101
21735,utt_f2c7c80b28e485a5da9d::p0008-p0010,utt_f2c7c80b28e485a5da9d::p0008-p0010,a02d5403293505f7529df2dd8459802a2d9533dbdb8c2e045edfe5dcad7f58f4,a02d5403293505f7529df2dd8459802a2d9533dbdb8c2e045edfe5dcad7f58f4,119,119
21735,utt_f2c7c80b28e485a5da9d::p0011-p0013,utt_f2c7c80b28e485a5da9d::p0011-p0013,6ce6773a6343f6cb79f290b3515c07ada12837f2c80aa1bc6092f9f5e1c0279b,6ce6773a6343f6cb79f290b3515c07ada12837f2c80aa1bc6092f9f5e1c0279b,72,72
21735,utt_9c34162ae1f2509d91fd::p0001,utt_9c34162ae1f2509d91fd::p0001,e33620fbd33b4fc9a841c79fc346e3470c19a5ef7e847419dd208962ae8875c4,e33620fbd33b4fc9a841c79fc346e3470c19a5ef7e847419dd208962ae8875c4,52,52
21735,utt_9c34162ae1f2509d91fd::p0002,utt_9c34162ae1f2509d91fd::p0002,1bc8df61f53b719e39303f6a46eb14ff45fe4f4d73114281c36c8a2617ed53fa,1bc8df61f53b719e39303f6a46eb14ff45fe4f4d73114281c36c8a2617ed53fa,63,63
21735,utt_9c34162ae1f2509d91fd::p0003-p0005,utt_9c34162ae1f2509d91fd::p0003-p0005,9ad483d58734b8c096615fa4ffb2e12c10ff8302ca4e24e37b7b6cd7c137fbe0,9ad483d58734b8c096615fa4ffb2e12c10ff8302ca4e24e37b7b6cd7c137fbe0,124,124
21735,utt_9c34162ae1f2509d91fd::p0006-p0008,utt_9c34162ae1f2509d91fd::p0006-p0008,15a5a20f7b82642ed7d57a8ef73ce9a6c1d2043ee5d3df12d88889ffddf9196a,15a5a20f7b82642ed7d57a8ef73ce9a6c1d2043ee5d3df12d88889ffddf9196a,117,117
21735,utt_9c34162ae1f2509d91fd::p0009-p0011,utt_9c34162ae1f2509d91fd::p0009-p0011,6f4d9982177e4f29713b25821ddee3ea011e391368eeb486193a4db47038d5b0,6f4d9982177e4f29713b25821ddee3ea011e391368eeb486193a4db47038d5b0,60,60
21735,utt_8acb5ffc696737481191::p0001-p0003,utt_8acb5ffc696737481191::p0001-p0003,cdee3f69e249d0310c576da50d052ce76b000dd43992bb92596e9431a1716dc1,cdee3f69e249d0310c576da50d052ce76b000dd43992bb92596e9431a1716dc1,32,32
21735,utt_a4dafa7bef359fa55edd::p0001-p0003,utt_a4dafa7bef359fa55edd::p0001-p0003,7df456b1a58c23647becbdd1ddef3f587b4efcce261d1ee5993e7754cdc70dd1,7df456b1a58c23647becbdd1ddef3f587b4efcce261d1ee5993e7754cdc70dd1,124,124
21735,utt_a4dafa7bef359fa55edd::p0004,utt_a4dafa7bef359fa55edd::p0004,1a1a5cf515661a326aec84eeee0362bb5886ccb7eb7eb6901235f092070ec84e,1a1a5cf515661a326aec84eeee0362bb5886ccb7eb7eb6901235f092070ec84e,58,58
21735,utt_a4dafa7bef359fa55edd::p0005-p0007,utt_a4dafa7bef359fa55edd::p0005-p0007,28f0b9659ba86fe1ed25de15b91d15f9b6df916a2e48d02e4a715384b363d804,28f0b9659ba86fe1ed25de15b91d15f9b6df916a2e48d02e4a715384b363d804,133,133
21735,utt_a4dafa7bef359fa55edd::p0008-p0011,utt_a4dafa7bef359fa55edd::p0008-p0011,3d6cc3f30101e3b6267ee7d98506716bdf445a7cde49c9b0cb07c3bc39d238c3,3d6cc3f30101e3b6267ee7d98506716bdf445a7cde49c9b0cb07c3bc39d238c3,139,139
21735,utt_cda53dac5a90bdd9c0ed::p0001-p0003,utt_cda53dac5a90bdd9c0ed::p0001-p0003,1cc3bbd2772c59f505c53e2c6b19a7f9e035db5e7108d25e6cd0559543b9a54c,1cc3bbd2772c59f505c53e2c6b19a7f9e035db5e7108d25e6cd0559543b9a54c,105,105
21735,utt_cda53dac5a90bdd9c0ed::p0004,utt_cda53dac5a90bdd9c0ed::p0004,15d1f348f8a924127dadef7e41c29729bfb30f28227135767c11d9d10dbbe6c0,15d1f348f8a924127dadef7e41c29729bfb30f28227135767c11d9d10dbbe6c0,73,73
21735,utt_cda53dac5a90bdd9c0ed::p0005-p0007,utt_cda53dac5a90bdd9c0ed::p0005-p0007,9fc6876b633c7ada3da36e6bb1ccec540129dc7947e9808a555d7742c504cfad,9fc6876b633c7ada3da36e6bb1ccec540129dc7947e9808a555d7742c504cfad,113,113
21735,utt_cda53dac5a90bdd9c0ed::p0008-p0012,utt_cda53dac5a90bdd9c0ed::p0008-p0012,46952bc7cdd6357f965ef21439c81f127f4f9610d23e1e893da4fcdb476dc18b,46952bc7cdd6357f965ef21439c81f127f4f9610d23e1e893da4fcdb476dc18b,148,148
21735,utt_191c5ce5c62373371968::p0001-p0002,utt_191c5ce5c62373371968::p0001-p0002,255cb1972f7ed58a7657a83f946e02cd8a3db68c3fc09e73c279d7cbd2d1e0a4,255cb1972f7ed58a7657a83f946e02cd8a3db68c3fc09e73c279d7cbd2d1e0a4,94,94
21735,utt_191c5ce5c62373371968::p0003,utt_191c5ce5c62373371968::p0003,66716bf55098f887b4d8ddc728a70d0d16b838e0f034fe62e992f04bee1b6a7d,66716bf55098f887b4d8ddc728a70d0d16b838e0f034fe62e992f04bee1b6a7d,59,59
21735,utt_191c5ce5c62373371968::p0004,utt_191c5ce5c62373371968::p0004,080642ebd86ae18576e6fa1820336f29bcc7840340191f565eb7e55abe9d6092,080642ebd86ae18576e6fa1820336f29bcc7840340191f565eb7e55abe9d6092,51,51
21735,utt_191c5ce5c62373371968::p0005,utt_191c5ce5c62373371968::p0005,7b6f33864015a5496d409244188816e91be1f9d26b0217f02dcd71deb303e94c,7b6f33864015a5496d409244188816e91be1f9d26b0217f02dcd71deb303e94c,59,59
21735,utt_191c5ce5c62373371968::p0006-p0007,utt_191c5ce5c62373371968::p0006-p0007,14530a02786eb8fbd3c3e6c248052452877861c48479bdd4d2261ec910d6371f,14530a02786eb8fbd3c3e6c248052452877861c48479bdd4d2261ec910d6371f,95,95
21735,utt_191c5ce5c62373371968::p0008-p0011,utt_191c5ce5c62373371968::p0008-p0011,083442e64e5d28ef17bf690aa0a425b7b6340d6b3e9dfb40013f1ee53b185555,083442e64e5d28ef17bf690aa0a425b7b6340d6b3e9dfb40013f1ee53b185555,93,93
21735,utt_f05b64ff7a5f5ab3eef7::p0001-p0002,utt_f05b64ff7a5f5ab3eef7::p0001-p0002,ab02ece4f31645eeb8829174921528bbc8437d02934bbd393c8172e9f654b678,ab02ece4f31645eeb8829174921528bbc8437d02934bbd393c8172e9f654b678,98,98
21735,utt_f05b64ff7a5f5ab3eef7::p0003-p0004,utt_f05b64ff7a5f5ab3eef7::p0003-p0004,6a6e150620600c33333cebf1e1507106e1ed41d62807f91a9f0f338ad6e6dd3e,6a6e150620600c33333cebf1e1507106e1ed41d62807f91a9f0f338ad6e6dd3e,102,102
21735,utt_f05b64ff7a5f5ab3eef7::p0005,utt_f05b64ff7a5f5ab3eef7::p0005,97845effb273b7598bc130963480ab66a15dfb8c07b511c6da20213e05223d56,97845effb273b7598bc130963480ab66a15dfb8c07b511c6da20213e05223d56,103,103
21735,utt_f05b64ff7a5f5ab3eef7::p0006,utt_f05b64ff7a5f5ab3eef7::p0006,49040dfe4018b82b743cbf944ee70b0188f51b754491a8849d786a5e3d747beb,49040dfe4018b82b743cbf944ee70b0188f51b754491a8849d786a5e3d747beb,74,74
21735,utt_f05b64ff7a5f5ab3eef7::p0007-p0010,utt_f05b64ff7a5f5ab3eef7::p0007-p0010,590a7a4969e0c5d10c864e5a81fed911b5c1d7a5d24dde749361b22a6b35573e,590a7a4969e0c5d10c864e5a81fed911b5c1d7a5d24dde749361b22a6b35573e,97,97
21735,utt_d673e9a3526a14548683::p0001-p0002,utt_d673e9a3526a14548683::p0001-p0002,ff77901fe5f17c42b0e88dd3ab0a22c04e18ac3558e6316b566479802651d075,ff77901fe5f17c42b0e88dd3ab0a22c04e18ac3558e6316b566479802651d075,133,133
21735,utt_d673e9a3526a14548683::p0003-p0004,utt_d673e9a3526a14548683::p0003-p0004,e8a8dd3382b4723d13a93bf8be6169e5942518e9a85174f6a3687bd7590a5ba7,e8a8dd3382b4723d13a93bf8be6169e5942518e9a85174f6a3687bd7590a5ba7,77,77
21735,utt_d673e9a3526a14548683::p0005s001,utt_d673e9a3526a14548683::p0005s001,27523a9e3a202193d778eb81d3b370c54323bcb5c5c21120c008dcce66add0bb,27523a9e3a202193d778eb81d3b370c54323bcb5c5c21120c008dcce66add0bb,114,114
21735,utt_d673e9a3526a14548683::p0005s002-p0007,utt_d673e9a3526a14548683::p0005s002-p0010,4e886a204804751fc42b21cee8468692d2fa0a25ac84a88005b707fa9dfb909d,6ef280a7fa1e254d85848845bee31caab2a4869087dd3aece47a0861045b8bf3,131,174
21735,utt_d673e9a3526a14548683::p0008-p0010,utt_d673e9a3526a14548683::p0005s002-p0010,1781d829d31ff3312dbf4677bf9cc24c43cd615076b42079aa430d6612e63b12,6ef280a7fa1e254d85848845bee31caab2a4869087dd3aece47a0861045b8bf3,43,174
21735,utt_388b2561b891cce5cead::p0001,utt_388b2561b891cce5cead::p0001,8082dd9940f8ae0bbff5aa909bf3cdd901372a8bc3701603da5d952087a0a983,8082dd9940f8ae0bbff5aa909bf3cdd901372a8bc3701603da5d952087a0a983,11,11
21735,utt_f1c2f0ebc6c9a3c6aad3::p0001-p0003,utt_f1c2f0ebc6c9a3c6aad3::p0001-p0003,c563a1903789767904a9c138f8e9cfb862c7ba84715d381a1bc40c45f44c8215,c563a1903789767904a9c138f8e9cfb862c7ba84715d381a1bc40c45f44c8215,80,80
21735,utt_eeb5ce1521443604fab6::p0001-p0004,utt_eeb5ce1521443604fab6::p0001-p0004,7e7d75a55b81fd447d981ccccfb1e792cf7607fca53c472725818d3cd8ca5b98,7e7d75a55b81fd447d981ccccfb1e792cf7607fca53c472725818d3cd8ca5b98,86,86
21735,utt_c036c28c444016edada6::p0001-p0003,utt_c036c28c444016edada6::p0001-p0003,de40745bc1247f01bbe02ffb04d4fafa5092e56aeaa2ac5d775e6344a0895b52,de40745bc1247f01bbe02ffb04d4fafa5092e56aeaa2ac5d775e6344a0895b52,136,136
21735,utt_c036c28c444016edada6::p0004-p0007,utt_c036c28c444016edada6::p0004-p0007,c58a31ba6c69bae90f85eebf5ceeb2f1d2d0d02c5f410bc1ba4e4e725aa60788,c58a31ba6c69bae90f85eebf5ceeb2f1d2d0d02c5f410bc1ba4e4e725aa60788,138,138
21735,utt_c036c28c444016edada6::p0008-p0011,utt_c036c28c444016edada6::p0008-p0011,36dc513dad3c9a636dd50accb9e0735e3f3617701e3b7d661d532390c9ea2d5b,36dc513dad3c9a636dd50accb9e0735e3f3617701e3b7d661d532390c9ea2d5b,54,54
21735,utt_8a7bd0478b494f3601cc::p0001,utt_8a7bd0478b494f3601cc::p0001,c663426b22a3a9700face195b5bcd355da5c3ca3d4d00ae1c85f5e58b6ae098c,c663426b22a3a9700face195b5bcd355da5c3ca3d4d00ae1c85f5e58b6ae098c,8,8
21735,utt_4b0c2b128860729b1ca6::p0001-p0004,utt_4b0c2b128860729b1ca6::p0001-p0004,0fb30e0b6b0908568658a3e98d93beab20255b441a3c00f8baf44d9f5ccaca66,0fb30e0b6b0908568658a3e98d93beab20255b441a3c00f8baf44d9f5ccaca66,134,134
21735,utt_4b0c2b128860729b1ca6::p0005-p0008,utt_4b0c2b128860729b1ca6::p0005-p0008,fcfbdaf4f7ad78ab1f4cd2627b888ab4c5510bba5f771163af02e05bf67663a2,fcfbdaf4f7ad78ab1f4cd2627b888ab4c5510bba5f771163af02e05bf67663a2,146,146
21735,utt_4b0c2b128860729b1ca6::p0009-p0013,utt_4b0c2b128860729b1ca6::p0009-p0013,114f0644d471244e618b018328bb320971579d11fe702d097dff8e046b5b825c,114f0644d471244e618b018328bb320971579d11fe702d097dff8e046b5b825c,124,124
21735,utt_fae337f68919aee99163::p0001-p0003,utt_fae337f68919aee99163::p0001-p0003,e99187d5a19a5057f60598f50d72baa1df7982a3698e7e25fb629634c6d397ca,e99187d5a19a5057f60598f50d72baa1df7982a3698e7e25fb629634c6d397ca,117,117
21735,utt_fae337f68919aee99163::p0004-p0006,utt_fae337f68919aee99163::p0004-p0006,a93a53374f9b19836dc8348723588449e5e76ffe0c66556e1ade8ea5a19c2bb9,a93a53374f9b19836dc8348723588449e5e76ffe0c66556e1ade8ea5a19c2bb9,124,124
21735,utt_fae337f68919aee99163::p0007-p0011,utt_fae337f68919aee99163::p0007-p0011,b8485cd6d068abbbf1737314fb03ea903d62f9b850716d4ec85cf28ccce10e4e,b8485cd6d068abbbf1737314fb03ea903d62f9b850716d4ec85cf28ccce10e4e,148,148
21735,utt_31af45c4a381044dc277::p0001-p0002,utt_31af45c4a381044dc277::p0001-p0002,5b37c54efac8e92d2daebfabaa353836d60701a1bc72c712ab02634b53b72bd2,5b37c54efac8e92d2daebfabaa353836d60701a1bc72c712ab02634b53b72bd2,102,102
21735,utt_31af45c4a381044dc277::p0003,utt_31af45c4a381044dc277::p0003,44117c938a7992eb266a29d3cfae2570acafcd05fe0fdac578273e71d4306309,44117c938a7992eb266a29d3cfae2570acafcd05fe0fdac578273e71d4306309,97,97
21735,utt_31af45c4a381044dc277::p0004,utt_31af45c4a381044dc277::p0004,39df231e1f16c78757e244f320936f166429e319b9c19894cccd67f5484c24a2,39df231e1f16c78757e244f320936f166429e319b9c19894cccd67f5484c24a2,79,79
21735,utt_31af45c4a381044dc277::p0005-p0007,utt_31af45c4a381044dc277::p0005-p0007,16bbc29ddc0651c2bda279dedba408a8cf290420da5eb9291aeeb45d49933d6c,16bbc29ddc0651c2bda279dedba408a8cf290420da5eb9291aeeb45d49933d6c,65,65
21735,utt_995fd2fc42110ca96b48::p0001-p0003,utt_995fd2fc42110ca96b48::p0001-p0003,49c4caee9665c2f906aaf8434d58ed5ab6525d63fbb44a90f1491fd734b77cda,49c4caee9665c2f906aaf8434d58ed5ab6525d63fbb44a90f1491fd734b77cda,110,110
21735,utt_995fd2fc42110ca96b48::p0004,utt_995fd2fc42110ca96b48::p0004,7a77bee847136cd6d27e92ee48c0ca33ea98af24c94661ba28092668467c8dfe,7a77bee847136cd6d27e92ee48c0ca33ea98af24c94661ba28092668467c8dfe,66,66
21735,utt_995fd2fc42110ca96b48::p0005-p0006,utt_995fd2fc42110ca96b48::p0005-p0006,cde7ff12b1fe9e29d861bf595c60bf4be8dda533ea3b9b14dbca532c32153cad,cde7ff12b1fe9e29d861bf595c60bf4be8dda533ea3b9b14dbca532c32153cad,100,100
21735,utt_995fd2fc42110ca96b48::p0007-p0009,utt_995fd2fc42110ca96b48::p0007-p0009,c40f2603eb53d2cb529d47b185e398915e4b989824a0805ffae2d4b019cc3f3f,c40f2603eb53d2cb529d47b185e398915e4b989824a0805ffae2d4b019cc3f3f,68,68
21735,utt_d8708007c29e312644d4::p0001-p0002,utt_d8708007c29e312644d4::p0001-p0002,55bd52ea2b5afab34a07a6d270499202231bf74327d1bdc2aebe6b1597744b1f,55bd52ea2b5afab34a07a6d270499202231bf74327d1bdc2aebe6b1597744b1f,78,78
21735,utt_d8708007c29e312644d4::p0003,utt_d8708007c29e312644d4::p0003,8366e4e70634e8a663986cf89ed59265a542d6a534878c462185ed5ae0d06f2c,8366e4e70634e8a663986cf89ed59265a542d6a534878c462185ed5ae0d06f2c,117,117
21735,utt_d8708007c29e312644d4::p0004,utt_d8708007c29e312644d4::p0004,4429e21c946ae2bf421c38eb599ce249f4af806ffeccf2fc1d4266718086598c,4429e21c946ae2bf421c38eb599ce249f4af806ffeccf2fc1d4266718086598c,117,117
21735,utt_d8708007c29e312644d4::p0005-p0006,utt_d8708007c29e312644d4::p0005-p0006,c82f95da03691f0efaec14a12364a9b8e528726555838b1274473447ee9a34bc,c82f95da03691f0efaec14a12364a9b8e528726555838b1274473447ee9a34bc,105,105
21735,utt_51df79529d233ae27220::p0001-p0003,utt_51df79529d233ae27220::p0001-p0003,7f40c86f4b6b5820576e78428bf568a4ce44b3257906dcf0b4d4efd6958df3ef,7f40c86f4b6b5820576e78428bf568a4ce44b3257906dcf0b4d4efd6958df3ef,120,120
21735,utt_51df79529d233ae27220::p0004,utt_51df79529d233ae27220::p0004,5b3d147d2592730e54319318bb5838c4404fba1ecb6356488e63659be5a00172,5b3d147d2592730e54319318bb5838c4404fba1ecb6356488e63659be5a00172,86,86
21735,utt_51df79529d233ae27220::p0005,utt_51df79529d233ae27220::p0005,29c18060d4df0bd78969e553538b9bb9f5d9845422633867679f69d71bbd48f4,29c18060d4df0bd78969e553538b9bb9f5d9845422633867679f69d71bbd48f4,75,75
21735,utt_51df79529d233ae27220::p0006-p0008,utt_51df79529d233ae27220::p0006-p0008,52769c4b92622c973ef167d563a4e2dde0f5405f4462a72bf006665718db9a92,52769c4b92622c973ef167d563a4e2dde0f5405f4462a72bf006665718db9a92,135,135
21735,utt_51df79529d233ae27220::p0009-p0012,utt_51df79529d233ae27220::p0009-p0012,b11174780533086cb53843905c8529026b4d0b9149f18df3f0fc88b29a2f5e0a,b11174780533086cb53843905c8529026b4d0b9149f18df3f0fc88b29a2f5e0a,111,111
21735,utt_7b7f5d4cd7a1af22571e::p0001-p0003,utt_7b7f5d4cd7a1af22571e::p0001-p0003,b8e27f855b683b17ee5cc4b59e1137b2896cfa8b97e36135b790577c3467f1fd,b8e27f855b683b17ee5cc4b59e1137b2896cfa8b97e36135b790577c3467f1fd,114,114
21735,utt_7b7f5d4cd7a1af22571e::p0004-p0005,utt_7b7f5d4cd7a1af22571e::p0004-p0005,92999e69ab1f515e202329aa8d805fd2eb5136c7782d238e43b7ffd2edfdff33,92999e69ab1f515e202329aa8d805fd2eb5136c7782d238e43b7ffd2edfdff33,101,101
21735,utt_7b7f5d4cd7a1af22571e::p0006-p0010,utt_7b7f5d4cd7a1af22571e::p0006-p0010,a18236ff19c87c1d4dfb8f47a3ad0847cd3fb55c89fe4207b8e87df645bb62fc,a18236ff19c87c1d4dfb8f47a3ad0847cd3fb55c89fe4207b8e87df645bb62fc,142,142
21735,utt_7b7f5d4cd7a1af22571e::p0011-p0013,utt_7b7f5d4cd7a1af22571e::p0011-p0013,bbb2047c2a8e4a296321b6eaa41221b6650e95c1a082649bf4fc4ee8693f0eac,bbb2047c2a8e4a296321b6eaa41221b6650e95c1a082649bf4fc4ee8693f0eac,56,56
21735,utt_e442528ebda5345211b5::p0001-p0003,utt_e442528ebda5345211b5::p0001-p0003,2dfbcffc0bb67a293fe98f7534a9272a223276f2008b3a048650c90497d33044,2dfbcffc0bb67a293fe98f7534a9272a223276f2008b3a048650c90497d33044,129,129
21735,utt_e442528ebda5345211b5::p0004,utt_e442528ebda5345211b5::p0004,036cd28941c975ccce8fa182b26ef0d9d718f07d077b9d507126f125c315fa9a,036cd28941c975ccce8fa182b26ef0d9d718f07d077b9d507126f125c315fa9a,68,68
21735,utt_e442528ebda5345211b5::p0005-p0007,utt_e442528ebda5345211b5::p0005-p0009,fd8c4d9135e0e789a940e8fb7904a423e09dc4f4b098ce38b36f2621b4e7df0b,980417a7e2d30a8059f28c7b533c9f65ada3d1f03c8c27146a3986507abd01ba,133,155
21735,utt_e442528ebda5345211b5::p0008-p0009,utt_e442528ebda5345211b5::p0005-p0009,5bc9a550179ac5325b802e35238a1b0bf3b3eaa9e6838d33cd59291c74b4c395,980417a7e2d30a8059f28c7b533c9f65ada3d1f03c8c27146a3986507abd01ba,22,155
21735,utt_1b7c4e52f5200535fd9a::p0001-p0003,utt_1b7c4e52f5200535fd9a::p0001-p0003,d51a3e886b6b10fd0a4f9bbd50091b83da8990322efd943e2ef8e9822bc6b915,d51a3e886b6b10fd0a4f9bbd50091b83da8990322efd943e2ef8e9822bc6b915,146,146
21735,utt_1b7c4e52f5200535fd9a::p0004,utt_1b7c4e52f5200535fd9a::p0004,1b4f28c8bf6a6517394b3771ca83f6e26cb58dcc2399157d24bc4d0506f7ce9f,1b4f28c8bf6a6517394b3771ca83f6e26cb58dcc2399157d24bc4d0506f7ce9f,122,122
21735,utt_1b7c4e52f5200535fd9a::p0005-p0007,utt_1b7c4e52f5200535fd9a::p0005-p0007,c93436071ed33db5010b06301cf0dfd781ba75f51291549782d75f424095ed00,c93436071ed33db5010b06301cf0dfd781ba75f51291549782d75f424095ed00,101,101
21735,utt_f1a7d7ad957bd4aa4efa::p0001,utt_f1a7d7ad957bd4aa4efa::p0001,9087a9c8867c0686c6fec596f8a585b4e58fc5111c2ae14235fe0a1f28e23f9d,9087a9c8867c0686c6fec596f8a585b4e58fc5111c2ae14235fe0a1f28e23f9d,54,54
21735,utt_f1a7d7ad957bd4aa4efa::p0002s001,utt_f1a7d7ad957bd4aa4efa::p0002s001,6b8b7d2339040cb855ded17a89ddd79a4699640deefb29f5d6b5983e1313e675,6b8b7d2339040cb855ded17a89ddd79a4699640deefb29f5d6b5983e1313e675,70,70
21735,utt_f1a7d7ad957bd4aa4efa::p0002s002,utt_f1a7d7ad957bd4aa4efa::p0002s002,b6e1422906bf3c86ad40d105339b84e9e26ec86221bd9d68e75ed18fe6a1f032,b6e1422906bf3c86ad40d105339b84e9e26ec86221bd9d68e75ed18fe6a1f032,86,86
21735,utt_f1a7d7ad957bd4aa4efa::p0003,utt_f1a7d7ad957bd4aa4efa::p0003,069993b845df30318928d490c868174e8d4a4bf640384994fa7d94edd4a94748,069993b845df30318928d490c868174e8d4a4bf640384994fa7d94edd4a94748,65,65
21735,utt_f1a7d7ad957bd4aa4efa::p0004,utt_f1a7d7ad957bd4aa4efa::p0004,6495a160c967f00d51dd2ae726b6d1f4c81fd0886e87ccfbbf4512cf78a74ae3,6495a160c967f00d51dd2ae726b6d1f4c81fd0886e87ccfbbf4512cf78a74ae3,70,70
21735,utt_f1a7d7ad957bd4aa4efa::p0005-p0006,utt_f1a7d7ad957bd4aa4efa::p0005-p0006,62e89855061de26c61a3f7b87dbb9ff47452db9726d7303d7d0889a40b46753a,62e89855061de26c61a3f7b87dbb9ff47452db9726d7303d7d0889a40b46753a,97,97
21735,utt_f1a7d7ad957bd4aa4efa::p0007-p0008,utt_f1a7d7ad957bd4aa4efa::p0007-p0008,a047f9a04f2b1fa38cc6cbb1ecaf3a8ee6eed063c717b46dc1b609c94379fea2,a047f9a04f2b1fa38cc6cbb1ecaf3a8ee6eed063c717b46dc1b609c94379fea2,53,53
21735,utt_2572a8bba688076eee64::p0001,utt_2572a8bba688076eee64::p0001,37d38c07a3529e2853dea39eac19c34179e3ccad8d0768cfdd273708ac26bcd0,37d38c07a3529e2853dea39eac19c34179e3ccad8d0768cfdd273708ac26bcd0,114,114
21735,utt_2572a8bba688076eee64::p0002-p0003,utt_2572a8bba688076eee64::p0002-p0003,aa5ae58e05cac21f26ebdb9fb0d65fa91c21bd97e9b238d79586c11638b9b2dd,aa5ae58e05cac21f26ebdb9fb0d65fa91c21bd97e9b238d79586c11638b9b2dd,101,101
21735,utt_eb2de766f975c9c0af4a::p0001,utt_eb2de766f975c9c0af4a::p0001,a9c3f8dcae5fdae90ad213546fefbbb1625c97b5e75cb813e1c50976bcef4ae1,a9c3f8dcae5fdae90ad213546fefbbb1625c97b5e75cb813e1c50976bcef4ae1,62,62
21735,utt_eb2de766f975c9c0af4a::p0002-p0003,utt_eb2de766f975c9c0af4a::p0002-p0004,0f5a470a1d6a873a6e40521b7ddace3fd428c394481b25664f8972adb01993a7,7d2abc9523c73afb078cf494dd6e2e9163c8af1141621342364bbb84884a1771,118,153
21735,utt_eb2de766f975c9c0af4a::p0004,utt_eb2de766f975c9c0af4a::p0002-p0004,ae9c1feec3644ed6b23c6b1ff4b8d2cc91b175bab4e1b55b5fdfe97d49e8614a,7d2abc9523c73afb078cf494dd6e2e9163c8af1141621342364bbb84884a1771,35,153
21735,utt_c6418ae4b38497baffa2::p0001-p0003,utt_c6418ae4b38497baffa2::p0001-p0003,044e09d693337f8c6af4a21b323a13277091aa1883ff387de8ddbf14bdb6a2bf,044e09d693337f8c6af4a21b323a13277091aa1883ff387de8ddbf14bdb6a2bf,44,44
21735,utt_84e0192bef633690719b::p0001,utt_84e0192bef633690719b::p0001,7062928efb8aef035e5a9a0913cd041c32dac6ecdd351b7c27ed92ad1bb2220b,7062928efb8aef035e5a9a0913cd041c32dac6ecdd351b7c27ed92ad1bb2220b,44,44
21735,utt_7b53af42610cbbe6fab3::p0001-p0002,utt_7b53af42610cbbe6fab3::p0001-p0002,da2565ce87eb2e90b11372d0fa3ca266386ec07e4b6b7a2eaec54eb4c0480aea,da2565ce87eb2e90b11372d0fa3ca266386ec07e4b6b7a2eaec54eb4c0480aea,14,14
21735,utt_9e7e9f2998791812ffaf::p0001,utt_9e7e9f2998791812ffaf::p0001,6fa61c7bcac222059767ba9bd42d7d6977ef84a5a642b9a568afb444abeae054,6fa61c7bcac222059767ba9bd42d7d6977ef84a5a642b9a568afb444abeae054,115,115
21735,utt_9e7e9f2998791812ffaf::p0002,utt_9e7e9f2998791812ffaf::p0002,6200ff71ab61284409f871683b2265d44e320101dffacbfb829ac9ce935538a0,6200ff71ab61284409f871683b2265d44e320101dffacbfb829ac9ce935538a0,84,84
21735,utt_9e7e9f2998791812ffaf::p0003,utt_9e7e9f2998791812ffaf::p0003,5965df2bf8462665ad623750e5b57c86ed080e0fdbc80f9e5f24a12b2444c7de,5965df2bf8462665ad623750e5b57c86ed080e0fdbc80f9e5f24a12b2444c7de,54,54
21735,utt_9e7e9f2998791812ffaf::p0004-p0006,utt_9e7e9f2998791812ffaf::p0004-p0006,e83725045d12ebbf34dfe2aa1c0fb5cf88e5169b335d0e37f859627fbd06c5f0,e83725045d12ebbf34dfe2aa1c0fb5cf88e5169b335d0e37f859627fbd06c5f0,125,125
21735,utt_9e7e9f2998791812ffaf::p0007-p0009,utt_9e7e9f2998791812ffaf::p0007-p0009,8c58cd0fd8e22614e2850da7e69060668f40e21dfd8fd99602cbd72fd4e92c00,8c58cd0fd8e22614e2850da7e69060668f40e21dfd8fd99602cbd72fd4e92c00,63,63
21735,utt_21eae3d0e6f0f86cb113::p0001-p0004,utt_21eae3d0e6f0f86cb113::p0001-p0004,825164966c831c620d17b6cd308e21aa17848bbf979dbe9da21e94e05a294cc6,825164966c831c620d17b6cd308e21aa17848bbf979dbe9da21e94e05a294cc6,111,111
21735,utt_21eae3d0e6f0f86cb113::p0005-p0007,utt_21eae3d0e6f0f86cb113::p0005-p0007,c13ef62d8e4499ada575be185a2bc3383a3ea80ec274dbef8334eb18b2afe0c0,c13ef62d8e4499ada575be185a2bc3383a3ea80ec274dbef8334eb18b2afe0c0,120,120
21735,utt_21eae3d0e6f0f86cb113::p0008-p0010,utt_21eae3d0e6f0f86cb113::p0008-p0010,d8e3f101e7d951439e0245f433236c569317b80148af3a5e7b3b7e3856ee5e22,d8e3f101e7d951439e0245f433236c569317b80148af3a5e7b3b7e3856ee5e22,97,97
21735,utt_21eae3d0e6f0f86cb113::p0011-p0012,utt_21eae3d0e6f0f86cb113::p0011-p0012,b087823e201127c31cbdc0d4ef4333407e76ac61859d3cbbcf1d3503540f509f,b087823e201127c31cbdc0d4ef4333407e76ac61859d3cbbcf1d3503540f509f,84,84
21735,utt_fc163d0d9f23f2825ac4::p0001-p0004,utt_fc163d0d9f23f2825ac4::p0001-p0004,1b715c7de89186345059a46e7409c482835cbb088fe31ed9c6bf3a928548c35b,1b715c7de89186345059a46e7409c482835cbb088fe31ed9c6bf3a928548c35b,115,115
21735,utt_fc163d0d9f23f2825ac4::p0005-p0008,utt_fc163d0d9f23f2825ac4::p0005-p0008,86c4abc45bc7f8e7715e983b93e718e65409f124260a754b8c433a37a5ccf74c,86c4abc45bc7f8e7715e983b93e718e65409f124260a754b8c433a37a5ccf74c,146,146
21735,utt_fc163d0d9f23f2825ac4::p0009-p0012,utt_fc163d0d9f23f2825ac4::p0009-p0014,df0523c5be63f84040b9e6e91cbb47dc91d1d6154ebb2cc4162fe28db8d9763c,5cb4c9eb1a93c023a7bc512a922e257aaab378afb5c7f887f8b7058bbfdd28c7,147,167
21735,utt_fc163d0d9f23f2825ac4::p0013-p0014,utt_fc163d0d9f23f2825ac4::p0009-p0014,c31eabddbf5fc8c0726078d325af576f48c5045e64d33b0a9cb3d92fc3cf3be3,5cb4c9eb1a93c023a7bc512a922e257aaab378afb5c7f887f8b7058bbfdd28c7,20,167
21735,utt_d3c84bac308005677cce::p0001-p0002,utt_d3c84bac308005677cce::p0001-p0002,429359d2182b5fa1228b666fa0e834f2780c9707309d2dff0bf6d9022347c5df,429359d2182b5fa1228b666fa0e834f2780c9707309d2dff0bf6d9022347c5df,131,131
21735,utt_d3c84bac308005677cce::p0003,utt_d3c84bac308005677cce::p0003-p0004,9ecc1a412b5a19fbab695a32e46c0c389fd7a5a55d06ed0845d2771edc24c704,480613a67d3c97a2a303edab4a3800265f49a43e54d32912f84b0eb25740b888,33,153
21735,utt_d3c84bac308005677cce::p0004,utt_d3c84bac308005677cce::p0003-p0004,7f35b74d930a3b2502791c74ab40d73230cda4a2af950e104ea792fa81145621,480613a67d3c97a2a303edab4a3800265f49a43e54d32912f84b0eb25740b888,120,153
21735,utt_d3c84bac308005677cce::p0005-p0009,utt_d3c84bac308005677cce::p0005-p0009,76fd4de66b244876970f45cbe582db843f9f952069ddebb228c5fa57f5361066,76fd4de66b244876970f45cbe582db843f9f952069ddebb228c5fa57f5361066,148,148
21735,utt_9332ad1913ce7eba8591::p0001,utt_9332ad1913ce7eba8591::p0001,16527894686e71f302ec83573299aa0095dc1cde1e80c57cc99bae188b7ec372,16527894686e71f302ec83573299aa0095dc1cde1e80c57cc99bae188b7ec372,52,52
21735,utt_9332ad1913ce7eba8591::p0002-p0004,utt_9332ad1913ce7eba8591::p0002-p0004,c66c0fd5868c4e3b8041a7288387469e4806634ebdadfc52cf6e6b5fab6327ca,c66c0fd5868c4e3b8041a7288387469e4806634ebdadfc52cf6e6b5fab6327ca,138,138
21735,utt_9332ad1913ce7eba8591::p0005-p0008,utt_9332ad1913ce7eba8591::p0005-p0008,390f425790f1b288bae059a55e4722abd75dd28c5197daaba103f5f5defb2ce1,390f425790f1b288bae059a55e4722abd75dd28c5197daaba103f5f5defb2ce1,130,130
21735,utt_9332ad1913ce7eba8591::p0009,utt_9332ad1913ce7eba8591::p0009-p0010,04519780fc28b8701fe52c69eef30eba25c1d09f07b631d4d299e9cb1045009e,f5fae873a47746d69345a0ab5e48a2f2dfc083baf8761bc6f6f12770edfc1056,40,159
21735,utt_9332ad1913ce7eba8591::p0010,utt_9332ad1913ce7eba8591::p0009-p0010,eedbc6dfae42e1989f244ae506035553c0cdabd294cd20ac40dd8029636a4758,f5fae873a47746d69345a0ab5e48a2f2dfc083baf8761bc6f6f12770edfc1056,119,159
21735,utt_9332ad1913ce7eba8591::p0011-p0014,utt_9332ad1913ce7eba8591::p0011-p0014,9108d5c04054f242c5678b7011060b946e358a290a8ba5bb57bba61b2a9ab347,9108d5c04054f242c5678b7011060b946e358a290a8ba5bb57bba61b2a9ab347,58,58
21735,utt_92995e4c9fd2968860a3::p0001-p0002,utt_92995e4c9fd2968860a3::p0001-p0002,186c8970cc5448f481152711fbb3cbe421291072bb3f911b9b8431f31130bc95,186c8970cc5448f481152711fbb3cbe421291072bb3f911b9b8431f31130bc95,109,109
21735,utt_92995e4c9fd2968860a3::p0003-p0004,utt_92995e4c9fd2968860a3::p0003-p0004,fa40c8426951096d0089073198c3debead8f4cf09526e11dd95858cf5b041cd1,fa40c8426951096d0089073198c3debead8f4cf09526e11dd95858cf5b041cd1,114,114
21735,utt_92995e4c9fd2968860a3::p0005,utt_92995e4c9fd2968860a3::p0005,26ddd99bb97c21d4f3c995845932de0449aaaba0943ed561e05136b1ef255cf2,26ddd99bb97c21d4f3c995845932de0449aaaba0943ed561e05136b1ef255cf2,54,54
21735,utt_92995e4c9fd2968860a3::p0006,utt_92995e4c9fd2968860a3::p0006,98f438d19b31746c216f239a0f3062806ddda848920f3bcdb89cf64fcb4460a1,98f438d19b31746c216f239a0f3062806ddda848920f3bcdb89cf64fcb4460a1,73,73
21735,utt_92995e4c9fd2968860a3::p0007,utt_92995e4c9fd2968860a3::p0007,2e38c60504ea381a296c4edc3225ef79d045f5d71f2f7075ed538e280ed4917e,2e38c60504ea381a296c4edc3225ef79d045f5d71f2f7075ed538e280ed4917e,51,51
21735,utt_92995e4c9fd2968860a3::p0008-p0010,utt_92995e4c9fd2968860a3::p0008-p0010,a05a9ff0775be94b2db34e93e36796a1a41f51b59d9ede550f40dd103dae3306,a05a9ff0775be94b2db34e93e36796a1a41f51b59d9ede550f40dd103dae3306,106,106
21735,utt_3a632d87c4001062525b::p0001-p0002,utt_3a632d87c4001062525b::p0001-p0002,bccb1821e3aa5cb1aed733006bda2f537492a92a75f8d20a82b7723f4ab31a92,bccb1821e3aa5cb1aed733006bda2f537492a92a75f8d20a82b7723f4ab31a92,76,76
21735,utt_3a632d87c4001062525b::p0003s001,utt_3a632d87c4001062525b::p0003s001,76367baa4b7f36edc507c3968b34ea572e6ea2e2ee41dd1d0ad0dba8b40c4de3,76367baa4b7f36edc507c3968b34ea572e6ea2e2ee41dd1d0ad0dba8b40c4de3,90,90
21735,utt_3a632d87c4001062525b::p0003s002-p0004,utt_3a632d87c4001062525b::p0003s002-p0004,a20ec60fd33aac63903ad194c7ed511a40863fb6cb41111a1c3e4cd7ba22af88,a20ec60fd33aac63903ad194c7ed511a40863fb6cb41111a1c3e4cd7ba22af88,130,130
21735,utt_3a632d87c4001062525b::p0005-p0006,utt_3a632d87c4001062525b::p0005-p0006,1778b93f716ad346ef250b599d554f7fc11b90eed80e9a2625732da7824bd5f1,1778b93f716ad346ef250b599d554f7fc11b90eed80e9a2625732da7824bd5f1,79,79
21735,utt_3a632d87c4001062525b::p0007,utt_3a632d87c4001062525b::p0007,f24185753aa814f4aa6e0146a18a218bcc67317a0b20bf81df6327c9b43a773d,f24185753aa814f4aa6e0146a18a218bcc67317a0b20bf81df6327c9b43a773d,50,50
21735,utt_3a632d87c4001062525b::p0008-p0010,utt_3a632d87c4001062525b::p0008-p0010,b4ac37b9286dde774cf3ca2bcdbb5783e038041dfce0609aee953c893e6e9707,b4ac37b9286dde774cf3ca2bcdbb5783e038041dfce0609aee953c893e6e9707,62,62
21735,utt_abc2bef182886d4558c6::p0001,utt_abc2bef182886d4558c6::p0001,a9951fb90a5ff464011eb7bd49bdb28fa811a54bf78c6c5980582d09f5a2a580,a9951fb90a5ff464011eb7bd49bdb28fa811a54bf78c6c5980582d09f5a2a580,69,69
21735,utt_abc2bef182886d4558c6::p0002,utt_abc2bef182886d4558c6::p0002,50a32dd5b02669da677f23a21f05ab701db1d3a21fd2e484b48e62fa398b51cb,50a32dd5b02669da677f23a21f05ab701db1d3a21fd2e484b48e62fa398b51cb,57,57
21735,utt_abc2bef182886d4558c6::p0003,utt_abc2bef182886d4558c6::p0003,12666f1a144ea09f1240e09e2dc289b8025ba00d065f06b07fd68e5a537dc155,12666f1a144ea09f1240e09e2dc289b8025ba00d065f06b07fd68e5a537dc155,76,76
21735,utt_abc2bef182886d4558c6::p0004-p0005,utt_abc2bef182886d4558c6::p0004-p0005,15cacba2aa07f81a2349e9df34915c100c000eb22177c5862610242e49651d46,15cacba2aa07f81a2349e9df34915c100c000eb22177c5862610242e49651d46,78,78
21735,utt_abc2bef182886d4558c6::p0006-p0007,utt_abc2bef182886d4558c6::p0006-p0007,33f32c3684b5f0971de8c69a40cfce9c25c56eb71013f1e2856df721c0c3d202,33f32c3684b5f0971de8c69a40cfce9c25c56eb71013f1e2856df721c0c3d202,90,90
21735,utt_abc2bef182886d4558c6::p0008,utt_abc2bef182886d4558c6::p0008,01c01099ed7f3e9b1c0a94fef886ad6f34822aa71fc75ab3044b92aad4618bc9,01c01099ed7f3e9b1c0a94fef886ad6f34822aa71fc75ab3044b92aad4618bc9,50,50
21735,utt_abc2bef182886d4558c6::p0009,utt_abc2bef182886d4558c6::p0009,1661aef7e15e9982d3743509b2d54a9172f0636a2da8078c3dc47215d7375608,1661aef7e15e9982d3743509b2d54a9172f0636a2da8078c3dc47215d7375608,66,66
21735,utt_abc2bef182886d4558c6::p0010,utt_abc2bef182886d4558c6::p0010,ae878ebfd12595fe40785bf7379a5e6e325b4ed19736893cc173022c14e54672,ae878ebfd12595fe40785bf7379a5e6e325b4ed19736893cc173022c14e54672,58,58
21735,utt_abc2bef182886d4558c6::p0011,utt_abc2bef182886d4558c6::p0011,499ba132805328697f7190303b29e486529817dfa25a1c40b43a1c62c66914d0,499ba132805328697f7190303b29e486529817dfa25a1c40b43a1c62c66914d0,52,52
21735,utt_abc2bef182886d4558c6::p0012-p0013,utt_abc2bef182886d4558c6::p0012-p0013,236ff77ec0c573d82e37560d4981fb18d8854eafb4b12810bece169e8590103b,236ff77ec0c573d82e37560d4981fb18d8854eafb4b12810bece169e8590103b,78,78
21735,utt_bcb7870453f16ff81bb7::p0001-p0002,utt_bcb7870453f16ff81bb7::p0001-p0002,8717984c59fe62dd3b23bf9132a00110956402877d8074e600c6e8289a69414f,8717984c59fe62dd3b23bf9132a00110956402877d8074e600c6e8289a69414f,96,96
21735,utt_bcb7870453f16ff81bb7::p0003-p0004,utt_bcb7870453f16ff81bb7::p0003-p0004,8a9007cce948ee7915a4e23390fc2efd2d05b9d40ae59f69494857785a1d8b74,8a9007cce948ee7915a4e23390fc2efd2d05b9d40ae59f69494857785a1d8b74,99,99
21735,utt_bcb7870453f16ff81bb7::p0005,utt_bcb7870453f16ff81bb7::p0005,38a4ac44623576208a7c58cc6407abb216981ea6d12dff5634604bf869db13bb,38a4ac44623576208a7c58cc6407abb216981ea6d12dff5634604bf869db13bb,72,72
21735,utt_bcb7870453f16ff81bb7::p0006-p0008,utt_bcb7870453f16ff81bb7::p0006-p0008,baa738b686b16a10e39b41b2d7ff45723ba9b6212b558cccdbc40f6cd9630f02,baa738b686b16a10e39b41b2d7ff45723ba9b6212b558cccdbc40f6cd9630f02,114,114
21735,utt_bcb7870453f16ff81bb7::p0009-p0011,utt_bcb7870453f16ff81bb7::p0009-p0011,f13a14089ae94f80acc498b5f3a80be9cafe4c88ae08a5b5a2e0301c83633d2a,f13a14089ae94f80acc498b5f3a80be9cafe4c88ae08a5b5a2e0301c83633d2a,77,77
21735,utt_1e51abe9243b2b470f36::p0001-p0002,utt_1e51abe9243b2b470f36::p0001-p0002,4372e8750101b8d868c9b4bf03463adebf8c7c3b7de7663be56fc14210cca096,4372e8750101b8d868c9b4bf03463adebf8c7c3b7de7663be56fc14210cca096,68,68
21735,utt_a417c427c05e5c976539::p0001-p0004,utt_a417c427c05e5c976539::p0001-p0004,464cc6f35d3f5488dc6c4a894baf0cc44bfdc3e9339b3be64b8c452bc890a415,464cc6f35d3f5488dc6c4a894baf0cc44bfdc3e9339b3be64b8c452bc890a415,116,116
21735,utt_c10d9da2913e59068cbc::p0001,utt_c10d9da2913e59068cbc::p0001,7536d9578f204f476f83167e821ff6396b67c8dfc26bfe1ad7975c6fb99b930d,7536d9578f204f476f83167e821ff6396b67c8dfc26bfe1ad7975c6fb99b930d,52,52
21735,utt_c10d9da2913e59068cbc::p0002-p0003,utt_c10d9da2913e59068cbc::p0002-p0005,2a4b96dc3f58988aed4bbf1c899614c64ea4b4505a5f405448ec7fd99575bfac,1c1499316f4bb7487c3b694ea5b1ce3b020368917d939e3bd122132348c572fc,137,169
21735,utt_c10d9da2913e59068cbc::p0004-p0005,utt_c10d9da2913e59068cbc::p0002-p0005,2bc9c24e80ff17128165a48afc198c72c60b1de28c03e9da2b523a92a01e96ff,1c1499316f4bb7487c3b694ea5b1ce3b020368917d939e3bd122132348c572fc,32,169
21735,utt_7346084d3b35d357e469::p0001-p0004,utt_7346084d3b35d357e469::p0001-p0004,0ca8f7e25d4777bf2f4b89c50bd41491203508a6cad1b43c86bdb79050d60335,0ca8f7e25d4777bf2f4b89c50bd41491203508a6cad1b43c86bdb79050d60335,140,140
21735,utt_7346084d3b35d357e469::p0005,utt_7346084d3b35d357e469::p0005,7425c3ddf32b89fe33f91599007145a3be5736ac5a449bb3a945090c96397c12,7425c3ddf32b89fe33f91599007145a3be5736ac5a449bb3a945090c96397c12,79,79
21735,utt_7346084d3b35d357e469::p0006-p0007,utt_7346084d3b35d357e469::p0006-p0007,8ea4a26c18699843536dc4c78baf8729ca5515b71eef2d5546da5bbdd8677c28,8ea4a26c18699843536dc4c78baf8729ca5515b71eef2d5546da5bbdd8677c28,110,110
21735,utt_7346084d3b35d357e469::p0008-p0009,utt_7346084d3b35d357e469::p0008-p0009,41b04149425cadcdb50b60026e1c628a3aab17f8a6cf5e313ff965b30e88a8c0,41b04149425cadcdb50b60026e1c628a3aab17f8a6cf5e313ff965b30e88a8c0,71,71
21735,utt_7346084d3b35d357e469::p0010-p0013,utt_7346084d3b35d357e469::p0010-p0013,6c95e257c040334b19bc51bacf313391f3e7ec789eec7bca8b1964aff48f8a7a,6c95e257c040334b19bc51bacf313391f3e7ec789eec7bca8b1964aff48f8a7a,119,119
21735,utt_7f5216d1e331b9f1c151::p0001,utt_7f5216d1e331b9f1c151::p0001,9866ce156771d629be1c193d1438dcba2e75e71fa35d821603ccc83b33d12070,9866ce156771d629be1c193d1438dcba2e75e71fa35d821603ccc83b33d12070,62,62
21735,utt_7f5216d1e331b9f1c151::p0002-p0005,utt_7f5216d1e331b9f1c151::p0002-p0005,4cec68e4f2272799df5514b033d10fe87df63269bb1d47e94c0d5270459736dd,4cec68e4f2272799df5514b033d10fe87df63269bb1d47e94c0d5270459736dd,144,144
21735,utt_7f5216d1e331b9f1c151::p0006,utt_7f5216d1e331b9f1c151::p0006,0c3a880ce514f16e52f38f9de198625aacba92a428e31ea62e76147b57810329,0c3a880ce514f16e52f38f9de198625aacba92a428e31ea62e76147b57810329,60,60
21735,utt_7f5216d1e331b9f1c151::p0007,utt_7f5216d1e331b9f1c151::p0007,f898573d052d91ba504d1acdf0656e9d13ece69eb085959f4ebde8e9c289755d,f898573d052d91ba504d1acdf0656e9d13ece69eb085959f4ebde8e9c289755d,94,94
21735,utt_7f5216d1e331b9f1c151::p0008-p0012,utt_7f5216d1e331b9f1c151::p0008-p0012,c0b7d656dffddbf871c98a3b19aa4a799cd7bb0e24f751c9e2765597be575836,c0b7d656dffddbf871c98a3b19aa4a799cd7bb0e24f751c9e2765597be575836,144,144
21735,utt_1345ce9a1dc89ccd153d::p0001-p0002,utt_1345ce9a1dc89ccd153d::p0001-p0002,eaa46e82c77f2aef845daaf3c4313fbb18fc0292b8ba8aa06e8692eaf7218bfa,eaa46e82c77f2aef845daaf3c4313fbb18fc0292b8ba8aa06e8692eaf7218bfa,130,130
21735,utt_1345ce9a1dc89ccd153d::p0003,utt_1345ce9a1dc89ccd153d::p0003,6274fc381c1f1bd7e8a53ea4a8f95311572239843a6151133e3db83171e64a39,6274fc381c1f1bd7e8a53ea4a8f95311572239843a6151133e3db83171e64a39,82,82
21735,utt_1345ce9a1dc89ccd153d::p0004,utt_1345ce9a1dc89ccd153d::p0004,a70000924cba1b17c30712b23ac34e07a55d14aa690ae71162a42fd7021b8fd3,a70000924cba1b17c30712b23ac34e07a55d14aa690ae71162a42fd7021b8fd3,62,62
21735,utt_1345ce9a1dc89ccd153d::p0005-p0007,utt_1345ce9a1dc89ccd153d::p0005-p0007,19f72382c9fefc2865086643e8f515e6d07f7545d2d0ce1ae418ac54a23b3cb3,19f72382c9fefc2865086643e8f515e6d07f7545d2d0ce1ae418ac54a23b3cb3,104,104
21735,utt_3697dd38e478a10b8ba6::p0001-p0003,utt_3697dd38e478a10b8ba6::p0001-p0003,d83f900f046150a9f9f74f493b25febb7e335720195a63c12c0128a41a05b426,d83f900f046150a9f9f74f493b25febb7e335720195a63c12c0128a41a05b426,144,144
21735,utt_3697dd38e478a10b8ba6::p0004-p0007,utt_3697dd38e478a10b8ba6::p0004-p0007,e7ebedbad38c1e66ae8f922db2bee39dc93e3e9710c199594844255bd45a7165,e7ebedbad38c1e66ae8f922db2bee39dc93e3e9710c199594844255bd45a7165,135,135
21735,utt_3697dd38e478a10b8ba6::p0008-p0011,utt_3697dd38e478a10b8ba6::p0008-p0011,384cfa07a2f04203e7491a900a1f2fbf3861989bfc42455374a099eb79922de1,384cfa07a2f04203e7491a900a1f2fbf3861989bfc42455374a099eb79922de1,119,119
21735,utt_066d1df59b94fd092041::p0001-p0002,utt_066d1df59b94fd092041::p0001-p0002,cf5edd0396cdb315cebf83c613db41f490fa721b17147c09a0a01021ac792280,cf5edd0396cdb315cebf83c613db41f490fa721b17147c09a0a01021ac792280,56,56
21735,utt_d4c62f9b2f8767f9749b::p0001,utt_d4c62f9b2f8767f9749b::p0001,2ae774d64368e333021c50912e13016e23eb4a4f355be4234f54db0aaa3a2b20,2ae774d64368e333021c50912e13016e23eb4a4f355be4234f54db0aaa3a2b20,22,22
21735,utt_70cc8eeace6588ee076f::p0001,utt_70cc8eeace6588ee076f::p0001,9a3e7924c79edba3cbbe840878c8e4bfe8226c6afe9b711c6b6552d094abaa66,9a3e7924c79edba3cbbe840878c8e4bfe8226c6afe9b711c6b6552d094abaa66,10,10
21735,utt_469743e5b64713b9b1fe::p0001,utt_469743e5b64713b9b1fe::p0001,b239801b1ba2d826a4839a49cadff5f4f5d597890c635c8f86c6d7187164f154,b239801b1ba2d826a4839a49cadff5f4f5d597890c635c8f86c6d7187164f154,6,6
21735,utt_65fcd885d0b7eb225e42::p0001,utt_65fcd885d0b7eb225e42::p0001,b239801b1ba2d826a4839a49cadff5f4f5d597890c635c8f86c6d7187164f154,b239801b1ba2d826a4839a49cadff5f4f5d597890c635c8f86c6d7187164f154,6,6
21735,utt_153a1066e038c07b70f3::p0001-p0002,utt_153a1066e038c07b70f3::p0001-p0002,d0506e40d994ed85b33c19cce4ffa28ff3288bc9f9ad3435f751625574dcae73,d0506e40d994ed85b33c19cce4ffa28ff3288bc9f9ad3435f751625574dcae73,12,12
21735,utt_0190986ef5f7dd25716d::p0001,utt_0190986ef5f7dd25716d::p0001,4312d3e2768e9ecf8c4efd6f6a67cb9b361702ae69c967ebdfbd276d031bd8cb,4312d3e2768e9ecf8c4efd6f6a67cb9b361702ae69c967ebdfbd276d031bd8cb,10,10
21735,utt_eb46d6e8c1512662c4ec::p0001-p0002,utt_eb46d6e8c1512662c4ec::p0001-p0002,fccc4b5a3a843f65b3e19d8610294d6e3bf7594280765402f751b7c1c73b13d7,fccc4b5a3a843f65b3e19d8610294d6e3bf7594280765402f751b7c1c73b13d7,9,9
21735,utt_92d6c844d820ef73099e::p0001-p0002,utt_92d6c844d820ef73099e::p0001-p0002,8a410a561e736b608f060027f574419f41bafb80512243f7cde2f112a07d1341,8a410a561e736b608f060027f574419f41bafb80512243f7cde2f112a07d1341,13,13
21735,utt_376e89eaf06c8bf3c6c5::p0001-p0002,utt_376e89eaf06c8bf3c6c5::p0001-p0002,b9b82b0ad23aaec29c675fc409754c3798cdec66bee3cd6ef6239298e19a9c47,b9b82b0ad23aaec29c675fc409754c3798cdec66bee3cd6ef6239298e19a9c47,34,34
21735,utt_cb064e0903d392af065c::p0001,utt_cb064e0903d392af065c::p0001,b9e97f59af7ededb21219bd55b164b64fc25453dbf7a5438244588ec5f7ccf54,b9e97f59af7ededb21219bd55b164b64fc25453dbf7a5438244588ec5f7ccf54,7,7
21735,utt_fdb6f4ac92a86784962b::p0001-p0002,utt_fdb6f4ac92a86784962b::p0001-p0002,225371ae4125e08808c6badd4687fbaf177879642e7dfcd9a784cf976250d0f6,225371ae4125e08808c6badd4687fbaf177879642e7dfcd9a784cf976250d0f6,37,37
21735,utt_600cf869aad16466be47::p0001,utt_600cf869aad16466be47::p0001,5e207002ea227f77e74c5b7ab25c1deec73d7467ae7434265679b88f42869cb4,5e207002ea227f77e74c5b7ab25c1deec73d7467ae7434265679b88f42869cb4,5,5
21735,utt_ec05d0607a86baaa6314::p0001-p0004,utt_ec05d0607a86baaa6314::p0001-p0004,f4c43ad49700e42639adee84eafce5c2ec95880496896fe997af66cabaf9d186,f4c43ad49700e42639adee84eafce5c2ec95880496896fe997af66cabaf9d186,94,94
21735,utt_d8270546c3d52e882a6e::p0001,utt_d8270546c3d52e882a6e::p0001,552396a071a77f0935e0e4eca9026287f2176f87ec05dfcab8d9a6091e19cb75,552396a071a77f0935e0e4eca9026287f2176f87ec05dfcab8d9a6091e19cb75,20,20
21735,utt_cb516897dfa4dad1307c::p0001,utt_cb516897dfa4dad1307c::p0001,a38f2bfa2971f104aa7c68fb003d9d3cfbf8d9c110275228c3db933453680982,a38f2bfa2971f104aa7c68fb003d9d3cfbf8d9c110275228c3db933453680982,21,21
21735,utt_cf6661ed1a4a48b43aaa::p0001-p0002,utt_cf6661ed1a4a48b43aaa::p0001-p0002,1e7b4833d5c72eecf5d3f66185ca24e598bbbdf9dd460d8e631042c885f703ba,1e7b4833d5c72eecf5d3f66185ca24e598bbbdf9dd460d8e631042c885f703ba,35,35
21735,utt_3cd122d35110485a37ef::p0001-p0002,utt_3cd122d35110485a37ef::p0001-p0002,d12615dd5111691d91803a9d01bee8f3b285f111418545b209190341213502b0,d12615dd5111691d91803a9d01bee8f3b285f111418545b209190341213502b0,19,19
21735,utt_ca1b38d3ca9d9bdbd555::p0001-p0002,utt_ca1b38d3ca9d9bdbd555::p0001-p0002,64f8f596175ec1c4e9b7e005213cd2df8e6e43e6c708cd29122071ac682579ba,64f8f596175ec1c4e9b7e005213cd2df8e6e43e6c708cd29122071ac682579ba,116,116
21735,utt_a79002f1d25cd55b39ef::p0001,utt_a79002f1d25cd55b39ef::p0001,0cd77c1c35841384eace9defea519842548986c8b1418a86801a14052b713831,0cd77c1c35841384eace9defea519842548986c8b1418a86801a14052b713831,38,38
21735,utt_d67927b17be185d961c7::p0001,utt_d67927b17be185d961c7::p0001,c3655221a2563c713055a85869ac0fde3b28e154bc86ecbd981f6aeae133ba45,c3655221a2563c713055a85869ac0fde3b28e154bc86ecbd981f6aeae133ba45,80,80
21735,utt_d67927b17be185d961c7::p0002-p0003,utt_d67927b17be185d961c7::p0002-p0003,bcb018c12d4b531aad0e40e77f7823b7fdf7fba552c47d6b01e2c421dc06f1d5,bcb018c12d4b531aad0e40e77f7823b7fdf7fba552c47d6b01e2c421dc06f1d5,119,119
21735,utt_d67927b17be185d961c7::p0004,utt_d67927b17be185d961c7::p0004,0daeafd1102d1069b432d4aa2da366c28ddfa71e93266d40f8e8effcf71dbb12,0daeafd1102d1069b432d4aa2da366c28ddfa71e93266d40f8e8effcf71dbb12,57,57
21735,utt_d67927b17be185d961c7::p0005,utt_d67927b17be185d961c7::p0005,4d125d0382ac5c67ad5212046677c18344371c8c8756d7034bc03aa6d7404ad0,4d125d0382ac5c67ad5212046677c18344371c8c8756d7034bc03aa6d7404ad0,51,51
21735,utt_65347324ee8d7c446621::p0001,utt_65347324ee8d7c446621::p0001,59899442448597feb68367e324b6891636f012e43da0bc5d4f838f24a20942c3,59899442448597feb68367e324b6891636f012e43da0bc5d4f838f24a20942c3,89,89
21735,utt_c4451f093c63bfabbf1f::p0001-p0003,utt_c4451f093c63bfabbf1f::p0001-p0003,3a7105d6d7090dfe7ea8d83adb048867b86e5254e1b10e0049dff7ef60f64460,3a7105d6d7090dfe7ea8d83adb048867b86e5254e1b10e0049dff7ef60f64460,47,47
21735,utt_95943657a2b4de43069d::p0001,utt_95943657a2b4de43069d::p0001,e98d670d8655ff9f8a271ba2e76c9b1fa6ad71eb2c766ce82bdfb0d2709a92e0,e98d670d8655ff9f8a271ba2e76c9b1fa6ad71eb2c766ce82bdfb0d2709a92e0,60,60
21735,utt_95943657a2b4de43069d::p0002,utt_95943657a2b4de43069d::p0002,ef03d9cfb95706c7f3a4b448b6e85d5da57b4799ff5912b0426e489d992e429e,ef03d9cfb95706c7f3a4b448b6e85d5da57b4799ff5912b0426e489d992e429e,64,64
21735,utt_95943657a2b4de43069d::p0003,utt_95943657a2b4de43069d::p0003,f9334d083abdf8d74773bd856c733155403d8e24a970177529412641c62477db,f9334d083abdf8d74773bd856c733155403d8e24a970177529412641c62477db,82,82
21735,utt_95943657a2b4de43069d::p0004,utt_95943657a2b4de43069d::p0004,8611299a8121c9b6f3aad9ab151b7cea5f4b9651eb78a82a7aa6bfc388940119,8611299a8121c9b6f3aad9ab151b7cea5f4b9651eb78a82a7aa6bfc388940119,50,50
21735,utt_95943657a2b4de43069d::p0005,utt_95943657a2b4de43069d::p0005,9a4d2343b81d51b266171d0229413cb456d4841965de29342b9c4bcc6588b0ba,9a4d2343b81d51b266171d0229413cb456d4841965de29342b9c4bcc6588b0ba,93,93
21735,utt_95943657a2b4de43069d::p0006-p0009,utt_95943657a2b4de43069d::p0006-p0011,a7bc4b0318411456d6fe1998b24319e8952d393a37f6189edce0cdc2ea465b37,9a2ec125bbc5bd7cbedaee2e78e61ff9dec7da11fef8521ad3e29b8050148526,143,180
21735,utt_95943657a2b4de43069d::p0010-p0011,utt_95943657a2b4de43069d::p0006-p0011,da3349f07106afebc7707d7255a36ebf8ab15eb3ff771220f1617d99355a1c11,9a2ec125bbc5bd7cbedaee2e78e61ff9dec7da11fef8521ad3e29b8050148526,37,180
21735,utt_64675b85086269cb3cac::p0001,utt_64675b85086269cb3cac::p0001,5285a3f0b1837560305343a2684bab8052454cf0fe5f4f562ca888dd01e9d0cd,5285a3f0b1837560305343a2684bab8052454cf0fe5f4f562ca888dd01e9d0cd,59,59
21735,utt_64675b85086269cb3cac::p0002,utt_64675b85086269cb3cac::p0002,77f9fa9795088083a765e31cc823eca2db18e909d73cd284589f51116036a224,77f9fa9795088083a765e31cc823eca2db18e909d73cd284589f51116036a224,68,68
21735,utt_64675b85086269cb3cac::p0003,utt_64675b85086269cb3cac::p0003,211d67d325e9ac7e6defc883a1508136d545ec57523f14ab0eb9a784583e5189,211d67d325e9ac7e6defc883a1508136d545ec57523f14ab0eb9a784583e5189,65,65
21735,utt_64675b85086269cb3cac::p0004,utt_64675b85086269cb3cac::p0004,a96cb8373d0e3d3eaae776287cbcf3efa4133c80652a54c578b5f8f73c110355,a96cb8373d0e3d3eaae776287cbcf3efa4133c80652a54c578b5f8f73c110355,54,54
21735,utt_64675b85086269cb3cac::p0005-p0008,utt_64675b85086269cb3cac::p0005-p0008,c7b6ba96209c334cb29956cb970a679c2e1a18c44633d1b6e542d536a321d28c,c7b6ba96209c334cb29956cb970a679c2e1a18c44633d1b6e542d536a321d28c,132,132
21735,utt_64675b85086269cb3cac::p0009-p0010,utt_64675b85086269cb3cac::p0009-p0010,3de0c11da0d22ffa3fcf73c4a49b862fcd496faeeee004db5ba4f058ef1b4d97,3de0c11da0d22ffa3fcf73c4a49b862fcd496faeeee004db5ba4f058ef1b4d97,110,110
21735,utt_64675b85086269cb3cac::p0011-p0013,utt_64675b85086269cb3cac::p0011-p0013,0717157a341cd48ef94ba9238f52d93514c5129aa9fabe1eecad79b0e8cdf944,0717157a341cd48ef94ba9238f52d93514c5129aa9fabe1eecad79b0e8cdf944,72,72
21735,utt_194584df500426ab2833::p0001-p0003,utt_194584df500426ab2833::p0001-p0003,e55b8c99e6042526caef06b1b7d9bf4cec769b000ce5ed595ed1e0cd353b5f15,e55b8c99e6042526caef06b1b7d9bf4cec769b000ce5ed595ed1e0cd353b5f15,138,138
21735,utt_194584df500426ab2833::p0004-p0006,utt_194584df500426ab2833::p0004-p0006,d71cf8c45abbff7b8480735fb4481a1e01dfd2783dbb9d15dd0928a6cff78e20,d71cf8c45abbff7b8480735fb4481a1e01dfd2783dbb9d15dd0928a6cff78e20,142,142
21735,utt_194584df500426ab2833::p0007-p0009,utt_194584df500426ab2833::p0007-p0009,312469170cd9f8afed6f40690cef3d1a8d9ac9871b200b701a6b5d3462870ec1,312469170cd9f8afed6f40690cef3d1a8d9ac9871b200b701a6b5d3462870ec1,115,115
21735,utt_194584df500426ab2833::p0010-p0013,utt_194584df500426ab2833::p0010-p0015,7d94d708c25d21a4806f11f14b5b779594c9cbf7a883c69cf1a076bfb8e14e02,22fbf961fde044b8b33edd757c9f447934c7ce9cf9c8e43dc00aaf482be1bcd5,141,156
21735,utt_194584df500426ab2833::p0014-p0015,utt_194584df500426ab2833::p0010-p0015,8b42d01f03f7cf9ad9524c740f72620a08e96a8b7d18d4c33c00b70e68ec0f6d,22fbf961fde044b8b33edd757c9f447934c7ce9cf9c8e43dc00aaf482be1bcd5,15,156
21735,utt_db077c113038e17fc2a5::p0001-p0002,utt_db077c113038e17fc2a5::p0001-p0002,c318149c40e711284529760ab85b1f74d0b11533ba02edeb38e1fcc78e1d8ee4,c318149c40e711284529760ab85b1f74d0b11533ba02edeb38e1fcc78e1d8ee4,74,74
21735,utt_b2e3dd10fe2d3e180995::p0001-p0002,utt_b2e3dd10fe2d3e180995::p0001-p0002,acc5ff9e5c25dde7f5c0de5b0ce18b842e3eb6d32b87da1c17c672aa0ea33c66,acc5ff9e5c25dde7f5c0de5b0ce18b842e3eb6d32b87da1c17c672aa0ea33c66,118,118
21735,utt_b2e3dd10fe2d3e180995::p0003,utt_b2e3dd10fe2d3e180995::p0003,db4fd2a974a6c83c26716b19b63533f6cb84669794d5ac366a07eaf9fcae8a12,db4fd2a974a6c83c26716b19b63533f6cb84669794d5ac366a07eaf9fcae8a12,106,106
21735,utt_b2e3dd10fe2d3e180995::p0004-p0006,utt_b2e3dd10fe2d3e180995::p0004-p0006,56ab993737b3269756ac0fb02bcb181ecd5c1105566f81c10a559800a2904d13,56ab993737b3269756ac0fb02bcb181ecd5c1105566f81c10a559800a2904d13,130,130
21735,utt_b2e3dd10fe2d3e180995::p0007-p0009,utt_b2e3dd10fe2d3e180995::p0007-p0012,5ad4511d4e656bcea1588ab7517fb30609c46e87c43a57ce5e4a1702c18ce1b3,88577a108d8bede1a582a96f7d92020f8e8d1ec427e192bfc4f95385f90bcbc4,140,182
21735,utt_b2e3dd10fe2d3e180995::p0010-p0012,utt_b2e3dd10fe2d3e180995::p0007-p0012,6a7052fe7689b90314aec52836a6a98b6fbbad02010b494ec1a51d8308b92fdc,88577a108d8bede1a582a96f7d92020f8e8d1ec427e192bfc4f95385f90bcbc4,42,182
21735,utt_b4c8663080922c99b437::p0001-p0003,utt_b4c8663080922c99b437::p0001-p0003,f5c03c61897ed23c47d7d89f9f5ea83602b4fcb0f7034c558909150fcbeb8169,f5c03c61897ed23c47d7d89f9f5ea83602b4fcb0f7034c558909150fcbeb8169,115,115
21735,utt_b4c8663080922c99b437::p0004-p0005,utt_b4c8663080922c99b437::p0004-p0005,c1a17ed62ba6247dbc86366772c1e124fdfe7505f3e9874226fb072ce95d55c5,c1a17ed62ba6247dbc86366772c1e124fdfe7505f3e9874226fb072ce95d55c5,137,137
21735,utt_b4c8663080922c99b437::p0006,utt_b4c8663080922c99b437::p0006,36907b39b6d895475d1683ef6c41318fd6337066a31f71ac8795a211e8821a89,36907b39b6d895475d1683ef6c41318fd6337066a31f71ac8795a211e8821a89,52,52
21735,utt_b4c8663080922c99b437::p0007-p0008,utt_b4c8663080922c99b437::p0007-p0008,1e47d72dc3084ef00fedad2b757469cec1b98c42fa41512ee92b73a76a2f445c,1e47d72dc3084ef00fedad2b757469cec1b98c42fa41512ee92b73a76a2f445c,116,116
21735,utt_b4c8663080922c99b437::p0009,utt_b4c8663080922c99b437::p0009,04d9a329d92676c53d1e5eb0ba8f090912ae81b283c52f3d7bec9e782f27c624,04d9a329d92676c53d1e5eb0ba8f090912ae81b283c52f3d7bec9e782f27c624,55,55
21735,utt_b545f6aa0f8f9a0ce106::p0001-p0003,utt_b545f6aa0f8f9a0ce106::p0001-p0003,39967f5e2f5f82b88ad0c9679e46252ac338a4d2d9f8f2fe35341d60a770b5d8,39967f5e2f5f82b88ad0c9679e46252ac338a4d2d9f8f2fe35341d60a770b5d8,62,62
21735,utt_894381df46cb676cd467::p0001-p0002,utt_894381df46cb676cd467::p0001-p0002,09012d2d8d8c0461399ccb9c41ce45989d51f2e98a4bbbe9aee3ca9c9e58ff1a,09012d2d8d8c0461399ccb9c41ce45989d51f2e98a4bbbe9aee3ca9c9e58ff1a,85,85
21735,utt_894381df46cb676cd467::p0003-p0005,utt_894381df46cb676cd467::p0003-p0005,939b6681aa3d494daa6602b52ecf23d834a3f3d6db8615acbe9a1d091f200cad,939b6681aa3d494daa6602b52ecf23d834a3f3d6db8615acbe9a1d091f200cad,133,133
21735,utt_894381df46cb676cd467::p0006,utt_894381df46cb676cd467::p0006-p0007,2ee5f00df0d07ce0e3f79321c592a3cbf411baaaf424ace5c990b5d6efac5a9c,a2d0a112d40e8a25d68e4b556303cb282451fa7d725e4d3150d989b6726e6614,32,156
21735,utt_894381df46cb676cd467::p0007,utt_894381df46cb676cd467::p0006-p0007,34cf3b24e7ce2f0e5d63759f3bd4f80172a47837e31302018f8666bd0b900306,a2d0a112d40e8a25d68e4b556303cb282451fa7d725e4d3150d989b6726e6614,124,156
21735,utt_894381df46cb676cd467::p0008-p0010,utt_894381df46cb676cd467::p0008-p0010,5f04cad0b0325f40d3a5193da2c92f37756230e1ce143c26acdae13d45baa1c7,5f04cad0b0325f40d3a5193da2c92f37756230e1ce143c26acdae13d45baa1c7,51,51
21735,utt_50a16f760e60d04cc4b0::p0001-p0002,utt_50a16f760e60d04cc4b0::p0001-p0002,70c56129ff3afec96c42605d3dd80a6f24164ceab900dd7b7fb2a7449737f9bc,70c56129ff3afec96c42605d3dd80a6f24164ceab900dd7b7fb2a7449737f9bc,71,71
21735,utt_05621192a66c022d5526::p0001-p0002,utt_05621192a66c022d5526::p0001-p0002,31e04712219da69f5e76e8323d02ea61178fab3f0057e03a1141ac61b7389a24,31e04712219da69f5e76e8323d02ea61178fab3f0057e03a1141ac61b7389a24,106,106
21735,utt_05621192a66c022d5526::p0003-p0004,utt_05621192a66c022d5526::p0003-p0004,aea1c6b607df0a7dbaad07391fe9d6943778dc1c1a6f30b2118819fb9787a483,aea1c6b607df0a7dbaad07391fe9d6943778dc1c1a6f30b2118819fb9787a483,133,133
21735,utt_05621192a66c022d5526::p0005-p0008,utt_05621192a66c022d5526::p0005-p0011,2aa662e44a351d184db896589238aa106068ee3a1c88ac74c8d76bf01b7ecd70,aa11b8ba5b67d8522f7ba0acd73f51a36d98693853e299f9b656fe02b842d8e2,130,174
21735,utt_05621192a66c022d5526::p0009-p0011,utt_05621192a66c022d5526::p0005-p0011,23c3c291bbf88234111c5aeedd5f85197d29a91d91b94b3561c4ba4b103b65b5,aa11b8ba5b67d8522f7ba0acd73f51a36d98693853e299f9b656fe02b842d8e2,44,174
21735,utt_415ec643e05b46ee4c2d::p0001-p0002s001,utt_415ec643e05b46ee4c2d::p0001-p0002s001,18984c129ddc6257b001b976b804ee43dbb65bca3065308c9cc481791ee245bc,18984c129ddc6257b001b976b804ee43dbb65bca3065308c9cc481791ee245bc,129,129
21735,utt_415ec643e05b46ee4c2d::p0002s002,utt_415ec643e05b46ee4c2d::p0002s002,09e00e85d0d7b295b7f4853882a82a957d50af9b6ebddf9dfa509bdab522592d,09e00e85d0d7b295b7f4853882a82a957d50af9b6ebddf9dfa509bdab522592d,80,80
21735,utt_415ec643e05b46ee4c2d::p0003,utt_415ec643e05b46ee4c2d::p0003,7fe551b7151aa0b7b43aba79a8d8420aea0dd9dcf9513f05a982d73d68a7c82b,7fe551b7151aa0b7b43aba79a8d8420aea0dd9dcf9513f05a982d73d68a7c82b,99,99
21735,utt_415ec643e05b46ee4c2d::p0004,utt_415ec643e05b46ee4c2d::p0004,bc31f77a6657b03cd960790692d44e56fd79245ad70bd7159b6aa47d2b940c2b,bc31f77a6657b03cd960790692d44e56fd79245ad70bd7159b6aa47d2b940c2b,150,150
21735,utt_415ec643e05b46ee4c2d::p0005-p0006,utt_415ec643e05b46ee4c2d::p0005-p0008,2518840126a1d9b790f7813c9c01efa3afc573edb9c9658ac8c04e5a1a4a764f,ecb20d86e95d6cc508afc8d788efc51224e92add46067c189aa39c9a42eebf5a,119,157
21735,utt_415ec643e05b46ee4c2d::p0007-p0008,utt_415ec643e05b46ee4c2d::p0005-p0008,a6f926ea94d5c10978c46c6b5ae3a4024c9653111f16074f303239251680b95d,ecb20d86e95d6cc508afc8d788efc51224e92add46067c189aa39c9a42eebf5a,38,157
21735,utt_4865834b670b902d6c46::p0001,utt_4865834b670b902d6c46::p0001,6162a1993e13aa386724be069ee2dcfdffd7748e124d62ee93956967732eb958,6162a1993e13aa386724be069ee2dcfdffd7748e124d62ee93956967732eb958,23,23
21735,utt_281664cc9dbaec40e0dd::p0001-p0002,utt_281664cc9dbaec40e0dd::p0001-p0002,81232ab0dc03e242eff04f127a097363f7f26692462da59bb2e19cba8766c380,81232ab0dc03e242eff04f127a097363f7f26692462da59bb2e19cba8766c380,90,90
21735,utt_281664cc9dbaec40e0dd::p0003,utt_281664cc9dbaec40e0dd::p0003,601de4a9eb6f9c1556de61dd4d65b539c71c3b11542392f989a38182c5d967c8,601de4a9eb6f9c1556de61dd4d65b539c71c3b11542392f989a38182c5d967c8,82,82
21735,utt_281664cc9dbaec40e0dd::p0004-p0005,utt_281664cc9dbaec40e0dd::p0004-p0005,1e545b5ab860124835b21fd8b9a00c39592fdcc4d4b5638f3a6d84668d1ec53f,1e545b5ab860124835b21fd8b9a00c39592fdcc4d4b5638f3a6d84668d1ec53f,112,112
21735,utt_281664cc9dbaec40e0dd::p0006,utt_281664cc9dbaec40e0dd::p0006,9bc1080eceefa178d169c174a504631878d408cd55b4b00d0d34baebdecd1571,9bc1080eceefa178d169c174a504631878d408cd55b4b00d0d34baebdecd1571,68,68
21735,utt_281664cc9dbaec40e0dd::p0007-p0008,utt_281664cc9dbaec40e0dd::p0007-p0008,63edce42cc5cc7fbc324f79b01ce00d253448b40d0741f6120d47431391ca7f9,63edce42cc5cc7fbc324f79b01ce00d253448b40d0741f6120d47431391ca7f9,91,91
21735,utt_29f87d6813496d88c917::p0001,utt_29f87d6813496d88c917::p0001,701862a12ee04e2299015b1b82d9f334707fbb2d690b7348344640ba416b44ba,701862a12ee04e2299015b1b82d9f334707fbb2d690b7348344640ba416b44ba,50,50
21735,utt_29f87d6813496d88c917::p0002,utt_29f87d6813496d88c917::p0002,8f2e542b3bef95b1a8cc45021a449aee87602ce2f265b804bcb736a53f028ae1,8f2e542b3bef95b1a8cc45021a449aee87602ce2f265b804bcb736a53f028ae1,133,133
21735,utt_7aaad2f211270afa62cc::p0001-p0004,utt_7aaad2f211270afa62cc::p0001-p0004,b0262ff318fb158e364e60594546716eb783f8532cc4c7d0a252300a16758e87,b0262ff318fb158e364e60594546716eb783f8532cc4c7d0a252300a16758e87,132,132
21735,utt_62c381ab2dfba51ab21f::p0001-p0002,utt_62c381ab2dfba51ab21f::p0001-p0002,4af4bed3ea90c0a0333a58c8ae2c9a0d9490f577ca1e4ca0bff1ad1fa123ff92,4af4bed3ea90c0a0333a58c8ae2c9a0d9490f577ca1e4ca0bff1ad1fa123ff92,114,114
21735,utt_62c381ab2dfba51ab21f::p0003-p0004,utt_62c381ab2dfba51ab21f::p0003-p0004,fcca6fe3bf36555cf8eb9e38f41f1ba7de4644d0df7530a6f78eada32f40f25c,fcca6fe3bf36555cf8eb9e38f41f1ba7de4644d0df7530a6f78eada32f40f25c,119,119
21735,utt_527594fc5c43632b18e6::p0001-p0003,utt_527594fc5c43632b18e6::p0001-p0003,726d1c772bebb307e30686486ba8b32e20aee80bbf80edc50b23b8830a53ad38,726d1c772bebb307e30686486ba8b32e20aee80bbf80edc50b23b8830a53ad38,106,106
21735,utt_7af56f1a5a48c49417c2::p0001-p0003,utt_7af56f1a5a48c49417c2::p0001-p0003,6b92322ebdbeb7d5b3ebca08e0f8ab85769138d4c46da24874f338742d13658b,6b92322ebdbeb7d5b3ebca08e0f8ab85769138d4c46da24874f338742d13658b,78,78
21735,utt_9694e2cdbc52d880ee27::p0001-p0004,utt_9694e2cdbc52d880ee27::p0001-p0004,0e881856a9d4bbf9fc85beaaae0b450821cd3575c4f90ac49b58668cc553b3d4,0e881856a9d4bbf9fc85beaaae0b450821cd3575c4f90ac49b58668cc553b3d4,143,143
21735,utt_9694e2cdbc52d880ee27::p0005-p0007,utt_9694e2cdbc52d880ee27::p0005-p0007,a07b9d3f36645d282df52080c6ea9604c2fdb28f16e6c5fa6e3eaa71d244b11e,a07b9d3f36645d282df52080c6ea9604c2fdb28f16e6c5fa6e3eaa71d244b11e,125,125
21735,utt_9694e2cdbc52d880ee27::p0008-p0011,utt_9694e2cdbc52d880ee27::p0008-p0011,c271c7a0e1c09fcfad94b4945ecdb4c8b62941a10432e654126cdceb47eefc14,c271c7a0e1c09fcfad94b4945ecdb4c8b62941a10432e654126cdceb47eefc14,112,112
21735,utt_9d1c2787a17bbdc0b3ef::p0001-p0003,utt_9d1c2787a17bbdc0b3ef::p0001-p0003,f50f41531920c98636c46a54112e41c432fc5192161e772042e2991acb322b2b,f50f41531920c98636c46a54112e41c432fc5192161e772042e2991acb322b2b,134,134
21735,utt_9d1c2787a17bbdc0b3ef::p0004,utt_9d1c2787a17bbdc0b3ef::p0004,e7af26b07d5401faa87612632de8f13812649fe6cbaa41b6f5042c52c00bc210,e7af26b07d5401faa87612632de8f13812649fe6cbaa41b6f5042c52c00bc210,54,54
21735,utt_9d1c2787a17bbdc0b3ef::p0005,utt_9d1c2787a17bbdc0b3ef::p0005,fd105930c7420b42c6756f86127b13a7f918447d99aaeee7a1245f5f5543f418,fd105930c7420b42c6756f86127b13a7f918447d99aaeee7a1245f5f5543f418,77,77
21735,utt_9d1c2787a17bbdc0b3ef::p0006-p0009,utt_9d1c2787a17bbdc0b3ef::p0006-p0009,28a73431bf2deb6f4eac0c08b21881ca582291f2d67ca34f32c5d0751ccd0ef0,28a73431bf2deb6f4eac0c08b21881ca582291f2d67ca34f32c5d0751ccd0ef0,120,120
21735,utt_f7a66c00175232d0cba6::p0001-p0003,utt_f7a66c00175232d0cba6::p0001-p0003,b468283bb4bef9e071303155cafbd24031ab7082a9fa82ee91c1e4c55b8543ee,b468283bb4bef9e071303155cafbd24031ab7082a9fa82ee91c1e4c55b8543ee,141,141
21735,utt_f7a66c00175232d0cba6::p0004,utt_f7a66c00175232d0cba6::p0004,4c1c5badfbd43bb5a99b8f80717b36995f736f8ced1b6fac9c99e07d69d00c32,4c1c5badfbd43bb5a99b8f80717b36995f736f8ced1b6fac9c99e07d69d00c32,52,52
21735,utt_f7a66c00175232d0cba6::p0005,utt_f7a66c00175232d0cba6::p0005,e37e4b2a21c9efdd84737c63f5ba4a68f86f63c7f08819f53699428200fdad58,e37e4b2a21c9efdd84737c63f5ba4a68f86f63c7f08819f53699428200fdad58,86,86
21735,utt_f7a66c00175232d0cba6::p0006,utt_f7a66c00175232d0cba6::p0006,3e57dbd4390574f2e579c71eab38963145d8ac95d555a60d31e3c9498a6c3814,3e57dbd4390574f2e579c71eab38963145d8ac95d555a60d31e3c9498a6c3814,85,85
21735,utt_f7a66c00175232d0cba6::p0007-p0010,utt_f7a66c00175232d0cba6::p0007-p0010,4eb64b0a2549e860e1a5e7d795d2ad7317fc764d91bf7c9d70178bfee887711e,4eb64b0a2549e860e1a5e7d795d2ad7317fc764d91bf7c9d70178bfee887711e,113,113
21735,utt_d5d448ce735224e7bed8::p0001-p0002,utt_d5d448ce735224e7bed8::p0001-p0002,47371095053930bbd1d4a4afb0d4cf1a41dabfd85e3e0dea1883ea7e8cec074b,47371095053930bbd1d4a4afb0d4cf1a41dabfd85e3e0dea1883ea7e8cec074b,110,110
21735,utt_d5d448ce735224e7bed8::p0003-p0005,utt_d5d448ce735224e7bed8::p0003-p0005,9912a027be8a7ed5f2a7c10566c294cccbf83ee66ee097adca1ffcc277baa98c,9912a027be8a7ed5f2a7c10566c294cccbf83ee66ee097adca1ffcc277baa98c,120,120
21735,utt_de7c3c94d4ac65d1a02d::p0001,utt_de7c3c94d4ac65d1a02d::p0001,b53299b44b3379b81ed07f78db9df2b067920ec6428d7f163e3538a28db089a4,b53299b44b3379b81ed07f78db9df2b067920ec6428d7f163e3538a28db089a4,122,122
21735,utt_1425f080c69204b49cb8::p0001,utt_1425f080c69204b49cb8::p0001,cdf5a4c134b0741963b75be80f5ec751a64fbf7d64ef4f98ee3ee448823e643d,cdf5a4c134b0741963b75be80f5ec751a64fbf7d64ef4f98ee3ee448823e643d,66,66
21735,utt_1425f080c69204b49cb8::p0002-p0003,utt_1425f080c69204b49cb8::p0002-p0005,4b5996ef3c9544a86f371c829ae4607a7e9d46bf2aadcadef29f6cfdd7bed096,f702b0edbd1da5f8f8cd0ec570c5e0122ac3ac2c9093244f7c26716b503ef6a0,150,177
21735,utt_1425f080c69204b49cb8::p0004-p0005,utt_1425f080c69204b49cb8::p0002-p0005,f637741270f503f19788cfe2745bc430531ec05f0f065ddc08cd3cb355535d91,f702b0edbd1da5f8f8cd0ec570c5e0122ac3ac2c9093244f7c26716b503ef6a0,27,177
21735,utt_99c8529966b2ff2d6c4c::p0001s001,utt_99c8529966b2ff2d6c4c::p0001s001,f3d4f176e4ae6ef24f7b813f5478df861dccf9829ae395339b2dcea97e353094,f3d4f176e4ae6ef24f7b813f5478df861dccf9829ae395339b2dcea97e353094,107,107
21735,utt_99c8529966b2ff2d6c4c::p0001s002-p0003,utt_99c8529966b2ff2d6c4c::p0001s002-p0003,205734bd9b41288e8a436e927d8ccfa85101a0dc41e5eb14f97775e1e1b01aef,205734bd9b41288e8a436e927d8ccfa85101a0dc41e5eb14f97775e1e1b01aef,136,136
21735,utt_99c8529966b2ff2d6c4c::p0004-p0006,utt_99c8529966b2ff2d6c4c::p0004-p0006,d19cd08acd9d722f65a88bb04ca3a74468768bbbe407f692f36d3d328419c2c9,d19cd08acd9d722f65a88bb04ca3a74468768bbbe407f692f36d3d328419c2c9,57,57
21735,utt_14552445fb99a7b9773c::p0001-p0002,utt_14552445fb99a7b9773c::p0001-p0002,f598e055abf1a6853710d807cead6dc04cc8bc89183c892a068239d9bf717818,f598e055abf1a6853710d807cead6dc04cc8bc89183c892a068239d9bf717818,110,110
21735,utt_14552445fb99a7b9773c::p0003,utt_14552445fb99a7b9773c::p0003,f4a312691bafcb8398b65b4b96ce84911fd649fda39912afccb97eeb4e6e965b,f4a312691bafcb8398b65b4b96ce84911fd649fda39912afccb97eeb4e6e965b,107,107
21735,utt_3b1fd69b8111db1136f6::p0001-p0002,utt_3b1fd69b8111db1136f6::p0001-p0004,1db0a92d88f31a1bb7f31ef7e99f2ff4d1947e8453bf34f2f630c5d8f79b36f7,d0dc23164856e404747563962c30407ddea1a606791d5995fcc3b128da7d633f,134,165
21735,utt_3b1fd69b8111db1136f6::p0003-p0004,utt_3b1fd69b8111db1136f6::p0001-p0004,017eb6916a615d9089f792af06db0ff3640facedb7125fea6b97e95098fcb79c,d0dc23164856e404747563962c30407ddea1a606791d5995fcc3b128da7d633f,31,165
21735,utt_7781e603e0fd2a54b9ba::p0001-p0002,utt_7781e603e0fd2a54b9ba::p0001-p0002,aea0a1a3ebb0e207d263b56f05f3ae66f128ec7a79efc5fe9e2a539620879ccb,aea0a1a3ebb0e207d263b56f05f3ae66f128ec7a79efc5fe9e2a539620879ccb,40,40
21735,utt_391edbd61b073ee2999d::p0001,utt_391edbd61b073ee2999d::p0001,e73d7c9bbeb5802e6b0cd49315587f13dd4f6262731c77224f1e53b3e373a785,e73d7c9bbeb5802e6b0cd49315587f13dd4f6262731c77224f1e53b3e373a785,118,118
21735,utt_391edbd61b073ee2999d::p0002-p0003,utt_391edbd61b073ee2999d::p0002-p0003,acc671fb9cfb666a4db8c95d097f302f96d75349cc987cb19e55811ed8693740,acc671fb9cfb666a4db8c95d097f302f96d75349cc987cb19e55811ed8693740,150,150
21735,utt_391edbd61b073ee2999d::p0004,utt_391edbd61b073ee2999d::p0004,4e75e765884da77a170d1ff136412b167c4737b6c1c75b5934692909d498ba19,4e75e765884da77a170d1ff136412b167c4737b6c1c75b5934692909d498ba19,87,87
21735,utt_391edbd61b073ee2999d::p0005-p0006,utt_391edbd61b073ee2999d::p0005-p0006,086d2044ab3ee9ac065ff1efd4d073bfdbbbd64908f48af0af58d0bf01815141,086d2044ab3ee9ac065ff1efd4d073bfdbbbd64908f48af0af58d0bf01815141,85,85
21735,utt_a46307c4ddfef51af690::p0001-p0004,utt_a46307c4ddfef51af690::p0001-p0004,a2d1f03ac801475b184440ae6f1cd9a6bef850b786cdbce9ab93b825f0375596,a2d1f03ac801475b184440ae6f1cd9a6bef850b786cdbce9ab93b825f0375596,109,109
21735,utt_022e160407ce14737d52::p0001-p0002,utt_022e160407ce14737d52::p0001-p0003s001,5aafc0e6f9e9b3f2e2894cd26121f8b5ffbe83e4961ebff439f6e88d01762a7b,f044a67421363cef35adc78fd3096b2f369d192a2abd99afe21d5fc9fbf7b49a,5,155
21735,utt_022e160407ce14737d52::p0003s001,utt_022e160407ce14737d52::p0001-p0003s001,9fef96804adb335a6d7529914f58b30aabc742ac5e15b1efa02f292eb0919e76,f044a67421363cef35adc78fd3096b2f369d192a2abd99afe21d5fc9fbf7b49a,150,155
21735,utt_022e160407ce14737d52::p0003s002-p0004,utt_022e160407ce14737d52::p0003s002-p0004,72d7458d9488f46d184770733986515307947a8b33a64a2c77600b28deaac574,72d7458d9488f46d184770733986515307947a8b33a64a2c77600b28deaac574,118,118
21735,utt_022e160407ce14737d52::p0005s001,utt_022e160407ce14737d52::p0005s001,71758a4bdb7c7a650ed99aa0f935e03f6e913734a542e4d68b5afd0de38df014,71758a4bdb7c7a650ed99aa0f935e03f6e913734a542e4d68b5afd0de38df014,150,150
21735,utt_022e160407ce14737d52::p0005s002-p0007,utt_022e160407ce14737d52::p0005s002-p0007,79c7ff834f1460a509d91fe9eedd02739b8f37580b7058bdf5c1beef4a0e1f8b,79c7ff834f1460a509d91fe9eedd02739b8f37580b7058bdf5c1beef4a0e1f8b,66,66
21735,utt_490ebc45a99504f43bd1::p0001-p0005,utt_490ebc45a99504f43bd1::p0001-p0005,56855db865d1905cb625dd86af3561f796430dbf702b1553f7e6d2382d5a2c7d,56855db865d1905cb625dd86af3561f796430dbf702b1553f7e6d2382d5a2c7d,128,128
21735,utt_490ebc45a99504f43bd1::p0006-p0008,utt_490ebc45a99504f43bd1::p0006-p0008,534f7e43bca9d1544ef7490f5395aabbe35f9365e0899a8f99f80015eef8b10a,534f7e43bca9d1544ef7490f5395aabbe35f9365e0899a8f99f80015eef8b10a,58,58
21735,utt_3fd61a42e2c8cf6f7b32::p0001-p0002,utt_3fd61a42e2c8cf6f7b32::p0001-p0003s001,5aafc0e6f9e9b3f2e2894cd26121f8b5ffbe83e4961ebff439f6e88d01762a7b,cec4f6c530b44558496d0706e25791927252119e3ca04ac9c1729fb13392b871,5,155
21735,utt_3fd61a42e2c8cf6f7b32::p0003s001,utt_3fd61a42e2c8cf6f7b32::p0001-p0003s001,6dee7c939b36d3f4419c1d787c25c780f16ca8b53993cc4c0df362a49233b97f,cec4f6c530b44558496d0706e25791927252119e3ca04ac9c1729fb13392b871,150,155
21735,utt_3fd61a42e2c8cf6f7b32::p0003s002-p0004,utt_3fd61a42e2c8cf6f7b32::p0003s002-p0004,6e45ae0b016115aef903ccdec4285269a82d7fc7ef8d341ecfa6db60dd6109b8,6e45ae0b016115aef903ccdec4285269a82d7fc7ef8d341ecfa6db60dd6109b8,121,121
21735,utt_3fd61a42e2c8cf6f7b32::p0005s001,utt_3fd61a42e2c8cf6f7b32::p0005s001,f617237a7e86756db3e3366995244c8f4e29b24eb47503814582109ee7c5e1be,f617237a7e86756db3e3366995244c8f4e29b24eb47503814582109ee7c5e1be,150,150
21735,utt_3fd61a42e2c8cf6f7b32::p0005s002-p0006,utt_3fd61a42e2c8cf6f7b32::p0005s002-p0006,a9e0ea2a953575d9ed4a58dc5035d4d9a557440865b6157047e9ad6bcabcf701,a9e0ea2a953575d9ed4a58dc5035d4d9a557440865b6157047e9ad6bcabcf701,63,63
21735,utt_8e2833ccc9f3edc69021::p0001-p0003,utt_8e2833ccc9f3edc69021::p0001-p0003,4b4e8c78036fb75496d7c5bd647a41ad1d496e5d4a11dbbda40fcfe672cec655,4b4e8c78036fb75496d7c5bd647a41ad1d496e5d4a11dbbda40fcfe672cec655,99,99
21735,utt_0a80091f810921f1db93::p0001-p0002,utt_0a80091f810921f1db93::p0001-p0003s001,2e53d9c04e1d81607db4f383ec3c13f08f6bcdaf6b9cce24f1fd64cd58c4caab,6a654935083969f35d6a7b34f14743521ebb83b1e24272abd5e5c493a8b7175d,5,155
21735,utt_0a80091f810921f1db93::p0003s001,utt_0a80091f810921f1db93::p0001-p0003s001,a09443f7bcb7ecb94f85885fd7b5d3cc6dfa326d11f9406f23733a036f72c48b,6a654935083969f35d6a7b34f14743521ebb83b1e24272abd5e5c493a8b7175d,150,155
21735,utt_0a80091f810921f1db93::p0003s002-p0004,utt_0a80091f810921f1db93::p0003s002-p0004,52b4dddfcb0aea68fb3d2ef8311e30c22e164d6ff1e9636e9592c931914b55fc,52b4dddfcb0aea68fb3d2ef8311e30c22e164d6ff1e9636e9592c931914b55fc,90,90
21735,utt_0a80091f810921f1db93::p0005s001,utt_0a80091f810921f1db93::p0005s001,ceeed7f08f33b6c6b1b214a9620130e75221bbe62d00bacd5cc835256d978d23,ceeed7f08f33b6c6b1b214a9620130e75221bbe62d00bacd5cc835256d978d23,150,150
21735,utt_0a80091f810921f1db93::p0005s002,utt_0a80091f810921f1db93::p0005s002,722657c5607917a72dc154d003e572e54383c33ce67ec79517c9b12728b6f5c2,722657c5607917a72dc154d003e572e54383c33ce67ec79517c9b12728b6f5c2,92,92
21735,utt_6061331cbd4575a593a1::p0001,utt_6061331cbd4575a593a1::p0001,9a3bc75667c478b65622d4cb0692614a8d95f01de0940596730b60ad3af06b03,9a3bc75667c478b65622d4cb0692614a8d95f01de0940596730b60ad3af06b03,42,42
21735,utt_4dd19d8594006088a316::p0001-p0002,utt_4dd19d8594006088a316::p0001-p0002,c995ff47b245dbf765c550cecefba02bfd9bf63a08a5a344ba1bd7863ca30df6,c995ff47b245dbf765c550cecefba02bfd9bf63a08a5a344ba1bd7863ca30df6,77,77
21735,utt_42db4071c11761a3ed56::p0001-p0002,utt_42db4071c11761a3ed56::p0001-p0003s001,2e53d9c04e1d81607db4f383ec3c13f08f6bcdaf6b9cce24f1fd64cd58c4caab,6a654935083969f35d6a7b34f14743521ebb83b1e24272abd5e5c493a8b7175d,5,155
21735,utt_42db4071c11761a3ed56::p0003s001,utt_42db4071c11761a3ed56::p0001-p0003s001,a09443f7bcb7ecb94f85885fd7b5d3cc6dfa326d11f9406f23733a036f72c48b,6a654935083969f35d6a7b34f14743521ebb83b1e24272abd5e5c493a8b7175d,150,155
21735,utt_42db4071c11761a3ed56::p0003s002-p0004,utt_42db4071c11761a3ed56::p0003s002-p0004,52b4dddfcb0aea68fb3d2ef8311e30c22e164d6ff1e9636e9592c931914b55fc,52b4dddfcb0aea68fb3d2ef8311e30c22e164d6ff1e9636e9592c931914b55fc,90,90
21735,utt_42db4071c11761a3ed56::p0005s001,utt_42db4071c11761a3ed56::p0005s001,f617237a7e86756db3e3366995244c8f4e29b24eb47503814582109ee7c5e1be,f617237a7e86756db3e3366995244c8f4e29b24eb47503814582109ee7c5e1be,150,150
21735,utt_42db4071c11761a3ed56::p0005s002-p0007,utt_42db4071c11761a3ed56::p0005s002-p0007,2c5d56dd67a14ee1994bd076895cf2710206295bd244cd55ce720edd1a0d6f97,2c5d56dd67a14ee1994bd076895cf2710206295bd244cd55ce720edd1a0d6f97,94,94
21735,utt_cc699e10012df1c39046::p0001-p0003,utt_cc699e10012df1c39046::p0001-p0003,1e9222ab9a940189663de95cb10dd25cfa8920ce44ab8dd13efc31c8aaf95690,1e9222ab9a940189663de95cb10dd25cfa8920ce44ab8dd13efc31c8aaf95690,89,89
21735,utt_375c26ed368cdaa82da5::p0001-p0002,utt_375c26ed368cdaa82da5::p0001-p0003s001,5aafc0e6f9e9b3f2e2894cd26121f8b5ffbe83e4961ebff439f6e88d01762a7b,fe404871461e38a0dfb09122a7033a556a70f5c92213af17c014c229d8a4cb31,5,155
21735,utt_375c26ed368cdaa82da5::p0003s001,utt_375c26ed368cdaa82da5::p0001-p0003s001,dab7e5bcf33b26c489fe10b41a37380b70d17577449a80aaae9454d0ea8052c2,fe404871461e38a0dfb09122a7033a556a70f5c92213af17c014c229d8a4cb31,150,155
21735,utt_375c26ed368cdaa82da5::p0003s002,utt_375c26ed368cdaa82da5::p0003s002,353fb7fe78e92bd726d0566e19d877942d26a8ff5eb7fedc1c55f69d83c313a4,353fb7fe78e92bd726d0566e19d877942d26a8ff5eb7fedc1c55f69d83c313a4,150,150
21735,utt_375c26ed368cdaa82da5::p0003s003-p0004,utt_375c26ed368cdaa82da5::p0003s003-p0005,2196682bd11144a7845dabc01aed066003205cb2c547f59fb8a18d01f725d47e,068c367460ea8bc252fbfda107a0f5a52a5b9852d31d285f5a86f3f5b17ed43f,133,182
21735,utt_375c26ed368cdaa82da5::p0005,utt_375c26ed368cdaa82da5::p0003s003-p0005,e094e132a5cd3889f0675fd5fed2d03f62fedf96fec1a3ef97b6a80988588d17,068c367460ea8bc252fbfda107a0f5a52a5b9852d31d285f5a86f3f5b17ed43f,49,182
21735,utt_1e7ebacfd73dededc4a5::p0001-p0003,utt_1e7ebacfd73dededc4a5::p0001-p0003,ae91ec7f39b8259a4f794cd02bd807c95829b8e3fe34c3f44a96e0da29a10153,ae91ec7f39b8259a4f794cd02bd807c95829b8e3fe34c3f44a96e0da29a10153,89,89
21735,utt_ea2b843f01c152f1cf0a::p0001-p0002,utt_ea2b843f01c152f1cf0a::p0001-p0003s001,5aafc0e6f9e9b3f2e2894cd26121f8b5ffbe83e4961ebff439f6e88d01762a7b,cec4f6c530b44558496d0706e25791927252119e3ca04ac9c1729fb13392b871,5,155
21735,utt_ea2b843f01c152f1cf0a::p0003s001,utt_ea2b843f01c152f1cf0a::p0001-p0003s001,6dee7c939b36d3f4419c1d787c25c780f16ca8b53993cc4c0df362a49233b97f,cec4f6c530b44558496d0706e25791927252119e3ca04ac9c1729fb13392b871,150,155
21735,utt_ea2b843f01c152f1cf0a::p0003s002-p0004,utt_ea2b843f01c152f1cf0a::p0003s002-p0004,4f87fae43647c9abc2a1bffe21881845004eaa07dd5594fcac9a148e35bbd022,4f87fae43647c9abc2a1bffe21881845004eaa07dd5594fcac9a148e35bbd022,124,124
21735,utt_ea2b843f01c152f1cf0a::p0005s001,utt_ea2b843f01c152f1cf0a::p0005s001,9fd13770e7b267acd9d2e79d6ec4561035f4551882e8a00d72598d53e41c9de5,9fd13770e7b267acd9d2e79d6ec4561035f4551882e8a00d72598d53e41c9de5,150,150
21735,utt_ea2b843f01c152f1cf0a::p0005s002-p0006,utt_ea2b843f01c152f1cf0a::p0005s002-p0006,d7048b49d39d211816a2a254a5f44674447f97dbfa2c97b02105de101913aa57,d7048b49d39d211816a2a254a5f44674447f97dbfa2c97b02105de101913aa57,60,60
21735,utt_34201cfb2cc130c77bbe::p0001-p0003,utt_34201cfb2cc130c77bbe::p0001-p0003,1fcfd96bb970003d6c1f6e28212636cdccf8299e5a9f886afce3ec3f712cd5d3,1fcfd96bb970003d6c1f6e28212636cdccf8299e5a9f886afce3ec3f712cd5d3,100,100
21735,utt_5accdd508fe26b337540::p0001-p0002,utt_5accdd508fe26b337540::p0001-p0003s001,2e53d9c04e1d81607db4f383ec3c13f08f6bcdaf6b9cce24f1fd64cd58c4caab,8fd3d31725f113810d0f2b0a65058eb992833523b85c09e6e804d34739d6aa1b,5,155
21735,utt_5accdd508fe26b337540::p0003s001,utt_5accdd508fe26b337540::p0001-p0003s001,55648878679f4d16109168ef1d389c3f7a890dff701b3402be481b108f5b9f6c,8fd3d31725f113810d0f2b0a65058eb992833523b85c09e6e804d34739d6aa1b,150,155
21735,utt_5accdd508fe26b337540::p0003s002-p0004,utt_5accdd508fe26b337540::p0003s002-p0004,9e146e37e2ec71195787a03ff809c142a5c422cb3422c59e4f68468252e3ce5a,9e146e37e2ec71195787a03ff809c142a5c422cb3422c59e4f68468252e3ce5a,93,93
21735,utt_5accdd508fe26b337540::p0005s001,utt_5accdd508fe26b337540::p0005s001,69ad8f3a6800fc25ec5a3340534589608a1071f2e972ae3ada3188ea9887dbac,69ad8f3a6800fc25ec5a3340534589608a1071f2e972ae3ada3188ea9887dbac,150,150
21735,utt_5accdd508fe26b337540::p0005s002,utt_5accdd508fe26b337540::p0005s002,abe6116f24c52d22d27655764e4113e078a7d2bc8467aed2ccc077322c6b9a35,abe6116f24c52d22d27655764e4113e078a7d2bc8467aed2ccc077322c6b9a35,89,89
21735,utt_6125bb184f99c2d7ac78::p0001-p0003,utt_6125bb184f99c2d7ac78::p0001-p0003,228ce770261b3322975863a12786c26739eb8a0c43879f2f564e71b1c4c72512,228ce770261b3322975863a12786c26739eb8a0c43879f2f564e71b1c4c72512,100,100
21735,utt_f7c834698bf9c28f9911::p0001-p0002,utt_f7c834698bf9c28f9911::p0001-p0003s001,2e53d9c04e1d81607db4f383ec3c13f08f6bcdaf6b9cce24f1fd64cd58c4caab,0a14293be63ea7b57b81cb0a2f32555b2b87dae93ec2777e791b4280a8ba01b3,5,155
21735,utt_f7c834698bf9c28f9911::p0003s001,utt_f7c834698bf9c28f9911::p0001-p0003s001,25c9d51c3a881e5993d521c0c080950ba94c2d650b929c7a357cba818b2a6877,0a14293be63ea7b57b81cb0a2f32555b2b87dae93ec2777e791b4280a8ba01b3,150,155
21735,utt_f7c834698bf9c28f9911::p0003s002-p0004,utt_f7c834698bf9c28f9911::p0003s002-p0004,bd127dad21ad36faeb7b560d90dbd259c11bd81070af686a06a9b028b7e69d3d,bd127dad21ad36faeb7b560d90dbd259c11bd81070af686a06a9b028b7e69d3d,87,87
21735,utt_f7c834698bf9c28f9911::p0005s001,utt_f7c834698bf9c28f9911::p0005s001,ceeed7f08f33b6c6b1b214a9620130e75221bbe62d00bacd5cc835256d978d23,ceeed7f08f33b6c6b1b214a9620130e75221bbe62d00bacd5cc835256d978d23,150,150
21735,utt_f7c834698bf9c28f9911::p0005s002-p0006,utt_f7c834698bf9c28f9911::p0005s002-p0006,0e8a0903e0bc34b23b1bf0f6bc62d8e3466c7e616cc762c6dfdab9646b76b7c4,0e8a0903e0bc34b23b1bf0f6bc62d8e3466c7e616cc762c6dfdab9646b76b7c4,97,97
21735,utt_69387ded88ff16da2d63::p0001-p0003,utt_69387ded88ff16da2d63::p0001-p0003,2d123fe28880c4aa0ae60ce9b1c8be65461151ac70bd723560b43ef6ec343e3b,2d123fe28880c4aa0ae60ce9b1c8be65461151ac70bd723560b43ef6ec343e3b,99,99
21735,utt_326222f5c9b2495b47ed::p0001-p0002,utt_326222f5c9b2495b47ed::p0001-p0003s001,2e53d9c04e1d81607db4f383ec3c13f08f6bcdaf6b9cce24f1fd64cd58c4caab,0a14293be63ea7b57b81cb0a2f32555b2b87dae93ec2777e791b4280a8ba01b3,5,155
21735,utt_326222f5c9b2495b47ed::p0003s001,utt_326222f5c9b2495b47ed::p0001-p0003s001,25c9d51c3a881e5993d521c0c080950ba94c2d650b929c7a357cba818b2a6877,0a14293be63ea7b57b81cb0a2f32555b2b87dae93ec2777e791b4280a8ba01b3,150,155
21735,utt_326222f5c9b2495b47ed::p0003s002-p0004,utt_326222f5c9b2495b47ed::p0003s002-p0004,bd127dad21ad36faeb7b560d90dbd259c11bd81070af686a06a9b028b7e69d3d,bd127dad21ad36faeb7b560d90dbd259c11bd81070af686a06a9b028b7e69d3d,87,87
21735,utt_326222f5c9b2495b47ed::p0005s001,utt_326222f5c9b2495b47ed::p0005s001,ceeed7f08f33b6c6b1b214a9620130e75221bbe62d00bacd5cc835256d978d23,ceeed7f08f33b6c6b1b214a9620130e75221bbe62d00bacd5cc835256d978d23,150,150
21735,utt_326222f5c9b2495b47ed::p0005s002-p0006,utt_326222f5c9b2495b47ed::p0005s002-p0006,0e8a0903e0bc34b23b1bf0f6bc62d8e3466c7e616cc762c6dfdab9646b76b7c4,0e8a0903e0bc34b23b1bf0f6bc62d8e3466c7e616cc762c6dfdab9646b76b7c4,97,97
21735,utt_5da6a182f0d88510aad6::p0001,utt_5da6a182f0d88510aad6::p0001,c178aa13447b6dfc319aade95234dad08066bc815a8db2e9c463df02c7e4cde1,c178aa13447b6dfc319aade95234dad08066bc815a8db2e9c463df02c7e4cde1,43,43
21735,utt_0a6b604294a9039e702f::p0001-p0002,utt_0a6b604294a9039e702f::p0001-p0002,c185e3ccecb90da1f531133f1d073cf98ce00aef89d84f94466eae3ede741c5e,c185e3ccecb90da1f531133f1d073cf98ce00aef89d84f94466eae3ede741c5e,40,40
21735,utt_f9920ba262dfd719cd3f::p0001-p0003,utt_f9920ba262dfd719cd3f::p0001-p0003,dd81f0eaa667ce53129ac4709edbedc6fb34a4f59483d647fbcde5bd757da638,dd81f0eaa667ce53129ac4709edbedc6fb34a4f59483d647fbcde5bd757da638,55,55
21735,utt_45cc0393b646cf50c45f::p0001-p0002,utt_45cc0393b646cf50c45f::p0001-p0002,cec8c2d45ecc4c3f9d161355b263eb2849a0dfd02260e8bfa1b9664cac24a539,cec8c2d45ecc4c3f9d161355b263eb2849a0dfd02260e8bfa1b9664cac24a539,46,46
21735,utt_53e8e07d1bb87afa48cb::p0001-p0002,utt_53e8e07d1bb87afa48cb::p0001-p0003s001,2e53d9c04e1d81607db4f383ec3c13f08f6bcdaf6b9cce24f1fd64cd58c4caab,0a14293be63ea7b57b81cb0a2f32555b2b87dae93ec2777e791b4280a8ba01b3,5,155
21735,utt_53e8e07d1bb87afa48cb::p0003s001,utt_53e8e07d1bb87afa48cb::p0001-p0003s001,25c9d51c3a881e5993d521c0c080950ba94c2d650b929c7a357cba818b2a6877,0a14293be63ea7b57b81cb0a2f32555b2b87dae93ec2777e791b4280a8ba01b3,150,155
21735,utt_53e8e07d1bb87afa48cb::p0003s002-p0004,utt_53e8e07d1bb87afa48cb::p0003s002-p0004,bd127dad21ad36faeb7b560d90dbd259c11bd81070af686a06a9b028b7e69d3d,bd127dad21ad36faeb7b560d90dbd259c11bd81070af686a06a9b028b7e69d3d,87,87
21735,utt_53e8e07d1bb87afa48cb::p0005s001,utt_53e8e07d1bb87afa48cb::p0005s001,f617237a7e86756db3e3366995244c8f4e29b24eb47503814582109ee7c5e1be,f617237a7e86756db3e3366995244c8f4e29b24eb47503814582109ee7c5e1be,150,150
21735,utt_53e8e07d1bb87afa48cb::p0005s002-p0007,utt_53e8e07d1bb87afa48cb::p0005s002-p0007,ed1ebba09f87baca38fd12a3b3bf6aa3afa50b1db9f22f3b0c1947ae45856b8e,ed1ebba09f87baca38fd12a3b3bf6aa3afa50b1db9f22f3b0c1947ae45856b8e,97,97
21735,utt_57ac93ee30b9b0396b3b::p0001-p0002,utt_57ac93ee30b9b0396b3b::p0001-p0002,f671c0e7c00a8f2e1bf4e3e288cddd2318637ce67ba320c7d7aad4fbee76e0b4,f671c0e7c00a8f2e1bf4e3e288cddd2318637ce67ba320c7d7aad4fbee76e0b4,77,77
21735,utt_797557c398f5056ea790::p0001-p0002,utt_797557c398f5056ea790::p0001-p0003s001,2e53d9c04e1d81607db4f383ec3c13f08f6bcdaf6b9cce24f1fd64cd58c4caab,0a14293be63ea7b57b81cb0a2f32555b2b87dae93ec2777e791b4280a8ba01b3,5,155
21735,utt_797557c398f5056ea790::p0003s001,utt_797557c398f5056ea790::p0001-p0003s001,25c9d51c3a881e5993d521c0c080950ba94c2d650b929c7a357cba818b2a6877,0a14293be63ea7b57b81cb0a2f32555b2b87dae93ec2777e791b4280a8ba01b3,150,155
21735,utt_797557c398f5056ea790::p0003s002-p0004,utt_797557c398f5056ea790::p0003s002-p0004,bd127dad21ad36faeb7b560d90dbd259c11bd81070af686a06a9b028b7e69d3d,bd127dad21ad36faeb7b560d90dbd259c11bd81070af686a06a9b028b7e69d3d,87,87
21735,utt_797557c398f5056ea790::p0005s001,utt_797557c398f5056ea790::p0005s001,f617237a7e86756db3e3366995244c8f4e29b24eb47503814582109ee7c5e1be,f617237a7e86756db3e3366995244c8f4e29b24eb47503814582109ee7c5e1be,150,150
21735,utt_797557c398f5056ea790::p0005s002-p0007,utt_797557c398f5056ea790::p0005s002-p0007,ed1ebba09f87baca38fd12a3b3bf6aa3afa50b1db9f22f3b0c1947ae45856b8e,ed1ebba09f87baca38fd12a3b3bf6aa3afa50b1db9f22f3b0c1947ae45856b8e,97,97
21735,utt_870ebb16dfe38e460f74::p0001-p0003,utt_870ebb16dfe38e460f74::p0001-p0003,dee00bb23171823ff5d17b4e9f656e298ddbb17ab6e418113cea73601e20c385,dee00bb23171823ff5d17b4e9f656e298ddbb17ab6e418113cea73601e20c385,80,80
21735,utt_488e54bb8328f895a45b::p0001-p0002,utt_488e54bb8328f895a45b::p0001-p0003s001,2e53d9c04e1d81607db4f383ec3c13f08f6bcdaf6b9cce24f1fd64cd58c4caab,0a14293be63ea7b57b81cb0a2f32555b2b87dae93ec2777e791b4280a8ba01b3,5,155
21735,utt_488e54bb8328f895a45b::p0003s001,utt_488e54bb8328f895a45b::p0001-p0003s001,25c9d51c3a881e5993d521c0c080950ba94c2d650b929c7a357cba818b2a6877,0a14293be63ea7b57b81cb0a2f32555b2b87dae93ec2777e791b4280a8ba01b3,150,155
21735,utt_488e54bb8328f895a45b::p0003s002-p0004,utt_488e54bb8328f895a45b::p0003s002-p0004,bd127dad21ad36faeb7b560d90dbd259c11bd81070af686a06a9b028b7e69d3d,bd127dad21ad36faeb7b560d90dbd259c11bd81070af686a06a9b028b7e69d3d,87,87
21735,utt_488e54bb8328f895a45b::p0005s001,utt_488e54bb8328f895a45b::p0005s001,a75003523c88ffc632d7af21df3a195c4d10df8221d81828e321e8c41e9d691a,a75003523c88ffc632d7af21df3a195c4d10df8221d81828e321e8c41e9d691a,150,150
21735,utt_488e54bb8328f895a45b::p0005s002-p0007,utt_488e54bb8328f895a45b::p0005s002-p0007,f3433cf66f2046347e987c58a8a1f71a8e64ea0e9071e765b573731e817e8053,f3433cf66f2046347e987c58a8a1f71a8e64ea0e9071e765b573731e817e8053,97,97
21735,utt_a2ed9ebe8a88e2547b27::p0001-p0004,utt_a2ed9ebe8a88e2547b27::p0001-p0004,a6e96e40cfcd20ff2f8697ab30fae573d70887bc6da34de29f5ec7ae2ff52e91,a6e96e40cfcd20ff2f8697ab30fae573d70887bc6da34de29f5ec7ae2ff52e91,80,80
21735,utt_218abd95f624f3abfaea::p0001-p0002,utt_218abd95f624f3abfaea::p0001-p0003s001,2e53d9c04e1d81607db4f383ec3c13f08f6bcdaf6b9cce24f1fd64cd58c4caab,0a14293be63ea7b57b81cb0a2f32555b2b87dae93ec2777e791b4280a8ba01b3,5,155
21735,utt_218abd95f624f3abfaea::p0003s001,utt_218abd95f624f3abfaea::p0001-p0003s001,25c9d51c3a881e5993d521c0c080950ba94c2d650b929c7a357cba818b2a6877,0a14293be63ea7b57b81cb0a2f32555b2b87dae93ec2777e791b4280a8ba01b3,150,155
21735,utt_218abd95f624f3abfaea::p0003s002-p0004,utt_218abd95f624f3abfaea::p0003s002-p0004,bd127dad21ad36faeb7b560d90dbd259c11bd81070af686a06a9b028b7e69d3d,bd127dad21ad36faeb7b560d90dbd259c11bd81070af686a06a9b028b7e69d3d,87,87
21735,utt_218abd95f624f3abfaea::p0005s001,utt_218abd95f624f3abfaea::p0005s001,f617237a7e86756db3e3366995244c8f4e29b24eb47503814582109ee7c5e1be,f617237a7e86756db3e3366995244c8f4e29b24eb47503814582109ee7c5e1be,150,150
21735,utt_218abd95f624f3abfaea::p0005s002-p0007,utt_218abd95f624f3abfaea::p0005s002-p0007,ed1ebba09f87baca38fd12a3b3bf6aa3afa50b1db9f22f3b0c1947ae45856b8e,ed1ebba09f87baca38fd12a3b3bf6aa3afa50b1db9f22f3b0c1947ae45856b8e,97,97
21735,utt_3ce734835c29b694cdf6::p0001-p0004,utt_3ce734835c29b694cdf6::p0001-p0004,f9cf5d648565af41fc23b44f0be09d7922ffdd2309b9e28c11104546de0ac63a,f9cf5d648565af41fc23b44f0be09d7922ffdd2309b9e28c11104546de0ac63a,79,79
21735,utt_024ff50c232258d48119::p0001-p0002,utt_024ff50c232258d48119::p0001-p0003s001,2e53d9c04e1d81607db4f383ec3c13f08f6bcdaf6b9cce24f1fd64cd58c4caab,0a14293be63ea7b57b81cb0a2f32555b2b87dae93ec2777e791b4280a8ba01b3,5,155
21735,utt_024ff50c232258d48119::p0003s001,utt_024ff50c232258d48119::p0001-p0003s001,25c9d51c3a881e5993d521c0c080950ba94c2d650b929c7a357cba818b2a6877,0a14293be63ea7b57b81cb0a2f32555b2b87dae93ec2777e791b4280a8ba01b3,150,155
21735,utt_024ff50c232258d48119::p0003s002-p0004,utt_024ff50c232258d48119::p0003s002-p0004,57a1377292d68cda37fecbcc32794c4a5ce4fd498c346af054485299ecec42da,57a1377292d68cda37fecbcc32794c4a5ce4fd498c346af054485299ecec42da,87,87
21735,utt_024ff50c232258d48119::p0005s001,utt_024ff50c232258d48119::p0005s001,f617237a7e86756db3e3366995244c8f4e29b24eb47503814582109ee7c5e1be,f617237a7e86756db3e3366995244c8f4e29b24eb47503814582109ee7c5e1be,150,150
21735,utt_024ff50c232258d48119::p0005s002-p0007,utt_024ff50c232258d48119::p0005s002-p0007,ed1ebba09f87baca38fd12a3b3bf6aa3afa50b1db9f22f3b0c1947ae45856b8e,ed1ebba09f87baca38fd12a3b3bf6aa3afa50b1db9f22f3b0c1947ae45856b8e,97,97
21735,utt_390a28ec122fc852f195::p0001-p0004,utt_390a28ec122fc852f195::p0001-p0004,59ea85b237ebafd69a8922b22af537bb9c1131d72943431488ff9e53550b034e,59ea85b237ebafd69a8922b22af537bb9c1131d72943431488ff9e53550b034e,97,97
21735,utt_0c2199b874ef4de6520c::p0001-p0002,utt_0c2199b874ef4de6520c::p0001-p0003s001,2e53d9c04e1d81607db4f383ec3c13f08f6bcdaf6b9cce24f1fd64cd58c4caab,0a14293be63ea7b57b81cb0a2f32555b2b87dae93ec2777e791b4280a8ba01b3,5,155
21735,utt_0c2199b874ef4de6520c::p0003s001,utt_0c2199b874ef4de6520c::p0001-p0003s001,25c9d51c3a881e5993d521c0c080950ba94c2d650b929c7a357cba818b2a6877,0a14293be63ea7b57b81cb0a2f32555b2b87dae93ec2777e791b4280a8ba01b3,150,155
21735,utt_0c2199b874ef4de6520c::p0003s002-p0004,utt_0c2199b874ef4de6520c::p0003s002-p0004,bd127dad21ad36faeb7b560d90dbd259c11bd81070af686a06a9b028b7e69d3d,bd127dad21ad36faeb7b560d90dbd259c11bd81070af686a06a9b028b7e69d3d,87,87
21735,utt_0c2199b874ef4de6520c::p0005s001,utt_0c2199b874ef4de6520c::p0005s001,5e8b1c3c2cf49cab0fc8f9038003d06732960539602a1b29f90a1aeaf1502bcc,5e8b1c3c2cf49cab0fc8f9038003d06732960539602a1b29f90a1aeaf1502bcc,150,150
21735,utt_0c2199b874ef4de6520c::p0005s002-p0007,utt_0c2199b874ef4de6520c::p0005s002-p0007,2356cc7b9bec7907ce68709e4fb52bed7e290674eda4daed1a0fce167a7d3d0b,2356cc7b9bec7907ce68709e4fb52bed7e290674eda4daed1a0fce167a7d3d0b,97,97
21735,utt_90e516b3f37b2b26e1fa::p0001,utt_90e516b3f37b2b26e1fa::p0001,c28e1c63c908b697eb2ed103d6bfc94a42e1406111677e7cabf16ccef5fac23b,c28e1c63c908b697eb2ed103d6bfc94a42e1406111677e7cabf16ccef5fac23b,37,37
21735,utt_b51b2f4fc1b21961d285::p0001,utt_b51b2f4fc1b21961d285::p0001,eb1fc7b278074ce59b4752f757e527ad049ee7f52df69c8f5f24ce28c9471a5f,eb1fc7b278074ce59b4752f757e527ad049ee7f52df69c8f5f24ce28c9471a5f,9,9
21735,utt_f545a639498da383dc71::p0001,utt_f545a639498da383dc71::p0001,cc8e2aa2af1e3db7eba48ecd778a33c30d9e206ac9b2c82750c766f12fab161c,cc8e2aa2af1e3db7eba48ecd778a33c30d9e206ac9b2c82750c766f12fab161c,27,27
21735,utt_26ebfed5ea1eaff3c37f::p0001-p0005,utt_26ebfed5ea1eaff3c37f::p0001-p0005,a2c5c787fa4f82c8cbaecac9828a42d55513a4a35f80f7192c858894953f274a,a2c5c787fa4f82c8cbaecac9828a42d55513a4a35f80f7192c858894953f274a,81,81
21735,utt_9138c6ed789d0d0f5da9::p0001-p0002,utt_9138c6ed789d0d0f5da9::p0001-p0003s001,02b62e5c0185e7db0eda08b67a236da7d94e61115c1a8fff247595091daca4be,bcfc103d3db00207ee2f49fbbbabe1411afa0ab1c7b0cc1af582ddba9fe7c562,5,155
21735,utt_9138c6ed789d0d0f5da9::p0003s001,utt_9138c6ed789d0d0f5da9::p0001-p0003s001,25c9d51c3a881e5993d521c0c080950ba94c2d650b929c7a357cba818b2a6877,bcfc103d3db00207ee2f49fbbbabe1411afa0ab1c7b0cc1af582ddba9fe7c562,150,155
21735,utt_9138c6ed789d0d0f5da9::p0003s002-p0004,utt_9138c6ed789d0d0f5da9::p0003s002-p0004,bd127dad21ad36faeb7b560d90dbd259c11bd81070af686a06a9b028b7e69d3d,bd127dad21ad36faeb7b560d90dbd259c11bd81070af686a06a9b028b7e69d3d,87,87
21735,utt_9138c6ed789d0d0f5da9::p0005s001,utt_9138c6ed789d0d0f5da9::p0005s001,f617237a7e86756db3e3366995244c8f4e29b24eb47503814582109ee7c5e1be,f617237a7e86756db3e3366995244c8f4e29b24eb47503814582109ee7c5e1be,150,150
21735,utt_9138c6ed789d0d0f5da9::p0005s002-p0007,utt_9138c6ed789d0d0f5da9::p0005s002-p0007,ed1ebba09f87baca38fd12a3b3bf6aa3afa50b1db9f22f3b0c1947ae45856b8e,ed1ebba09f87baca38fd12a3b3bf6aa3afa50b1db9f22f3b0c1947ae45856b8e,97,97
21735,utt_b408f1eb74e42c774508::p0001-p0004,utt_b408f1eb74e42c774508::p0001-p0004,3332a61a930fdb08f1e74671a7ead9edf408bd524262ea85eb34f057a2e1c32e,3332a61a930fdb08f1e74671a7ead9edf408bd524262ea85eb34f057a2e1c32e,95,95
21735,utt_80a7df8972d15027ae89::p0001-p0002,utt_80a7df8972d15027ae89::p0001-p0003s001,2e53d9c04e1d81607db4f383ec3c13f08f6bcdaf6b9cce24f1fd64cd58c4caab,c97908bc18fd3c696bdab0cb3e01a396b12878f2ac9245ae34c7d3310d63a576,5,155
21735,utt_80a7df8972d15027ae89::p0003s001,utt_80a7df8972d15027ae89::p0001-p0003s001,74d082a2333c8cbf7f7bdeaaeab8709bcfdc2476054cdbcb3ca12a36d95f4372,c97908bc18fd3c696bdab0cb3e01a396b12878f2ac9245ae34c7d3310d63a576,150,155
21735,utt_80a7df8972d15027ae89::p0003s002-p0004,utt_80a7df8972d15027ae89::p0003s002-p0004,9b7f50da508cec2fe7a54ec20048259bb486088ae746b5da75a167977eebb07c,9b7f50da508cec2fe7a54ec20048259bb486088ae746b5da75a167977eebb07c,90,90
21735,utt_80a7df8972d15027ae89::p0005s001,utt_80a7df8972d15027ae89::p0005s001,245e110c844c9610791586cd1ea193bded85605cd0eecff13a7bb378e1345601,245e110c844c9610791586cd1ea193bded85605cd0eecff13a7bb378e1345601,150,150
21735,utt_80a7df8972d15027ae89::p0005s002,utt_80a7df8972d15027ae89::p0005s002,6e3571a0959bcd6065d273cb4b01db549fc30888ad35f08f5a0f58148ec1eaa0,6e3571a0959bcd6065d273cb4b01db549fc30888ad35f08f5a0f58148ec1eaa0,92,92
21735,utt_de0f8c8407350111dc3f::p0001,utt_de0f8c8407350111dc3f::p0001,ecd4c4fc123a5b8b1875e911df6ead1c495b787c5aab9173654c8ac2920207ac,ecd4c4fc123a5b8b1875e911df6ead1c495b787c5aab9173654c8ac2920207ac,47,47
21735,utt_6d7cb31d121d7044f564::p0001,utt_6d7cb31d121d7044f564::p0001,dee82d4b2f4080fe97ee455fa44be72ddfeff57f5d2b02e1541e3d569394aea6,dee82d4b2f4080fe97ee455fa44be72ddfeff57f5d2b02e1541e3d569394aea6,5,5
21735,utt_e0cb022bc723b2776ea5::p0001,utt_e0cb022bc723b2776ea5::p0001,8ee93c54c179352cc1ff3600d586d5162e48fc914d15323035d1090887326556,8ee93c54c179352cc1ff3600d586d5162e48fc914d15323035d1090887326556,46,46
21735,utt_5fd4810477a539b8c693::p0001,utt_5fd4810477a539b8c693::p0001,ba6805b1f5597978eac4d0741f83aca65b25c2ad994de60ed870d41a9bafc0e1,ba6805b1f5597978eac4d0741f83aca65b25c2ad994de60ed870d41a9bafc0e1,56,56
21735,utt_750130d8b13596375157::p0001,utt_750130d8b13596375157::p0001,be33da0e06d325eb125925a2775cb91b0a05ca37389e209b83d4105b490ad17d,be33da0e06d325eb125925a2775cb91b0a05ca37389e209b83d4105b490ad17d,12,12
21735,utt_d362ed494d0a5ec07a11::p0001-p0002,utt_d362ed494d0a5ec07a11::p0001-p0002,c2d604661f9ed0544482c90657c9371f20ffc44f767d8a10c385e214df4b7eb8,c2d604661f9ed0544482c90657c9371f20ffc44f767d8a10c385e214df4b7eb8,21,21
21735,utt_34b8247d4f0c1421b366::p0001-p0002,utt_34b8247d4f0c1421b366::p0001-p0002,d0cb303b5a3ccd74c1daf8b6a1b369349f82822966efdc9b779ee2ee97eea4a4,d0cb303b5a3ccd74c1daf8b6a1b369349f82822966efdc9b779ee2ee97eea4a4,62,62
21735,utt_9e2942d691c2d98967bc::p0001-p0004,utt_9e2942d691c2d98967bc::p0001-p0004,679af53fcdf46420a0d6a9398a51159b06c352097d158506cd9c2d9f33251f03,679af53fcdf46420a0d6a9398a51159b06c352097d158506cd9c2d9f33251f03,97,97
21735,utt_e3a9eed708daa052613f::p0001-p0002,utt_e3a9eed708daa052613f::p0001-p0003s001,2e53d9c04e1d81607db4f383ec3c13f08f6bcdaf6b9cce24f1fd64cd58c4caab,c97908bc18fd3c696bdab0cb3e01a396b12878f2ac9245ae34c7d3310d63a576,5,155
21735,utt_e3a9eed708daa052613f::p0003s001,utt_e3a9eed708daa052613f::p0001-p0003s001,74d082a2333c8cbf7f7bdeaaeab8709bcfdc2476054cdbcb3ca12a36d95f4372,c97908bc18fd3c696bdab0cb3e01a396b12878f2ac9245ae34c7d3310d63a576,150,155
21735,utt_e3a9eed708daa052613f::p0003s002-p0004,utt_e3a9eed708daa052613f::p0003s002-p0004,9b7f50da508cec2fe7a54ec20048259bb486088ae746b5da75a167977eebb07c,9b7f50da508cec2fe7a54ec20048259bb486088ae746b5da75a167977eebb07c,90,90
21735,utt_e3a9eed708daa052613f::p0005s001,utt_e3a9eed708daa052613f::p0005s001,418388dbb37c7163edf25e736dfa90947b5f92ca3296576c29ca0f46df67dfc6,418388dbb37c7163edf25e736dfa90947b5f92ca3296576c29ca0f46df67dfc6,150,150
21735,utt_e3a9eed708daa052613f::p0005s002,utt_e3a9eed708daa052613f::p0005s002,abe6116f24c52d22d27655764e4113e078a7d2bc8467aed2ccc077322c6b9a35,abe6116f24c52d22d27655764e4113e078a7d2bc8467aed2ccc077322c6b9a35,89,89
21735,utt_14acf810f924423c0f03::p0001-p0003,utt_14acf810f924423c0f03::p0001-p0003,ebf648c67d021030c5ad905368916514b3c9e04722943032d396c1ed90415248,ebf648c67d021030c5ad905368916514b3c9e04722943032d396c1ed90415248,95,95
21735,utt_3749a70e0ea3761c985a::p0001-p0004,utt_3749a70e0ea3761c985a::p0001-p0004,89c205f0eb49602c653c3527f2b3b051a0de7ae101b0f8e3193179451b5f5cb9,89c205f0eb49602c653c3527f2b3b051a0de7ae101b0f8e3193179451b5f5cb9,107,107
21735,utt_960fd8932a049d272e5d::p0001-p0002,utt_960fd8932a049d272e5d::p0001-p0003s001,5aafc0e6f9e9b3f2e2894cd26121f8b5ffbe83e4961ebff439f6e88d01762a7b,73bc0745927e72c9566217d7d85e7ce15d88ee86a93fe50dfe2bc9ad37cc2504,5,155
21735,utt_960fd8932a049d272e5d::p0003s001,utt_960fd8932a049d272e5d::p0001-p0003s001,a09443f7bcb7ecb94f85885fd7b5d3cc6dfa326d11f9406f23733a036f72c48b,73bc0745927e72c9566217d7d85e7ce15d88ee86a93fe50dfe2bc9ad37cc2504,150,155
21735,utt_960fd8932a049d272e5d::p0003s002-p0004,utt_960fd8932a049d272e5d::p0003s002-p0004,52b4dddfcb0aea68fb3d2ef8311e30c22e164d6ff1e9636e9592c931914b55fc,52b4dddfcb0aea68fb3d2ef8311e30c22e164d6ff1e9636e9592c931914b55fc,90,90
21735,utt_960fd8932a049d272e5d::p0005s001,utt_960fd8932a049d272e5d::p0005s001,f617237a7e86756db3e3366995244c8f4e29b24eb47503814582109ee7c5e1be,f617237a7e86756db3e3366995244c8f4e29b24eb47503814582109ee7c5e1be,150,150
21735,utt_960fd8932a049d272e5d::p0005s002-p0007,utt_960fd8932a049d272e5d::p0005s002-p0007,2c5d56dd67a14ee1994bd076895cf2710206295bd244cd55ce720edd1a0d6f97,2c5d56dd67a14ee1994bd076895cf2710206295bd244cd55ce720edd1a0d6f97,94,94
21735,utt_1ca1b01445f52d7f7a4f::p0001-p0004,utt_1ca1b01445f52d7f7a4f::p0001-p0004,63c6d9d30bef4d051137875095e06a8f734b7cbaf7cf77cd84b8b17e58d48763,63c6d9d30bef4d051137875095e06a8f734b7cbaf7cf77cd84b8b17e58d48763,92,92
21735,utt_848f83bf53c2f2c72ec9::p0001-p0002,utt_848f83bf53c2f2c72ec9::p0001-p0003s001,02b62e5c0185e7db0eda08b67a236da7d94e61115c1a8fff247595091daca4be,bcfc103d3db00207ee2f49fbbbabe1411afa0ab1c7b0cc1af582ddba9fe7c562,5,155
21735,utt_848f83bf53c2f2c72ec9::p0003s001,utt_848f83bf53c2f2c72ec9::p0001-p0003s001,25c9d51c3a881e5993d521c0c080950ba94c2d650b929c7a357cba818b2a6877,bcfc103d3db00207ee2f49fbbbabe1411afa0ab1c7b0cc1af582ddba9fe7c562,150,155
21735,utt_848f83bf53c2f2c72ec9::p0003s002-p0004,utt_848f83bf53c2f2c72ec9::p0003s002-p0004,bd127dad21ad36faeb7b560d90dbd259c11bd81070af686a06a9b028b7e69d3d,bd127dad21ad36faeb7b560d90dbd259c11bd81070af686a06a9b028b7e69d3d,87,87
21735,utt_848f83bf53c2f2c72ec9::p0005s001,utt_848f83bf53c2f2c72ec9::p0005s001,0b9c3ad8ddc8ed7bf6fd4ebf2ad6fcc72c86ebf296aaf204be8f68e9032ebeb7,0b9c3ad8ddc8ed7bf6fd4ebf2ad6fcc72c86ebf296aaf204be8f68e9032ebeb7,150,150
21735,utt_848f83bf53c2f2c72ec9::p0005s002-p0007,utt_848f83bf53c2f2c72ec9::p0005s002-p0007,026532b4dd530433759e479209246b3ffa4e755932d9b9ef470949f5cbe91918,026532b4dd530433759e479209246b3ffa4e755932d9b9ef470949f5cbe91918,97,97
21735,utt_f6458695910ab34c12c9::p0001-p0004,utt_f6458695910ab34c12c9::p0001-p0004,25d75adef9d5bb69746182cae6a91fe7891d789ac32e05b210d2b36db49946a3,25d75adef9d5bb69746182cae6a91fe7891d789ac32e05b210d2b36db49946a3,61,61
21735,utt_07c090c96c8c634567b5::p0001-p0002,utt_07c090c96c8c634567b5::p0001-p0003s001,0aa6e5f6168f58120343a75f1eb788c5d5e9f597aa8160e54774f9ec50550825,406750f55ed4da88407fefc1c5e5f97ead94f3cd0c584e514739e6b29d894f3a,5,155
21735,utt_07c090c96c8c634567b5::p0003s001,utt_07c090c96c8c634567b5::p0001-p0003s001,d33444e4ba23ed7c83a8c670dcc8069423ca8954bc882636296f7a8b27600b3c,406750f55ed4da88407fefc1c5e5f97ead94f3cd0c584e514739e6b29d894f3a,150,155
21735,utt_07c090c96c8c634567b5::p0003s002,utt_07c090c96c8c634567b5::p0003s002,9e410218fe50667585c85e80e14b33caf0d1193361152467bf7039fd5699c720,9e410218fe50667585c85e80e14b33caf0d1193361152467bf7039fd5699c720,150,150
21735,utt_07c090c96c8c634567b5::p0003s003,utt_07c090c96c8c634567b5::p0003s003-p0005,fdf95d38545c8025cf46908eb409d8a97c48818755c30c35f23d833669e49003,a227a26cbdfee86657cf331d7b58de0ea2c8bef5f47f2f799232f7e67ec4d3bd,150,180
21735,utt_07c090c96c8c634567b5::p0003s004-p0005,utt_07c090c96c8c634567b5::p0003s003-p0005,5ed75553230d6db64de6eb10d2fe09b14bc6b18288b0e28ac6365bc2cb94f919,a227a26cbdfee86657cf331d7b58de0ea2c8bef5f47f2f799232f7e67ec4d3bd,30,180
21735,utt_1fd3506e9a17e440438b::p0001-p0003,utt_1fd3506e9a17e440438b::p0001-p0003,a249a7011ec96eacc09296789c407010e2f0e57d6cad4b44e6d6326980845178,a249a7011ec96eacc09296789c407010e2f0e57d6cad4b44e6d6326980845178,77,77
21735,utt_386f336be55349f8e037::p0001-p0002,utt_386f336be55349f8e037::p0001-p0003s001,5aafc0e6f9e9b3f2e2894cd26121f8b5ffbe83e4961ebff439f6e88d01762a7b,83cbb31436c68f3e865677d2f7ec64b4020219268e020e96e89ad20502ff5c7f,5,155
21735,utt_386f336be55349f8e037::p0003s001,utt_386f336be55349f8e037::p0001-p0003s001,a9a704e3039a8526ced173e21bc25d9d172cee64d128bd5a63462061aa60ef11,83cbb31436c68f3e865677d2f7ec64b4020219268e020e96e89ad20502ff5c7f,150,155
21735,utt_386f336be55349f8e037::p0003s002,utt_386f336be55349f8e037::p0003s002,896dc58f57e672657fa92a14b8f0863bf4003af112d963191e3e17762b1a9014,896dc58f57e672657fa92a14b8f0863bf4003af112d963191e3e17762b1a9014,150,150
21735,utt_386f336be55349f8e037::p0003s003-p0004,utt_386f336be55349f8e037::p0003s003-p0007,95861afb197b3fab5f611c395c7e2628bd1009e00453a6977675b92c2fd94e02,24f53c6014d02d98f6727d0e17cd9db39f93e984e7ccecd63f95e77a020455fa,40,184
21735,utt_386f336be55349f8e037::p0005-p0007,utt_386f336be55349f8e037::p0003s003-p0007,6ae71c1ea779e4bd7f1d2277356b751ac81f9f5d1ed204d5dd255b1177d08066,24f53c6014d02d98f6727d0e17cd9db39f93e984e7ccecd63f95e77a020455fa,144,184
21735,utt_6a18689707125b4eec6a::p0001-p0003,utt_6a18689707125b4eec6a::p0001-p0003,fae58b9a262594efa049a4d04ebaed4aaf774a87be76ee2517808541efe54100,fae58b9a262594efa049a4d04ebaed4aaf774a87be76ee2517808541efe54100,82,82
21735,utt_9202a7b6fe064eac0cd2::p0001-p0002,utt_9202a7b6fe064eac0cd2::p0001-p0003s001,5aafc0e6f9e9b3f2e2894cd26121f8b5ffbe83e4961ebff439f6e88d01762a7b,3c0649c54563c169564a07e46ce0883234112ae711b9f29999ee2cead4aedd5a,5,155
21735,utt_9202a7b6fe064eac0cd2::p0003s001,utt_9202a7b6fe064eac0cd2::p0001-p0003s001,6368fb3df17b9e1835d85b42ae85fb22bfb73c256182c21800e070fa5d242755,3c0649c54563c169564a07e46ce0883234112ae711b9f29999ee2cead4aedd5a,150,155
21735,utt_9202a7b6fe064eac0cd2::p0003s002-p0004,utt_9202a7b6fe064eac0cd2::p0003s002-p0004,400879299d8a4508f0dc6182a30163696b070b4e87ef5647e19c114ffe30804e,400879299d8a4508f0dc6182a30163696b070b4e87ef5647e19c114ffe30804e,117,117
21735,utt_9202a7b6fe064eac0cd2::p0005s001,utt_9202a7b6fe064eac0cd2::p0005s001,298f446f6648a1859963ee7c04d7d614e0f8fb1c63ec3223a029e9d500537822,298f446f6648a1859963ee7c04d7d614e0f8fb1c63ec3223a029e9d500537822,150,150
21735,utt_9202a7b6fe064eac0cd2::p0005s002-p0007,utt_9202a7b6fe064eac0cd2::p0005s002-p0007,bd8b1a9726e473ecff04af3460bd0bd1e643c963b8f7ae539528abb0d24e2f9d,bd8b1a9726e473ecff04af3460bd0bd1e643c963b8f7ae539528abb0d24e2f9d,64,64
21735,utt_04afd5380162359e8849::p0001,utt_04afd5380162359e8849::p0001,21b27683868c4375e4bc272d5b155d55823e65fd4dfa1cfc828f12a542b47dc0,21b27683868c4375e4bc272d5b155d55823e65fd4dfa1cfc828f12a542b47dc0,12,12
21735,utt_7572bfea740d2a511089::p0001-p0005,utt_7572bfea740d2a511089::p0001-p0005,eebfefd26aa955fcf9a0d33697f8afc73c8cf3c5237babe678b02b15dd22e496,eebfefd26aa955fcf9a0d33697f8afc73c8cf3c5237babe678b02b15dd22e496,134,134
21735,utt_c1ee3be2c4597afa03d0::p0001,utt_c1ee3be2c4597afa03d0::p0001,89c5383eacd95bfeff5ec882a3377caa227265f889407190d18f9bee6154a30e,89c5383eacd95bfeff5ec882a3377caa227265f889407190d18f9bee6154a30e,24,24
21735,utt_83d3eff30d2756ea3900::p0001,utt_83d3eff30d2756ea3900::p0001,3757cadf4a2232f95a1e75ac9bd5f2698c4855927eab96ddb92c95e3bce73036,3757cadf4a2232f95a1e75ac9bd5f2698c4855927eab96ddb92c95e3bce73036,17,17
21735,utt_080b287f741ca0ef2c76::p0001-p0003,utt_080b287f741ca0ef2c76::p0001-p0003,bfd059efb1549aecddfe366daf82a98ab4ecbdeaa206af5623ccdc5fb88924bc,bfd059efb1549aecddfe366daf82a98ab4ecbdeaa206af5623ccdc5fb88924bc,81,81
21735,utt_e7781316071d485b26d4::p0001-p0002,utt_e7781316071d485b26d4::p0001-p0003s001,5aafc0e6f9e9b3f2e2894cd26121f8b5ffbe83e4961ebff439f6e88d01762a7b,80acc05fe7d7cb57f0304a676e6f7c6a0ad80f06a50d13dc27ebbf86a25ade57,5,155
21735,utt_e7781316071d485b26d4::p0003s001,utt_e7781316071d485b26d4::p0001-p0003s001,f387fe13d8e772712af7b5f5df729e77225810c85324003c9f129c5729c7ce2c,80acc05fe7d7cb57f0304a676e6f7c6a0ad80f06a50d13dc27ebbf86a25ade57,150,155
21735,utt_e7781316071d485b26d4::p0003s002,utt_e7781316071d485b26d4::p0003s002,3f5e460f5665848d9dfdbaa24cba49e5e0a86a273e56c4950a2683829655764a,3f5e460f5665848d9dfdbaa24cba49e5e0a86a273e56c4950a2683829655764a,150,150
21735,utt_e7781316071d485b26d4::p0003s003-p0004,utt_e7781316071d485b26d4::p0003s003-p0006,abffc939d3a1d603f552c60bcba775216f852d9036ee6a635fdd59ab619ca07a,a4f8e1494bdf074def37b029d7d1aabf145537756483d7f7c761d602cb20e5a5,132,181
21735,utt_e7781316071d485b26d4::p0005-p0006,utt_e7781316071d485b26d4::p0003s003-p0006,46d4fe346bea76f4f595411a242ae1458b6fe815156261fe1f339a9580d4ee19,a4f8e1494bdf074def37b029d7d1aabf145537756483d7f7c761d602cb20e5a5,49,181
21735,utt_0bf2a4db649cc0201348::p0001-p0002,utt_0bf2a4db649cc0201348::p0001-p0002,9a3a2fc53eec0513fde288488a9aac8205f022f5bd2ad891a6b304e7a2007695,9a3a2fc53eec0513fde288488a9aac8205f022f5bd2ad891a6b304e7a2007695,108,108
21735,utt_2a64952a94d6a71dd9f8::p0001-p0002,utt_2a64952a94d6a71dd9f8::p0001-p0003s001,5aafc0e6f9e9b3f2e2894cd26121f8b5ffbe83e4961ebff439f6e88d01762a7b,cec4f6c530b44558496d0706e25791927252119e3ca04ac9c1729fb13392b871,5,155
21735,utt_2a64952a94d6a71dd9f8::p0003s001,utt_2a64952a94d6a71dd9f8::p0001-p0003s001,6dee7c939b36d3f4419c1d787c25c780f16ca8b53993cc4c0df362a49233b97f,cec4f6c530b44558496d0706e25791927252119e3ca04ac9c1729fb13392b871,150,155
21735,utt_2a64952a94d6a71dd9f8::p0003s002-p0004,utt_2a64952a94d6a71dd9f8::p0003s002-p0004,b04a036475fd24115dd78b8cd060933d7b4f38f398e2734e6f99e52d3de01d50,b04a036475fd24115dd78b8cd060933d7b4f38f398e2734e6f99e52d3de01d50,121,121
21735,utt_2a64952a94d6a71dd9f8::p0005s001,utt_2a64952a94d6a71dd9f8::p0005s001,f617237a7e86756db3e3366995244c8f4e29b24eb47503814582109ee7c5e1be,f617237a7e86756db3e3366995244c8f4e29b24eb47503814582109ee7c5e1be,150,150
21735,utt_2a64952a94d6a71dd9f8::p0005s002,utt_2a64952a94d6a71dd9f8::p0005s002,8df6b4c5d500757dacf0ef81d174c4912367308f855ff79e5ef983962af5f9dd,8df6b4c5d500757dacf0ef81d174c4912367308f855ff79e5ef983962af5f9dd,58,58
21735,utt_e78bcea0ae9b2d1798fb::p0001-p0003,utt_e78bcea0ae9b2d1798fb::p0001-p0003,cd7254340693f396c612988e5e8b1811f75784cd0838728781cdfadf7aa1b78e,cd7254340693f396c612988e5e8b1811f75784cd0838728781cdfadf7aa1b78e,80,80
21735,utt_8226045ce6d83aae3f42::p0001-p0002,utt_8226045ce6d83aae3f42::p0001-p0003s001,5aafc0e6f9e9b3f2e2894cd26121f8b5ffbe83e4961ebff439f6e88d01762a7b,9487a2565239b5e61d7043ea4b062696726c20e632cad6937c2eb7b7faff9cdf,5,155
21735,utt_8226045ce6d83aae3f42::p0003s001,utt_8226045ce6d83aae3f42::p0001-p0003s001,69418d7c7f870f1d7988a1a59388dbafa08c5f931e06048dbd68552c41cc361d,9487a2565239b5e61d7043ea4b062696726c20e632cad6937c2eb7b7faff9cdf,150,155
21735,utt_8226045ce6d83aae3f42::p0003s002-p0004,utt_8226045ce6d83aae3f42::p0003s002-p0004,912e1fb5444bbd2fff79b53d54c00eca9885cfa73488292b39ea0aa1557b29ef,912e1fb5444bbd2fff79b53d54c00eca9885cfa73488292b39ea0aa1557b29ef,115,115
21735,utt_8226045ce6d83aae3f42::p0005s001,utt_8226045ce6d83aae3f42::p0005s001,f617237a7e86756db3e3366995244c8f4e29b24eb47503814582109ee7c5e1be,f617237a7e86756db3e3366995244c8f4e29b24eb47503814582109ee7c5e1be,150,150
21735,utt_8226045ce6d83aae3f42::p0005s002-p0007,utt_8226045ce6d83aae3f42::p0005s002-p0007,4348b50ecde744c93fafdf9ed9704ef1c28a2eff39a8dc2a593e2c5e0d55faf8,4348b50ecde744c93fafdf9ed9704ef1c28a2eff39a8dc2a593e2c5e0d55faf8,66,66
21735,utt_d9cdde5f35611050d4d5::p0001-p0002,utt_d9cdde5f35611050d4d5::p0001-p0002,e2a4f3b669dd6bde1e0cb52e964ccef303e88b091222130b7c9a26fcb0b69813,e2a4f3b669dd6bde1e0cb52e964ccef303e88b091222130b7c9a26fcb0b69813,92,92
21735,utt_78adcef821b1be397f24::p0001-p0002,utt_78adcef821b1be397f24::p0001-p0003s001,5aafc0e6f9e9b3f2e2894cd26121f8b5ffbe83e4961ebff439f6e88d01762a7b,a06106558eecd10cd9eaa3de4476e63f43aed81080ea0b448b52e714a98ab1ec,5,155
21735,utt_78adcef821b1be397f24::p0003s001,utt_78adcef821b1be397f24::p0001-p0003s001,e2cba0c75b47ed694f5ba5739a1f7d85258f61fadbea8eafeb1e50e002bcc148,a06106558eecd10cd9eaa3de4476e63f43aed81080ea0b448b52e714a98ab1ec,150,155
21735,utt_78adcef821b1be397f24::p0003s002,utt_78adcef821b1be397f24::p0003s002,064990d3ae94fd1f5a727df1bc4409147e3f61a20071c33944e8b3b4ff3e1ccc,064990d3ae94fd1f5a727df1bc4409147e3f61a20071c33944e8b3b4ff3e1ccc,150,150
21735,utt_78adcef821b1be397f24::p0003s003-p0004,utt_78adcef821b1be397f24::p0003s003-p0004,19d2715bdc3a80590b624883f5bbdff56f33bda78681d5e72a5903bbacfff505,19d2715bdc3a80590b624883f5bbdff56f33bda78681d5e72a5903bbacfff505,99,99
21735,utt_78adcef821b1be397f24::p0005-p0007,utt_78adcef821b1be397f24::p0005-p0007,7a23181a3ba201667dfd49a6169373a62e967f404d8c24c32269d239305c5086,7a23181a3ba201667dfd49a6169373a62e967f404d8c24c32269d239305c5086,82,82
21735,utt_61101a1951242e60694a::p0001-p0003,utt_61101a1951242e60694a::p0001-p0003,f02f5c19afe4c4ad6ebfb0f86dfe861036f7f5b032d39e9c160c8fa743414614,f02f5c19afe4c4ad6ebfb0f86dfe861036f7f5b032d39e9c160c8fa743414614,82,82
21735,utt_2d25f02b3902ab9b3984::p0001-p0002,utt_2d25f02b3902ab9b3984::p0001-p0003s001,02b62e5c0185e7db0eda08b67a236da7d94e61115c1a8fff247595091daca4be,cc71291325cc0dfc6d0f20bd29ae4ea115daf1b8dc64f18267d65c7374e9512a,5,155
21735,utt_2d25f02b3902ab9b3984::p0003s001,utt_2d25f02b3902ab9b3984::p0001-p0003s001,c7be79bce7198731ca996648c6e8f572d751745a7913d52c0268597516e5a647,cc71291325cc0dfc6d0f20bd29ae4ea115daf1b8dc64f18267d65c7374e9512a,150,155
21735,utt_2d25f02b3902ab9b3984::p0003s002-p0004,utt_2d25f02b3902ab9b3984::p0003s002-p0004,a9b65764762b708f83ec0b1f2fcead6854a94928934e018efbacc9665c03e4f5,a9b65764762b708f83ec0b1f2fcead6854a94928934e018efbacc9665c03e4f5,84,84
21735,utt_2d25f02b3902ab9b3984::p0005s001,utt_2d25f02b3902ab9b3984::p0005s001,77e00fa5dc8dd73d1490543c3c7484fd8c5bc9a68c6f6f1655509b87a2f33c55,77e00fa5dc8dd73d1490543c3c7484fd8c5bc9a68c6f6f1655509b87a2f33c55,150,150
21735,utt_2d25f02b3902ab9b3984::p0005s002-p0007,utt_2d25f02b3902ab9b3984::p0005s002-p0007,29f136586543742d00e9ac1a38eb5b347a50ea7afd881fb1b32a45f3873a39c5,29f136586543742d00e9ac1a38eb5b347a50ea7afd881fb1b32a45f3873a39c5,97,97
21735,utt_5a8b7cfe9d8349518746::p0001-p0002,utt_5a8b7cfe9d8349518746::p0001-p0002,2a378766c258c0f599bec192a3f955f72a1ea1b00c826cd534e5308f1c8db98f,2a378766c258c0f599bec192a3f955f72a1ea1b00c826cd534e5308f1c8db98f,91,91
21735,utt_988240415fd397867636::p0001-p0002,utt_988240415fd397867636::p0001-p0003s001,5aafc0e6f9e9b3f2e2894cd26121f8b5ffbe83e4961ebff439f6e88d01762a7b,01a8adae8e5b08ac5885948cc7d4477c8f2619cd1c06d007c0674fdf3220648a,5,155
21735,utt_988240415fd397867636::p0003s001,utt_988240415fd397867636::p0001-p0003s001,356f7311e96eb9fe8328e752238de542cde150ca0138b042c40773fe62872538,01a8adae8e5b08ac5885948cc7d4477c8f2619cd1c06d007c0674fdf3220648a,150,155
21735,utt_988240415fd397867636::p0003s002,utt_988240415fd397867636::p0003s002,2599594a65c66ad0b5358855dbd7a50a8bc21143fea56e13cbc5aa4f6fda031e,2599594a65c66ad0b5358855dbd7a50a8bc21143fea56e13cbc5aa4f6fda031e,150,150
21735,utt_988240415fd397867636::p0003s003-p0004,utt_988240415fd397867636::p0003s003-p0004,a5db6d916ec83b0eec67e2936cb8b9a920c552654759803385e665f76046af40,a5db6d916ec83b0eec67e2936cb8b9a920c552654759803385e665f76046af40,121,121
21735,utt_988240415fd397867636::p0005-p0007,utt_988240415fd397867636::p0005-p0007,024405a0e7005cda64757f028d4bc3d56668c03ca73bc6b98307ba44e5b28624,024405a0e7005cda64757f028d4bc3d56668c03ca73bc6b98307ba44e5b28624,60,60
21735,utt_fcadab4a5916da37b766::p0001,utt_fcadab4a5916da37b766::p0001,19050523bcb6bfad988faed5fcd804837ab70016521e0ffd1743bb36fd2ebff4,19050523bcb6bfad988faed5fcd804837ab70016521e0ffd1743bb36fd2ebff4,25,25
21735,utt_aea0a0edf8c3e18e8fac::p0001-p0002,utt_aea0a0edf8c3e18e8fac::p0001-p0002,ad26d38c01171290e7603f92eec362f3084fe6019ce7da564f3f91de1215e2fe,ad26d38c01171290e7603f92eec362f3084fe6019ce7da564f3f91de1215e2fe,71,71
21735,utt_41495198a1b9cb7ca67e::p0001-p0003,utt_41495198a1b9cb7ca67e::p0001-p0003,0bf469947325be975b6fe62bb203e25591292b7c4bf1f11a90a9b11c1f5db025,0bf469947325be975b6fe62bb203e25591292b7c4bf1f11a90a9b11c1f5db025,54,54
21735,utt_19617d3c2627858d3d70::p0001-p0002,utt_19617d3c2627858d3d70::p0001-p0003s001,2e53d9c04e1d81607db4f383ec3c13f08f6bcdaf6b9cce24f1fd64cd58c4caab,49a844b4d1b02893659e264078a5c454442ac4249ed66ab3713d8b95fa7f2fec,5,155
21735,utt_19617d3c2627858d3d70::p0003s001,utt_19617d3c2627858d3d70::p0001-p0003s001,c7be79bce7198731ca996648c6e8f572d751745a7913d52c0268597516e5a647,49a844b4d1b02893659e264078a5c454442ac4249ed66ab3713d8b95fa7f2fec,150,155
21735,utt_19617d3c2627858d3d70::p0003s002-p0004,utt_19617d3c2627858d3d70::p0003s002-p0004,a9b65764762b708f83ec0b1f2fcead6854a94928934e018efbacc9665c03e4f5,a9b65764762b708f83ec0b1f2fcead6854a94928934e018efbacc9665c03e4f5,84,84
21735,utt_19617d3c2627858d3d70::p0005s001,utt_19617d3c2627858d3d70::p0005s001,77e00fa5dc8dd73d1490543c3c7484fd8c5bc9a68c6f6f1655509b87a2f33c55,77e00fa5dc8dd73d1490543c3c7484fd8c5bc9a68c6f6f1655509b87a2f33c55,150,150
21735,utt_19617d3c2627858d3d70::p0005s002-p0007,utt_19617d3c2627858d3d70::p0005s002-p0007,29f136586543742d00e9ac1a38eb5b347a50ea7afd881fb1b32a45f3873a39c5,29f136586543742d00e9ac1a38eb5b347a50ea7afd881fb1b32a45f3873a39c5,97,97
21735,utt_eb8b01922f842b746507::p0001-p0003,utt_eb8b01922f842b746507::p0001-p0003,d95a396202711e2d0e9e950988a1847162cf60d839fe955d169236eb7c841ba6,d95a396202711e2d0e9e950988a1847162cf60d839fe955d169236eb7c841ba6,69,69
21735,utt_a022bcf050e60896e7e5::p0001-p0002,utt_a022bcf050e60896e7e5::p0001-p0003s001,2e53d9c04e1d81607db4f383ec3c13f08f6bcdaf6b9cce24f1fd64cd58c4caab,49a844b4d1b02893659e264078a5c454442ac4249ed66ab3713d8b95fa7f2fec,5,155
21735,utt_a022bcf050e60896e7e5::p0003s001,utt_a022bcf050e60896e7e5::p0001-p0003s001,c7be79bce7198731ca996648c6e8f572d751745a7913d52c0268597516e5a647,49a844b4d1b02893659e264078a5c454442ac4249ed66ab3713d8b95fa7f2fec,150,155
21735,utt_a022bcf050e60896e7e5::p0003s002-p0004,utt_a022bcf050e60896e7e5::p0003s002-p0004,a9b65764762b708f83ec0b1f2fcead6854a94928934e018efbacc9665c03e4f5,a9b65764762b708f83ec0b1f2fcead6854a94928934e018efbacc9665c03e4f5,84,84
21735,utt_a022bcf050e60896e7e5::p0005s001,utt_a022bcf050e60896e7e5::p0005s001,ceeed7f08f33b6c6b1b214a9620130e75221bbe62d00bacd5cc835256d978d23,ceeed7f08f33b6c6b1b214a9620130e75221bbe62d00bacd5cc835256d978d23,150,150
21735,utt_a022bcf050e60896e7e5::p0005s002-p0007,utt_a022bcf050e60896e7e5::p0005s002-p0007,fb8d47be00ec461daf909a6ed616a9e20870992f8042d541553d2851af02f5a9,fb8d47be00ec461daf909a6ed616a9e20870992f8042d541553d2851af02f5a9,97,97
21735,utt_8ce6373361df87cad8c4::p0001-p0003,utt_8ce6373361df87cad8c4::p0001-p0003,1a6e2ebd46b007d6e3955ab3f2e26b9ae44c94082e307ab0c8788d88fb529c77,1a6e2ebd46b007d6e3955ab3f2e26b9ae44c94082e307ab0c8788d88fb529c77,56,56
21735,utt_5769c3d052043c857ce0::p0001-p0002,utt_5769c3d052043c857ce0::p0001-p0003s001,2e53d9c04e1d81607db4f383ec3c13f08f6bcdaf6b9cce24f1fd64cd58c4caab,49a844b4d1b02893659e264078a5c454442ac4249ed66ab3713d8b95fa7f2fec,5,155
21735,utt_5769c3d052043c857ce0::p0003s001,utt_5769c3d052043c857ce0::p0001-p0003s001,c7be79bce7198731ca996648c6e8f572d751745a7913d52c0268597516e5a647,49a844b4d1b02893659e264078a5c454442ac4249ed66ab3713d8b95fa7f2fec,150,155
21735,utt_5769c3d052043c857ce0::p0003s002-p0004,utt_5769c3d052043c857ce0::p0003s002-p0004,a9b65764762b708f83ec0b1f2fcead6854a94928934e018efbacc9665c03e4f5,a9b65764762b708f83ec0b1f2fcead6854a94928934e018efbacc9665c03e4f5,84,84
21735,utt_5769c3d052043c857ce0::p0005s001,utt_5769c3d052043c857ce0::p0005s001,29430e4ec1505579e26bf0eecf4aba4a75617fc22c47e361af323c6f732f4916,29430e4ec1505579e26bf0eecf4aba4a75617fc22c47e361af323c6f732f4916,150,150
21735,utt_5769c3d052043c857ce0::p0005s002-p0007,utt_5769c3d052043c857ce0::p0005s002-p0007,d5c180d846524b301abf52219ebf6a859c750b93aaad5a6e2bfb9e44c919aa46,d5c180d846524b301abf52219ebf6a859c750b93aaad5a6e2bfb9e44c919aa46,97,97
21735,utt_a0905f200e40015c2b05::p0001,utt_a0905f200e40015c2b05::p0001,2b93fb288fdb366ca3effe6aa8be74739f357313382fa823cf3306b798f11faa,2b93fb288fdb366ca3effe6aa8be74739f357313382fa823cf3306b798f11faa,34,34
21735,utt_06d41cf1494d0e34929c::p0001-p0002,utt_06d41cf1494d0e34929c::p0001-p0002,f9718ad728646b0d0db7b48aa59da338ef9f515b541002bc31bd7485764a9195,f9718ad728646b0d0db7b48aa59da338ef9f515b541002bc31bd7485764a9195,41,41
21735,utt_61573e5b6616df43d6b1::p0001-p0002,utt_61573e5b6616df43d6b1::p0001-p0002,0b33ce976c96438942230c46894ec3ea4c1ba06c813648a65a2f45da3ad5df6d,0b33ce976c96438942230c46894ec3ea4c1ba06c813648a65a2f45da3ad5df6d,29,29
21735,utt_4f212a10dbc6f716ccf7::p0001-p0002,utt_4f212a10dbc6f716ccf7::p0001-p0003s001,41e859432776648eebd081b40d6f3803930cb658c5182f32c46bfb526250116f,80c5389a1230e02799b7438c17d75406af9cb7850e08162af3298375e531007e,12,162
21735,utt_4f212a10dbc6f716ccf7::p0003s001,utt_4f212a10dbc6f716ccf7::p0001-p0003s001,69418d7c7f870f1d7988a1a59388dbafa08c5f931e06048dbd68552c41cc361d,80c5389a1230e02799b7438c17d75406af9cb7850e08162af3298375e531007e,150,162
21735,utt_4f212a10dbc6f716ccf7::p0003s002-p0004,utt_4f212a10dbc6f716ccf7::p0003s002-p0004,912e1fb5444bbd2fff79b53d54c00eca9885cfa73488292b39ea0aa1557b29ef,912e1fb5444bbd2fff79b53d54c00eca9885cfa73488292b39ea0aa1557b29ef,115,115
21735,utt_4f212a10dbc6f716ccf7::p0005s001,utt_4f212a10dbc6f716ccf7::p0005s001,f617237a7e86756db3e3366995244c8f4e29b24eb47503814582109ee7c5e1be,f617237a7e86756db3e3366995244c8f4e29b24eb47503814582109ee7c5e1be,150,150
21735,utt_4f212a10dbc6f716ccf7::p0005s002-p0007,utt_4f212a10dbc6f716ccf7::p0005s002-p0007,4348b50ecde744c93fafdf9ed9704ef1c28a2eff39a8dc2a593e2c5e0d55faf8,4348b50ecde744c93fafdf9ed9704ef1c28a2eff39a8dc2a593e2c5e0d55faf8,66,66
21735,utt_e24df1aebb3f061a601f::p0001-p0002,utt_e24df1aebb3f061a601f::p0001-p0002,ef248fee87f09640538396a694c6a5b2c6c3b852e8ccf7f83b3729441089f282,ef248fee87f09640538396a694c6a5b2c6c3b852e8ccf7f83b3729441089f282,65,65
21735,utt_869ceeac44eff4e54d82::p0001-p0003,utt_869ceeac44eff4e54d82::p0001-p0003,98bf59c9b7a5d09707f7a3c40af2a59d9267d31b19963d05dbc06a447ec3ccd1,98bf59c9b7a5d09707f7a3c40af2a59d9267d31b19963d05dbc06a447ec3ccd1,82,82
21735,utt_a1cb7f724e0a13d2249a::p0001-p0002,utt_a1cb7f724e0a13d2249a::p0001-p0003s001,2e53d9c04e1d81607db4f383ec3c13f08f6bcdaf6b9cce24f1fd64cd58c4caab,0a14293be63ea7b57b81cb0a2f32555b2b87dae93ec2777e791b4280a8ba01b3,5,155
21735,utt_a1cb7f724e0a13d2249a::p0003s001,utt_a1cb7f724e0a13d2249a::p0001-p0003s001,25c9d51c3a881e5993d521c0c080950ba94c2d650b929c7a357cba818b2a6877,0a14293be63ea7b57b81cb0a2f32555b2b87dae93ec2777e791b4280a8ba01b3,150,155
21735,utt_a1cb7f724e0a13d2249a::p0003s002-p0004,utt_a1cb7f724e0a13d2249a::p0003s002-p0004,704c64880d2971757ce1f6c486a75a4c0fd153b1f5f5917be574b60fb3032dff,704c64880d2971757ce1f6c486a75a4c0fd153b1f5f5917be574b60fb3032dff,87,87
21735,utt_a1cb7f724e0a13d2249a::p0005s001,utt_a1cb7f724e0a13d2249a::p0005s001,ea6eae200c00c2883e524593cb16ef054fa5acd3ec0804ec5b4ede78bddfb622,ea6eae200c00c2883e524593cb16ef054fa5acd3ec0804ec5b4ede78bddfb622,150,150
21735,utt_a1cb7f724e0a13d2249a::p0005s002-p0006,utt_a1cb7f724e0a13d2249a::p0005s002-p0006,dd23793efce6485791c88f5acfdada1b2e219d05b6e57814236f738a3ab7d5de,dd23793efce6485791c88f5acfdada1b2e219d05b6e57814236f738a3ab7d5de,94,94
21735,utt_68b2030a0c84dbf8d889::p0001-p0003,utt_68b2030a0c84dbf8d889::p0001-p0003,f1faf2766f8f0a020f07867c282e868bbb68960cf05cebbc9ecf4d7d751b2fc2,f1faf2766f8f0a020f07867c282e868bbb68960cf05cebbc9ecf4d7d751b2fc2,100,100
21735,utt_2247dec37ea397604902::p0001-p0003,utt_2247dec37ea397604902::p0001-p0003,a0f27202d6a7ce34c2b8e41bf0871ad82b0a5de1764091d2c3b98a64735504eb,a0f27202d6a7ce34c2b8e41bf0871ad82b0a5de1764091d2c3b98a64735504eb,79,79
21735,utt_c75874881f2034ea37a2::p0001-p0002,utt_c75874881f2034ea37a2::p0001-p0003s001,2e53d9c04e1d81607db4f383ec3c13f08f6bcdaf6b9cce24f1fd64cd58c4caab,378bf33ebf5335f266db6769022921e115db33eb62f4a5ffa1ef1b2a186ab7e5,5,155
21735,utt_c75874881f2034ea37a2::p0003s001,utt_c75874881f2034ea37a2::p0001-p0003s001,e9223a4ef7ac007d70b2075bdc78ca9d11bec837049f27264c6561c8675e4bbb,378bf33ebf5335f266db6769022921e115db33eb62f4a5ffa1ef1b2a186ab7e5,150,155
21735,utt_c75874881f2034ea37a2::p0003s002-p0004,utt_c75874881f2034ea37a2::p0003s002-p0004,a8f944e46497aa42447650155511a3add95fd9c07bf913b6ea732a842ae37b4c,a8f944e46497aa42447650155511a3add95fd9c07bf913b6ea732a842ae37b4c,93,93
21735,utt_c75874881f2034ea37a2::p0005s001,utt_c75874881f2034ea37a2::p0005s001,b2c7d077989a0e3840b432f8948113cb1719b2be93be8a8ab8ac9f7324a5bc2d,b2c7d077989a0e3840b432f8948113cb1719b2be93be8a8ab8ac9f7324a5bc2d,150,150
21735,utt_c75874881f2034ea37a2::p0005s002-p0007,utt_c75874881f2034ea37a2::p0005s002-p0007,34752d3533aa05f86346cf49c5abae07f1a26dba1c04cf50731a891b9ba3a40a,34752d3533aa05f86346cf49c5abae07f1a26dba1c04cf50731a891b9ba3a40a,85,85
21735,utt_56cb94b58ba46a6ba3a3::p0001-p0002,utt_56cb94b58ba46a6ba3a3::p0001-p0002,1e7f93b0b1616625f9b5261203b196a857c0fa9ebe45555ca358c6c55f493a65,1e7f93b0b1616625f9b5261203b196a857c0fa9ebe45555ca358c6c55f493a65,60,60
21735,utt_56cb94b58ba46a6ba3a3::p0003-p0006,utt_56cb94b58ba46a6ba3a3::p0003-p0006,a2940e4ff78bccc31dffac38303a2094024606aadf3718d94a68ff9b912cd15c,a2940e4ff78bccc31dffac38303a2094024606aadf3718d94a68ff9b912cd15c,116,116
21735,utt_084a63df3ec10ce90b4a::p0001-p0002,utt_084a63df3ec10ce90b4a::p0001-p0002,53c83832dd8f9eb80484bf3d1d7201382d377f5df78d19fe1b01aa930e526c7b,53c83832dd8f9eb80484bf3d1d7201382d377f5df78d19fe1b01aa930e526c7b,35,35
21735,utt_015f543b25c52bc83a02::p0001-p0002,utt_015f543b25c52bc83a02::p0001-p0003s001,5aafc0e6f9e9b3f2e2894cd26121f8b5ffbe83e4961ebff439f6e88d01762a7b,9487a2565239b5e61d7043ea4b062696726c20e632cad6937c2eb7b7faff9cdf,5,155
21735,utt_015f543b25c52bc83a02::p0003s001,utt_015f543b25c52bc83a02::p0001-p0003s001,69418d7c7f870f1d7988a1a59388dbafa08c5f931e06048dbd68552c41cc361d,9487a2565239b5e61d7043ea4b062696726c20e632cad6937c2eb7b7faff9cdf,150,155
21735,utt_015f543b25c52bc83a02::p0003s002-p0004,utt_015f543b25c52bc83a02::p0003s002-p0004,912e1fb5444bbd2fff79b53d54c00eca9885cfa73488292b39ea0aa1557b29ef,912e1fb5444bbd2fff79b53d54c00eca9885cfa73488292b39ea0aa1557b29ef,115,115
21735,utt_015f543b25c52bc83a02::p0005s001,utt_015f543b25c52bc83a02::p0005s001,77e00fa5dc8dd73d1490543c3c7484fd8c5bc9a68c6f6f1655509b87a2f33c55,77e00fa5dc8dd73d1490543c3c7484fd8c5bc9a68c6f6f1655509b87a2f33c55,150,150
21735,utt_015f543b25c52bc83a02::p0005s002-p0007,utt_015f543b25c52bc83a02::p0005s002-p0007,c603825d91f36dbbef76c6c01e45646f1b90d31a0cc7085ac53f802c26600b48,c603825d91f36dbbef76c6c01e45646f1b90d31a0cc7085ac53f802c26600b48,66,66
21735,utt_e88b37d3fe3242cf29e8::p0001-p0002,utt_e88b37d3fe3242cf29e8::p0001-p0002,79ab186a0f92ac921719186bc9273ffba521672d2d257eb8389d06be1dc06cdb,79ab186a0f92ac921719186bc9273ffba521672d2d257eb8389d06be1dc06cdb,15,15
21735,utt_384ee6dc6b27c911636e::p0001-p0002,utt_384ee6dc6b27c911636e::p0001-p0002,bb94276caafc173f690c633cc87a7d080397a0f1dbcccbc9fcb66c748b5b9d22,bb94276caafc173f690c633cc87a7d080397a0f1dbcccbc9fcb66c748b5b9d22,13,13
21735,utt_d759062da1cca46707c4::p0001-p0002,utt_d759062da1cca46707c4::p0001-p0002,db06cdf3ca4c9051cd6ac2f88df8729d616cd4375f0c8a23653c8ce5cd632cc7,db06cdf3ca4c9051cd6ac2f88df8729d616cd4375f0c8a23653c8ce5cd632cc7,53,53
21735,utt_3fbe195321dcecde79a2::p0001-p0002,utt_3fbe195321dcecde79a2::p0001-p0002,d303a17b9591a203ef8fa82169545a28b5049415065300d9d292711d2097f79d,d303a17b9591a203ef8fa82169545a28b5049415065300d9d292711d2097f79d,19,19
21735,utt_31f18a686f7e9f96bb96::p0001-p0002,utt_31f18a686f7e9f96bb96::p0001-p0002,035d211a78aadf9bddba306335da013ff1c159a71f508cfd8c7fb553c73adfb3,035d211a78aadf9bddba306335da013ff1c159a71f508cfd8c7fb553c73adfb3,25,25
21735,utt_0472e786a412933dd014::p0001,utt_0472e786a412933dd014::p0001,11c81ac14e80942981206537e7046bfcfbdf9e4cf3d57cdb2efbf22e1b1bbf4b,11c81ac14e80942981206537e7046bfcfbdf9e4cf3d57cdb2efbf22e1b1bbf4b,64,64
21735,utt_ab9672f3d77232107663::p0001-p0002,utt_ab9672f3d77232107663::p0001-p0002,d3289aace519a9cb7156cd3fa0cc91d32541436c91dbc836697f395574cef836,d3289aace519a9cb7156cd3fa0cc91d32541436c91dbc836697f395574cef836,37,37
21735,utt_a96c05115de991641dea::p0001-p0002,utt_a96c05115de991641dea::p0001-p0003s001,0aa6e5f6168f58120343a75f1eb788c5d5e9f597aa8160e54774f9ec50550825,9a67d796e7091653b2dd11004a60e84cca621d2942e718b54f38b572bd4d76f3,5,155
21735,utt_a96c05115de991641dea::p0003s001,utt_a96c05115de991641dea::p0001-p0003s001,74d082a2333c8cbf7f7bdeaaeab8709bcfdc2476054cdbcb3ca12a36d95f4372,9a67d796e7091653b2dd11004a60e84cca621d2942e718b54f38b572bd4d76f3,150,155
21735,utt_a96c05115de991641dea::p0003s002-p0004,utt_a96c05115de991641dea::p0003s002-p0004,a1b67f59437fb902f796142e03a0a3215255f8ee232ec05e32116adf43856937,a1b67f59437fb902f796142e03a0a3215255f8ee232ec05e32116adf43856937,81,81
21735,utt_a96c05115de991641dea::p0005s001,utt_a96c05115de991641dea::p0005s001,3b2100c49e6a630a6fd82108a40bf96fd7e1877d0b619f43044bb5eea81b7ac1,3b2100c49e6a630a6fd82108a40bf96fd7e1877d0b619f43044bb5eea81b7ac1,150,150
21735,utt_a96c05115de991641dea::p0005s002-p0007,utt_a96c05115de991641dea::p0005s002-p0007,3e21935360f4039303c94692e4499fafdf8a6480bb90cf67d49db096368fc12b,3e21935360f4039303c94692e4499fafdf8a6480bb90cf67d49db096368fc12b,83,83
21735,utt_089a133e4249cfe9c4e1::p0001-p0002,utt_089a133e4249cfe9c4e1::p0001-p0002,b713dc1320db7869f8e8188910345f26c80531142b54b5495dfa27c27896cd7f,b713dc1320db7869f8e8188910345f26c80531142b54b5495dfa27c27896cd7f,55,55
21735,utt_dfd1e9105a9375bfd4c6::p0001-p0002,utt_dfd1e9105a9375bfd4c6::p0001-p0002,0a1f5467b9b751e1b9345381a5ca08f4437c42496ec6d77db539a4f8a9aff9d2,0a1f5467b9b751e1b9345381a5ca08f4437c42496ec6d77db539a4f8a9aff9d2,57,57
21735,utt_19a47e9c88b72d206977::p0001-p0002,utt_19a47e9c88b72d206977::p0001-p0003s001,5aafc0e6f9e9b3f2e2894cd26121f8b5ffbe83e4961ebff439f6e88d01762a7b,a206346c477821a52a1dcbdc10093c800a19b8d674aec9029ba5ec29ccc7e54d,5,155
21735,utt_19a47e9c88b72d206977::p0003s001,utt_19a47e9c88b72d206977::p0001-p0003s001,74d082a2333c8cbf7f7bdeaaeab8709bcfdc2476054cdbcb3ca12a36d95f4372,a206346c477821a52a1dcbdc10093c800a19b8d674aec9029ba5ec29ccc7e54d,150,155
21735,utt_19a47e9c88b72d206977::p0003s002-p0004,utt_19a47e9c88b72d206977::p0003s002-p0004,a1b67f59437fb902f796142e03a0a3215255f8ee232ec05e32116adf43856937,a1b67f59437fb902f796142e03a0a3215255f8ee232ec05e32116adf43856937,81,81
21735,utt_19a47e9c88b72d206977::p0005s001,utt_19a47e9c88b72d206977::p0005s001,3b2100c49e6a630a6fd82108a40bf96fd7e1877d0b619f43044bb5eea81b7ac1,3b2100c49e6a630a6fd82108a40bf96fd7e1877d0b619f43044bb5eea81b7ac1,150,150
21735,utt_19a47e9c88b72d206977::p0005s002-p0007,utt_19a47e9c88b72d206977::p0005s002-p0007,3e21935360f4039303c94692e4499fafdf8a6480bb90cf67d49db096368fc12b,3e21935360f4039303c94692e4499fafdf8a6480bb90cf67d49db096368fc12b,83,83
21735,utt_95930ddd46c53c21fa21::p0001-p0003,utt_95930ddd46c53c21fa21::p0001-p0003,90ed10248ea9b87ddd8524089953a56495bc2c440e3d8f06cff9d0de8ab5a211,90ed10248ea9b87ddd8524089953a56495bc2c440e3d8f06cff9d0de8ab5a211,57,57
21735,utt_b6c9ecd91c9cced8d47b::p0001-p0002,utt_b6c9ecd91c9cced8d47b::p0001-p0003s001,0aa6e5f6168f58120343a75f1eb788c5d5e9f597aa8160e54774f9ec50550825,a4fafd67658c07aefc8cc81f53c146490e5bd0a9e0e2a759d44d2d3945ca0ca7,5,155
21735,utt_b6c9ecd91c9cced8d47b::p0003s001,utt_b6c9ecd91c9cced8d47b::p0001-p0003s001,5ec55526e2dc458b540dc69baedb3a20588f082f53f4c9b79c46c6a0138369b4,a4fafd67658c07aefc8cc81f53c146490e5bd0a9e0e2a759d44d2d3945ca0ca7,150,155
21735,utt_b6c9ecd91c9cced8d47b::p0003s002,utt_b6c9ecd91c9cced8d47b::p0003s002,65f2c7474b7e75ea2c15d119777212bc33cfbc1f5b17df206af6978dbb491fa2,65f2c7474b7e75ea2c15d119777212bc33cfbc1f5b17df206af6978dbb491fa2,150,150
21735,utt_b6c9ecd91c9cced8d47b::p0003s003-p0004,utt_b6c9ecd91c9cced8d47b::p0003s003-p0005,2bcf0ea181a847c4957d2fc48024ac219fc84ff0b810df8113f91ad1bc85e84f,e7e737cb9aa95c387467c1801626fb26179266f274660197ea6010310a116edf,118,162
21735,utt_b6c9ecd91c9cced8d47b::p0005,utt_b6c9ecd91c9cced8d47b::p0003s003-p0005,0588971d672f4f7e1798ba1a14754066ca543edebb2da598c0441acf72b0a552,e7e737cb9aa95c387467c1801626fb26179266f274660197ea6010310a116edf,44,162
21735,utt_27fbc12c387a6b54050d::p0001-p0002,utt_27fbc12c387a6b54050d::p0001-p0002,d90645a232c741a80b9c6c281da2af4986f5e3b9ed8ccda6949aa61b0dbf161a,d90645a232c741a80b9c6c281da2af4986f5e3b9ed8ccda6949aa61b0dbf161a,57,57
21735,utt_fe082c9487d6c1cb967d::p0001-p0002,utt_fe082c9487d6c1cb967d::p0001-p0003s001,5aafc0e6f9e9b3f2e2894cd26121f8b5ffbe83e4961ebff439f6e88d01762a7b,01a8adae8e5b08ac5885948cc7d4477c8f2619cd1c06d007c0674fdf3220648a,5,155
21735,utt_fe082c9487d6c1cb967d::p0003s001,utt_fe082c9487d6c1cb967d::p0001-p0003s001,356f7311e96eb9fe8328e752238de542cde150ca0138b042c40773fe62872538,01a8adae8e5b08ac5885948cc7d4477c8f2619cd1c06d007c0674fdf3220648a,150,155
21735,utt_fe082c9487d6c1cb967d::p0003s002,utt_fe082c9487d6c1cb967d::p0003s002,3b467cb611d2a4f1af3ad2f1fd63aeccd7e12f12a2656496269a242581c1a0c5,3b467cb611d2a4f1af3ad2f1fd63aeccd7e12f12a2656496269a242581c1a0c5,150,150
21735,utt_fe082c9487d6c1cb967d::p0003s003-p0004,utt_fe082c9487d6c1cb967d::p0003s003-p0005,740a007b6f49ec562a70f0d026ad1d7fcc1d35c9fdec675e43a20c2e8d26bc33,7088d2cbd0750571a2f141dd19ba751b86c88385a3887352b63260f9150d6a39,115,162
21735,utt_fe082c9487d6c1cb967d::p0005,utt_fe082c9487d6c1cb967d::p0003s003-p0005,cd58837e9198fd8fb7fdaf3a5c4847713000299f46aaeb9e2c27877176aa5955,7088d2cbd0750571a2f141dd19ba751b86c88385a3887352b63260f9150d6a39,47,162
21735,utt_f98abe8900590f1e199c::p0001-p0003,utt_f98abe8900590f1e199c::p0001-p0003,a50410581ece144d0e4c562eb5faf6fa25e057d415d5166ba9176ae19fbce8f7,a50410581ece144d0e4c562eb5faf6fa25e057d415d5166ba9176ae19fbce8f7,55,55
21735,utt_c4da391e28f552c0ac5e::p0001-p0002,utt_c4da391e28f552c0ac5e::p0001-p0003s001,5aafc0e6f9e9b3f2e2894cd26121f8b5ffbe83e4961ebff439f6e88d01762a7b,a206346c477821a52a1dcbdc10093c800a19b8d674aec9029ba5ec29ccc7e54d,5,155
21735,utt_c4da391e28f552c0ac5e::p0003s001,utt_c4da391e28f552c0ac5e::p0001-p0003s001,74d082a2333c8cbf7f7bdeaaeab8709bcfdc2476054cdbcb3ca12a36d95f4372,a206346c477821a52a1dcbdc10093c800a19b8d674aec9029ba5ec29ccc7e54d,150,155
21735,utt_c4da391e28f552c0ac5e::p0003s002-p0004,utt_c4da391e28f552c0ac5e::p0003s002-p0004,a1b67f59437fb902f796142e03a0a3215255f8ee232ec05e32116adf43856937,a1b67f59437fb902f796142e03a0a3215255f8ee232ec05e32116adf43856937,81,81
21735,utt_c4da391e28f552c0ac5e::p0005s001,utt_c4da391e28f552c0ac5e::p0005s001,c4109ac8d123ac102b11a7978e34ab1384dd9ca3220a3cd8b00026b445b5d343,c4109ac8d123ac102b11a7978e34ab1384dd9ca3220a3cd8b00026b445b5d343,150,150
21735,utt_c4da391e28f552c0ac5e::p0005s002-p0007,utt_c4da391e28f552c0ac5e::p0005s002-p0007,14eacc2b8bb8d719f6d40b7ff94b3b3cc2d4b7b187f6407fb3b185b1d82a30a2,14eacc2b8bb8d719f6d40b7ff94b3b3cc2d4b7b187f6407fb3b185b1d82a30a2,83,83
21735,utt_656bda46536c745f8745::p0001-p0002,utt_656bda46536c745f8745::p0001-p0002,4d536a9861bbbb4c1245d46ce91b6b798562297e52010e9e01513391303c99cd,4d536a9861bbbb4c1245d46ce91b6b798562297e52010e9e01513391303c99cd,57,57
21735,utt_dacb06790844899675ea::p0001-p0002,utt_dacb06790844899675ea::p0001-p0003s001,5aafc0e6f9e9b3f2e2894cd26121f8b5ffbe83e4961ebff439f6e88d01762a7b,a206346c477821a52a1dcbdc10093c800a19b8d674aec9029ba5ec29ccc7e54d,5,155
21735,utt_dacb06790844899675ea::p0003s001,utt_dacb06790844899675ea::p0001-p0003s001,74d082a2333c8cbf7f7bdeaaeab8709bcfdc2476054cdbcb3ca12a36d95f4372,a206346c477821a52a1dcbdc10093c800a19b8d674aec9029ba5ec29ccc7e54d,150,155
21735,utt_dacb06790844899675ea::p0003s002-p0004,utt_dacb06790844899675ea::p0003s002-p0004,a1b67f59437fb902f796142e03a0a3215255f8ee232ec05e32116adf43856937,a1b67f59437fb902f796142e03a0a3215255f8ee232ec05e32116adf43856937,81,81
21735,utt_dacb06790844899675ea::p0005s001,utt_dacb06790844899675ea::p0005s001,d2ba2022cbd38568f736026e1ee5e662f0f6e6692994dfb131426f0b217eab4c,d2ba2022cbd38568f736026e1ee5e662f0f6e6692994dfb131426f0b217eab4c,150,150
21735,utt_dacb06790844899675ea::p0005s002-p0007,utt_dacb06790844899675ea::p0005s002-p0007,bbf12d9900026dd641063a792189fee250f50ddd24ca317326dcdabe4212a74a,bbf12d9900026dd641063a792189fee250f50ddd24ca317326dcdabe4212a74a,83,83
21735,utt_01f53999ceb0e22954ba::p0001-p0002,utt_01f53999ceb0e22954ba::p0001-p0002,6844b088cf985534cc6b5401586a9a180129b1f644995f196202fe08cf1591ad,6844b088cf985534cc6b5401586a9a180129b1f644995f196202fe08cf1591ad,57,57
21735,utt_c9cd9283e2919a78c862::p0001-p0002,utt_c9cd9283e2919a78c862::p0001-p0003s001,5aafc0e6f9e9b3f2e2894cd26121f8b5ffbe83e4961ebff439f6e88d01762a7b,a206346c477821a52a1dcbdc10093c800a19b8d674aec9029ba5ec29ccc7e54d,5,155
21735,utt_c9cd9283e2919a78c862::p0003s001,utt_c9cd9283e2919a78c862::p0001-p0003s001,74d082a2333c8cbf7f7bdeaaeab8709bcfdc2476054cdbcb3ca12a36d95f4372,a206346c477821a52a1dcbdc10093c800a19b8d674aec9029ba5ec29ccc7e54d,150,155
21735,utt_c9cd9283e2919a78c862::p0003s002-p0004,utt_c9cd9283e2919a78c862::p0003s002-p0004,a7862981fe6bce61016b117a7708b8538c545c6c3558d5c6b036ff7e477c0319,a7862981fe6bce61016b117a7708b8538c545c6c3558d5c6b036ff7e477c0319,84,84
21735,utt_c9cd9283e2919a78c862::p0005s001,utt_c9cd9283e2919a78c862::p0005s001,3b2100c49e6a630a6fd82108a40bf96fd7e1877d0b619f43044bb5eea81b7ac1,3b2100c49e6a630a6fd82108a40bf96fd7e1877d0b619f43044bb5eea81b7ac1,150,150
21735,utt_c9cd9283e2919a78c862::p0005s002-p0007,utt_c9cd9283e2919a78c862::p0005s002-p0007,13e3a786118137ef28239d04af2d502e6e048899ea795e7d0df189f26d0bc919,13e3a786118137ef28239d04af2d502e6e048899ea795e7d0df189f26d0bc919,83,83
21735,utt_73dd5f2feaee6870490f::p0001-p0002,utt_73dd5f2feaee6870490f::p0001-p0002,32672e14c3db432fddb0faa03d55dd8b4499036850e523535766dd6b42b207fe,32672e14c3db432fddb0faa03d55dd8b4499036850e523535766dd6b42b207fe,59,59
21735,utt_18369ddf65c3c1ad8361::p0001-p0002,utt_18369ddf65c3c1ad8361::p0001-p0003s001,02b62e5c0185e7db0eda08b67a236da7d94e61115c1a8fff247595091daca4be,020843f7aa58976dcdf0fa2e32dc4850cfe5fb283b1bee8aa3792f80f2a57a85,5,155
21735,utt_18369ddf65c3c1ad8361::p0003s001,utt_18369ddf65c3c1ad8361::p0001-p0003s001,74d082a2333c8cbf7f7bdeaaeab8709bcfdc2476054cdbcb3ca12a36d95f4372,020843f7aa58976dcdf0fa2e32dc4850cfe5fb283b1bee8aa3792f80f2a57a85,150,155
21735,utt_18369ddf65c3c1ad8361::p0003s002-p0004,utt_18369ddf65c3c1ad8361::p0003s002-p0004,a1b67f59437fb902f796142e03a0a3215255f8ee232ec05e32116adf43856937,a1b67f59437fb902f796142e03a0a3215255f8ee232ec05e32116adf43856937,81,81
21735,utt_18369ddf65c3c1ad8361::p0005s001,utt_18369ddf65c3c1ad8361::p0005s001,3b2100c49e6a630a6fd82108a40bf96fd7e1877d0b619f43044bb5eea81b7ac1,3b2100c49e6a630a6fd82108a40bf96fd7e1877d0b619f43044bb5eea81b7ac1,150,150
21735,utt_18369ddf65c3c1ad8361::p0005s002-p0007,utt_18369ddf65c3c1ad8361::p0005s002-p0007,a7a698876e4675f2b19b0b109836c7aaaa8822c32ac8873620da1918c2e5a4c3,a7a698876e4675f2b19b0b109836c7aaaa8822c32ac8873620da1918c2e5a4c3,86,86
21735,utt_a4afdf94b00268c2dd7a::p0001-p0003,utt_a4afdf94b00268c2dd7a::p0001-p0003,24463aab4e0a9fc40ce21f4fc36191a7ae9b3589c4bb924795f3505fb38f8fde,24463aab4e0a9fc40ce21f4fc36191a7ae9b3589c4bb924795f3505fb38f8fde,57,57
21735,utt_853133c3bfa71a526588::p0001-p0002,utt_853133c3bfa71a526588::p0001-p0003s001,0aa6e5f6168f58120343a75f1eb788c5d5e9f597aa8160e54774f9ec50550825,ec3f62de6bc6554f8e82d5800f8d538292f14d9d979969b0c0d92f2e4867eeb0,5,155
21735,utt_853133c3bfa71a526588::p0003s001,utt_853133c3bfa71a526588::p0001-p0003s001,ba879dbfb189bef963e5dff0ba5e0b9d30ed19a12aafdf264b3df3eee0e0e642,ec3f62de6bc6554f8e82d5800f8d538292f14d9d979969b0c0d92f2e4867eeb0,150,155
21735,utt_853133c3bfa71a526588::p0003s002-p0004,utt_853133c3bfa71a526588::p0003s002-p0004,57dc13dbaf2ae4faaeacea7028c7d340a65d769ba738a69cd0f1f1842a61a881,57dc13dbaf2ae4faaeacea7028c7d340a65d769ba738a69cd0f1f1842a61a881,84,84
21735,utt_853133c3bfa71a526588::p0005s001,utt_853133c3bfa71a526588::p0005s001,3b2100c49e6a630a6fd82108a40bf96fd7e1877d0b619f43044bb5eea81b7ac1,3b2100c49e6a630a6fd82108a40bf96fd7e1877d0b619f43044bb5eea81b7ac1,150,150
21735,utt_853133c3bfa71a526588::p0005s002-p0007,utt_853133c3bfa71a526588::p0005s002-p0007,da5a1b9d0b48bc6af39cc62196a49b71778eb853fa112b031d4b6cc8602d3925,da5a1b9d0b48bc6af39cc62196a49b71778eb853fa112b031d4b6cc8602d3925,83,83
21735,utt_a81815b527c861dd67fb::p0001-p0002,utt_a81815b527c861dd67fb::p0001-p0002,bb63d40fc2b85a6186e20d111ceecc3ae16d6ad4a943b565ca2018ac96e8442e,bb63d40fc2b85a6186e20d111ceecc3ae16d6ad4a943b565ca2018ac96e8442e,38,38
21735,utt_89afbcc171ef3be8c741::p0001,utt_89afbcc171ef3be8c741::p0001,e6366196e3ac73f4a138adc8e28d662860a6f9a4d09677f78792e9ec05a4993e,e6366196e3ac73f4a138adc8e28d662860a6f9a4d09677f78792e9ec05a4993e,31,31
21735,utt_36230c53c63b8e8ca378::p0001-p0002,utt_36230c53c63b8e8ca378::p0001-p0002,5b792051f4d028e483519593060922b52b4fafb541dad3d9d0f2259165936f8c,5b792051f4d028e483519593060922b52b4fafb541dad3d9d0f2259165936f8c,43,43
21735,utt_41083e65bd62fff7efde::p0001,utt_41083e65bd62fff7efde::p0001,0a0c853bcb3d1e581ceab49b3058dd3fbf8d9d53a0151d049bb94c4924211b0e,0a0c853bcb3d1e581ceab49b3058dd3fbf8d9d53a0151d049bb94c4924211b0e,28,28
21735,utt_7af7944761fc1f621b67::p0001-p0002,utt_7af7944761fc1f621b67::p0001-p0002,f1305f564a0c30f01cef834e8373aef5088af823aa0999371086891336448470,f1305f564a0c30f01cef834e8373aef5088af823aa0999371086891336448470,57,57
21735,utt_bd29b62f1074a78105ae::p0001-p0002,utt_bd29b62f1074a78105ae::p0001-p0003s001,2e53d9c04e1d81607db4f383ec3c13f08f6bcdaf6b9cce24f1fd64cd58c4caab,c97908bc18fd3c696bdab0cb3e01a396b12878f2ac9245ae34c7d3310d63a576,5,155
21735,utt_bd29b62f1074a78105ae::p0003s001,utt_bd29b62f1074a78105ae::p0001-p0003s001,74d082a2333c8cbf7f7bdeaaeab8709bcfdc2476054cdbcb3ca12a36d95f4372,c97908bc18fd3c696bdab0cb3e01a396b12878f2ac9245ae34c7d3310d63a576,150,155
21735,utt_bd29b62f1074a78105ae::p0003s002-p0004,utt_bd29b62f1074a78105ae::p0003s002-p0004,a1b67f59437fb902f796142e03a0a3215255f8ee232ec05e32116adf43856937,a1b67f59437fb902f796142e03a0a3215255f8ee232ec05e32116adf43856937,81,81
21735,utt_bd29b62f1074a78105ae::p0005s001,utt_bd29b62f1074a78105ae::p0005s001,f38d4cc51efb65a47c895a1cb376708b49661b926f9479b96f08ed070c596116,f38d4cc51efb65a47c895a1cb376708b49661b926f9479b96f08ed070c596116,150,150
21735,utt_bd29b62f1074a78105ae::p0005s002-p0007,utt_bd29b62f1074a78105ae::p0005s002-p0007,04b91dec7aeef6ab864fad7ce75cd71fed2eb94c31a73fd4790fba396eba45d1,04b91dec7aeef6ab864fad7ce75cd71fed2eb94c31a73fd4790fba396eba45d1,89,89
21735,utt_8b29d147c1868d32c907::p0001,utt_8b29d147c1868d32c907::p0001,e08bbc23a553d9a91f16cfe8197160d25a6dd595755590553c1f8cb193c82741,e08bbc23a553d9a91f16cfe8197160d25a6dd595755590553c1f8cb193c82741,21,21
21735,utt_9b3a1c4acaa4d051cb04::p0001-p0004,utt_9b3a1c4acaa4d051cb04::p0001-p0004,97597ce2dc9fffe52ffd070a22b9f08ad8c056e310a865f9801ee8eb900e75c7,97597ce2dc9fffe52ffd070a22b9f08ad8c056e310a865f9801ee8eb900e75c7,71,71
21735,utt_e397cb1dc2e01f4f9947::p0001-p0002,utt_e397cb1dc2e01f4f9947::p0001-p0003s001,5aafc0e6f9e9b3f2e2894cd26121f8b5ffbe83e4961ebff439f6e88d01762a7b,de379d06376d21b99a361cdc5a89d8036b5ab7144568ae117c92a887d3e8ec66,5,155
21735,utt_e397cb1dc2e01f4f9947::p0003s001,utt_e397cb1dc2e01f4f9947::p0001-p0003s001,0fc4d56a3a42b49d588e4c602e471f412889638eeadd8e781ffd1ebac988515c,de379d06376d21b99a361cdc5a89d8036b5ab7144568ae117c92a887d3e8ec66,150,155
21735,utt_e397cb1dc2e01f4f9947::p0003s002,utt_e397cb1dc2e01f4f9947::p0003s002,0978a05151621f421219a161be95091db72dd7f7ecf2aaac6d051fdc6eae068d,0978a05151621f421219a161be95091db72dd7f7ecf2aaac6d051fdc6eae068d,150,150
21735,utt_e397cb1dc2e01f4f9947::p0003s003-p0006,utt_e397cb1dc2e01f4f9947::p0003s003-p0007,47b20e1894501b2f14386cf005cc6dc708beec8b2dafaf3f9474b11114cfb8ed,0b36025e659aa059641985f6e51258e0bcf7e3197ffc0cf4e2ff8b7214ef640b,130,170
21735,utt_e397cb1dc2e01f4f9947::p0007,utt_e397cb1dc2e01f4f9947::p0003s003-p0007,19e714e9be842a9461fedd3dcc06610e58e223a2eee1f34e85b7dacc62c296ba,0b36025e659aa059641985f6e51258e0bcf7e3197ffc0cf4e2ff8b7214ef640b,40,170
21735,utt_6a2170498e94db7cddbd::p0001-p0004,utt_6a2170498e94db7cddbd::p0001-p0004,7d7503e3d5736a63d4de9b0556bf3c5f0d0ac262fa79be0927caeb23c287bcf4,7d7503e3d5736a63d4de9b0556bf3c5f0d0ac262fa79be0927caeb23c287bcf4,71,71
21735,utt_d468de2d1b20ee399871::p0001-p0002,utt_d468de2d1b20ee399871::p0001-p0003s001,5aafc0e6f9e9b3f2e2894cd26121f8b5ffbe83e4961ebff439f6e88d01762a7b,de379d06376d21b99a361cdc5a89d8036b5ab7144568ae117c92a887d3e8ec66,5,155
21735,utt_d468de2d1b20ee399871::p0003s001,utt_d468de2d1b20ee399871::p0001-p0003s001,0fc4d56a3a42b49d588e4c602e471f412889638eeadd8e781ffd1ebac988515c,de379d06376d21b99a361cdc5a89d8036b5ab7144568ae117c92a887d3e8ec66,150,155
21735,utt_d468de2d1b20ee399871::p0003s002,utt_d468de2d1b20ee399871::p0003s002,0978a05151621f421219a161be95091db72dd7f7ecf2aaac6d051fdc6eae068d,0978a05151621f421219a161be95091db72dd7f7ecf2aaac6d051fdc6eae068d,150,150
21735,utt_d468de2d1b20ee399871::p0003s003,utt_d468de2d1b20ee399871::p0003s003-p0004,94f605ad69a15a142362c86587711cc0da10ddde9b15f71b6b5dc0cc34e05102,191a8eddab67b52d002471b989aa0aa74ff2078b916a6190a4594e6a8eff5931,120,168
21735,utt_d468de2d1b20ee399871::p0004,utt_d468de2d1b20ee399871::p0003s003-p0004,f707e06c1f9d6aa270115b45536ea1f0fb019de7b6bf1c6767b4e7b9fd289049,191a8eddab67b52d002471b989aa0aa74ff2078b916a6190a4594e6a8eff5931,48,168
21735,utt_30e3204133cb1bb1ce12::p0001-p0003,utt_30e3204133cb1bb1ce12::p0001-p0003,1e2de2283419a69371cf9e037917dd8dcdd1ea5b45d3f8f35bafd7e4d6085c48,1e2de2283419a69371cf9e037917dd8dcdd1ea5b45d3f8f35bafd7e4d6085c48,50,50
21735,utt_37d4df00c879690c3f2c::p0001-p0002,utt_37d4df00c879690c3f2c::p0001-p0003s001,5aafc0e6f9e9b3f2e2894cd26121f8b5ffbe83e4961ebff439f6e88d01762a7b,2ff4f0a8ae800cf8e04c69879b4dfdbad589135ba40156e8ef1c8dc8cfb3c507,5,155
21735,utt_37d4df00c879690c3f2c::p0003s001,utt_37d4df00c879690c3f2c::p0001-p0003s001,7318b7a19d67dff22a258f933a32e9a4a0d3a04b7750d6e7815980ca37722083,2ff4f0a8ae800cf8e04c69879b4dfdbad589135ba40156e8ef1c8dc8cfb3c507,150,155
21735,utt_37d4df00c879690c3f2c::p0003s002-p0004,utt_37d4df00c879690c3f2c::p0003s002-p0004,00f72f724ad4c7a39c88d399e13aa3a45392d73f917798bd03035e4f5edd09ca,00f72f724ad4c7a39c88d399e13aa3a45392d73f917798bd03035e4f5edd09ca,106,106
21735,utt_37d4df00c879690c3f2c::p0005s001,utt_37d4df00c879690c3f2c::p0005s001,2a63537d568ddc55040bdf236921897a2875a69b0a218459a0d6b4ded839d8c6,2a63537d568ddc55040bdf236921897a2875a69b0a218459a0d6b4ded839d8c6,150,150
21735,utt_37d4df00c879690c3f2c::p0005s002-p0007,utt_37d4df00c879690c3f2c::p0005s002-p0007,9bf62533a221dc646dcdf40ce1f14d7c4dbadb63b740245bcaf1ee64ec741005,9bf62533a221dc646dcdf40ce1f14d7c4dbadb63b740245bcaf1ee64ec741005,64,64
21735,utt_3f4986567ce9a54ef974::p0001,utt_3f4986567ce9a54ef974::p0001,6e8c6dc93075533bcbdee197ceee839d8123c8f9408bf1098fc33443b4a96310,6e8c6dc93075533bcbdee197ceee839d8123c8f9408bf1098fc33443b4a96310,5,5
21735,utt_9eeb64f8ebe26499dc66::p0001,utt_9eeb64f8ebe26499dc66::p0001,4e63305ff70c101c4ed9ac38fbb15ba8ad045b02b292a7ddcc6cc589804d14de,4e63305ff70c101c4ed9ac38fbb15ba8ad045b02b292a7ddcc6cc589804d14de,31,31
21735,utt_dabea788d1d3a5e2ca0f::p0001-p0003,utt_dabea788d1d3a5e2ca0f::p0001-p0004,4acd3b5f0343110da28ac809d14e8ee0189cd3ef372e462d0bf1437be59427c8,42f964f6b065b659f967e7d0d2c9ebcadf6d62dbc6eb8f4dc9e16abd4e2712f4,118,153
21735,utt_dabea788d1d3a5e2ca0f::p0004,utt_dabea788d1d3a5e2ca0f::p0001-p0004,fd0425448f3b4180098b74b3fead501b0fe398f71461ae002e55602bd11c37b3,42f964f6b065b659f967e7d0d2c9ebcadf6d62dbc6eb8f4dc9e16abd4e2712f4,35,153
21735,utt_f226852fc4413047eae9::p0001-p0002,utt_f226852fc4413047eae9::p0001-p0002,6a3049848c8a7cc56816705869d3cb9e7e0b62d44df1fae54bf40014161aa611,6a3049848c8a7cc56816705869d3cb9e7e0b62d44df1fae54bf40014161aa611,43,43
21735,utt_b5a3ce1dbd2f5368d782::p0001,utt_b5a3ce1dbd2f5368d782::p0001,7e1affcf744702b9baa899350ff59366838988739556225c2a76c33324d3d626,7e1affcf744702b9baa899350ff59366838988739556225c2a76c33324d3d626,13,13
21735,utt_02940baa826bc934712b::p0001-p0002,utt_02940baa826bc934712b::p0001-p0002,e65cafdfb8c22c03e9c1e7937272e149053e975ba618a9a23c0c168ad80cdef5,e65cafdfb8c22c03e9c1e7937272e149053e975ba618a9a23c0c168ad80cdef5,42,42
21735,utt_131d3fdec7dd5aeab659::p0001-p0002,utt_131d3fdec7dd5aeab659::p0001-p0002,d92c42dfbd54f960a530f569c4bba8befb92f9b77a3398b622a162fcdddc0baf,d92c42dfbd54f960a530f569c4bba8befb92f9b77a3398b622a162fcdddc0baf,61,61
21735,utt_8d80113792ffb4d023e2::p0001,utt_8d80113792ffb4d023e2::p0001,7b43b2d8bbeedc708eb0d29d8495d8f356c12513e79deef5a1e8f56e0e5bfe50,7b43b2d8bbeedc708eb0d29d8495d8f356c12513e79deef5a1e8f56e0e5bfe50,81,81
21735,utt_8d80113792ffb4d023e2::p0002,utt_8d80113792ffb4d023e2::p0002,239e1764c7d9e0b3d6949abef64a6ccb3e7abc6cf75307bfe41af8002338d79d,239e1764c7d9e0b3d6949abef64a6ccb3e7abc6cf75307bfe41af8002338d79d,126,126
21735,utt_8d80113792ffb4d023e2::p0003s001,utt_8d80113792ffb4d023e2::p0003s001,7b07d2a22ca11ef74f92da4bbeed0af411d31c173368a99634d4bf084c6b0a7d,7b07d2a22ca11ef74f92da4bbeed0af411d31c173368a99634d4bf084c6b0a7d,150,150
21735,utt_8d80113792ffb4d023e2::p0003s002-p0004,utt_8d80113792ffb4d023e2::p0003s002-p0005s001,05dfe2132ceef9df5962b21b6a57489bf4220e23f28b3cea61e7533e8b42ddf9,837931d8d0a135602dd93349175b03f7c6860611e489ef4c4cbe3bb9e76a96b6,133,160
21735,utt_8d80113792ffb4d023e2::p0005s001,utt_8d80113792ffb4d023e2::p0003s002-p0005s001,26ee216d39ce0107d16d878891e13098296a3d780d70a54a387f6a5ca7fd4ec8,837931d8d0a135602dd93349175b03f7c6860611e489ef4c4cbe3bb9e76a96b6,27,160
21735,utt_8d80113792ffb4d023e2::p0005s002,utt_8d80113792ffb4d023e2::p0005s002,60e5b6af6161303902ad1652a4dc5e74785436634420db59c4eb889ff18895d3,60e5b6af6161303902ad1652a4dc5e74785436634420db59c4eb889ff18895d3,142,142
21735,utt_8d80113792ffb4d023e2::p0006s001,utt_8d80113792ffb4d023e2::p0006s001,572cb299e3cf9f9fd264e95cb34670968cf872a7b2bb5e94bc6eeceeef61d4d7,572cb299e3cf9f9fd264e95cb34670968cf872a7b2bb5e94bc6eeceeef61d4d7,125,125
21735,utt_8d80113792ffb4d023e2::p0006s002-p0007,utt_8d80113792ffb4d023e2::p0006s002-p0007,ab8f229a9d356025fced922257a521380e1333a4dd3098436bcc6824b89b8fdc,ab8f229a9d356025fced922257a521380e1333a4dd3098436bcc6824b89b8fdc,107,107
21735,utt_8d80113792ffb4d023e2::p0008,utt_8d80113792ffb4d023e2::p0008,ea2c55ff92b0481dc671eb150a576cb1c0e9944c55aab61a99378427d4509a91,ea2c55ff92b0481dc671eb150a576cb1c0e9944c55aab61a99378427d4509a91,72,72
21735,utt_8d80113792ffb4d023e2::p0009-p0011,utt_8d80113792ffb4d023e2::p0009-p0011,6613928f117cfcd3389957348cd3b79f6068ea8c614690af7f52fba28078e240,6613928f117cfcd3389957348cd3b79f6068ea8c614690af7f52fba28078e240,136,136
21735,utt_8d80113792ffb4d023e2::p0012,utt_8d80113792ffb4d023e2::p0012,7885653687d65ba9190fe2347d67a549f9ef0056cc5229fa3000c48eabc3cdb4,7885653687d65ba9190fe2347d67a549f9ef0056cc5229fa3000c48eabc3cdb4,52,52
21735,utt_8d80113792ffb4d023e2::p0013,utt_8d80113792ffb4d023e2::p0013,eaaaff0588c30ce853a9d14d9aad79b253d0aa0b3401a767ef0a6adae397c7ef,eaaaff0588c30ce853a9d14d9aad79b253d0aa0b3401a767ef0a6adae397c7ef,54,54
21735,utt_8d80113792ffb4d023e2::p0014,utt_8d80113792ffb4d023e2::p0014,2115c23fafea48658f7e2c01eb63692aa5d08d557401517313cb308980aa4b74,2115c23fafea48658f7e2c01eb63692aa5d08d557401517313cb308980aa4b74,82,82
21735,utt_8d80113792ffb4d023e2::p0015,utt_8d80113792ffb4d023e2::p0015,4c4eb0c3096e8f53c265dfd8884eebcc9db1ad3e86ba8ee6c65ddceedfaf53a5,4c4eb0c3096e8f53c265dfd8884eebcc9db1ad3e86ba8ee6c65ddceedfaf53a5,99,99
21735,utt_8d80113792ffb4d023e2::p0016,utt_8d80113792ffb4d023e2::p0016,eaa109f9d7ddaed72415fa460439afdcf98e9ba103c0f9972220e4340038dc46,eaa109f9d7ddaed72415fa460439afdcf98e9ba103c0f9972220e4340038dc46,133,133
21735,utt_8d80113792ffb4d023e2::p0017-p0018,utt_8d80113792ffb4d023e2::p0017-p0018,13aa7da75dae9ee0af9ff1eb7bff16ca5410cc27e979f7bfb8b19a6d067064e0,13aa7da75dae9ee0af9ff1eb7bff16ca5410cc27e979f7bfb8b19a6d067064e0,88,88
21735,utt_8d80113792ffb4d023e2::p0019-p0020,utt_8d80113792ffb4d023e2::p0019-p0020,014f48c3530cd13c83982942edd365d847047c7af53b45965f1c2cd9db59aec5,014f48c3530cd13c83982942edd365d847047c7af53b45965f1c2cd9db59aec5,110,110
21735,utt_8d80113792ffb4d023e2::p0021-p0022,utt_8d80113792ffb4d023e2::p0021-p0022,d9ce1c34b5fb728bbe0e5757a0995f9673b9af3e22322ffc57b98e007c1d1e46,d9ce1c34b5fb728bbe0e5757a0995f9673b9af3e22322ffc57b98e007c1d1e46,132,132
21735,utt_8d80113792ffb4d023e2::p0023-p0025,utt_8d80113792ffb4d023e2::p0023-p0025,f241bbf0d7493f71d66fd6f8ca8117c0824700ab39a036786e8a31da19260fb2,f241bbf0d7493f71d66fd6f8ca8117c0824700ab39a036786e8a31da19260fb2,83,83
21735,utt_8d80113792ffb4d023e2::p0026,utt_8d80113792ffb4d023e2::p0026,713c8aeb822dab9e5f403706db2dbc8ea1084ee5570c216f77ffa98990b048fb,713c8aeb822dab9e5f403706db2dbc8ea1084ee5570c216f77ffa98990b048fb,69,69
21735,utt_8d80113792ffb4d023e2::p0027-p0028,utt_8d80113792ffb4d023e2::p0027-p0028,e15d51b0e6d9c42255f2ef2f38ad7c56a6dd468a9f6fff9dd60909f0c961c2ea,e15d51b0e6d9c42255f2ef2f38ad7c56a6dd468a9f6fff9dd60909f0c961c2ea,90,90
21735,utt_8d80113792ffb4d023e2::p0029,utt_8d80113792ffb4d023e2::p0029,88b08c02434d067f9dcf995b09f1b2a74447142a3d75df9407d91024f4572c17,88b08c02434d067f9dcf995b09f1b2a74447142a3d75df9407d91024f4572c17,144,144
21735,utt_8d80113792ffb4d023e2::p0030-p0033,utt_8d80113792ffb4d023e2::p0030-p0033,c527898fbcce33c162a25f78d3be44ed2c1de482a817abea07c48685465bcaf3,c527898fbcce33c162a25f78d3be44ed2c1de482a817abea07c48685465bcaf3,81,81
21735,utt_8d80113792ffb4d023e2::p0034,utt_8d80113792ffb4d023e2::p0034,38e15dd94d0d19f27371fce26938a75fa2c5772ebf57ce6179f3d12b92fb73ee,38e15dd94d0d19f27371fce26938a75fa2c5772ebf57ce6179f3d12b92fb73ee,83,83
21735,utt_8d80113792ffb4d023e2::p0035-p0036,utt_8d80113792ffb4d023e2::p0035-p0036,5b46ae28f387e0ea1a24310cbd34cde055c478d7feb53b95c449d89e0aca9694,5b46ae28f387e0ea1a24310cbd34cde055c478d7feb53b95c449d89e0aca9694,71,71
21735,utt_8d80113792ffb4d023e2::p0037,utt_8d80113792ffb4d023e2::p0037,37ed74ebdfb739c0704923a64f0625187cee7d210f0a0a06781358182fb2d89c,37ed74ebdfb739c0704923a64f0625187cee7d210f0a0a06781358182fb2d89c,51,51
21735,utt_8d80113792ffb4d023e2::p0038-p0040,utt_8d80113792ffb4d023e2::p0038-p0040,994b8875f34f022de4c60b4cdeb586e6c8bf6dc335954a8a9f7cf4b8aa3e57c6,994b8875f34f022de4c60b4cdeb586e6c8bf6dc335954a8a9f7cf4b8aa3e57c6,130,130
21735,utt_8d80113792ffb4d023e2::p0041-p0044,utt_8d80113792ffb4d023e2::p0041-p0044,ad190be195f084ae1b9ee4077a05f223f106b86e1023e679f5e43f373d50692b,ad190be195f084ae1b9ee4077a05f223f106b86e1023e679f5e43f373d50692b,127,127
21735,utt_8d80113792ffb4d023e2::p0045-p0048,utt_8d80113792ffb4d023e2::p0045-p0048,dbdda9edcc7a316d748bddfadbb73c62aa4593bf74522cedf4e7886dcb9302df,dbdda9edcc7a316d748bddfadbb73c62aa4593bf74522cedf4e7886dcb9302df,140,140
21735,utt_8d80113792ffb4d023e2::p0049-p0050,utt_8d80113792ffb4d023e2::p0049-p0050,61672be01e7a1701c0aedc5120c7d693fb74661dc69fdbb7c799aecde4a2be6f,61672be01e7a1701c0aedc5120c7d693fb74661dc69fdbb7c799aecde4a2be6f,94,94
21735,utt_8d80113792ffb4d023e2::p0051,utt_8d80113792ffb4d023e2::p0051,317d62726b375460284ba6c92dc2984c42b41ef823947c85fca08107d8156b1c,317d62726b375460284ba6c92dc2984c42b41ef823947c85fca08107d8156b1c,63,63
21735,utt_8d80113792ffb4d023e2::p0052-p0053,utt_8d80113792ffb4d023e2::p0052-p0053,4088abb37885b6a20004975ce26c9d16cf211d8f4a619cb1dc80b45ff33ccf7f,4088abb37885b6a20004975ce26c9d16cf211d8f4a619cb1dc80b45ff33ccf7f,113,113
21735,utt_8d80113792ffb4d023e2::p0054,utt_8d80113792ffb4d023e2::p0054,422c05a4dcc8bd07e5cac3a157f01c920ffafb6a25dd0028330ff5bda24abd4d,422c05a4dcc8bd07e5cac3a157f01c920ffafb6a25dd0028330ff5bda24abd4d,61,61
21735,utt_8d80113792ffb4d023e2::p0055-p0056,utt_8d80113792ffb4d023e2::p0055-p0056,fa27e87e779190b4ddf9fd46f84aa232e50968ea2b87e985c50e976d6ddc5374,fa27e87e779190b4ddf9fd46f84aa232e50968ea2b87e985c50e976d6ddc5374,125,125
21735,utt_8d80113792ffb4d023e2::p0057,utt_8d80113792ffb4d023e2::p0057,ff21637231b3a5738e126fdb190f341fdfa08881a8890be9bb6ba7cd5ede04f8,ff21637231b3a5738e126fdb190f341fdfa08881a8890be9bb6ba7cd5ede04f8,72,72
21735,utt_8d80113792ffb4d023e2::p0058-p0060,utt_8d80113792ffb4d023e2::p0058-p0060,22473d6099bc7e1f8db0aa2df4780da580763cb24e70af7b71a16b723b3f2e9a,22473d6099bc7e1f8db0aa2df4780da580763cb24e70af7b71a16b723b3f2e9a,142,142
21735,utt_8d80113792ffb4d023e2::p0061-p0063,utt_8d80113792ffb4d023e2::p0061-p0063,3866a851545f03e6a49e3fbf5c8bf0db18ce7dae766aad31037a195b88bfccd1,3866a851545f03e6a49e3fbf5c8bf0db18ce7dae766aad31037a195b88bfccd1,84,84
21735,utt_6e7c9d5b061b44217dad::p0001-p0002,utt_6e7c9d5b061b44217dad::p0001-p0002,579e166e399d6fb3ba6d9260bb2dcba80fe8f43cb68dcda76cf756bf5ca41d29,579e166e399d6fb3ba6d9260bb2dcba80fe8f43cb68dcda76cf756bf5ca41d29,38,38
21735,utt_3cd02b4552867130ac5a::p0001-p0002,utt_3cd02b4552867130ac5a::p0001-p0002,a18e2ea40c48c7126cfc84092600ab0399feb12a30a197767312071f36eba56e,a18e2ea40c48c7126cfc84092600ab0399feb12a30a197767312071f36eba56e,29,29
21735,utt_40d1a8c6ba510d069709::p0001,utt_40d1a8c6ba510d069709::p0001,11b52c4fe7cbf93785038ce8b5ac951bec5b4e02baef65d753b5776aee860678,11b52c4fe7cbf93785038ce8b5ac951bec5b4e02baef65d753b5776aee860678,64,64
21735,utt_40d1a8c6ba510d069709::p0002,utt_40d1a8c6ba510d069709::p0002,9b870df8fa927b1644b9c720aa9206bdf9f3cce4b84220a7eeeb88fb25a7a3a8,9b870df8fa927b1644b9c720aa9206bdf9f3cce4b84220a7eeeb88fb25a7a3a8,76,76
21735,utt_40d1a8c6ba510d069709::p0003,utt_40d1a8c6ba510d069709::p0003,a2587d5cb5813c532d582871c7597875d6329b7b09769a4379f6caf337b74d3c,a2587d5cb5813c532d582871c7597875d6329b7b09769a4379f6caf337b74d3c,59,59
21735,utt_40d1a8c6ba510d069709::p0004,utt_40d1a8c6ba510d069709::p0004,bc08a215293ec1b8fd6839c203b57fcb5356abcc9e9464b90733889701685218,bc08a215293ec1b8fd6839c203b57fcb5356abcc9e9464b90733889701685218,92,92
21735,utt_40d1a8c6ba510d069709::p0005,utt_40d1a8c6ba510d069709::p0005,e749e48f805a4e45ac334970443bff4a2898527b6fbf35bd3751548b1d56cbf1,e749e48f805a4e45ac334970443bff4a2898527b6fbf35bd3751548b1d56cbf1,65,65
21735,utt_40d1a8c6ba510d069709::p0006,utt_40d1a8c6ba510d069709::p0006,6044bd407e1945c2aa8d77a0c932efd2b57aedfe04aafc75a819c376ecebfea7,6044bd407e1945c2aa8d77a0c932efd2b57aedfe04aafc75a819c376ecebfea7,131,131
21735,utt_40d1a8c6ba510d069709::p0007-p0008,utt_40d1a8c6ba510d069709::p0007-p0008,495bea506b721b81337213213dd3cfa5bc2f26c6ecdb3531e60bdc1fd6e14987,495bea506b721b81337213213dd3cfa5bc2f26c6ecdb3531e60bdc1fd6e14987,137,137
21735,utt_40d1a8c6ba510d069709::p0009,utt_40d1a8c6ba510d069709::p0009,0f1ddac5f39d8b71981bad01d71eefa57c66ba10e9b019865a0f313d2eacb88b,0f1ddac5f39d8b71981bad01d71eefa57c66ba10e9b019865a0f313d2eacb88b,62,62
21735,utt_40d1a8c6ba510d069709::p0010-p0011,utt_40d1a8c6ba510d069709::p0010-p0011,4f05b07f43dd11740e9c7f7622506310c4ed8801ae40849b4068c371f9197d44,4f05b07f43dd11740e9c7f7622506310c4ed8801ae40849b4068c371f9197d44,130,130
21735,utt_40d1a8c6ba510d069709::p0012-p0013,utt_40d1a8c6ba510d069709::p0012-p0013,c403f913b909d8e962851f2c865290fc4bf6b2c02af5aa0b926d5013f0b7728e,c403f913b909d8e962851f2c865290fc4bf6b2c02af5aa0b926d5013f0b7728e,82,82
21735,utt_40d1a8c6ba510d069709::p0014-p0016,utt_40d1a8c6ba510d069709::p0014-p0016,a227302c21738135bb6278f1ae9cc59974123bc7421703d99fb14d123d355251,a227302c21738135bb6278f1ae9cc59974123bc7421703d99fb14d123d355251,144,144
21735,utt_49b223e5323793fabc9b::p0001,utt_49b223e5323793fabc9b::p0001,802c2d8c9e5b6cdf84c838aac705b68d105bbc988d6f20bbea150dff05f47bb6,802c2d8c9e5b6cdf84c838aac705b68d105bbc988d6f20bbea150dff05f47bb6,18,18
21735,utt_d290ba5985a46b6980ca::p0001-p0002,utt_d290ba5985a46b6980ca::p0001-p0002,0918d8c91fb58701b1a31dcd83e33807991dc230b79e53fdd8656b643b8ab3b4,0918d8c91fb58701b1a31dcd83e33807991dc230b79e53fdd8656b643b8ab3b4,107,107
21735,utt_d290ba5985a46b6980ca::p0003,utt_d290ba5985a46b6980ca::p0003,dc696911ad64d03d2b7a83384dd96ef36543295b52715387401ef8fd03f34cb7,dc696911ad64d03d2b7a83384dd96ef36543295b52715387401ef8fd03f34cb7,64,64
21735,utt_d290ba5985a46b6980ca::p0004-p0006,utt_d290ba5985a46b6980ca::p0004-p0006,cf0e4f2f5c388818325c483d0e883227a3f53108bb20f90e58d667e87a58fb72,cf0e4f2f5c388818325c483d0e883227a3f53108bb20f90e58d667e87a58fb72,130,130
21735,utt_d290ba5985a46b6980ca::p0007-p0008,utt_d290ba5985a46b6980ca::p0007-p0008,7cd33ff6a1dac2401cce6f6a787ee5a0bc2b259aa68626d90b4cc4031f35ecef,7cd33ff6a1dac2401cce6f6a787ee5a0bc2b259aa68626d90b4cc4031f35ecef,109,109
21735,utt_d290ba5985a46b6980ca::p0009-p0010,utt_d290ba5985a46b6980ca::p0009-p0010,a4aa0b0c4ec7ae474bec9feedec43a7cec16271f6b5ecc233530ce622c2bd2c5,a4aa0b0c4ec7ae474bec9feedec43a7cec16271f6b5ecc233530ce622c2bd2c5,90,90
21735,utt_d290ba5985a46b6980ca::p0011-p0012,utt_d290ba5985a46b6980ca::p0011-p0012,5e76a1d1d540450f10229b1f2e48c31d59e367eaa9d966343430c5d9f2a43c2e,5e76a1d1d540450f10229b1f2e48c31d59e367eaa9d966343430c5d9f2a43c2e,116,116
21735,utt_d290ba5985a46b6980ca::p0013-p0015,utt_d290ba5985a46b6980ca::p0013-p0015,055fb09a7d49f29ad19c581759e2e53e3c0ad3b7b0b6800543b6b97678ec5f05,055fb09a7d49f29ad19c581759e2e53e3c0ad3b7b0b6800543b6b97678ec5f05,113,113
21735,utt_d290ba5985a46b6980ca::p0016,utt_d290ba5985a46b6980ca::p0016,a54dbad8bf49f175d103f064579a453297cafa874385de0def0ebf05aeaf1bfe,a54dbad8bf49f175d103f064579a453297cafa874385de0def0ebf05aeaf1bfe,72,72
21735,utt_d290ba5985a46b6980ca::p0017-p0021,utt_d290ba5985a46b6980ca::p0017-p0021,8beba31cfe9edade367fb6ba5504d014e422878adbbc778c090bbd308caba1fb,8beba31cfe9edade367fb6ba5504d014e422878adbbc778c090bbd308caba1fb,119,119
21735,utt_aeb935d2a93de15b300b::p0001,utt_aeb935d2a93de15b300b::p0001,5a841d3761d66ddec88eeda504d8f296875f3c527747dc51ff224914c548aa7c,5a841d3761d66ddec88eeda504d8f296875f3c527747dc51ff224914c548aa7c,127,127
21735,utt_aeb935d2a93de15b300b::p0002-p0003,utt_aeb935d2a93de15b300b::p0002-p0003,dbc3bc25a411ca9cfa51d7f43bafc95f8029d362661d3ec18fcd39986e18f296,dbc3bc25a411ca9cfa51d7f43bafc95f8029d362661d3ec18fcd39986e18f296,123,123
21735,utt_aeb935d2a93de15b300b::p0004,utt_aeb935d2a93de15b300b::p0004,3b357e1bff705732d53052828e5c05b5b6f04ae00e4bf9bfd596531cf30b6a53,3b357e1bff705732d53052828e5c05b5b6f04ae00e4bf9bfd596531cf30b6a53,53,53
21735,utt_aeb935d2a93de15b300b::p0005,utt_aeb935d2a93de15b300b::p0005,ed93e952a26bf0a5f31fe712f7ab4f9c0307f9ed1c2c85d0c00764dd69f5b2f9,ed93e952a26bf0a5f31fe712f7ab4f9c0307f9ed1c2c85d0c00764dd69f5b2f9,114,114
21735,utt_aeb935d2a93de15b300b::p0006-p0007,utt_aeb935d2a93de15b300b::p0006-p0007,e758d94b1889c635bd9347b9f0539d2e539c81face2a7dc35d05060e89a0873e,e758d94b1889c635bd9347b9f0539d2e539c81face2a7dc35d05060e89a0873e,138,138
21735,utt_aeb935d2a93de15b300b::p0008,utt_aeb935d2a93de15b300b::p0008,df8fc4d96e1fb9ee38d6c151859c76474c8938210c2c800ef2fac2029e09e2b6,df8fc4d96e1fb9ee38d6c151859c76474c8938210c2c800ef2fac2029e09e2b6,140,140
21735,utt_aeb935d2a93de15b300b::p0009,utt_aeb935d2a93de15b300b::p0009,b3bc2e42338da4f88b46af00de689f29e5c3efd5ed54420ad3fbaff5e5f8f345,b3bc2e42338da4f88b46af00de689f29e5c3efd5ed54420ad3fbaff5e5f8f345,138,138
21735,utt_aeb935d2a93de15b300b::p0010-p0012,utt_aeb935d2a93de15b300b::p0010-p0012,cf2653759469460d67866024e58d77fde93f205ef00537fd5d5b6b0ded80c811,cf2653759469460d67866024e58d77fde93f205ef00537fd5d5b6b0ded80c811,108,108
21735,utt_aeb935d2a93de15b300b::p0013-p0014,utt_aeb935d2a93de15b300b::p0013-p0014,30030cf7646b48c85e96050c60843eba5537e09ff83907ee53a811778145a8d8,30030cf7646b48c85e96050c60843eba5537e09ff83907ee53a811778145a8d8,100,100
21735,utt_aeb935d2a93de15b300b::p0015,utt_aeb935d2a93de15b300b::p0015,869a642b5ebfd57bd6c4ea99645a3849bafeab720c78710ea5b9b8f57f893529,869a642b5ebfd57bd6c4ea99645a3849bafeab720c78710ea5b9b8f57f893529,86,86
21735,utt_aeb935d2a93de15b300b::p0016-p0017,utt_aeb935d2a93de15b300b::p0016-p0017,44f7d315dcba50fa25315d232c809f38180e7a8109207628108790ec532a3b05,44f7d315dcba50fa25315d232c809f38180e7a8109207628108790ec532a3b05,136,136
21735,utt_aeb935d2a93de15b300b::p0018,utt_aeb935d2a93de15b300b::p0018,ee03ef07beb022c7b39b6ba5ddebc93aad4ff5db9c5d3498cc4c6a4943697db3,ee03ef07beb022c7b39b6ba5ddebc93aad4ff5db9c5d3498cc4c6a4943697db3,83,83
21735,utt_aeb935d2a93de15b300b::p0019,utt_aeb935d2a93de15b300b::p0019,5e289ed203e659ce93d5cc564542f0dbe669348331f8784d7bb4ca2a85009935,5e289ed203e659ce93d5cc564542f0dbe669348331f8784d7bb4ca2a85009935,59,59
21735,utt_aeb935d2a93de15b300b::p0020,utt_aeb935d2a93de15b300b::p0020,3548efd2c0199187e1020e6012cc6dac3439ab12d640359d0af992f98bcfab6a,3548efd2c0199187e1020e6012cc6dac3439ab12d640359d0af992f98bcfab6a,91,91
21735,utt_aeb935d2a93de15b300b::p0021,utt_aeb935d2a93de15b300b::p0021,c3834a666ba7fb200178ed8af74645ff521d166223384f4ebe9ebb26be35912d,c3834a666ba7fb200178ed8af74645ff521d166223384f4ebe9ebb26be35912d,131,131
21735,utt_aeb935d2a93de15b300b::p0022,utt_aeb935d2a93de15b300b::p0022,2ec82299f0316633e78a68d2b3131a2e748f9af5ecc0aa821948af4373b5fdea,2ec82299f0316633e78a68d2b3131a2e748f9af5ecc0aa821948af4373b5fdea,52,52
21735,utt_aeb935d2a93de15b300b::p0023-p0025,utt_aeb935d2a93de15b300b::p0023-p0025,c6b3e9f14ad11715bf98819584ff306aec040bfe7faf791b87d9b87cc70cc897,c6b3e9f14ad11715bf98819584ff306aec040bfe7faf791b87d9b87cc70cc897,111,111
21735,utt_aeb935d2a93de15b300b::p0026,utt_aeb935d2a93de15b300b::p0026-p0027,a5edb5c4ac8172d5a872a6bf96bc6444fa391c3048d6e81b4f1dd5cfc9be394f,3c88e97e3566402e7a74c251ea6da4ac3a949fc8797084d121bca6bf17922deb,147,181
21735,utt_aeb935d2a93de15b300b::p0027,utt_aeb935d2a93de15b300b::p0026-p0027,938b381ad88547335ac43c6b562afedca5b43461c3723e86cef90dbf411c0781,3c88e97e3566402e7a74c251ea6da4ac3a949fc8797084d121bca6bf17922deb,34,181
21735,utt_75fb7f24dfa9e0c3d793::p0001-p0002,utt_75fb7f24dfa9e0c3d793::p0001-p0002,d502b801026e29e18eeacbe928fb83dd8965524a15a102437724ea7c2011477c,d502b801026e29e18eeacbe928fb83dd8965524a15a102437724ea7c2011477c,92,92
21735,utt_75fb7f24dfa9e0c3d793::p0003-p0004,utt_75fb7f24dfa9e0c3d793::p0003-p0004,20b3ae0173068692198a7794b1c9afcf5ef41ab59ccf894820ddd035125f96a4,20b3ae0173068692198a7794b1c9afcf5ef41ab59ccf894820ddd035125f96a4,147,147
21735,utt_75fb7f24dfa9e0c3d793::p0005,utt_75fb7f24dfa9e0c3d793::p0005,aa49705cc1d238f7eeea9511be99c882c5eb71f4889a989e1465bf08dc4090a3,aa49705cc1d238f7eeea9511be99c882c5eb71f4889a989e1465bf08dc4090a3,57,57
21735,utt_75fb7f24dfa9e0c3d793::p0006,utt_75fb7f24dfa9e0c3d793::p0006,37126c76d3cda579f6ed5c5980f298c3bdd83966badf0aaf0898a0a1c8d382d3,37126c76d3cda579f6ed5c5980f298c3bdd83966badf0aaf0898a0a1c8d382d3,136,136
21735,utt_75fb7f24dfa9e0c3d793::p0007-p0008,utt_75fb7f24dfa9e0c3d793::p0007-p0008,9236f219c8fb6f45307deea96deb0441d5e5768e04b592a5570114471a550b44,9236f219c8fb6f45307deea96deb0441d5e5768e04b592a5570114471a550b44,104,104
21735,utt_75fb7f24dfa9e0c3d793::p0009,utt_75fb7f24dfa9e0c3d793::p0009,ed6ac333cb38e1807306142c6220b308db60496a104c56f02c11550aa9c36c67,ed6ac333cb38e1807306142c6220b308db60496a104c56f02c11550aa9c36c67,108,108
21735,utt_75fb7f24dfa9e0c3d793::p0010-p0011,utt_75fb7f24dfa9e0c3d793::p0010-p0011,720873feed542ba8ee89de7790732616f7d0eb95a05bf673b1cdea09ad50a85c,720873feed542ba8ee89de7790732616f7d0eb95a05bf673b1cdea09ad50a85c,74,74
21735,utt_75fb7f24dfa9e0c3d793::p0012,utt_75fb7f24dfa9e0c3d793::p0012,78806199cda3a66aff0628983ad4de14967b0632d58e6c0da17d6f6100ff1f22,78806199cda3a66aff0628983ad4de14967b0632d58e6c0da17d6f6100ff1f22,84,84
21735,utt_75fb7f24dfa9e0c3d793::p0013,utt_75fb7f24dfa9e0c3d793::p0013,f0b27b51a7bfd4829f2d56d163b5cb18e961c7c3a4434eaef4e2e844ba474028,f0b27b51a7bfd4829f2d56d163b5cb18e961c7c3a4434eaef4e2e844ba474028,96,96
21735,utt_75fb7f24dfa9e0c3d793::p0014,utt_75fb7f24dfa9e0c3d793::p0014,a754d4752b792aec3527715886346679ecda3ffbdf2a8c4d64ff0dd3f3e0e293,a754d4752b792aec3527715886346679ecda3ffbdf2a8c4d64ff0dd3f3e0e293,143,143
21735,utt_64ff6ddecbcb4b9266c9::p0001,utt_64ff6ddecbcb4b9266c9::p0001,15236363120ae1bfa799150a48cce92ee583bc591c1f14dda67d8770f784905e,15236363120ae1bfa799150a48cce92ee583bc591c1f14dda67d8770f784905e,16,16
21735,utt_36d1a649612a81c1453e::p0001-p0002,utt_36d1a649612a81c1453e::p0001-p0002,299d67c32a6bb424eb0fd047a16835a6bdc51532ff56539bdbd9874ac663a9cc,299d67c32a6bb424eb0fd047a16835a6bdc51532ff56539bdbd9874ac663a9cc,18,18
21735,utt_195a4c7a36757e32e796::p0001-p0004,utt_195a4c7a36757e32e796::p0001-p0004,df76c101071bf825e73a24ea8721f0dd61d0722cab6da88f77381f3aa1e402c5,df76c101071bf825e73a24ea8721f0dd61d0722cab6da88f77381f3aa1e402c5,116,116
21735,utt_195a4c7a36757e32e796::p0005-p0006,utt_195a4c7a36757e32e796::p0005-p0006,b8dc652af64b02775af0a504c58ab7f27ffe750f7ea08ea9cf28e2086adcb6dd,b8dc652af64b02775af0a504c58ab7f27ffe750f7ea08ea9cf28e2086adcb6dd,106,106
21735,utt_195a4c7a36757e32e796::p0007,utt_195a4c7a36757e32e796::p0007,eeb1debd2962125071a8f82a9423b74d1d2e063606daa81b7b2fcac943af1da4,eeb1debd2962125071a8f82a9423b74d1d2e063606daa81b7b2fcac943af1da4,92,92
21735,utt_195a4c7a36757e32e796::p0008,utt_195a4c7a36757e32e796::p0008,794b01d01ee6f571c5d4c730158e1b420672345a9852c9d22c7dffb24b6820fa,794b01d01ee6f571c5d4c730158e1b420672345a9852c9d22c7dffb24b6820fa,54,54
21735,utt_195a4c7a36757e32e796::p0009,utt_195a4c7a36757e32e796::p0009,8a57d1921f0896ee08d6d4944d7ca94c004305ef70226c522946962d209b39ce,8a57d1921f0896ee08d6d4944d7ca94c004305ef70226c522946962d209b39ce,71,71
21735,utt_195a4c7a36757e32e796::p0010-p0011,utt_195a4c7a36757e32e796::p0010-p0011,161447e440659be73a35cd9fe92305d0aded88bef9e72f9c565fed3bb59c4b8b,161447e440659be73a35cd9fe92305d0aded88bef9e72f9c565fed3bb59c4b8b,150,150
21735,utt_195a4c7a36757e32e796::p0012s001,utt_195a4c7a36757e32e796::p0012s001,1835488d97ed08765a4520a689d772539af24b2494e6eff065b12dfe27960fa0,1835488d97ed08765a4520a689d772539af24b2494e6eff065b12dfe27960fa0,75,75
21735,utt_195a4c7a36757e32e796::p0012s002,utt_195a4c7a36757e32e796::p0012s002,b8998f0f99c526927cf3f1e799b803529426e271c1c20650bcf4a045b7a2df19,b8998f0f99c526927cf3f1e799b803529426e271c1c20650bcf4a045b7a2df19,92,92
21735,utt_195a4c7a36757e32e796::p0013,utt_195a4c7a36757e32e796::p0013,cb78f6c91d00a50182ca65414b60be5807aca16e36173957288470a9242daf7f,cb78f6c91d00a50182ca65414b60be5807aca16e36173957288470a9242daf7f,127,127
21735,utt_195a4c7a36757e32e796::p0014,utt_195a4c7a36757e32e796::p0014,a079cb37093999716b16a873d2c39ad6b264ac3b9cf06381f0fb2ee8839fd23d,a079cb37093999716b16a873d2c39ad6b264ac3b9cf06381f0fb2ee8839fd23d,67,67
21735,utt_195a4c7a36757e32e796::p0015,utt_195a4c7a36757e32e796::p0015,51f297879cc9f6ad89fb223f305f1942b249b515f8f608def11ffbcb91371664,51f297879cc9f6ad89fb223f305f1942b249b515f8f608def11ffbcb91371664,65,65
21735,utt_195a4c7a36757e32e796::p0016,utt_195a4c7a36757e32e796::p0016,d5fe169850d2979be5f1d2e29a8d205fb1497b568f9426630faa5925025fa192,d5fe169850d2979be5f1d2e29a8d205fb1497b568f9426630faa5925025fa192,97,97
21735,utt_195a4c7a36757e32e796::p0017,utt_195a4c7a36757e32e796::p0017,fb9c781f394930d7074209eaebdd4b9bb4048f75d2249b8e9403a6757f56ad34,fb9c781f394930d7074209eaebdd4b9bb4048f75d2249b8e9403a6757f56ad34,86,86
21735,utt_195a4c7a36757e32e796::p0018s001,utt_195a4c7a36757e32e796::p0018s001,ef80fe99d6c45e06739c04867ca1d68cb131aeeab2b79167f0547d88d02fb4bc,ef80fe99d6c45e06739c04867ca1d68cb131aeeab2b79167f0547d88d02fb4bc,150,150
21735,utt_195a4c7a36757e32e796::p0018s002,utt_195a4c7a36757e32e796::p0018s002,c16df4abea3965cf7ea86d38784f6c302f2b294688bed4df537253b342731259,c16df4abea3965cf7ea86d38784f6c302f2b294688bed4df537253b342731259,58,58
21735,utt_195a4c7a36757e32e796::p0019,utt_195a4c7a36757e32e796::p0019,68f76b99120389ec3c362304702a896e1ecdaf5ff5b3d686375dfed4d3676166,68f76b99120389ec3c362304702a896e1ecdaf5ff5b3d686375dfed4d3676166,72,72
21735,utt_195a4c7a36757e32e796::p0020-p0021,utt_195a4c7a36757e32e796::p0020-p0021,d333d4ebed00888f2bf5bd37939bb6359b1e18f6ce888cda22eda9363411cd78,d333d4ebed00888f2bf5bd37939bb6359b1e18f6ce888cda22eda9363411cd78,129,129
21735,utt_195a4c7a36757e32e796::p0022-p0023,utt_195a4c7a36757e32e796::p0022-p0023,7371304a9155cf5daecf2a0b525fef27afe74c748b15350b031393239f743c37,7371304a9155cf5daecf2a0b525fef27afe74c748b15350b031393239f743c37,99,99
21735,utt_195a4c7a36757e32e796::p0024,utt_195a4c7a36757e32e796::p0024,f6f52087bf313f52b326fc71fe5b0e80ce8e74574d80a79100baa7692b0f405d,f6f52087bf313f52b326fc71fe5b0e80ce8e74574d80a79100baa7692b0f405d,105,105
21735,utt_195a4c7a36757e32e796::p0025,utt_195a4c7a36757e32e796::p0025,fee99e03ff70f8c3eac2598dfc1da294504772bd1fc4e04a596edc047a0ef686,fee99e03ff70f8c3eac2598dfc1da294504772bd1fc4e04a596edc047a0ef686,56,56
21735,utt_195a4c7a36757e32e796::p0026,utt_195a4c7a36757e32e796::p0026,7e6c1c7bb78cd7a32a7ec8b7df2d74f92794059323d052e9cd1f7dcbd899af37,7e6c1c7bb78cd7a32a7ec8b7df2d74f92794059323d052e9cd1f7dcbd899af37,86,86
21735,utt_195a4c7a36757e32e796::p0027-p0030,utt_195a4c7a36757e32e796::p0027-p0030,610ae8dc9b23e6187968f7587b481b484ff647f616a6d6cc4ba0a66b6094d70a,610ae8dc9b23e6187968f7587b481b484ff647f616a6d6cc4ba0a66b6094d70a,97,97
21735,utt_7d5251c861b1ff6d8664::p0001-p0003,utt_7d5251c861b1ff6d8664::p0001-p0003,965ac4e82a88555675a2b1ce6abbfad081c780b178a48588b11bc0966a3a7030,965ac4e82a88555675a2b1ce6abbfad081c780b178a48588b11bc0966a3a7030,107,107
21735,utt_7d5251c861b1ff6d8664::p0004-p0005,utt_7d5251c861b1ff6d8664::p0004-p0005,ff84f32dbbf2364c56fd1b017d81f9445409b4837f7eca708f6b2300b6a2fb53,ff84f32dbbf2364c56fd1b017d81f9445409b4837f7eca708f6b2300b6a2fb53,115,115
21735,utt_7d5251c861b1ff6d8664::p0006s001,utt_7d5251c861b1ff6d8664::p0006s001,e37da1919eb9f92b265630556580cb4b0cd39170fe0595c37b53204e6c86d029,e37da1919eb9f92b265630556580cb4b0cd39170fe0595c37b53204e6c86d029,116,116
21735,utt_7d5251c861b1ff6d8664::p0006s002,utt_7d5251c861b1ff6d8664::p0006s002,d8ec8df1015cccc90b645aa2f17b21781a45535f491add245f0aa22d6d8b71c6,d8ec8df1015cccc90b645aa2f17b21781a45535f491add245f0aa22d6d8b71c6,68,68
21735,utt_7d5251c861b1ff6d8664::p0007,utt_7d5251c861b1ff6d8664::p0007,9b24e8e5452eaaa788363f0feaf73b18437c2cb131060c697ab981c57e27f09c,9b24e8e5452eaaa788363f0feaf73b18437c2cb131060c697ab981c57e27f09c,75,75
21735,utt_7d5251c861b1ff6d8664::p0008-p0009,utt_7d5251c861b1ff6d8664::p0008-p0009,f51b550d2069e0d5671beb1a19a5bd02188ef4b052d0f0a52124effaf8474256,f51b550d2069e0d5671beb1a19a5bd02188ef4b052d0f0a52124effaf8474256,141,141
21735,utt_7d5251c861b1ff6d8664::p0010-p0012,utt_7d5251c861b1ff6d8664::p0010-p0012,b30f4820d7bcd929822e129a3b30b18477b2869f340ce3ec3d0e23a05a6ef5de,b30f4820d7bcd929822e129a3b30b18477b2869f340ce3ec3d0e23a05a6ef5de,110,110
21735,utt_7d5251c861b1ff6d8664::p0013-p0014,utt_7d5251c861b1ff6d8664::p0013-p0014,70be5a675d4f6c8ff3183759e9465f6ce9fe6f376921c2812cdab645f4f89623,70be5a675d4f6c8ff3183759e9465f6ce9fe6f376921c2812cdab645f4f89623,99,99
21735,utt_7d5251c861b1ff6d8664::p0015,utt_7d5251c861b1ff6d8664::p0015,17016b645f43a148dc3e95241d0f20f03dc86ecd084d67d26125fea568b216a6,17016b645f43a148dc3e95241d0f20f03dc86ecd084d67d26125fea568b216a6,71,71
21735,utt_7d5251c861b1ff6d8664::p0016,utt_7d5251c861b1ff6d8664::p0016,f870e3f48d5fa8d0c9ac4d870aac946bb01d67c1d921ef2504d4bc2721d12d5b,f870e3f48d5fa8d0c9ac4d870aac946bb01d67c1d921ef2504d4bc2721d12d5b,79,79
21735,utt_7d5251c861b1ff6d8664::p0017,utt_7d5251c861b1ff6d8664::p0017,91c8caf8dd6fa3e8186ae29f94c51d52f483a8882d5d5fa4f5d3ec0d68a147f2,91c8caf8dd6fa3e8186ae29f94c51d52f483a8882d5d5fa4f5d3ec0d68a147f2,72,72
21735,utt_7d5251c861b1ff6d8664::p0018,utt_7d5251c861b1ff6d8664::p0018,d7be3a9f00399331c2a4031e6614fbb8d7f1e83e656fda7d70267402d3c59815,d7be3a9f00399331c2a4031e6614fbb8d7f1e83e656fda7d70267402d3c59815,56,56
21735,utt_7d5251c861b1ff6d8664::p0019,utt_7d5251c861b1ff6d8664::p0019,3112a57155550180f0665aa2261e5e1c2ce0d7572ebc1b9fea2d086e0b9c209e,3112a57155550180f0665aa2261e5e1c2ce0d7572ebc1b9fea2d086e0b9c209e,129,129
21735,utt_7d5251c861b1ff6d8664::p0020-p0021,utt_7d5251c861b1ff6d8664::p0020-p0021,6bcd3a9108836c3958f7de0c149d4d09fd2429c1888ab08223fadac346c84b57,6bcd3a9108836c3958f7de0c149d4d09fd2429c1888ab08223fadac346c84b57,124,124
21735,utt_7d5251c861b1ff6d8664::p0022,utt_7d5251c861b1ff6d8664::p0022,6b4ad2103f91e921ca80704425a52356cb0393b15e7ed696a5da2f22ddca8205,6b4ad2103f91e921ca80704425a52356cb0393b15e7ed696a5da2f22ddca8205,58,58
21735,utt_7d5251c861b1ff6d8664::p0023,utt_7d5251c861b1ff6d8664::p0023,9c7e50e311514d4ddeda37c6063fe6f2ed312816910568998430da8d95ba9d00,9c7e50e311514d4ddeda37c6063fe6f2ed312816910568998430da8d95ba9d00,87,87
21735,utt_7d5251c861b1ff6d8664::p0024-p0025,utt_7d5251c861b1ff6d8664::p0024-p0025,53f4f6c9151011c95d11fde415461ea9d1ff5dc5f911f78b3a078db86a7ac28d,53f4f6c9151011c95d11fde415461ea9d1ff5dc5f911f78b3a078db86a7ac28d,105,105
21735,utt_7d5251c861b1ff6d8664::p0026-p0027,utt_7d5251c861b1ff6d8664::p0026-p0027,78a081fee1c5e7bba13c1efa9a6e96073bc75a7f60df6167c865977e8cd9d8a3,78a081fee1c5e7bba13c1efa9a6e96073bc75a7f60df6167c865977e8cd9d8a3,112,112
21735,utt_7d5251c861b1ff6d8664::p0028-p0030,utt_7d5251c861b1ff6d8664::p0028-p0030,c58e63227830f605724e3d8be3d3aef16748adaba7d2a1afedd441fb15b5aaa8,c58e63227830f605724e3d8be3d3aef16748adaba7d2a1afedd441fb15b5aaa8,80,80
21735,utt_f08261064d3127397562::p0001-p0003,utt_f08261064d3127397562::p0001-p0003,57e30894dbad25efdb165f1241646f0ec3309fb5d683a6f16efc8c8f31a680df,57e30894dbad25efdb165f1241646f0ec3309fb5d683a6f16efc8c8f31a680df,136,136
21735,utt_f08261064d3127397562::p0004-p0008,utt_f08261064d3127397562::p0004-p0008,4abf21a7f51972dcf757716cd988ee8f34c617b4c8df56db12ca30a8413257b0,4abf21a7f51972dcf757716cd988ee8f34c617b4c8df56db12ca30a8413257b0,142,142
21735,utt_f08261064d3127397562::p0009-p0011,utt_f08261064d3127397562::p0009-p0011,46093bf9b3ee8960724782de83b04267e42c953cc3307ae046bd58177926e777,46093bf9b3ee8960724782de83b04267e42c953cc3307ae046bd58177926e777,122,122
21735,utt_f08261064d3127397562::p0012-p0014,utt_f08261064d3127397562::p0012-p0014,fa20e04e9c6a295f47926f76a8b83fa8934a5afc33528060ad517a09263a50e4,fa20e04e9c6a295f47926f76a8b83fa8934a5afc33528060ad517a09263a50e4,97,97
21735,utt_7dc4bf040bb6de249537::p0001-p0003,utt_7dc4bf040bb6de249537::p0001-p0003,9e06170fc8392be14b08cd16c0af8474bf6a03dda31e6a04724e0ff3244fc702,9e06170fc8392be14b08cd16c0af8474bf6a03dda31e6a04724e0ff3244fc702,98,98
21735,utt_7dc4bf040bb6de249537::p0004-p0006,utt_7dc4bf040bb6de249537::p0004-p0006,5e05f24621c2b7c4c14ae02acee313610892e375a0b0609f2e975c21caf9abec,5e05f24621c2b7c4c14ae02acee313610892e375a0b0609f2e975c21caf9abec,126,126
21735,utt_7dc4bf040bb6de249537::p0007-p0009,utt_7dc4bf040bb6de249537::p0007-p0009,0b99f18f4e245c2c1b913fb34f6c70372b3122b23e7a756aaa164634e7e8a516,0b99f18f4e245c2c1b913fb34f6c70372b3122b23e7a756aaa164634e7e8a516,120,120
21735,utt_7dc4bf040bb6de249537::p0010-p0014,utt_7dc4bf040bb6de249537::p0010-p0014,87990a614e6b79ded1c705fb5b8c358034700606e0aed94151f71f45e81490b2,87990a614e6b79ded1c705fb5b8c358034700606e0aed94151f71f45e81490b2,132,132
21735,utt_bcff4537ce8b3502eeb2::p0001-p0002,utt_bcff4537ce8b3502eeb2::p0001-p0002,1b468b72e276cd43e74778c787909da5b832619065dd941c35b4f2f91204a4a0,1b468b72e276cd43e74778c787909da5b832619065dd941c35b4f2f91204a4a0,91,91
21735,utt_bcff4537ce8b3502eeb2::p0003-p0005,utt_bcff4537ce8b3502eeb2::p0003-p0005,4033b2086574d193059361746d753e3a6e466bc7b171f8bc839ed09fc3331176,4033b2086574d193059361746d753e3a6e466bc7b171f8bc839ed09fc3331176,132,132
21735,utt_bcff4537ce8b3502eeb2::p0006-p0007,utt_bcff4537ce8b3502eeb2::p0006-p0007,3affc6934e4150c153ce0c005fc3a711542ee23390fc6812a6b593ee6a84dc55,3affc6934e4150c153ce0c005fc3a711542ee23390fc6812a6b593ee6a84dc55,136,136
21735,utt_bcff4537ce8b3502eeb2::p0008-p0011,utt_bcff4537ce8b3502eeb2::p0008-p0011,4e832d402a6e499fd25ef17ae6ceb74a6e343644dd0fc83b4e74582d0ff12d29,4e832d402a6e499fd25ef17ae6ceb74a6e343644dd0fc83b4e74582d0ff12d29,115,115
21735,utt_61dbca108e71d51d723e::p0001-p0004,utt_61dbca108e71d51d723e::p0001-p0004,f00844efe6001d5bd76d350d6fc17457e02ea72ee02d0fc505524769507ef6fe,f00844efe6001d5bd76d350d6fc17457e02ea72ee02d0fc505524769507ef6fe,121,121
21735,utt_61dbca108e71d51d723e::p0005-p0006,utt_61dbca108e71d51d723e::p0005-p0006,e663e063e8b9cd27711c0d835367f3e6fd80a78b7b1a02eab67250ad0dc7ec5a,e663e063e8b9cd27711c0d835367f3e6fd80a78b7b1a02eab67250ad0dc7ec5a,129,129
21735,utt_61dbca108e71d51d723e::p0007,utt_61dbca108e71d51d723e::p0007,322c5519e62a2409d06b6e253b0b14e63c6a35685524306588baebbb3b213cba,322c5519e62a2409d06b6e253b0b14e63c6a35685524306588baebbb3b213cba,126,126
21735,utt_61dbca108e71d51d723e::p0008,utt_61dbca108e71d51d723e::p0008,70bfdb7ed460fb605540a95ecfa77d6c0f3b8c57f073021475031231feadd617,70bfdb7ed460fb605540a95ecfa77d6c0f3b8c57f073021475031231feadd617,86,86
21735,utt_61dbca108e71d51d723e::p0009,utt_61dbca108e71d51d723e::p0009,4c3297cc9bfc3b801fed1d78cca22a17866579d3a40cf84b5399a3bdb1421de6,4c3297cc9bfc3b801fed1d78cca22a17866579d3a40cf84b5399a3bdb1421de6,75,75
21735,utt_61dbca108e71d51d723e::p0010,utt_61dbca108e71d51d723e::p0010,8bc9514eecc21d901f9a98c5cb9b26688dfc05c60bf93704a4d3ac62b94053f7,8bc9514eecc21d901f9a98c5cb9b26688dfc05c60bf93704a4d3ac62b94053f7,51,51
21735,utt_674b2ff112f80166aa3a::p0001,utt_674b2ff112f80166aa3a::p0001,ec4962e1d8f525fe07eb8bc33aa51b7d73f67ba60f6503ff5ece0237ddd56efd,ec4962e1d8f525fe07eb8bc33aa51b7d73f67ba60f6503ff5ece0237ddd56efd,85,85
21735,utt_674b2ff112f80166aa3a::p0002,utt_674b2ff112f80166aa3a::p0002,1d75a08bf023d8bbb1686fb63b15015dd4c2e9e6b07df3536af02108bb1e1a01,1d75a08bf023d8bbb1686fb63b15015dd4c2e9e6b07df3536af02108bb1e1a01,93,93
21735,utt_674b2ff112f80166aa3a::p0003-p0006,utt_674b2ff112f80166aa3a::p0003-p0006,f15f0690b7181f9af6b6d0cbe86fce805510f93c5e70854d365a085443165683,f15f0690b7181f9af6b6d0cbe86fce805510f93c5e70854d365a085443165683,143,143
21735,utt_f0784286b4d5fd493179::p0001-p0002,utt_f0784286b4d5fd493179::p0001-p0002,73087a071c6d6acf9c277376f55c00944b623822c2e1417254fc92247fc90d07,73087a071c6d6acf9c277376f55c00944b623822c2e1417254fc92247fc90d07,79,79
21735,utt_f0784286b4d5fd493179::p0003,utt_f0784286b4d5fd493179::p0003,c1d2bccf8f0d10105793ddf252b47daa89984fe8046c51c802ce5f67b027da8e,c1d2bccf8f0d10105793ddf252b47daa89984fe8046c51c802ce5f67b027da8e,84,84
21735,utt_f0784286b4d5fd493179::p0004,utt_f0784286b4d5fd493179::p0004,7c11bf906db3558e8591befcf3d632d83bb8ba4d16b4318569b3abd66d1ba4e5,7c11bf906db3558e8591befcf3d632d83bb8ba4d16b4318569b3abd66d1ba4e5,71,71
21735,utt_f0784286b4d5fd493179::p0005,utt_f0784286b4d5fd493179::p0005,e0cd8e5003406c6dbd197c0997ff0a4ff61a2d828b1a5acc2092da111a115247,e0cd8e5003406c6dbd197c0997ff0a4ff61a2d828b1a5acc2092da111a115247,75,75
21735,utt_f0784286b4d5fd493179::p0006-p0007,utt_f0784286b4d5fd493179::p0006-p0007,d63c854d51b8691edd410c873db7da30bd83f143a1d73a970313a88053b7d0e2,d63c854d51b8691edd410c873db7da30bd83f143a1d73a970313a88053b7d0e2,144,144
21735,utt_f0784286b4d5fd493179::p0008-p0009,utt_f0784286b4d5fd493179::p0008-p0009,7f4ca0ab1955cf81b7aba45b207cd0722878bed87c23ae4f79cacd8a11aa0b65,7f4ca0ab1955cf81b7aba45b207cd0722878bed87c23ae4f79cacd8a11aa0b65,62,62
21735,utt_568c35fed3b2c8f64dd0::p0001-p0002,utt_568c35fed3b2c8f64dd0::p0001-p0002,7e8ddb791c4c5760271a19323254caea6db61226db817f992f3761318714f61c,7e8ddb791c4c5760271a19323254caea6db61226db817f992f3761318714f61c,102,102
21735,utt_568c35fed3b2c8f64dd0::p0003,utt_568c35fed3b2c8f64dd0::p0003,1c03a1e663e4528691f09bd2053baaff701c8808ddd59472cd39cedede874445,1c03a1e663e4528691f09bd2053baaff701c8808ddd59472cd39cedede874445,54,54
21735,utt_568c35fed3b2c8f64dd0::p0004-p0006,utt_568c35fed3b2c8f64dd0::p0004-p0006,7bf9f142fce9114a702fa4ba64c21012436ccf635a92270b32f8b9f9e393e53e,7bf9f142fce9114a702fa4ba64c21012436ccf635a92270b32f8b9f9e393e53e,113,113
21735,utt_568c35fed3b2c8f64dd0::p0007-p0010,utt_568c35fed3b2c8f64dd0::p0007-p0010,0b2211ebde05924582f59e7f090abb96aa744f08cbfd7983f41edb6d05efb0a4,0b2211ebde05924582f59e7f090abb96aa744f08cbfd7983f41edb6d05efb0a4,140,140
21735,utt_24fe58b33c7afaa2ac0e::p0001-p0003,utt_24fe58b33c7afaa2ac0e::p0001-p0003,8534ab4cd636726a6ccdd04b49aa041df5e72270586b93afc505a081460933f7,8534ab4cd636726a6ccdd04b49aa041df5e72270586b93afc505a081460933f7,113,113
21735,utt_24fe58b33c7afaa2ac0e::p0004,utt_24fe58b33c7afaa2ac0e::p0004,abfc3893f93ca02072767a4db31d6d7e0f7d2860fdbb4c0ca65888d0e10f7a8f,abfc3893f93ca02072767a4db31d6d7e0f7d2860fdbb4c0ca65888d0e10f7a8f,54,54
21735,utt_368d094275e2971f0c3c::p0001-p0004,utt_368d094275e2971f0c3c::p0001-p0004,e3eb5c820788fdb4664fbd4216ef4ede12ab5d08928b95fc6d5e001d4ecbeb2b,e3eb5c820788fdb4664fbd4216ef4ede12ab5d08928b95fc6d5e001d4ecbeb2b,147,147
21735,utt_368d094275e2971f0c3c::p0005-p0007,utt_368d094275e2971f0c3c::p0005-p0007,c22ad21804d6f3426f45a16bd26e93bda81e67bef0e29b8c6036d3bf51d4c8a2,c22ad21804d6f3426f45a16bd26e93bda81e67bef0e29b8c6036d3bf51d4c8a2,108,108
21735,utt_cfef3b8f49adba94b253::p0001,utt_cfef3b8f49adba94b253::p0001,e10a85ba0e3127856b3336bd9673c4794dfbd032b8aa878bd8b47c5e54945e0f,e10a85ba0e3127856b3336bd9673c4794dfbd032b8aa878bd8b47c5e54945e0f,61,61
21735,utt_cfef3b8f49adba94b253::p0002-p0003,utt_cfef3b8f49adba94b253::p0002-p0003,d1b42989c8462085c79fd2bd41e18050a18685933ee1b75096887df83023745d,d1b42989c8462085c79fd2bd41e18050a18685933ee1b75096887df83023745d,126,126
21735,utt_cfef3b8f49adba94b253::p0004,utt_cfef3b8f49adba94b253::p0004,6db492181c4d5034d5663b38234dda3f1416388aa9d678531899ce0c3bd0ace8,6db492181c4d5034d5663b38234dda3f1416388aa9d678531899ce0c3bd0ace8,71,71
21735,utt_cfef3b8f49adba94b253::p0005,utt_cfef3b8f49adba94b253::p0005,e67b402f83e97c88c3739652a6ff09f3471d83d281d07e9cebdbbb6b0e064553,e67b402f83e97c88c3739652a6ff09f3471d83d281d07e9cebdbbb6b0e064553,57,57
21735,utt_cfef3b8f49adba94b253::p0006-p0008,utt_cfef3b8f49adba94b253::p0006-p0008,d4300c000a68d52bb2c2fc4f0ac1821a08a4d8ba97fb6e99a8e00aac1465ae7a,d4300c000a68d52bb2c2fc4f0ac1821a08a4d8ba97fb6e99a8e00aac1465ae7a,140,140
21735,utt_22e6a98d8ada3aa66e9e::p0001-p0002,utt_22e6a98d8ada3aa66e9e::p0001-p0002,94b3094c8078bfaa21c0618751e5591631527d0af924c5a72de9f132a5f4cac5,94b3094c8078bfaa21c0618751e5591631527d0af924c5a72de9f132a5f4cac5,99,99
21735,utt_22e6a98d8ada3aa66e9e::p0003,utt_22e6a98d8ada3aa66e9e::p0003,f227daed11476e53550c7f134b366447389c12e7b44cb5d41c3714842e4b3816,f227daed11476e53550c7f134b366447389c12e7b44cb5d41c3714842e4b3816,50,50
21735,utt_22e6a98d8ada3aa66e9e::p0004-p0006,utt_22e6a98d8ada3aa66e9e::p0004-p0006,dac8a39d6269321bd724dbfe310bd46a44359d40f48e7461a7d4603d85d3c646,dac8a39d6269321bd724dbfe310bd46a44359d40f48e7461a7d4603d85d3c646,150,150
21735,utt_22e6a98d8ada3aa66e9e::p0007-p0010,utt_22e6a98d8ada3aa66e9e::p0007-p0010,d937aee2f5541ecd577709a3dcc8683e92efe609316f5772bddd7ae09198e5f0,d937aee2f5541ecd577709a3dcc8683e92efe609316f5772bddd7ae09198e5f0,103,103
21735,utt_3f52ab9623820b5bce29::p0001-p0003,utt_3f52ab9623820b5bce29::p0001-p0003,26f5a12f483b89b41b73da1d9d99e4f51f6f5353f2de138cb16565726b665ce6,26f5a12f483b89b41b73da1d9d99e4f51f6f5353f2de138cb16565726b665ce6,118,118
21735,utt_3f52ab9623820b5bce29::p0004-p0005,utt_3f52ab9623820b5bce29::p0004-p0005,3159eb94ebc8db630cad38e6b7ed845ffb515c8343f03cd1dc4e956ac3f6f468,3159eb94ebc8db630cad38e6b7ed845ffb515c8343f03cd1dc4e956ac3f6f468,95,95
21735,utt_3f52ab9623820b5bce29::p0006,utt_3f52ab9623820b5bce29::p0006,11d70548788a0447841bb568cbbba9fef9ee26927b2eb25ea6e523cc93527c59,11d70548788a0447841bb568cbbba9fef9ee26927b2eb25ea6e523cc93527c59,73,73
21735,utt_3f52ab9623820b5bce29::p0007-p0009,utt_3f52ab9623820b5bce29::p0007-p0010,d4f91ac7ae747c9fbeb3420df3aea260fdc67d741c6058e364835b6d7abce44f,1493a1f29a698fbfcf886c523ab8ca552af400aa30e5de639a40d19d011308e4,137,169
21735,utt_3f52ab9623820b5bce29::p0010,utt_3f52ab9623820b5bce29::p0007-p0010,344f9a7abd53b2e83025481034d6d7ba49737ee6d427d17c4874bc72b962896f,1493a1f29a698fbfcf886c523ab8ca552af400aa30e5de639a40d19d011308e4,32,169
21735,utt_36aeae2e2a5a18015e24::p0001,utt_36aeae2e2a5a18015e24::p0001,37c4040062e6254ab1877be9db15f9f2c51055234e860d706a0dfd4356403397,37c4040062e6254ab1877be9db15f9f2c51055234e860d706a0dfd4356403397,72,72
21735,utt_36aeae2e2a5a18015e24::p0002,utt_36aeae2e2a5a18015e24::p0002,02ef07b63b7f5f67949cd93305b5f7c80c21b5fde70bbb702a25d6de3718d7ed,02ef07b63b7f5f67949cd93305b5f7c80c21b5fde70bbb702a25d6de3718d7ed,56,56
21735,utt_36aeae2e2a5a18015e24::p0003,utt_36aeae2e2a5a18015e24::p0003,a462ccab3632100c4081aad32e56bc7514d6e3e3ffb95d840895c41dbd2f6000,a462ccab3632100c4081aad32e56bc7514d6e3e3ffb95d840895c41dbd2f6000,57,57
21735,utt_36aeae2e2a5a18015e24::p0004-p0005,utt_36aeae2e2a5a18015e24::p0004-p0005,2c8a4c913f72e84fabd4e7c127fe6c20dc1ca7275b972addf97beca95ae646dd,2c8a4c913f72e84fabd4e7c127fe6c20dc1ca7275b972addf97beca95ae646dd,98,98
21735,utt_36aeae2e2a5a18015e24::p0006,utt_36aeae2e2a5a18015e24::p0006,be1c3c791874ca0695ff36c71d7fff17aabfcc1e5c646a7ab4fca67e78557ec9,be1c3c791874ca0695ff36c71d7fff17aabfcc1e5c646a7ab4fca67e78557ec9,79,79
21735,utt_36aeae2e2a5a18015e24::p0007-p0010,utt_36aeae2e2a5a18015e24::p0007-p0010,20176c86e9179f6261ab679bd044a246aeb69a9ddd31222614b52fc1e57cf4bb,20176c86e9179f6261ab679bd044a246aeb69a9ddd31222614b52fc1e57cf4bb,93,93
21735,utt_14acb1ab5daa6e2a4b4a::p0001,utt_14acb1ab5daa6e2a4b4a::p0001,0f590779b458d65ae48bf95e6ce065789dab2e694460ecfe63a55db5c8f12bd3,0f590779b458d65ae48bf95e6ce065789dab2e694460ecfe63a55db5c8f12bd3,50,50
21735,utt_14acb1ab5daa6e2a4b4a::p0002-p0003,utt_14acb1ab5daa6e2a4b4a::p0002-p0003,26166066a8ead3dc0caf544abcc93528819c2202dda7bc29888830316aa6f7ae,26166066a8ead3dc0caf544abcc93528819c2202dda7bc29888830316aa6f7ae,84,84
21735,utt_14acb1ab5daa6e2a4b4a::p0004-p0005,utt_14acb1ab5daa6e2a4b4a::p0004-p0005,5356430e021cafb39482b3c59600416f7b02fd8d5ae20aa6f05728a411c25f22,5356430e021cafb39482b3c59600416f7b02fd8d5ae20aa6f05728a411c25f22,135,135
21735,utt_14acb1ab5daa6e2a4b4a::p0006,utt_14acb1ab5daa6e2a4b4a::p0006,caccc06e6343ca4debb04dc1f6ecea0765e4dfd7b16dfc2dc48d14064b7f97d4,caccc06e6343ca4debb04dc1f6ecea0765e4dfd7b16dfc2dc48d14064b7f97d4,93,93
21735,utt_14acb1ab5daa6e2a4b4a::p0007-p0008,utt_14acb1ab5daa6e2a4b4a::p0007-p0010,6766fe117a4500a6b8f5c6ac04f422bfd9a7df32d6069ca9fc96cccb048c2016,096e156926e817eadfcba17bcd71e5871e4c1ae58df11103dd680cde40967722,146,170
21735,utt_14acb1ab5daa6e2a4b4a::p0009-p0010,utt_14acb1ab5daa6e2a4b4a::p0007-p0010,bf620e47f31b648d723222ccf1f2d049b0b728e455d26f0bc1b7804eff9d79db,096e156926e817eadfcba17bcd71e5871e4c1ae58df11103dd680cde40967722,24,170
21735,utt_fb24e084cf42b079b282::p0001,utt_fb24e084cf42b079b282::p0001,d8fef1196c6258ace2ead5917ed8e39561be73f28dd11e1f4d038bd104061075,d8fef1196c6258ace2ead5917ed8e39561be73f28dd11e1f4d038bd104061075,108,108
21735,utt_fb24e084cf42b079b282::p0002-p0003,utt_fb24e084cf42b079b282::p0002-p0003,c4f448093b07d37807edfba95e59c0c4ace9ee48c222a62ebb1dc0bf1465ff49,c4f448093b07d37807edfba95e59c0c4ace9ee48c222a62ebb1dc0bf1465ff49,122,122
21735,utt_fb24e084cf42b079b282::p0004-p0006,utt_fb24e084cf42b079b282::p0004-p0006,c2444a863df2e8b500b14dd9ce748aa1c5a53f73c55b8f3b36e2b02ec4511cf7,c2444a863df2e8b500b14dd9ce748aa1c5a53f73c55b8f3b36e2b02ec4511cf7,129,129
21735,utt_f8c82536f629c6c35f31::p0001,utt_f8c82536f629c6c35f31::p0001,64078b3f7054be49558415a4754e8ed7a97f99218d0838a9fd14251020a3253e,64078b3f7054be49558415a4754e8ed7a97f99218d0838a9fd14251020a3253e,70,70
21735,utt_f8c82536f629c6c35f31::p0002,utt_f8c82536f629c6c35f31::p0002,75c5b5ceac735fd26ad452fa1cac15b6d4e2eeec7dae66fc20018c235790ec74,75c5b5ceac735fd26ad452fa1cac15b6d4e2eeec7dae66fc20018c235790ec74,102,102
21735,utt_f8c82536f629c6c35f31::p0003,utt_f8c82536f629c6c35f31::p0003,caf5f77fc0ea3e474778ad5ce422d22be699e7bb1ee618fe5f59f7433b92a838,caf5f77fc0ea3e474778ad5ce422d22be699e7bb1ee618fe5f59f7433b92a838,112,112
21735,utt_f8c82536f629c6c35f31::p0004-p0005,utt_f8c82536f629c6c35f31::p0004-p0005,bc6e7f18d2694f67decf368538ef94cf4d2eb65bf054ac337692f6f340920d9f,bc6e7f18d2694f67decf368538ef94cf4d2eb65bf054ac337692f6f340920d9f,54,54
21735,utt_2d4e6b11dc2e11e292cd::p0001,utt_2d4e6b11dc2e11e292cd::p0001,8d8e5a78f63aadfa0e6fa2e50e30b1db343bb5179146e65d240583ab89a8804a,8d8e5a78f63aadfa0e6fa2e50e30b1db343bb5179146e65d240583ab89a8804a,60,60
21735,utt_2d4e6b11dc2e11e292cd::p0002,utt_2d4e6b11dc2e11e292cd::p0002,4a9167dfc7c5a3fcb0da645f99a09dcae045930f182fc3c0f0ef4091c9de2b1d,4a9167dfc7c5a3fcb0da645f99a09dcae045930f182fc3c0f0ef4091c9de2b1d,83,83
21735,utt_2d4e6b11dc2e11e292cd::p0003,utt_2d4e6b11dc2e11e292cd::p0003,771b49ee92e23b98e0c30f229e0376126696793663600d26a1ffc9bddae8dfd2,771b49ee92e23b98e0c30f229e0376126696793663600d26a1ffc9bddae8dfd2,89,89
21735,utt_2d4e6b11dc2e11e292cd::p0004-p0005,utt_2d4e6b11dc2e11e292cd::p0004-p0005,15ee2c2604c0fa45522096dbdb35bec233f90b17d5642451f6080df46bf4fd5e,15ee2c2604c0fa45522096dbdb35bec233f90b17d5642451f6080df46bf4fd5e,113,113
21735,utt_2d4e6b11dc2e11e292cd::p0006-p0009,utt_2d4e6b11dc2e11e292cd::p0006-p0012,6a08291db59f99cbd6efc4875808acf99589b324ea8db1157cbb3028009aab2d,cbce6b77cfcf567fdc1ec599b744448b16215ee4c503f2141bc46f8e121fa56c,144,190
21735,utt_2d4e6b11dc2e11e292cd::p0010-p0012,utt_2d4e6b11dc2e11e292cd::p0006-p0012,22c1a49a318e98a55c7971a58f35e6d8076abe8e93ec5533ef0e35f87714a5fe,cbce6b77cfcf567fdc1ec599b744448b16215ee4c503f2141bc46f8e121fa56c,46,190
21735,utt_c3748a9e6dd0e0874fec::p0001-p0003,utt_c3748a9e6dd0e0874fec::p0001-p0003,128d737295780d86dfb00522ad9dc6f386e0f991e523c0e0616cf172c3234687,128d737295780d86dfb00522ad9dc6f386e0f991e523c0e0616cf172c3234687,88,88
21735,utt_c3748a9e6dd0e0874fec::p0004-p0005,utt_c3748a9e6dd0e0874fec::p0004-p0005,7803a6fcc676db854a73cafdfe285902c82b8e132e5638955300a4b548424247,7803a6fcc676db854a73cafdfe285902c82b8e132e5638955300a4b548424247,88,88
21735,utt_c3748a9e6dd0e0874fec::p0006,utt_c3748a9e6dd0e0874fec::p0006,405ebb0a6c617c25e985c990d7f4a5d2f4be5b7bad049f14a894e97dce531551,405ebb0a6c617c25e985c990d7f4a5d2f4be5b7bad049f14a894e97dce531551,131,131
21735,utt_c3748a9e6dd0e0874fec::p0007,utt_c3748a9e6dd0e0874fec::p0007,1012f8ebf8d4b0e663d3ab6714fad29d97cf1d8ce4659405798267ebddc3dc05,1012f8ebf8d4b0e663d3ab6714fad29d97cf1d8ce4659405798267ebddc3dc05,54,54
21735,utt_c3748a9e6dd0e0874fec::p0008-p0009,utt_c3748a9e6dd0e0874fec::p0008-p0009,3c4358109b49e02d98dca956698d0ce17b454b730e075e70a684d3f50e49037f,3c4358109b49e02d98dca956698d0ce17b454b730e075e70a684d3f50e49037f,89,89
21735,utt_c3748a9e6dd0e0874fec::p0010-p0011,utt_c3748a9e6dd0e0874fec::p0010-p0011,865eece6bcced2dc629e40ec5f60575c39f6760e838e156364dae900fee65916,865eece6bcced2dc629e40ec5f60575c39f6760e838e156364dae900fee65916,71,71
21735,utt_93f465919a862e3ffde9::p0001-p0004,utt_93f465919a862e3ffde9::p0001-p0004,0f1fcde17e96fb1b186a283cb9ac90a22707aaf18070b09f3a3336c0caa82e60,0f1fcde17e96fb1b186a283cb9ac90a22707aaf18070b09f3a3336c0caa82e60,122,122
21735,utt_93f465919a862e3ffde9::p0005-p0009,utt_93f465919a862e3ffde9::p0005-p0011,0ac6f7bbf4202ba5f809c933526c7e128e8bdc2cf5d49f2f805f879f2c23f0f3,ee6fd6a56e6db8fab7fc0dae98e36b0a21e7fba4364b38bb73464f7656a37a56,148,194
21735,utt_93f465919a862e3ffde9::p0010-p0011,utt_93f465919a862e3ffde9::p0005-p0011,ffe68c4ff66076f90e445b253c1bd9dfae98c4a21aed652bbbc1c757a77a1ce2,ee6fd6a56e6db8fab7fc0dae98e36b0a21e7fba4364b38bb73464f7656a37a56,46,194
21735,utt_fb5e08851265fb6bdb01::p0001,utt_fb5e08851265fb6bdb01::p0001,d3d073740dcf036a1bf9d68c01522d69cf3177e2e46aec444ec47554da3e852c,d3d073740dcf036a1bf9d68c01522d69cf3177e2e46aec444ec47554da3e852c,11,11
21735,utt_44f7fd722dafa0c18d0f::p0001-p0003,utt_44f7fd722dafa0c18d0f::p0001-p0003,1d0155a226d43253625707a5b9f8ba9d0272cb8ce0bf9ad4a98c872a5f710870,1d0155a226d43253625707a5b9f8ba9d0272cb8ce0bf9ad4a98c872a5f710870,114,114
21735,utt_44f7fd722dafa0c18d0f::p0004-p0005,utt_44f7fd722dafa0c18d0f::p0004-p0005,cdd02bab5dbf92c2ac485c206b509e04f99cbbe1d21d845115f4a602987a36b2,cdd02bab5dbf92c2ac485c206b509e04f99cbbe1d21d845115f4a602987a36b2,110,110
21735,utt_44f7fd722dafa0c18d0f::p0006,utt_44f7fd722dafa0c18d0f::p0006,dad9cc37a08f1b8f1553c8ae87d7dc6e33917a11427e4e6923eaa8578e51762e,dad9cc37a08f1b8f1553c8ae87d7dc6e33917a11427e4e6923eaa8578e51762e,96,96
21735,utt_44f7fd722dafa0c18d0f::p0007-p0008,utt_44f7fd722dafa0c18d0f::p0007-p0008,4c6f210fe0996895427c85671ba5f51b91e660ccea45823022463cd6fbbad88f,4c6f210fe0996895427c85671ba5f51b91e660ccea45823022463cd6fbbad88f,104,104
21735,utt_a2d74161bfea7dfd31de::p0001,utt_a2d74161bfea7dfd31de::p0001,1d745d3fb01c62d49fac6ec69d059bb050d65df9dacd46b7c908a9dc6f11cc23,1d745d3fb01c62d49fac6ec69d059bb050d65df9dacd46b7c908a9dc6f11cc23,35,35
21735,utt_547233bb95d1c3b7c7d4::p0001-p0003,utt_547233bb95d1c3b7c7d4::p0001-p0003,0487f040639877cdc37127a38bfa95221c4e47683933ce62177dcebb0c88dce1,0487f040639877cdc37127a38bfa95221c4e47683933ce62177dcebb0c88dce1,115,115
21735,utt_547233bb95d1c3b7c7d4::p0004-p0005,utt_547233bb95d1c3b7c7d4::p0004-p0005,8a6c6c9125d067ff3ab40c7c613dd1beb773d03e833eb6c08b154979e1253df7,8a6c6c9125d067ff3ab40c7c613dd1beb773d03e833eb6c08b154979e1253df7,108,108
21735,utt_547233bb95d1c3b7c7d4::p0006,utt_547233bb95d1c3b7c7d4::p0006,6aac799c2bd14abe9c8a0e17e49608a55562899442a655f027e6074ba26c66a1,6aac799c2bd14abe9c8a0e17e49608a55562899442a655f027e6074ba26c66a1,86,86
21735,utt_547233bb95d1c3b7c7d4::p0007-p0008,utt_547233bb95d1c3b7c7d4::p0007-p0008,102d2d8bc366dce4f77b2e17ad4021a0f110644540009b8e16f5c59fafd43cb9,102d2d8bc366dce4f77b2e17ad4021a0f110644540009b8e16f5c59fafd43cb9,55,55
21735,utt_b6c6ce4b20b6a974a69a::p0001,utt_b6c6ce4b20b6a974a69a::p0001,9ddef2af0e6c79e07243285baa2fe855ef72aadbeafafa80811d7da85c432cad,9ddef2af0e6c79e07243285baa2fe855ef72aadbeafafa80811d7da85c432cad,23,23
21735,utt_5539581cc8b2b4452ee0::p0001-p0003,utt_5539581cc8b2b4452ee0::p0001-p0003,27d0dda6fb681e4eb7cea41c0a6aa126ebf678f5292e677901cab6ecbf0228c8,27d0dda6fb681e4eb7cea41c0a6aa126ebf678f5292e677901cab6ecbf0228c8,123,123
21735,utt_5539581cc8b2b4452ee0::p0004,utt_5539581cc8b2b4452ee0::p0004,839ca37ea19e94c91abc010e9a53e62eb9614d05ad00f551a61ab149eb7d8ee9,839ca37ea19e94c91abc010e9a53e62eb9614d05ad00f551a61ab149eb7d8ee9,55,55
21735,utt_5539581cc8b2b4452ee0::p0005,utt_5539581cc8b2b4452ee0::p0005,be6f6f2cd2d188d0bfc1f85043f647f04770a99406d88418c2d42b7263080a4f,be6f6f2cd2d188d0bfc1f85043f647f04770a99406d88418c2d42b7263080a4f,63,63
21735,utt_5539581cc8b2b4452ee0::p0006-p0008,utt_5539581cc8b2b4452ee0::p0006-p0008,7b13221ef1d32cc660e0db4416caf1c5f35070891fddacd6d839d1c42879922a,7b13221ef1d32cc660e0db4416caf1c5f35070891fddacd6d839d1c42879922a,118,118
21735,utt_5539581cc8b2b4452ee0::p0009-p0011,utt_5539581cc8b2b4452ee0::p0009-p0011,1480a46a169c6cc68db896ecf7ea5c8b39204794ec1e107c1814ff0989af4abf,1480a46a169c6cc68db896ecf7ea5c8b39204794ec1e107c1814ff0989af4abf,117,117
21735,utt_49290c491a563fbb3d5f::p0001,utt_49290c491a563fbb3d5f::p0001,ed361c2851514cd9a54a0579966c6142e48115a9c5152749b8d7b3d6fa24fc3f,ed361c2851514cd9a54a0579966c6142e48115a9c5152749b8d7b3d6fa24fc3f,61,61
21735,utt_49290c491a563fbb3d5f::p0002-p0003,utt_49290c491a563fbb3d5f::p0002-p0003,d905d77b5505c400513d862a0842db2d4053ac655e7797bb75a6eec238e085c3,d905d77b5505c400513d862a0842db2d4053ac655e7797bb75a6eec238e085c3,84,84
21735,utt_49290c491a563fbb3d5f::p0004,utt_49290c491a563fbb3d5f::p0004,5c434cd32849796667c5ad2504f2075361fff3467d5f4dc0c6c001b22d8b4801,5c434cd32849796667c5ad2504f2075361fff3467d5f4dc0c6c001b22d8b4801,137,137
21735,utt_49290c491a563fbb3d5f::p0005-p0006,utt_49290c491a563fbb3d5f::p0005-p0006,4e11827e995caf14b8b2b8fdc48db573eef810f76a16bf3ba39197523d39f2c9,4e11827e995caf14b8b2b8fdc48db573eef810f76a16bf3ba39197523d39f2c9,90,90
21735,utt_49290c491a563fbb3d5f::p0007-p0008,utt_49290c491a563fbb3d5f::p0007-p0008,3b5526fcf3117abb54b8f2315e878c1ac2c9e67d227bbaaa8f857ee99fad2998,3b5526fcf3117abb54b8f2315e878c1ac2c9e67d227bbaaa8f857ee99fad2998,71,71
21735,utt_01d839029b43afc3efb7::p0001s001,utt_01d839029b43afc3efb7::p0001s001,a5e5f1f7a89cef8ea41e2c4193460901c5f9bcbda7a681221cbe53a76cebc926,a5e5f1f7a89cef8ea41e2c4193460901c5f9bcbda7a681221cbe53a76cebc926,100,100
21735,utt_01d839029b43afc3efb7::p0001s002,utt_01d839029b43afc3efb7::p0001s002,b8833faa53c1d00c0ac3c02038b00e2fa87ec08429fd2a9b2444186f1cb51e7b,b8833faa53c1d00c0ac3c02038b00e2fa87ec08429fd2a9b2444186f1cb51e7b,84,84
21735,utt_01d839029b43afc3efb7::p0002s001,utt_01d839029b43afc3efb7::p0002s001,937f57e61893a010259902f4169361e7f59baa50e969df27a9f5aa275f984b23,937f57e61893a010259902f4169361e7f59baa50e969df27a9f5aa275f984b23,106,106
21735,utt_01d839029b43afc3efb7::p0002s002,utt_01d839029b43afc3efb7::p0002s002,6805825db4b22da61f898affd93d7962baa475f9b3ffebeddb062011624a053f,6805825db4b22da61f898affd93d7962baa475f9b3ffebeddb062011624a053f,103,103
21735,utt_01d839029b43afc3efb7::p0003,utt_01d839029b43afc3efb7::p0003-p0005,57fbf020a79c12fc44189036c8b583c5c9a7a6c9d345693df0ada187b6bb3a39,070cf93114b7b337896a3e81b07fd749a434534432a09c2cdefb9971ffb321b9,139,174
21735,utt_01d839029b43afc3efb7::p0004-p0005,utt_01d839029b43afc3efb7::p0003-p0005,7371ab8e648be0ce23cd820fa9677f48789a8f6b08ad827c993189611d493842,070cf93114b7b337896a3e81b07fd749a434534432a09c2cdefb9971ffb321b9,35,174
21735,utt_17d98abbe2475bb77916::p0001-p0003,utt_17d98abbe2475bb77916::p0001-p0003,3f1efd091c9e5e41ac662e7dbe4e2d1a0f055075973861f0ecc2ee019b088f03,3f1efd091c9e5e41ac662e7dbe4e2d1a0f055075973861f0ecc2ee019b088f03,99,99
21735,utt_17d98abbe2475bb77916::p0004,utt_17d98abbe2475bb77916::p0004,8b0f09dd29ac24afd324bbbeb9c0ccc4784aa0575e07ba46793a01fb13cd49a9,8b0f09dd29ac24afd324bbbeb9c0ccc4784aa0575e07ba46793a01fb13cd49a9,57,57
21735,utt_17d98abbe2475bb77916::p0005,utt_17d98abbe2475bb77916::p0005,0d079d3ed01b3ea5248fb0e492afacd11092e12fbe7e72fa666e1524d7946c27,0d079d3ed01b3ea5248fb0e492afacd11092e12fbe7e72fa666e1524d7946c27,132,132
21735,utt_17d98abbe2475bb77916::p0006-p0007,utt_17d98abbe2475bb77916::p0006-p0007,fb1d2553b51a796d51006bace94a6de69a67ddbc536a455fe30d9a2042caa3bd,fb1d2553b51a796d51006bace94a6de69a67ddbc536a455fe30d9a2042caa3bd,119,119
21735,utt_17d98abbe2475bb77916::p0008,utt_17d98abbe2475bb77916::p0008,d0d487bb362a6f8e5bf805b31326d5f0767829150ead6aea6b2e86064665f790,d0d487bb362a6f8e5bf805b31326d5f0767829150ead6aea6b2e86064665f790,88,88
21735,utt_c2bdf10664614998bfb1::p0001,utt_c2bdf10664614998bfb1::p0001,5ec0db453b52e109a9dcfcdb248e72acef1c6d96f965986a4d0aa62d672ee5ba,5ec0db453b52e109a9dcfcdb248e72acef1c6d96f965986a4d0aa62d672ee5ba,89,89
21735,utt_c2bdf10664614998bfb1::p0002,utt_c2bdf10664614998bfb1::p0002,9190c53f9c976f8c7a03af17fa6ff78fd856747c90ff3ee962e0f3432574e4f9,9190c53f9c976f8c7a03af17fa6ff78fd856747c90ff3ee962e0f3432574e4f9,96,96
21735,utt_c2bdf10664614998bfb1::p0003,utt_c2bdf10664614998bfb1::p0003,358a45f9306bfc0bf7e9521757e09d4224f4cf70688207fb1ce5f06aedc0e3fe,358a45f9306bfc0bf7e9521757e09d4224f4cf70688207fb1ce5f06aedc0e3fe,84,84
21735,utt_c2bdf10664614998bfb1::p0004-p0005,utt_c2bdf10664614998bfb1::p0004-p0005,21f46a63ff7cba321cbb849aa160419fcd71c567193d9c25d740718817bfcc19,21f46a63ff7cba321cbb849aa160419fcd71c567193d9c25d740718817bfcc19,105,105
21735,utt_c2bdf10664614998bfb1::p0006,utt_c2bdf10664614998bfb1::p0006,ad2c493c5e7b200ee5fa91459f79dd99f79a10879d6704aa0935d666423be419,ad2c493c5e7b200ee5fa91459f79dd99f79a10879d6704aa0935d666423be419,66,66
21735,utt_c2bdf10664614998bfb1::p0007-p0009,utt_c2bdf10664614998bfb1::p0007-p0009,a7a15ccefbe1bf766d5d6aa25d35c230a263f676cac15fa6d8e9e28186ce146b,a7a15ccefbe1bf766d5d6aa25d35c230a263f676cac15fa6d8e9e28186ce146b,100,100
21735,utt_404fcd1d0203942f5e7d::p0001-p0002,utt_404fcd1d0203942f5e7d::p0001-p0002,2d2b2e76e08a46b95d88ca7d704d90444c42f57369c3f96ab2fabb49dadccaa8,2d2b2e76e08a46b95d88ca7d704d90444c42f57369c3f96ab2fabb49dadccaa8,37,37
21735,utt_924dc4f998ffb410f9de::p0001,utt_924dc4f998ffb410f9de::p0001,a3ae80fc7d68cac115dd1cfe4cc917f60bfcef525ba2ee30c7c9c085b8af3df4,a3ae80fc7d68cac115dd1cfe4cc917f60bfcef525ba2ee30c7c9c085b8af3df4,55,55
21735,utt_924dc4f998ffb410f9de::p0002-p0003,utt_924dc4f998ffb410f9de::p0002-p0003,9c041843e9565fd19dee9e4b1fa6b6807a37bf83e819fd17a6e996e9a650fdb2,9c041843e9565fd19dee9e4b1fa6b6807a37bf83e819fd17a6e996e9a650fdb2,92,92
21735,utt_924dc4f998ffb410f9de::p0004-p0006,utt_924dc4f998ffb410f9de::p0004-p0006,1b5b4d3a62345f27dff4a0978195ed35c076ff5eef9daccd357657a2e599e625,1b5b4d3a62345f27dff4a0978195ed35c076ff5eef9daccd357657a2e599e625,132,132
21735,utt_924dc4f998ffb410f9de::p0007-p0009,utt_924dc4f998ffb410f9de::p0007-p0009,2819bc71ffa2e0127394a66f7933c3e1e3f47aba0179beefb3a24311413d7dcc,2819bc71ffa2e0127394a66f7933c3e1e3f47aba0179beefb3a24311413d7dcc,117,117
21735,utt_924dc4f998ffb410f9de::p0010-p0012,utt_924dc4f998ffb410f9de::p0010-p0012,884170276044ed458b7870a6ee6093de748257b07953e1128547eba4c592335e,884170276044ed458b7870a6ee6093de748257b07953e1128547eba4c592335e,107,107
21735,utt_623dc9ff2111e95b6f74::p0001,utt_623dc9ff2111e95b6f74::p0001,8647305f7ecf9f0ab367f2de543018cb1db00b4c0e957ae18785a2d7e9568627,8647305f7ecf9f0ab367f2de543018cb1db00b4c0e957ae18785a2d7e9568627,29,29
21735,utt_c5c0c1be2429fd8ea6fa::p0001,utt_c5c0c1be2429fd8ea6fa::p0001,cfb6968432f6d42ad446d85f9602fd3e60b25670162d8e6a0d5b49f029af5df8,cfb6968432f6d42ad446d85f9602fd3e60b25670162d8e6a0d5b49f029af5df8,27,27
21735,utt_aaa02c13549616aec4f8::p0001-p0003,utt_aaa02c13549616aec4f8::p0001-p0003,f7cb036984482c4cf62d61fa1422a8805a5dd2a5118299c18700fb6d6af82e97,f7cb036984482c4cf62d61fa1422a8805a5dd2a5118299c18700fb6d6af82e97,115,115
21735,utt_aaa02c13549616aec4f8::p0004-p0005,utt_aaa02c13549616aec4f8::p0004-p0005,88991ecd4d5ebcec0b289cc9321c8cfdf933e9b764e67931f779c782107efbc2,88991ecd4d5ebcec0b289cc9321c8cfdf933e9b764e67931f779c782107efbc2,87,87
21735,utt_aaa02c13549616aec4f8::p0006-p0008,utt_aaa02c13549616aec4f8::p0006-p0008,00af533aaba9d570e99dc76ffda558931da69ac88515bd006ca3b8f93b99bc55,00af533aaba9d570e99dc76ffda558931da69ac88515bd006ca3b8f93b99bc55,134,134
21735,utt_aaa02c13549616aec4f8::p0009-p0010,utt_aaa02c13549616aec4f8::p0009-p0010,1b266441a1fb46d273a82fded581c723f5809bcd804658c1d832ee3bed89c7a6,1b266441a1fb46d273a82fded581c723f5809bcd804658c1d832ee3bed89c7a6,113,113
21735,utt_aaa02c13549616aec4f8::p0011-p0014,utt_aaa02c13549616aec4f8::p0011-p0016,56798c4e5fffe10b6e289220fc7e8463403116f7444bbaff74524878f7f15f4e,e9502f6b881daeb3b262d147c59b9c06628952f8955e4276cee066bf0f2febf8,124,156
21735,utt_aaa02c13549616aec4f8::p0015-p0016,utt_aaa02c13549616aec4f8::p0011-p0016,1ca9393c96973442c99772ecad11b672feb2ca8bd275fb14ff2d72fae06b983c,e9502f6b881daeb3b262d147c59b9c06628952f8955e4276cee066bf0f2febf8,32,156
21735,utt_f915fd538a01a54ebf35::p0001-p0002,utt_f915fd538a01a54ebf35::p0001-p0002,a72968d3b7664c77d70b1ac5aa467d40286972a10725c2ab48399d5dc2ada3d4,a72968d3b7664c77d70b1ac5aa467d40286972a10725c2ab48399d5dc2ada3d4,113,113
21735,utt_f915fd538a01a54ebf35::p0003-p0004,utt_f915fd538a01a54ebf35::p0003-p0004,64bf70e0e8ded70294d46081762687d0948e307fd72384ed727915cace5c8f9f,64bf70e0e8ded70294d46081762687d0948e307fd72384ed727915cace5c8f9f,112,112
21735,utt_f915fd538a01a54ebf35::p0005,utt_f915fd538a01a54ebf35::p0005,70bf6ec4fd4122bbe53bea42dfdc7c2eac2a04ff68c8c1331a581370b529cdf2,70bf6ec4fd4122bbe53bea42dfdc7c2eac2a04ff68c8c1331a581370b529cdf2,123,123
21735,utt_f915fd538a01a54ebf35::p0006-p0008,utt_f915fd538a01a54ebf35::p0006-p0008,e963a840cc0c52fb60fd71269b0017232e142e9d34d7cec330fd114b9205d54d,e963a840cc0c52fb60fd71269b0017232e142e9d34d7cec330fd114b9205d54d,83,83
21735,utt_0a5823f39db8ac1095d9::p0001,utt_0a5823f39db8ac1095d9::p0001-p0003,cac027b092d8f2699109763346310017fa8489a8d39c8f5ec1d70915ce75a59e,7fa42bebd1c2f418da812b22543d5242ca9865dbb3e56c6e872b9fe08906b52b,34,162
21735,utt_0a5823f39db8ac1095d9::p0002-p0003,utt_0a5823f39db8ac1095d9::p0001-p0003,8ac0500aa2fedd6559fb04c1fd45097632cb1c670c37cfce0f2e788bebe688f7,7fa42bebd1c2f418da812b22543d5242ca9865dbb3e56c6e872b9fe08906b52b,128,162
21735,utt_0a5823f39db8ac1095d9::p0004,utt_0a5823f39db8ac1095d9::p0004,23c56dec716f81324ee91140397858047071df81d4f17d47cc4dc5af014261bb,23c56dec716f81324ee91140397858047071df81d4f17d47cc4dc5af014261bb,68,68
21735,utt_0a5823f39db8ac1095d9::p0005,utt_0a5823f39db8ac1095d9::p0005,addeb1a9a43da9ba0717968a96db598e0f2954b8668ea19d9c69b474ba5cf25f,addeb1a9a43da9ba0717968a96db598e0f2954b8668ea19d9c69b474ba5cf25f,73,73
21735,utt_0a5823f39db8ac1095d9::p0006-p0008,utt_0a5823f39db8ac1095d9::p0006-p0008,29d918730deb44b345da0458335c7a5cb0c8286fecf7d83999d438f921e8fa27,29d918730deb44b345da0458335c7a5cb0c8286fecf7d83999d438f921e8fa27,127,127
21735,utt_1149e87f3bc81fc2139c::p0001-p0003,utt_1149e87f3bc81fc2139c::p0001-p0003,b86b428bba7d470a1398febdf8bdcbe4a3772d9ca4e2b82ef597768807bef1e7,b86b428bba7d470a1398febdf8bdcbe4a3772d9ca4e2b82ef597768807bef1e7,136,136
21735,utt_1149e87f3bc81fc2139c::p0004,utt_1149e87f3bc81fc2139c::p0004,efd4f327c2a1906a8a67cd1c7c28b69146ce31a5b175928d770977ccf07b706c,efd4f327c2a1906a8a67cd1c7c28b69146ce31a5b175928d770977ccf07b706c,78,78
21735,utt_1149e87f3bc81fc2139c::p0005,utt_1149e87f3bc81fc2139c::p0005,77327c200685e52f85bbc32893699760224d6200a234ec9b77a3d2922dbc862d,77327c200685e52f85bbc32893699760224d6200a234ec9b77a3d2922dbc862d,50,50
21735,utt_1149e87f3bc81fc2139c::p0006,utt_1149e87f3bc81fc2139c::p0006,33cc484dca032ad43d723a39770ad6ede769f8db89174913b2fd321a20da3c6d,33cc484dca032ad43d723a39770ad6ede769f8db89174913b2fd321a20da3c6d,76,76
21735,utt_1149e87f3bc81fc2139c::p0007-p0008,utt_1149e87f3bc81fc2139c::p0007-p0008,60968c148916bb1729e03409e4b617c52b5a95679e2a9aa3a1a31bc919805378,60968c148916bb1729e03409e4b617c52b5a95679e2a9aa3a1a31bc919805378,76,76
21735,utt_15ebf2af82eb51624ea4::p0001,utt_15ebf2af82eb51624ea4::p0001,20a9ce144eca2bdb9c5320d8d8c818753aa092f1a7bfeb1c8c900b8c72df5031,20a9ce144eca2bdb9c5320d8d8c818753aa092f1a7bfeb1c8c900b8c72df5031,75,75
21735,utt_15ebf2af82eb51624ea4::p0002,utt_15ebf2af82eb51624ea4::p0002,4a87394f66c57ea8d31c8369fd3c13127e8dee7bdad52003c5f1a7f6f81fc20e,4a87394f66c57ea8d31c8369fd3c13127e8dee7bdad52003c5f1a7f6f81fc20e,69,69
21735,utt_6f7820b46d73a1324e7f::p0001-p0002,utt_6f7820b46d73a1324e7f::p0001-p0002,ccbbeebfe52f5cdb8f676365a01642cebb77bf38aab6bb7a5ba9ee7cc4aea016,ccbbeebfe52f5cdb8f676365a01642cebb77bf38aab6bb7a5ba9ee7cc4aea016,107,107
21735,utt_6f7820b46d73a1324e7f::p0003,utt_6f7820b46d73a1324e7f::p0003,dbcaaaca654e9c988986fd5f50b7575a25a089e078cf8c4bf1301f9e48ce622a,dbcaaaca654e9c988986fd5f50b7575a25a089e078cf8c4bf1301f9e48ce622a,62,62
21735,utt_6f7820b46d73a1324e7f::p0004-p0006,utt_6f7820b46d73a1324e7f::p0004-p0006,418fefedc0e2ba0c02acb24dc0a301ca585414bea40efa39eb07a3c034062cc1,418fefedc0e2ba0c02acb24dc0a301ca585414bea40efa39eb07a3c034062cc1,145,145
21735,utt_970e81952f9e6a8eb369::p0001-p0003,utt_970e81952f9e6a8eb369::p0001-p0003,ffe6cef3f32100102f1167575ace5d37b64a7d2ffbd1990a691a58afc4f2ddb4,ffe6cef3f32100102f1167575ace5d37b64a7d2ffbd1990a691a58afc4f2ddb4,129,129
21735,utt_970e81952f9e6a8eb369::p0004-p0006,utt_970e81952f9e6a8eb369::p0004-p0006,136312b0461b002c48a4bdeef2be537672592a39695f948de230efae1cfcd084,136312b0461b002c48a4bdeef2be537672592a39695f948de230efae1cfcd084,126,126
21735,utt_970e81952f9e6a8eb369::p0007-p0011,utt_970e81952f9e6a8eb369::p0007-p0014,54b16965e2c3270dfbc973dafec618042a60f9680411404d2a423989ea59ce15,fdf2a1f72a73914557258fcea39a19e3173b800a07efd4a39da52a0031939828,133,167
21735,utt_970e81952f9e6a8eb369::p0012-p0014,utt_970e81952f9e6a8eb369::p0007-p0014,9028c7ce72f6f7547c4910117cd82bda10160ccfc6c49188e21bcd0033a11e37,fdf2a1f72a73914557258fcea39a19e3173b800a07efd4a39da52a0031939828,34,167
21735,utt_44202c79b5bf866490f2::p0001-p0002,utt_44202c79b5bf866490f2::p0001-p0002,15d929ed1b50c4bfd423900cbd76e872e83555219dde5bbd6a923b9465f4ba2b,15d929ed1b50c4bfd423900cbd76e872e83555219dde5bbd6a923b9465f4ba2b,131,131
21735,utt_44202c79b5bf866490f2::p0003,utt_44202c79b5bf866490f2::p0003,5a4c8876280fce9ce08ea03abf55c10e140beb23c8955811e20a366961721a6f,5a4c8876280fce9ce08ea03abf55c10e140beb23c8955811e20a366961721a6f,104,104
21735,utt_44202c79b5bf866490f2::p0004,utt_44202c79b5bf866490f2::p0004,610a899679d0b80877b053edbe6cc2a68ea630e8ed2f54183bcb1b78358b79a7,610a899679d0b80877b053edbe6cc2a68ea630e8ed2f54183bcb1b78358b79a7,70,70
21735,utt_44202c79b5bf866490f2::p0005-p0009,utt_44202c79b5bf866490f2::p0005-p0009,4a401a2bf9970ebc5c7d9047befa7bd9c4e9f3aef44cf282220b2c46434e8d23,4a401a2bf9970ebc5c7d9047befa7bd9c4e9f3aef44cf282220b2c46434e8d23,129,129
21735,utt_6170c4f65f775dd07e7c::p0001-p0003,utt_6170c4f65f775dd07e7c::p0001-p0003,f56bc3897c00fd02f0fac3730645fd1d8d5075eac9a3c29b5fba0a35216c6497,f56bc3897c00fd02f0fac3730645fd1d8d5075eac9a3c29b5fba0a35216c6497,94,94
21735,utt_f9203513a5b30e23ac30::p0001-p0004,utt_f9203513a5b30e23ac30::p0001-p0004,c62f20472c68c58b2e5e1d0a579301b4030b45b1b78a23d59be3c7f7140ed9fb,c62f20472c68c58b2e5e1d0a579301b4030b45b1b78a23d59be3c7f7140ed9fb,137,137
21735,utt_f9203513a5b30e23ac30::p0005,utt_f9203513a5b30e23ac30::p0005,f27ff04ad30670f7333a4451d5a8c42bc6f7f99651d37f0d47513b8bbc8f816d,f27ff04ad30670f7333a4451d5a8c42bc6f7f99651d37f0d47513b8bbc8f816d,70,70
21735,utt_f9203513a5b30e23ac30::p0006,utt_f9203513a5b30e23ac30::p0006,8706982ed1f4d8208cb1d8eb9e2fbbf94c89c41aa9fed4328402e2473793c16c,8706982ed1f4d8208cb1d8eb9e2fbbf94c89c41aa9fed4328402e2473793c16c,53,53
21735,utt_f9203513a5b30e23ac30::p0007-p0008,utt_f9203513a5b30e23ac30::p0007-p0008,336aa3365ead407d045120eef0b40fda6e4fec27896fafa0b7c62402289cbc90,336aa3365ead407d045120eef0b40fda6e4fec27896fafa0b7c62402289cbc90,138,138
21735,utt_f9203513a5b30e23ac30::p0009-p0010,utt_f9203513a5b30e23ac30::p0009-p0010,ecd73e508bde040c96eb5066c4507d42ad132c5921ae1ae8b6912a66ccc366a0,ecd73e508bde040c96eb5066c4507d42ad132c5921ae1ae8b6912a66ccc366a0,104,104
21735,utt_f9203513a5b30e23ac30::p0011,utt_f9203513a5b30e23ac30::p0011,30d98100a0cfcc52f0c1c399b87367b70dd9cac7726e6fb2bb1a45dfe6fbfafc,30d98100a0cfcc52f0c1c399b87367b70dd9cac7726e6fb2bb1a45dfe6fbfafc,92,92
21735,utt_f9203513a5b30e23ac30::p0012-p0013,utt_f9203513a5b30e23ac30::p0012-p0013,3a4779714423cdc6d7d8324d043b2fc28c0b9297fca7448c217e3a125d771dac,3a4779714423cdc6d7d8324d043b2fc28c0b9297fca7448c217e3a125d771dac,147,147
21735,utt_f9203513a5b30e23ac30::p0014,utt_f9203513a5b30e23ac30::p0014,9c8dd0fd033cd7d8f339ab3c5e93f7e3b76b7aaa12e2829ba25d4ae16e6c16a5,9c8dd0fd033cd7d8f339ab3c5e93f7e3b76b7aaa12e2829ba25d4ae16e6c16a5,73,73
21735,utt_f9203513a5b30e23ac30::p0015-p0017,utt_f9203513a5b30e23ac30::p0015-p0017,acd90cabe602325c5802d2d4273a8ac9ba37fdf38d6c608757cbae5dde44bdeb,acd90cabe602325c5802d2d4273a8ac9ba37fdf38d6c608757cbae5dde44bdeb,149,149
21735,utt_f9203513a5b30e23ac30::p0018-p0019,utt_f9203513a5b30e23ac30::p0018-p0019,6ea81d9bf79dd83af7c4bcae6c21e3265d783cc91e18f9ba175027044447c0df,6ea81d9bf79dd83af7c4bcae6c21e3265d783cc91e18f9ba175027044447c0df,144,144
21735,utt_f9203513a5b30e23ac30::p0020-p0023,utt_f9203513a5b30e23ac30::p0020-p0023,6d1141ef506ed9deb27ee6cedebfcd774b7bbd78ab74278d093011fe6f9db208,6d1141ef506ed9deb27ee6cedebfcd774b7bbd78ab74278d093011fe6f9db208,137,137
21735,utt_f9203513a5b30e23ac30::p0024-p0026,utt_f9203513a5b30e23ac30::p0024-p0026,bef0b803ab40a0f585568207e2989a49f7e8f75d1aa87e11fae351e910524d22,bef0b803ab40a0f585568207e2989a49f7e8f75d1aa87e11fae351e910524d22,100,100
21735,utt_12119439ad849b6865c0::p0001,utt_12119439ad849b6865c0::p0001,74e02f591b67a7b6e158b9ea28e04b4b009395de5bd550201f67145d7d39eb6d,74e02f591b67a7b6e158b9ea28e04b4b009395de5bd550201f67145d7d39eb6d,18,18
21735,utt_372eda17442c29c291da::p0001,utt_372eda17442c29c291da::p0001,d8458a0cf9b1cb70f9ce1ff83745e4180db976ca51d7ccebbff43174f157b6db,d8458a0cf9b1cb70f9ce1ff83745e4180db976ca51d7ccebbff43174f157b6db,5,5
21735,utt_c814a7060f4949e20fb4::p0001-p0004,utt_c814a7060f4949e20fb4::p0001-p0004,b75ce1145ca4d13dcada72f81b16be7451b3e36a116482797c9baa9bb0b0da8c,b75ce1145ca4d13dcada72f81b16be7451b3e36a116482797c9baa9bb0b0da8c,125,125
21735,utt_5d1287f022e057f32f4d::p0001,utt_5d1287f022e057f32f4d::p0001,b84396295d86fe1f0ec3d0cf37fab7c19b146397fd2f16fd540564f566c7e795,b84396295d86fe1f0ec3d0cf37fab7c19b146397fd2f16fd540564f566c7e795,6,6
21735,utt_a16f633b6d738bd59f39::p0001-p0002,utt_a16f633b6d738bd59f39::p0001-p0002,ee0c78c105b318f1ef27db7869fe9f23de2037fa5ad963b83af095d289a1fdd3,ee0c78c105b318f1ef27db7869fe9f23de2037fa5ad963b83af095d289a1fdd3,22,22
21735,utt_596bfc81a9017f3801fc::p0001-p0004,utt_596bfc81a9017f3801fc::p0001-p0004,063c43ee553e001d4f65646891c4b43d4ce6f74901469bb87527c4abcc59b5cb,063c43ee553e001d4f65646891c4b43d4ce6f74901469bb87527c4abcc59b5cb,130,130
21735,utt_596bfc81a9017f3801fc::p0005-p0008,utt_596bfc81a9017f3801fc::p0005-p0008,8706535562fc6a76784bf8736648354448fdcb76b35e1fa874ca7e3ceef980b9,8706535562fc6a76784bf8736648354448fdcb76b35e1fa874ca7e3ceef980b9,111,111
21735,utt_596bfc81a9017f3801fc::p0009-p0011,utt_596bfc81a9017f3801fc::p0009-p0011,c5b151b86b549f394d95b007ae7aef009135546cd2d07e3fcb23e99ba2fe22e0,c5b151b86b549f394d95b007ae7aef009135546cd2d07e3fcb23e99ba2fe22e0,144,144
21735,utt_596bfc81a9017f3801fc::p0012,utt_596bfc81a9017f3801fc::p0012,0b4ed2e3f395b065f5944d44fcab30f37b698d8258283f10ab20299a61c4ae2b,0b4ed2e3f395b065f5944d44fcab30f37b698d8258283f10ab20299a61c4ae2b,89,89
21735,utt_596bfc81a9017f3801fc::p0013-p0017,utt_596bfc81a9017f3801fc::p0013-p0017,403344977fb382e79707608bb5751f0df0ea99b3d4a625deb589988d4c82023f,403344977fb382e79707608bb5751f0df0ea99b3d4a625deb589988d4c82023f,144,144
21735,utt_596bfc81a9017f3801fc::p0018-p0022,utt_596bfc81a9017f3801fc::p0018-p0022,06e708534d769ea2a7faf215c1b72f738655fbfcb7a406c07351dd17792bab57,06e708534d769ea2a7faf215c1b72f738655fbfcb7a406c07351dd17792bab57,127,127
21735,utt_596bfc81a9017f3801fc::p0023-p0025,utt_596bfc81a9017f3801fc::p0023-p0025,239132f6ef6e3c1283bf218691e19fafad9d679c29416d0865e373ac384c20d4,239132f6ef6e3c1283bf218691e19fafad9d679c29416d0865e373ac384c20d4,94,94
21735,utt_596bfc81a9017f3801fc::p0026,utt_596bfc81a9017f3801fc::p0026,1e9c80d1b0d8d0f646c5ab2f8c2b5a92a5a2a2caa9b242e341b8c25b8af92324,1e9c80d1b0d8d0f646c5ab2f8c2b5a92a5a2a2caa9b242e341b8c25b8af92324,64,64
21735,utt_596bfc81a9017f3801fc::p0027,utt_596bfc81a9017f3801fc::p0027,a8b01873c41f0028bdba28bac229500426cc841bcea1151ab961c3c13ba31815,a8b01873c41f0028bdba28bac229500426cc841bcea1151ab961c3c13ba31815,52,52
21735,utt_596bfc81a9017f3801fc::p0028-p0030,utt_596bfc81a9017f3801fc::p0028-p0030,db1cf59e34aa9d403cdb3059bc039e8913bda56eb1dfc78a425b6de4d273b839,db1cf59e34aa9d403cdb3059bc039e8913bda56eb1dfc78a425b6de4d273b839,82,82
21735,utt_596bfc81a9017f3801fc::p0031,utt_596bfc81a9017f3801fc::p0031,e586990bf5c2e10a0a4b1a78133447049bc7fef5955aee9c18491000d1b02b06,e586990bf5c2e10a0a4b1a78133447049bc7fef5955aee9c18491000d1b02b06,57,57
21735,utt_596bfc81a9017f3801fc::p0032,utt_596bfc81a9017f3801fc::p0032,e33bdce3e18d17c563ba1c33a323dd4374cbc3d90e301bc0552661fc5a7a8716,e33bdce3e18d17c563ba1c33a323dd4374cbc3d90e301bc0552661fc5a7a8716,105,105
21735,utt_596bfc81a9017f3801fc::p0033-p0034,utt_596bfc81a9017f3801fc::p0033-p0034,24b84936beb522a20326343de46273cbe802de4d82a6f1f1361164b6c4df85c7,24b84936beb522a20326343de46273cbe802de4d82a6f1f1361164b6c4df85c7,111,111
21735,utt_596bfc81a9017f3801fc::p0035,utt_596bfc81a9017f3801fc::p0035,509c1585cc31ec0fd548b4a559818b48b099da63b0ee610983b7d50222de3dd9,509c1585cc31ec0fd548b4a559818b48b099da63b0ee610983b7d50222de3dd9,115,115
21735,utt_596bfc81a9017f3801fc::p0036,utt_596bfc81a9017f3801fc::p0036,19a8c3918577d9a5f134c402877dbed38b763b9ee08cb8b0df9a760fde9fde2b,19a8c3918577d9a5f134c402877dbed38b763b9ee08cb8b0df9a760fde9fde2b,71,71
21735,utt_596bfc81a9017f3801fc::p0037-p0039,utt_596bfc81a9017f3801fc::p0037-p0039,b7d37be08dbdfc2061be51dbb7a21f4f7d61c789b84d8b0f76c1aedfa8293e76,b7d37be08dbdfc2061be51dbb7a21f4f7d61c789b84d8b0f76c1aedfa8293e76,131,131
21735,utt_596bfc81a9017f3801fc::p0040-p0041,utt_596bfc81a9017f3801fc::p0040-p0041,f1a435c8db414ede64b5281aff2b4ef4d039acaa8f3cf0d62724bcbacb96718c,f1a435c8db414ede64b5281aff2b4ef4d039acaa8f3cf0d62724bcbacb96718c,83,83
21735,utt_596bfc81a9017f3801fc::p0042,utt_596bfc81a9017f3801fc::p0042,e2e14d1d353c692ebec0689a1afbf96b1a275cbd175dc6cc50a1b8e49598c034,e2e14d1d353c692ebec0689a1afbf96b1a275cbd175dc6cc50a1b8e49598c034,95,95
21735,utt_596bfc81a9017f3801fc::p0043-p0044,utt_596bfc81a9017f3801fc::p0043-p0045,c27cf36f956c2996b8771779055ca34db9d7d993848e8fdcce8d5c263ae2dd2e,430c3fe5ebb791052323661c9fbe090347d1b981fbb16ca2243f92138a6da9bd,113,156
21735,utt_596bfc81a9017f3801fc::p0045,utt_596bfc81a9017f3801fc::p0043-p0045,737bac1eb77abf30396fd671bad7c32774f9eff0a8d92821305a52776e0130c2,430c3fe5ebb791052323661c9fbe090347d1b981fbb16ca2243f92138a6da9bd,43,156
21735,utt_596bfc81a9017f3801fc::p0046,utt_596bfc81a9017f3801fc::p0046,6627f9622e348498fdaf10402d5e942e6e51027f8303114c6e591ee25518593c,6627f9622e348498fdaf10402d5e942e6e51027f8303114c6e591ee25518593c,134,134
21735,utt_596bfc81a9017f3801fc::p0047,utt_596bfc81a9017f3801fc::p0047,b1e0e453691d973424693823df7b5f5acf181c71100545b75569f0e447cf1273,b1e0e453691d973424693823df7b5f5acf181c71100545b75569f0e447cf1273,119,119
21735,utt_596bfc81a9017f3801fc::p0048-p0049,utt_596bfc81a9017f3801fc::p0048-p0050,42ffc147e0003621a45b9442a554dbe9b3c5cfc6b55a9fdd962fd91fedf95862,3dabb535613bd63555b666adfa68e6ca91af507463e1eb1d9f25f41120a6e15a,132,159
21735,utt_596bfc81a9017f3801fc::p0050,utt_596bfc81a9017f3801fc::p0048-p0050,1901d6ae3349a9eb6c8ffbc6ee5d8855fd0fdfe942663d2cac8efc08b0f7d220,3dabb535613bd63555b666adfa68e6ca91af507463e1eb1d9f25f41120a6e15a,27,159
21735,utt_596bfc81a9017f3801fc::p0051,utt_596bfc81a9017f3801fc::p0051,6646ecf78dd449c81fa3d994db660469790a0132c2775020a79326d179b8baf9,6646ecf78dd449c81fa3d994db660469790a0132c2775020a79326d179b8baf9,141,141
21735,utt_596bfc81a9017f3801fc::p0052-p0053,utt_596bfc81a9017f3801fc::p0052-p0053,411912121c08df37afff15e7cd4bde619c916759b35202762a9d3d4393042984,411912121c08df37afff15e7cd4bde619c916759b35202762a9d3d4393042984,126,126
21735,utt_596bfc81a9017f3801fc::p0054-p0055,utt_596bfc81a9017f3801fc::p0054-p0055,2f9a0b9b872f2679af444f667a6b7f4317bae00950e2fceebd4769f0ff4390de,2f9a0b9b872f2679af444f667a6b7f4317bae00950e2fceebd4769f0ff4390de,105,105
21735,utt_596bfc81a9017f3801fc::p0056-p0057,utt_596bfc81a9017f3801fc::p0056-p0057,430e32119c2c4c0d808bdb9d3d75b752a61e8ce70f6a03ad7114ebec381915db,430e32119c2c4c0d808bdb9d3d75b752a61e8ce70f6a03ad7114ebec381915db,150,150
21735,utt_596bfc81a9017f3801fc::p0058,utt_596bfc81a9017f3801fc::p0058,f16efa5f51d9e3d0a66a2303893f25859796abbc6200fe722c57864c7f7497f8,f16efa5f51d9e3d0a66a2303893f25859796abbc6200fe722c57864c7f7497f8,93,93
21735,utt_596bfc81a9017f3801fc::p0059,utt_596bfc81a9017f3801fc::p0059,0272141164471bce0f5e37a24f49d86bc59ebd779c2f2c839f16484a06d330a3,0272141164471bce0f5e37a24f49d86bc59ebd779c2f2c839f16484a06d330a3,59,59
21735,utt_596bfc81a9017f3801fc::p0060,utt_596bfc81a9017f3801fc::p0060,4e6e757ad6445c09d6e97e44c73932de45272484bc7def711e1f4447bfbb09d5,4e6e757ad6445c09d6e97e44c73932de45272484bc7def711e1f4447bfbb09d5,94,94
21735,utt_596bfc81a9017f3801fc::p0061-p0062,utt_596bfc81a9017f3801fc::p0061-p0062,ac07e0f7b844ffa29f222dd5c66e2da9bdc10c06d5a50350dcafac286fd594e3,ac07e0f7b844ffa29f222dd5c66e2da9bdc10c06d5a50350dcafac286fd594e3,150,150
21735,utt_596bfc81a9017f3801fc::p0063-p0064,utt_596bfc81a9017f3801fc::p0063-p0064,3dc9ff9ad3dbaf6a12b1269f281c617fa797a94ee491103db9a22ec068d6fbaa,3dc9ff9ad3dbaf6a12b1269f281c617fa797a94ee491103db9a22ec068d6fbaa,129,129
21735,utt_596bfc81a9017f3801fc::p0065,utt_596bfc81a9017f3801fc::p0065,8bd642e93aecdc8bea7ed6d9462e96c9cf3ff64ae609a3d7ed09500b9e92af03,8bd642e93aecdc8bea7ed6d9462e96c9cf3ff64ae609a3d7ed09500b9e92af03,78,78
21735,utt_596bfc81a9017f3801fc::p0066,utt_596bfc81a9017f3801fc::p0066,e7d32d70b6d9e2bdbf69a8f75fa600807fac2e6086039dc052ffbeba01c4f8b6,e7d32d70b6d9e2bdbf69a8f75fa600807fac2e6086039dc052ffbeba01c4f8b6,79,79
21735,utt_596bfc81a9017f3801fc::p0067,utt_596bfc81a9017f3801fc::p0067,13ef9c416b8c4b3225a6e18614179510995be036b8316a642699ee8c62e7b254,13ef9c416b8c4b3225a6e18614179510995be036b8316a642699ee8c62e7b254,68,68
21735,utt_596bfc81a9017f3801fc::p0068-p0070,utt_596bfc81a9017f3801fc::p0068-p0070,8031d96b7b541a26f7c56713c0960fb299143e2fed257c22445dcd2ff6dbbd8b,8031d96b7b541a26f7c56713c0960fb299143e2fed257c22445dcd2ff6dbbd8b,116,116
21735,utt_596bfc81a9017f3801fc::p0071-p0072,utt_596bfc81a9017f3801fc::p0071-p0072,381c50db79c5c620b24889d55955cef561d85db0f2e42f9c4867df03bfea3582,381c50db79c5c620b24889d55955cef561d85db0f2e42f9c4867df03bfea3582,116,116
21735,utt_596bfc81a9017f3801fc::p0073,utt_596bfc81a9017f3801fc::p0073,c1d7826373672555685d18305a8df4093dc333cf8a10504558c631ac1980dc8d,c1d7826373672555685d18305a8df4093dc333cf8a10504558c631ac1980dc8d,50,50
21735,utt_596bfc81a9017f3801fc::p0074-p0075,utt_596bfc81a9017f3801fc::p0074-p0075,b563924ab9a222ea79703bdae8da76c7c4143363d06f286a1e31faa3c0646ae6,b563924ab9a222ea79703bdae8da76c7c4143363d06f286a1e31faa3c0646ae6,126,126
21735,utt_596bfc81a9017f3801fc::p0076-p0079,utt_596bfc81a9017f3801fc::p0076-p0079,5b997f690b46c0ffad4bef5f806cf55563257911a8762ff0d2d8c82306fbeadd,5b997f690b46c0ffad4bef5f806cf55563257911a8762ff0d2d8c82306fbeadd,142,142
21735,utt_596bfc81a9017f3801fc::p0080,utt_596bfc81a9017f3801fc::p0080,06411dbcf8392f69771e648aa259032467043e6fa8c61528ae21c4d13701fd4f,06411dbcf8392f69771e648aa259032467043e6fa8c61528ae21c4d13701fd4f,88,88
21735,utt_596bfc81a9017f3801fc::p0081-p0082,utt_596bfc81a9017f3801fc::p0081-p0082,85d9d271c5bf60adfafc45f4942ed29d85a3ea0be5af32c668e47fa96a5f47ea,85d9d271c5bf60adfafc45f4942ed29d85a3ea0be5af32c668e47fa96a5f47ea,65,65
21735,utt_596bfc81a9017f3801fc::p0083,utt_596bfc81a9017f3801fc::p0083,2eb7992e3d122ab0771ebc9ba3497fb9972f68198d41a60ba708fcb480f0718c,2eb7992e3d122ab0771ebc9ba3497fb9972f68198d41a60ba708fcb480f0718c,67,67
21735,utt_596bfc81a9017f3801fc::p0084-p0086,utt_596bfc81a9017f3801fc::p0084-p0086,c3396e9b4240d9b8a7fc9880a81622c3442e7b8bf883fa0938cd2e16666cac5a,c3396e9b4240d9b8a7fc9880a81622c3442e7b8bf883fa0938cd2e16666cac5a,120,120
21735,utt_596bfc81a9017f3801fc::p0087,utt_596bfc81a9017f3801fc::p0087,bfa54929e3c1349e2ab4a5cf9e998cd3ee96208f2d8d576889ea4ebf8eb2c0c3,bfa54929e3c1349e2ab4a5cf9e998cd3ee96208f2d8d576889ea4ebf8eb2c0c3,62,62
21735,utt_596bfc81a9017f3801fc::p0088-p0090,utt_596bfc81a9017f3801fc::p0088-p0091,3517ed528a652768994099cb66ff9131e65a8e4087a09a7e92c0a26d923b4216,1f0eb38ce816bc6cdc872b9c43db55b787446bab99d709bcfd5ea3de25770e3f,149,151
21735,utt_b9111209c009f58bfeee::p0001,utt_b9111209c009f58bfeee::p0001,10c4b9876f7b3ff0533a682cd3e3b15bfc64b4e88d6fc29639273db1267529f1,10c4b9876f7b3ff0533a682cd3e3b15bfc64b4e88d6fc29639273db1267529f1,20,20
21735,utt_9c4261d11ec5709d2c15::p0001-p0005,utt_9c4261d11ec5709d2c15::p0001-p0005,2a96cb206900667edb37641a70bf8a45bd7d778e7ec618f4c8730b341bca63d3,2a96cb206900667edb37641a70bf8a45bd7d778e7ec618f4c8730b341bca63d3,148,148
21735,utt_9c4261d11ec5709d2c15::p0006-p0009,utt_9c4261d11ec5709d2c15::p0006-p0009,ed6048c8abcc6bdb29396a5d3f8cca8e2593b5953291376d25457943bcea3c17,ed6048c8abcc6bdb29396a5d3f8cca8e2593b5953291376d25457943bcea3c17,128,128
21735,utt_9c4261d11ec5709d2c15::p0010-p0012,utt_9c4261d11ec5709d2c15::p0010-p0012,a3d687efdbb0cd40b1078ede17a210296593cbcc5ab6384db155284a43a0682f,a3d687efdbb0cd40b1078ede17a210296593cbcc5ab6384db155284a43a0682f,123,123
21735,utt_9c4261d11ec5709d2c15::p0013-p0016,utt_9c4261d11ec5709d2c15::p0013-p0016,afa1aee7261d5f74ed35f6eb4bd79ec60516ce67a88477f049ab67305c397407,afa1aee7261d5f74ed35f6eb4bd79ec60516ce67a88477f049ab67305c397407,86,86
21735,utt_9c4261d11ec5709d2c15::p0017,utt_9c4261d11ec5709d2c15::p0017,b950fcd426e493c2e41c87c483c027245f5f3e6e14e899d59b5b9e293f01b262,b950fcd426e493c2e41c87c483c027245f5f3e6e14e899d59b5b9e293f01b262,86,86
21735,utt_9c4261d11ec5709d2c15::p0018-p0020,utt_9c4261d11ec5709d2c15::p0018-p0020,e7c46e42b4587b54aaaa59259ccd94daa6ff21504d16879f35ca22d1ff2fc518,e7c46e42b4587b54aaaa59259ccd94daa6ff21504d16879f35ca22d1ff2fc518,143,143
21735,utt_9c4261d11ec5709d2c15::p0021-p0023,utt_9c4261d11ec5709d2c15::p0021-p0023,3631c4ec863770840504ce737dba5e81e859ff1302abb76e6981f1bbfdcecb56,3631c4ec863770840504ce737dba5e81e859ff1302abb76e6981f1bbfdcecb56,139,139
21735,utt_9c4261d11ec5709d2c15::p0024-p0027,utt_9c4261d11ec5709d2c15::p0024-p0027,f11738a1d425b525b0d865fe3a812880c93f5686add3a45b74f35989d277a921,f11738a1d425b525b0d865fe3a812880c93f5686add3a45b74f35989d277a921,132,132
21735,utt_9c4261d11ec5709d2c15::p0028-p0030,utt_9c4261d11ec5709d2c15::p0028-p0030,e897cb2c9169814daee04a4bdf5f44ce6f378170a458337ef1ad486ee026c3bb,e897cb2c9169814daee04a4bdf5f44ce6f378170a458337ef1ad486ee026c3bb,134,134
21735,utt_9c4261d11ec5709d2c15::p0031-p0033,utt_9c4261d11ec5709d2c15::p0031-p0033,251e8e6b8181f4cb95e96ba92191b07bda3b1f5c469a51138bd68e2c4f07bde5,251e8e6b8181f4cb95e96ba92191b07bda3b1f5c469a51138bd68e2c4f07bde5,145,145
21735,utt_9c4261d11ec5709d2c15::p0034-p0037,utt_9c4261d11ec5709d2c15::p0034-p0037,0d375c8dc545c2b2b4c70db8912a33a7bed46ae69500b29606e965ed716207ee,0d375c8dc545c2b2b4c70db8912a33a7bed46ae69500b29606e965ed716207ee,112,112
21735,utt_9c4261d11ec5709d2c15::p0038-p0039,utt_9c4261d11ec5709d2c15::p0038-p0039,3defc77c44ae1abe6b88f13ebaa54ad8c7866dfbc3d19ef01e2d9e6708c4ced0,3defc77c44ae1abe6b88f13ebaa54ad8c7866dfbc3d19ef01e2d9e6708c4ced0,74,74
21735,utt_9c4261d11ec5709d2c15::p0040-p0043,utt_9c4261d11ec5709d2c15::p0040-p0043,b35f6e203930b3d0ba1fae4cbde0cf2a194ba98954cdb3a20ef10effdab2c005,b35f6e203930b3d0ba1fae4cbde0cf2a194ba98954cdb3a20ef10effdab2c005,149,149
21735,utt_9c4261d11ec5709d2c15::p0044-p0046,utt_9c4261d11ec5709d2c15::p0044-p0046,d6e97edbea282085dbcdf811e094d9f483537a8d5d212d2f19918d903a04260d,d6e97edbea282085dbcdf811e094d9f483537a8d5d212d2f19918d903a04260d,123,123
21735,utt_9c4261d11ec5709d2c15::p0047-p0050,utt_9c4261d11ec5709d2c15::p0047-p0050,74bcdde840ed3ced5ede7be63ffc601d71d7eaba45d3e3a7930dec4a3db1fda1,74bcdde840ed3ced5ede7be63ffc601d71d7eaba45d3e3a7930dec4a3db1fda1,142,142
21735,utt_9c4261d11ec5709d2c15::p0051-p0053,utt_9c4261d11ec5709d2c15::p0051-p0053,32a95a997980d67ffc4289c8770ad7b6a9cd333d278f92772534c3d418d8a044,32a95a997980d67ffc4289c8770ad7b6a9cd333d278f92772534c3d418d8a044,68,68
21735,utt_9c4261d11ec5709d2c15::p0054,utt_9c4261d11ec5709d2c15::p0054,b781b82e3f065dbe5a68c8841c15f057e1603fa8cf4476b66156ca215aad1850,b781b82e3f065dbe5a68c8841c15f057e1603fa8cf4476b66156ca215aad1850,83,83
21735,utt_9c4261d11ec5709d2c15::p0055-p0057,utt_9c4261d11ec5709d2c15::p0055-p0057,8cc9477b1ade9781d867ef63978b44a942097f28405767c4f5e63abd65dc40b2,8cc9477b1ade9781d867ef63978b44a942097f28405767c4f5e63abd65dc40b2,128,128
21735,utt_9c4261d11ec5709d2c15::p0058-p0059,utt_9c4261d11ec5709d2c15::p0058-p0059,115d611880e4f5a52fe23d2a363965515eb4bda8f42cd558024b43749acc4292,115d611880e4f5a52fe23d2a363965515eb4bda8f42cd558024b43749acc4292,108,108
21735,utt_9c4261d11ec5709d2c15::p0060-p0062,utt_9c4261d11ec5709d2c15::p0060-p0062,7fcb772ab0b0bc3d492a9860bf9b23fb3d865f8ff73bf896f55a233607f82f09,7fcb772ab0b0bc3d492a9860bf9b23fb3d865f8ff73bf896f55a233607f82f09,131,131
21735,utt_9c4261d11ec5709d2c15::p0063,utt_9c4261d11ec5709d2c15::p0063,e97d2ff25ab069b14e0fb51e538f50e92865b3b2412960b86496c096fcd67d0b,e97d2ff25ab069b14e0fb51e538f50e92865b3b2412960b86496c096fcd67d0b,60,60
21735,utt_9c4261d11ec5709d2c15::p0064-p0066,utt_9c4261d11ec5709d2c15::p0064-p0066,1e628c5857d130d0976a604111aab34c40e31306ba300c39f0b2cfb0727f02e9,1e628c5857d130d0976a604111aab34c40e31306ba300c39f0b2cfb0727f02e9,124,124
21735,utt_9c4261d11ec5709d2c15::p0067-p0068,utt_9c4261d11ec5709d2c15::p0067-p0068,9709b65de48847e2b2ae1c3e9b28dfe3253620443c0ac9512d8678959c49b68a,9709b65de48847e2b2ae1c3e9b28dfe3253620443c0ac9512d8678959c49b68a,122,122
21735,utt_9c4261d11ec5709d2c15::p0069,utt_9c4261d11ec5709d2c15::p0069,6a39b8934c5dadea3c7b818375a7accf24e4b5748b34018ecb9fb8fced07790c,6a39b8934c5dadea3c7b818375a7accf24e4b5748b34018ecb9fb8fced07790c,52,52
21735,utt_9c4261d11ec5709d2c15::p0070,utt_9c4261d11ec5709d2c15::p0070,590e592b97c3b2ba32c85397e6d254622091eace74fcefad6777957438b36141,590e592b97c3b2ba32c85397e6d254622091eace74fcefad6777957438b36141,52,52
21735,utt_9c4261d11ec5709d2c15::p0071,utt_9c4261d11ec5709d2c15::p0071,4feb4825c9b8234d025956fee4e6a73972836c0a066009e3e2271edf0b87e2e7,4feb4825c9b8234d025956fee4e6a73972836c0a066009e3e2271edf0b87e2e7,57,57
21735,utt_9c4261d11ec5709d2c15::p0072,utt_9c4261d11ec5709d2c15::p0072,71bbe609215ec49178d3c813b8e37344891f39d3c373b95992aa023f035f3599,71bbe609215ec49178d3c813b8e37344891f39d3c373b95992aa023f035f3599,50,50
21735,utt_9c4261d11ec5709d2c15::p0073-p0074,utt_9c4261d11ec5709d2c15::p0073-p0074,c5ab4a0aa3487c72f68afdd1a567f6248b71c425b3a0c79f96981965dc5f7a4b,c5ab4a0aa3487c72f68afdd1a567f6248b71c425b3a0c79f96981965dc5f7a4b,95,95
21735,utt_9c4261d11ec5709d2c15::p0075-p0078,utt_9c4261d11ec5709d2c15::p0075-p0078,6746365ba88f26cc09281a40aeefdd06458d8af15d45c84331b2eb3d50a12849,6746365ba88f26cc09281a40aeefdd06458d8af15d45c84331b2eb3d50a12849,133,133
21735,utt_79ab882852be51254a74::p0001-p0004,utt_79ab882852be51254a74::p0001-p0004,b0481d72e8331fd631ff295000d0e06f2d33405132570d6e559f559ac5f81558,b0481d72e8331fd631ff295000d0e06f2d33405132570d6e559f559ac5f81558,137,137
21735,utt_841617153382af697ce5::p0001,utt_841617153382af697ce5::p0001,afb39d19f3fb41a357efcb0153e23d68d84b3e1af81063840f3c057b8877df9c,afb39d19f3fb41a357efcb0153e23d68d84b3e1af81063840f3c057b8877df9c,22,22
21735,utt_9dde2f7395ea0d9f56cd::p0001-p0002,utt_9dde2f7395ea0d9f56cd::p0001-p0002,1007e282e2d580f7c56bbb1c253c856cc570a7435662c8e389e7438f3d783b2b,1007e282e2d580f7c56bbb1c253c856cc570a7435662c8e389e7438f3d783b2b,38,38
21735,utt_9f85714967e31a735e2a::p0001-p0002,utt_9f85714967e31a735e2a::p0001-p0002,ef5bdb5d588b086490126a36ef83cab844ab5fa23c25d370411a06f75955b62b,ef5bdb5d588b086490126a36ef83cab844ab5fa23c25d370411a06f75955b62b,112,112
21735,utt_9f85714967e31a735e2a::p0003-p0004,utt_9f85714967e31a735e2a::p0003-p0004,bafac0183f4cdc87f2016749b788a2661f233234a590f2bd5730400338130c7f,bafac0183f4cdc87f2016749b788a2661f233234a590f2bd5730400338130c7f,98,98
21735,utt_9f85714967e31a735e2a::p0005,utt_9f85714967e31a735e2a::p0005,efca9b5c59c2620241f848bbc1d94b6746fa1094e4f72968c142c43a67a55ccb,efca9b5c59c2620241f848bbc1d94b6746fa1094e4f72968c142c43a67a55ccb,63,63
21735,utt_9f85714967e31a735e2a::p0006-p0007,utt_9f85714967e31a735e2a::p0006-p0007,d167b5516b989cf540955168b094ca7fe2ec4f2413064dcb1e9cd3e89afae0e6,d167b5516b989cf540955168b094ca7fe2ec4f2413064dcb1e9cd3e89afae0e6,73,73
21735,utt_9f85714967e31a735e2a::p0008-p0010,utt_9f85714967e31a735e2a::p0008-p0010,890ec72682119e077eecb38abe1bff4a41e7de9c2f73c0e697bdcd7f38ad2422,890ec72682119e077eecb38abe1bff4a41e7de9c2f73c0e697bdcd7f38ad2422,123,123
21735,utt_9f85714967e31a735e2a::p0011-p0012,utt_9f85714967e31a735e2a::p0011-p0012,9fbd1fa7ac3e34a146a5c3ea2067b1e7af73124e0323a69f67d561c87c9a74e4,9fbd1fa7ac3e34a146a5c3ea2067b1e7af73124e0323a69f67d561c87c9a74e4,122,122
21735,utt_9f85714967e31a735e2a::p0013-p0014,utt_9f85714967e31a735e2a::p0013-p0014,f3dd292108b1b04b9a1348de6e82c2774d4fa25f7653b39f1c3348bb27808bcf,f3dd292108b1b04b9a1348de6e82c2774d4fa25f7653b39f1c3348bb27808bcf,98,98
21735,utt_9f85714967e31a735e2a::p0015-p0016,utt_9f85714967e31a735e2a::p0015-p0016,9b9971a339e2a01a507808450e39bd14d8e6b98296181e36e9f75c5250a2f037,9b9971a339e2a01a507808450e39bd14d8e6b98296181e36e9f75c5250a2f037,122,122
21735,utt_9f85714967e31a735e2a::p0017-p0018,utt_9f85714967e31a735e2a::p0017-p0018,a407d33d9175b727d258a3407601a9e46d136a56547426bfe7d2763073a3cafe,a407d33d9175b727d258a3407601a9e46d136a56547426bfe7d2763073a3cafe,112,112
21735,utt_9f85714967e31a735e2a::p0019,utt_9f85714967e31a735e2a::p0019,8364d04f4623a7975b027ad59664f57aaf69e0211e85cc1908c7f9739ce5964e,8364d04f4623a7975b027ad59664f57aaf69e0211e85cc1908c7f9739ce5964e,62,62
21735,utt_9f85714967e31a735e2a::p0020-p0021,utt_9f85714967e31a735e2a::p0020-p0021,f4dd5ae2f659db6b8dd305a0a1a79e47fa4bf638d21a9735d1f7aaa002ae202e,f4dd5ae2f659db6b8dd305a0a1a79e47fa4bf638d21a9735d1f7aaa002ae202e,114,114
21735,utt_9f85714967e31a735e2a::p0022-p0025,utt_9f85714967e31a735e2a::p0022-p0025,b29e3fc3254e4a7a68a21d6ae183861af9f2b3b3a604ba7f6fab9fab587b81ba,b29e3fc3254e4a7a68a21d6ae183861af9f2b3b3a604ba7f6fab9fab587b81ba,143,143
21735,utt_9f85714967e31a735e2a::p0026-p0030,utt_9f85714967e31a735e2a::p0026-p0030,962f2e15ab3d82111266e50ca80314ef04aa8534fd6db08b0a6ffd8c00726c91,962f2e15ab3d82111266e50ca80314ef04aa8534fd6db08b0a6ffd8c00726c91,140,140
21735,utt_9f85714967e31a735e2a::p0031-p0034,utt_9f85714967e31a735e2a::p0031-p0036,4552caf031402aabb701f6e5757de5af17a35a1b1a626e3bf8f67290dc49846d,0a08937fddd1002fbc267ec628f37bf1bad78c2437709d755cd3b4b3bd11179d,139,157
21735,utt_9f85714967e31a735e2a::p0035-p0036,utt_9f85714967e31a735e2a::p0031-p0036,884171123ddcaf231e4b06686f104e5ba1847e537913a563928abe81f4a72af6,0a08937fddd1002fbc267ec628f37bf1bad78c2437709d755cd3b4b3bd11179d,18,157
21735,utt_8449801ecfe1fa7ea75e::p0001-p0004,utt_8449801ecfe1fa7ea75e::p0001-p0004,acd3b468e4525b3a120156cfa43839e3e87231edd83e49e58dc2d90fab1ce898,acd3b468e4525b3a120156cfa43839e3e87231edd83e49e58dc2d90fab1ce898,136,136
21735,utt_8449801ecfe1fa7ea75e::p0005,utt_8449801ecfe1fa7ea75e::p0005,fec74800a4cb3e6823a4766165fe7260074f194f8071f26a395c356283be8236,fec74800a4cb3e6823a4766165fe7260074f194f8071f26a395c356283be8236,62,62
21735,utt_8449801ecfe1fa7ea75e::p0006,utt_8449801ecfe1fa7ea75e::p0006,c88b5b29b4e4f09f04d52c31a69146a7252d77afa7bb7a7448178f84ca0384f4,c88b5b29b4e4f09f04d52c31a69146a7252d77afa7bb7a7448178f84ca0384f4,67,67
21735,utt_8449801ecfe1fa7ea75e::p0007,utt_8449801ecfe1fa7ea75e::p0007,ad95d720ff72e96f4addb9b3aeaa82a4e8473914079efe0acb3fa9cdf52c6821,ad95d720ff72e96f4addb9b3aeaa82a4e8473914079efe0acb3fa9cdf52c6821,82,82
21735,utt_8449801ecfe1fa7ea75e::p0008-p0009,utt_8449801ecfe1fa7ea75e::p0008-p0009,4e9bc6ed53224ef09e9d19f19af8e38120fd41a2a9e1014bff7f5cb0b94b5f96,4e9bc6ed53224ef09e9d19f19af8e38120fd41a2a9e1014bff7f5cb0b94b5f96,97,97
21735,utt_8449801ecfe1fa7ea75e::p0010-p0013,utt_8449801ecfe1fa7ea75e::p0010-p0013,4b8af31a07929f9a35ca24beeea3b4062766a5a1db4744b941483439b1f72c3f,4b8af31a07929f9a35ca24beeea3b4062766a5a1db4744b941483439b1f72c3f,149,149
21735,utt_8449801ecfe1fa7ea75e::p0014-p0015,utt_8449801ecfe1fa7ea75e::p0014-p0015,2a0646d2e891050f08cd3c9586e695d8970c2492d70f8fcc5fa4f84cd5748640,2a0646d2e891050f08cd3c9586e695d8970c2492d70f8fcc5fa4f84cd5748640,88,88
21735,utt_8449801ecfe1fa7ea75e::p0016-p0017,utt_8449801ecfe1fa7ea75e::p0016-p0017,afa7bc7f2d9f5354e0503472073b1489a18a9fe940ba3f77b31190dcf2393392,afa7bc7f2d9f5354e0503472073b1489a18a9fe940ba3f77b31190dcf2393392,89,89
21735,utt_8449801ecfe1fa7ea75e::p0018-p0019,utt_8449801ecfe1fa7ea75e::p0018-p0019,94aa286627aa98da0530e973664079f5d6c96cc1c2cfa308fa8ae9945b04ee15,94aa286627aa98da0530e973664079f5d6c96cc1c2cfa308fa8ae9945b04ee15,111,111
21735,utt_561a6e3b7f88dbba26e9::p0001-p0004,utt_561a6e3b7f88dbba26e9::p0001-p0004,39f82adf72cb980480481cc5fda185fc2037a38e8878e072963c771af787b24f,39f82adf72cb980480481cc5fda185fc2037a38e8878e072963c771af787b24f,71,71
21735,utt_782d0dcc4e40980f4377::p0001-p0004,utt_782d0dcc4e40980f4377::p0001-p0004,eb573be01952387e209d5ab6ff38cc26279fec0af8cf39b52530d1d69adecda4,eb573be01952387e209d5ab6ff38cc26279fec0af8cf39b52530d1d69adecda4,68,68
21735,utt_c1eee508121cd6662426::p0001-p0002,utt_c1eee508121cd6662426::p0001-p0002,9ed8c56358973c90e33c24ad49ac6b987d710bfc1acbe347bd4c04324661a85c,9ed8c56358973c90e33c24ad49ac6b987d710bfc1acbe347bd4c04324661a85c,11,11
21735,utt_f7c780585b56f4b7092a::p0001-p0002,utt_f7c780585b56f4b7092a::p0001-p0002,635e3e9050ab1ca319df9b738da978509e84f4ab71443f554c6feda2b38bb0a4,635e3e9050ab1ca319df9b738da978509e84f4ab71443f554c6feda2b38bb0a4,10,10
21735,utt_48331ad7599aa037d037::p0001,utt_48331ad7599aa037d037::p0001,f396d836b8a63b590abac61a39a7e1d82c440225fd548ce30826742bfa586f09,f396d836b8a63b590abac61a39a7e1d82c440225fd548ce30826742bfa586f09,7,7
21735,utt_316db73544dd62cea590::p0001,utt_316db73544dd62cea590::p0001,98c5d8a76a9c6c5b3a94324b03e0b98a95632b5ba3764336eb53f014e84feb29,98c5d8a76a9c6c5b3a94324b03e0b98a95632b5ba3764336eb53f014e84feb29,14,14
21735,utt_d2fe7b70a99c0855d1b1::p0001-p0003,utt_d2fe7b70a99c0855d1b1::p0001-p0003,da9637cea3116e70cf4398133eb64a504a2cb54f5c93fe20d7616a45f4a82cd9,da9637cea3116e70cf4398133eb64a504a2cb54f5c93fe20d7616a45f4a82cd9,149,149
21735,utt_d2fe7b70a99c0855d1b1::p0004s001,utt_d2fe7b70a99c0855d1b1::p0004s001,5d4ec7e327012cc7b9651b9dedda631efe862b5e8ab02e81d058348730fc3327,5d4ec7e327012cc7b9651b9dedda631efe862b5e8ab02e81d058348730fc3327,150,150
21735,utt_d2fe7b70a99c0855d1b1::p0004s002-p0007,utt_d2fe7b70a99c0855d1b1::p0004s002-p0007,0af7af19cf30283f249a1b5950f8e83148bed3d41150e4b3527522dcad5b739a,0af7af19cf30283f249a1b5950f8e83148bed3d41150e4b3527522dcad5b739a,100,100
21735,utt_d2fe7b70a99c0855d1b1::p0008,utt_d2fe7b70a99c0855d1b1::p0008,b4ea6de0a6dc64bc03ab04c6060dd872d229746f230af005e056ca75567ced49,b4ea6de0a6dc64bc03ab04c6060dd872d229746f230af005e056ca75567ced49,69,69
21735,utt_73396a942eee978cb2b8::p0001-p0002,utt_73396a942eee978cb2b8::p0001-p0002,51bac8b9080de175934cd822a9ef9afcb7c1556e2ed43bafec432b243febc8f0,51bac8b9080de175934cd822a9ef9afcb7c1556e2ed43bafec432b243febc8f0,74,74
21735,utt_73396a942eee978cb2b8::p0003-p0006,utt_73396a942eee978cb2b8::p0003-p0006,59436d4ab37414cf2e991b74ba26676b02a17586227135174be65256a4a8c738,59436d4ab37414cf2e991b74ba26676b02a17586227135174be65256a4a8c738,133,133
21735,utt_73396a942eee978cb2b8::p0007-p0010,utt_73396a942eee978cb2b8::p0007-p0010,6639d1381ab28c6ffec57649898b0b44bfde5b26ff20d7c2a04783f216c64a7b,6639d1381ab28c6ffec57649898b0b44bfde5b26ff20d7c2a04783f216c64a7b,114,114
21735,utt_73396a942eee978cb2b8::p0011-p0012,utt_73396a942eee978cb2b8::p0011-p0012,7d5ad0707a4b2b067366c04287e24b1dccf1929b1b1f4db30136ad8cd43442e2,7d5ad0707a4b2b067366c04287e24b1dccf1929b1b1f4db30136ad8cd43442e2,94,94
21735,utt_73396a942eee978cb2b8::p0013,utt_73396a942eee978cb2b8::p0013,7b907132d63d0925bc8f5942d73d838dea22035a9d1b1d470507a16640d80073,7b907132d63d0925bc8f5942d73d838dea22035a9d1b1d470507a16640d80073,51,51
21735,utt_73396a942eee978cb2b8::p0014,utt_73396a942eee978cb2b8::p0014,312ff673f4ae48075f420e50351c29c3a2f2cc96b2c399ceca2a9a48b59d1b95,312ff673f4ae48075f420e50351c29c3a2f2cc96b2c399ceca2a9a48b59d1b95,66,66
21735,utt_73396a942eee978cb2b8::p0015-p0017,utt_73396a942eee978cb2b8::p0015-p0017,aee03fc66b95864ff722d79a634e5020e5bdb0bd60209ea02db70e90e4c60f63,aee03fc66b95864ff722d79a634e5020e5bdb0bd60209ea02db70e90e4c60f63,94,94
21735,utt_73396a942eee978cb2b8::p0018-p0020,utt_73396a942eee978cb2b8::p0018-p0020,f321193113c8d47e482faf21898288f74b0d69062f0962b41866603a9869e8a4,f321193113c8d47e482faf21898288f74b0d69062f0962b41866603a9869e8a4,118,118
21735,utt_73396a942eee978cb2b8::p0021-p0024,utt_73396a942eee978cb2b8::p0021-p0024,fc10e62d5f4ae52f80fd8ed1078f81625077c58ee7658f2e2c2f5130c98cfa99,fc10e62d5f4ae52f80fd8ed1078f81625077c58ee7658f2e2c2f5130c98cfa99,123,123
21735,utt_73396a942eee978cb2b8::p0025-p0028,utt_73396a942eee978cb2b8::p0025-p0028,a118200b386ec69b783f3fc876614f5c9c8c66982aecdb92fd3513041e1ecfb8,a118200b386ec69b783f3fc876614f5c9c8c66982aecdb92fd3513041e1ecfb8,140,140
21735,utt_73396a942eee978cb2b8::p0029-p0031,utt_73396a942eee978cb2b8::p0029-p0031,028688d80a7d5b086cc04330c1ccd8bb3c7c391ab65dd96ead7fb46c8ed0dc31,028688d80a7d5b086cc04330c1ccd8bb3c7c391ab65dd96ead7fb46c8ed0dc31,111,111
21735,utt_73396a942eee978cb2b8::p0032-p0035,utt_73396a942eee978cb2b8::p0032-p0035,253f16febb491a04f89a433abf3e428ac44643c72db733324bf17801808a0792,253f16febb491a04f89a433abf3e428ac44643c72db733324bf17801808a0792,62,62
21735,utt_3061f447160b05949b78::p0001,utt_3061f447160b05949b78::p0001,79d823359dfbdcbfde73128ea07df41be50050b9ba7f574333e3d429f356b5ce,79d823359dfbdcbfde73128ea07df41be50050b9ba7f574333e3d429f356b5ce,7,7
21735,utt_e6ab30bfb7059f8c7c4b::p0001,utt_e6ab30bfb7059f8c7c4b::p0001,a094989bbc5049fc45be03e527cf15a1d4e69e303d4581b12a2fa7b86461157b,a094989bbc5049fc45be03e527cf15a1d4e69e303d4581b12a2fa7b86461157b,9,9
21735,utt_68818a559045cb8017c2::p0001-p0003,utt_68818a559045cb8017c2::p0001-p0003,6d5740e0f4bc532d3e6a06d79b457d7ae6891e49c2c15827ee8afc0e15b0bff6,6d5740e0f4bc532d3e6a06d79b457d7ae6891e49c2c15827ee8afc0e15b0bff6,74,74
21735,utt_9b14d4c33acfabede840::p0001-p0003,utt_9b14d4c33acfabede840::p0001-p0003,3b6303e4e65254a4a766f2acea897969ddb6ed8405414b7ebd0b27d67a551e1c,3b6303e4e65254a4a766f2acea897969ddb6ed8405414b7ebd0b27d67a551e1c,35,35
21735,utt_0d7093cf4ece866fa047::p0001,utt_0d7093cf4ece866fa047::p0001,12248c9cb05c19f8e1766579abac350b162039ee717160e252867cbe94a90977,12248c9cb05c19f8e1766579abac350b162039ee717160e252867cbe94a90977,17,17
21735,utt_abd2fde6c5b3de9699c9::p0001-p0003,utt_abd2fde6c5b3de9699c9::p0001-p0003,d7ead7e6758b510be6ee6412fc399a2fa31c30a2cbf48283b40c892f05bfc239,d7ead7e6758b510be6ee6412fc399a2fa31c30a2cbf48283b40c892f05bfc239,101,101
21735,utt_abd2fde6c5b3de9699c9::p0004-p0005,utt_abd2fde6c5b3de9699c9::p0004-p0005,a8ced99ab23b6ad672da725d6bbc4246bdf2e29a618e84e3be63e056e0b38195,a8ced99ab23b6ad672da725d6bbc4246bdf2e29a618e84e3be63e056e0b38195,105,105
21735,utt_abd2fde6c5b3de9699c9::p0006-p0009,utt_abd2fde6c5b3de9699c9::p0006-p0009,3c85bf7ab9b0a031bbaf0fab52d61a50f394e79eaf5494eda913a260f36c4805,3c85bf7ab9b0a031bbaf0fab52d61a50f394e79eaf5494eda913a260f36c4805,144,144
21735,utt_abd2fde6c5b3de9699c9::p0010-p0013,utt_abd2fde6c5b3de9699c9::p0010-p0013,6e75759c837fd7c232984b21e2521886b768785e915382b5632f8fd96134d091,6e75759c837fd7c232984b21e2521886b768785e915382b5632f8fd96134d091,148,148
21735,utt_abd2fde6c5b3de9699c9::p0014-p0018,utt_abd2fde6c5b3de9699c9::p0014-p0018,7a240145bd2e6ce78a70b13c0ed36032c93dd295ec17a93cd674971006097cf2,7a240145bd2e6ce78a70b13c0ed36032c93dd295ec17a93cd674971006097cf2,140,140
21735,utt_abd2fde6c5b3de9699c9::p0019-p0020,utt_abd2fde6c5b3de9699c9::p0019-p0020,cce63c52e7c7bb1cb9dae26df4157f47ebd7c09b6efea829a591acd454ac9bd6,cce63c52e7c7bb1cb9dae26df4157f47ebd7c09b6efea829a591acd454ac9bd6,108,108
21735,utt_abd2fde6c5b3de9699c9::p0021,utt_abd2fde6c5b3de9699c9::p0021,bef63aa3f5cb584f42cf09fe9fde04affefb12a70e4f75f73fbfee3cb7266de5,bef63aa3f5cb584f42cf09fe9fde04affefb12a70e4f75f73fbfee3cb7266de5,61,61
21735,utt_abd2fde6c5b3de9699c9::p0022,utt_abd2fde6c5b3de9699c9::p0022,a4a4fbc5e30f8fafe18d764dbc1e1f73e7f2b8aefa4f7b662c5c237e697c400b,a4a4fbc5e30f8fafe18d764dbc1e1f73e7f2b8aefa4f7b662c5c237e697c400b,64,64
21735,utt_abd2fde6c5b3de9699c9::p0023-p0025,utt_abd2fde6c5b3de9699c9::p0023-p0025,c7fcb4556707dd213e0970351f6f2aca7c3fb542fd972f6420dba6498ed7d760,c7fcb4556707dd213e0970351f6f2aca7c3fb542fd972f6420dba6498ed7d760,137,137
21735,utt_abd2fde6c5b3de9699c9::p0026-p0027,utt_abd2fde6c5b3de9699c9::p0026-p0027,e5320090fcdf68561f02ce8a8eaa28d1af1d0f47514634bacd1e7b2df0f2f76b,e5320090fcdf68561f02ce8a8eaa28d1af1d0f47514634bacd1e7b2df0f2f76b,81,81
21735,utt_abd2fde6c5b3de9699c9::p0028-p0031,utt_abd2fde6c5b3de9699c9::p0028-p0031,62bc2e17e08baa89b4acdcfcb378c6e8c1f34a21cad149ada2181ff57bc1ae8c,62bc2e17e08baa89b4acdcfcb378c6e8c1f34a21cad149ada2181ff57bc1ae8c,134,134
21735,utt_abd2fde6c5b3de9699c9::p0032-p0036,utt_abd2fde6c5b3de9699c9::p0032-p0036,a719aab22662aa842aa802013e867913f63426201b7ff36e5a0dbbcf948bbec7,a719aab22662aa842aa802013e867913f63426201b7ff36e5a0dbbcf948bbec7,134,134
21735,utt_abd2fde6c5b3de9699c9::p0037-p0039,utt_abd2fde6c5b3de9699c9::p0037-p0039,a96f28c58926ab6908657ad68ee8945ab852daf425c22b1bb93dcf6c5c725d45,a96f28c58926ab6908657ad68ee8945ab852daf425c22b1bb93dcf6c5c725d45,134,134
21735,utt_abd2fde6c5b3de9699c9::p0040-p0042,utt_abd2fde6c5b3de9699c9::p0040-p0042,62f764217421048b537904ce3b22b8da66d557af4410466c10b57bed24c49b2a,62f764217421048b537904ce3b22b8da66d557af4410466c10b57bed24c49b2a,114,114
21735,utt_4c46c4cbba99c811d890::p0001-p0002,utt_4c46c4cbba99c811d890::p0001-p0002,50706c0ef156573cb1a7aec2ec4d7cc1151141c1f114992f4bc76e981dd277c2,50706c0ef156573cb1a7aec2ec4d7cc1151141c1f114992f4bc76e981dd277c2,11,11
21735,utt_50e4f393a8ea73550b00::p0001-p0003,utt_50e4f393a8ea73550b00::p0001-p0003,5a2ae560a93afbad3359bba2906d9f86b4eb63010b35503e4436b21e811000ac,5a2ae560a93afbad3359bba2906d9f86b4eb63010b35503e4436b21e811000ac,27,27
21735,utt_93e865f2f721363432ef::p0001-p0003,utt_93e865f2f721363432ef::p0001-p0003,9945de12570536147138562a063402b20e87248083c8e62700a2e2ff1daa5627,9945de12570536147138562a063402b20e87248083c8e62700a2e2ff1daa5627,118,118
21735,utt_93e865f2f721363432ef::p0004-p0009,utt_93e865f2f721363432ef::p0004-p0009,d4726d1adf897817d89c211a8284361bc577f7c9cc897f3ba7a9bb08998f4709,d4726d1adf897817d89c211a8284361bc577f7c9cc897f3ba7a9bb08998f4709,140,140
21735,utt_93e865f2f721363432ef::p0010-p0011,utt_93e865f2f721363432ef::p0010-p0011,8ab1f89df30ffa4a650d2cabcaa981db2f79dc3ba663cd77bbc14b9b382caffd,8ab1f89df30ffa4a650d2cabcaa981db2f79dc3ba663cd77bbc14b9b382caffd,109,109
21735,utt_93e865f2f721363432ef::p0012,utt_93e865f2f721363432ef::p0012,01bcf46268d73c6d05f72dbc244c0507a0065c2f475edaf6169e7be47d19fd7e,01bcf46268d73c6d05f72dbc244c0507a0065c2f475edaf6169e7be47d19fd7e,80,80
21735,utt_93e865f2f721363432ef::p0013-p0016,utt_93e865f2f721363432ef::p0013-p0016,ee9ee1e5b0d6071124e3a48cb1a9bb62ce929e3ff6dec3565ee77cacb23a437e,ee9ee1e5b0d6071124e3a48cb1a9bb62ce929e3ff6dec3565ee77cacb23a437e,142,142
21735,utt_93e865f2f721363432ef::p0017-p0019,utt_93e865f2f721363432ef::p0017-p0019,d3cafc8e12a0c6384fa66345ef6c1cbf44147c99f10c77c4bf996f9eddee798e,d3cafc8e12a0c6384fa66345ef6c1cbf44147c99f10c77c4bf996f9eddee798e,99,99
21735,utt_93e865f2f721363432ef::p0020-p0021,utt_93e865f2f721363432ef::p0020-p0021,24416f07b19a691a8bf36da0bf3eb6466eeccaa40318cd1ed07eead3d293ae46,24416f07b19a691a8bf36da0bf3eb6466eeccaa40318cd1ed07eead3d293ae46,117,117
21735,utt_93e865f2f721363432ef::p0022,utt_93e865f2f721363432ef::p0022,67c15b2b09b8fe66411351bf3468d3440d326eb023946bafd19d7d9e98d95f14,67c15b2b09b8fe66411351bf3468d3440d326eb023946bafd19d7d9e98d95f14,110,110
21735,utt_93e865f2f721363432ef::p0023-p0024,utt_93e865f2f721363432ef::p0023-p0026,3ea2c2f4d83eb737f5d1881fb8b9e6c6ea97549573c0356137dbabd26264e1d3,bf5d4e6ef1dad60d933c476c991d6069ac7433981048264f2ca6ade5a71b6ab0,150,161
21735,utt_93e865f2f721363432ef::p0025-p0026,utt_93e865f2f721363432ef::p0023-p0026,529a4b934e3e8c744b9125b786261bfe0bb94a373dca82b16d46a102f9eeede3,bf5d4e6ef1dad60d933c476c991d6069ac7433981048264f2ca6ade5a71b6ab0,11,161
21735,utt_4e0be1a6e74afe8f8f23::p0001,utt_4e0be1a6e74afe8f8f23::p0001,732e5b1b7ade8047790057f82e882911f9d8403bfc8207746d3308f605ba6a46,732e5b1b7ade8047790057f82e882911f9d8403bfc8207746d3308f605ba6a46,5,5
21735,utt_1470daf286825eff174a::p0001-p0002,utt_1470daf286825eff174a::p0001-p0002,705dab25b87dda42f21a08338454c38eb74b5756069bc99895dab3a88b7ed556,705dab25b87dda42f21a08338454c38eb74b5756069bc99895dab3a88b7ed556,20,20
21735,utt_636f3758ee19353a3265::p0001,utt_636f3758ee19353a3265::p0001,2f694fea09cfd58ffb8bf7a087eafe504111291706a6b7e2cc94d02d63b06e48,2f694fea09cfd58ffb8bf7a087eafe504111291706a6b7e2cc94d02d63b06e48,31,31
21735,utt_0752a4c422939af838a1::p0001-p0004,utt_0752a4c422939af838a1::p0001-p0004,1808cc58ae90b55deee35740c6f62cb50fb0343bea714e6e30d0ff809febc3d2,1808cc58ae90b55deee35740c6f62cb50fb0343bea714e6e30d0ff809febc3d2,141,141
21735,utt_0752a4c422939af838a1::p0005-p0006,utt_0752a4c422939af838a1::p0005-p0006,906d816fd2f34d482f8374069b5cebdf08fc08954940a00feef97ee08eb98021,906d816fd2f34d482f8374069b5cebdf08fc08954940a00feef97ee08eb98021,78,78
21735,utt_0752a4c422939af838a1::p0007,utt_0752a4c422939af838a1::p0007,81b0b873b366609a1649fc12f1be991e27e735d8418daf98be0b3135bb1d6d1c,81b0b873b366609a1649fc12f1be991e27e735d8418daf98be0b3135bb1d6d1c,98,98
21735,utt_0752a4c422939af838a1::p0008-p0010,utt_0752a4c422939af838a1::p0008-p0010,55d082470ae891cbe75e4771530595cbf254ac3ff2d8bfed35b2c200e581b993,55d082470ae891cbe75e4771530595cbf254ac3ff2d8bfed35b2c200e581b993,101,101
21735,utt_0752a4c422939af838a1::p0011,utt_0752a4c422939af838a1::p0011,ff868d880f8434d88f642f1f3fbf44a1d6bb8ecf0c712490d02e152b347861f2,ff868d880f8434d88f642f1f3fbf44a1d6bb8ecf0c712490d02e152b347861f2,56,56
21735,utt_0752a4c422939af838a1::p0012,utt_0752a4c422939af838a1::p0012,a08516414809510b0134d96135e70f556e817dff3f4ab04ec7c1252417fdeb4c,a08516414809510b0134d96135e70f556e817dff3f4ab04ec7c1252417fdeb4c,60,60
21735,utt_0752a4c422939af838a1::p0013-p0015,utt_0752a4c422939af838a1::p0013-p0015,cb0f7d688e4f0de00b12005e6e2b7cf6b2dd1a79e25499203541d1149f98bfe4,cb0f7d688e4f0de00b12005e6e2b7cf6b2dd1a79e25499203541d1149f98bfe4,133,133
21735,utt_0752a4c422939af838a1::p0016-p0018,utt_0752a4c422939af838a1::p0016-p0018,b71a428c43cdc4f88feb4467aa2981061a92f978e4f3b2ef29579e1b26ddf90e,b71a428c43cdc4f88feb4467aa2981061a92f978e4f3b2ef29579e1b26ddf90e,150,150
21735,utt_0752a4c422939af838a1::p0019-p0021,utt_0752a4c422939af838a1::p0019-p0021,4de272cc4fa7ac523d3356f1e38c8ee17b94ffc569a95bddc8c8bb472dd100ad,4de272cc4fa7ac523d3356f1e38c8ee17b94ffc569a95bddc8c8bb472dd100ad,137,137
21735,utt_0752a4c422939af838a1::p0022-p0024,utt_0752a4c422939af838a1::p0022-p0024,9dc20d12536ae98f7fec53150575b63b445fb56c3609be637b2c022fffa30163,9dc20d12536ae98f7fec53150575b63b445fb56c3609be637b2c022fffa30163,126,126
21735,utt_0752a4c422939af838a1::p0025-p0026,utt_0752a4c422939af838a1::p0025-p0026,e62434f0dee709d31f9b72cd8450bb67221df169ce53ff9ca97a14cf2d30c19b,e62434f0dee709d31f9b72cd8450bb67221df169ce53ff9ca97a14cf2d30c19b,96,96
21735,utt_0752a4c422939af838a1::p0027-p0029,utt_0752a4c422939af838a1::p0027-p0029,292226fc0eaf82de26816ec13f20e7ece551bd28e28282c21ca8949136fb79d3,292226fc0eaf82de26816ec13f20e7ece551bd28e28282c21ca8949136fb79d3,132,132
21735,utt_0752a4c422939af838a1::p0030,utt_0752a4c422939af838a1::p0030,42a3d99cc617a35e47dd3102cce4aee6f5ad821164a8ef87479c24d715302831,42a3d99cc617a35e47dd3102cce4aee6f5ad821164a8ef87479c24d715302831,58,58
21735,utt_5b072a8761eaaeb69a95::p0001-p0005,utt_5b072a8761eaaeb69a95::p0001-p0005,6aec1b1c05efc9a3cab43a5274173a8b3a0c197a8c920824a97a23cf6a39f0ac,6aec1b1c05efc9a3cab43a5274173a8b3a0c197a8c920824a97a23cf6a39f0ac,145,145
21735,utt_9464c1dfb2faf889340f::p0001,utt_9464c1dfb2faf889340f::p0001,026210d0faf910bf105595662dae7ac904c4d41ef3ab6c73d70b25970bc42646,026210d0faf910bf105595662dae7ac904c4d41ef3ab6c73d70b25970bc42646,5,5
21735,utt_7ef74fea8d4bedec109c::p0001,utt_7ef74fea8d4bedec109c::p0001,a7eb42f026a549523804daf156387ae710a9ce34565e34008b6ce02dcce3bdc5,a7eb42f026a549523804daf156387ae710a9ce34565e34008b6ce02dcce3bdc5,50,50
21735,utt_7ef74fea8d4bedec109c::p0002-p0004,utt_7ef74fea8d4bedec109c::p0002-p0004,adc561d1ceb0c75c660ea151d834dca84eb0daa2c23c689f761771579f1b645b,adc561d1ceb0c75c660ea151d834dca84eb0daa2c23c689f761771579f1b645b,146,146
21735,utt_7ef74fea8d4bedec109c::p0005-p0007,utt_7ef74fea8d4bedec109c::p0005-p0007,a547e19f4c6efff88f4712d5630af57a7dd9e9b093c6b6cd11e56f0ac5020997,a547e19f4c6efff88f4712d5630af57a7dd9e9b093c6b6cd11e56f0ac5020997,150,150
21735,utt_7ef74fea8d4bedec109c::p0008-p0011,utt_7ef74fea8d4bedec109c::p0008-p0011,22f503dc2979791eba253892f7317c3548425e7301351c13de441a0b06eb4fb0,22f503dc2979791eba253892f7317c3548425e7301351c13de441a0b06eb4fb0,115,115
21735,utt_7ef74fea8d4bedec109c::p0012,utt_7ef74fea8d4bedec109c::p0012,db67f75825dec71621bbe601c52abe2719660f57fb3a9b9e626c27ae4dad367b,db67f75825dec71621bbe601c52abe2719660f57fb3a9b9e626c27ae4dad367b,60,60
21735,utt_7ef74fea8d4bedec109c::p0013-p0016,utt_7ef74fea8d4bedec109c::p0013-p0016,4835c8bae3b6a519a9001a9b9d23c4a5301be93074ffafc05e4a875d06aa9715,4835c8bae3b6a519a9001a9b9d23c4a5301be93074ffafc05e4a875d06aa9715,142,142
21735,utt_7ef74fea8d4bedec109c::p0017-p0019,utt_7ef74fea8d4bedec109c::p0017-p0019,8f40282f960219ac8b10eb6b2ac26f163f5ebc8fbe8147f976ce0cfaa0f2ed15,8f40282f960219ac8b10eb6b2ac26f163f5ebc8fbe8147f976ce0cfaa0f2ed15,76,76
21735,utt_7ef74fea8d4bedec109c::p0020,utt_7ef74fea8d4bedec109c::p0020,760db9e348e22cce10c79e1117c731c6c325429bbaa68eb7ab130f9d73a3fc05,760db9e348e22cce10c79e1117c731c6c325429bbaa68eb7ab130f9d73a3fc05,81,81
21735,utt_7ef74fea8d4bedec109c::p0021,utt_7ef74fea8d4bedec109c::p0021,a10281ad40a681c747e3474c2a34c49c640c539a41f582553b16ffa2fa38198f,a10281ad40a681c747e3474c2a34c49c640c539a41f582553b16ffa2fa38198f,60,60
21735,utt_7ef74fea8d4bedec109c::p0022-p0023,utt_7ef74fea8d4bedec109c::p0022-p0023,bcca61dc6ae6c398554caa88d2d1793471b66bb88e70ae2a19ffce9208057e2d,bcca61dc6ae6c398554caa88d2d1793471b66bb88e70ae2a19ffce9208057e2d,94,94
21735,utt_7ef74fea8d4bedec109c::p0024,utt_7ef74fea8d4bedec109c::p0024,b54d6d227c27d4f683462104070aa33a74545c6e1af76f6a402651e9c8cd2340,b54d6d227c27d4f683462104070aa33a74545c6e1af76f6a402651e9c8cd2340,86,86
21735,utt_7ef74fea8d4bedec109c::p0025-p0026,utt_7ef74fea8d4bedec109c::p0025-p0026,7eabcbba4a03a254c2748390aa5209e9a209117c9325d0d091129efd404ea3c8,7eabcbba4a03a254c2748390aa5209e9a209117c9325d0d091129efd404ea3c8,126,126
21735,utt_7ef74fea8d4bedec109c::p0027-p0028,utt_7ef74fea8d4bedec109c::p0027-p0028,2f6d9211ed3b005f04943b13929eea0c9af7fc0aea58dfae40630c1e20e26254,2f6d9211ed3b005f04943b13929eea0c9af7fc0aea58dfae40630c1e20e26254,86,86
21735,utt_7ef74fea8d4bedec109c::p0029-p0034,utt_7ef74fea8d4bedec109c::p0029-p0034,0f08842e55ccf6dd9a8250ea12d0d2686a779c41a84a6a7f73c041835590cc48,0f08842e55ccf6dd9a8250ea12d0d2686a779c41a84a6a7f73c041835590cc48,142,142
21735,utt_58f873229d552ba7bb6c::p0001-p0002,utt_58f873229d552ba7bb6c::p0001-p0002,c4057c52201affadfdb2f534f433243ad3e10b5d6d18ddcc30a4b980d4fdd6d3,c4057c52201affadfdb2f534f433243ad3e10b5d6d18ddcc30a4b980d4fdd6d3,19,19
21735,utt_e381d664d3bac8b874ed::p0001-p0004,utt_e381d664d3bac8b874ed::p0001-p0004,6e77e0eb412e1b3c9f3053a4f4666d93e96bb9c79a9daf11345949a80aea3356,6e77e0eb412e1b3c9f3053a4f4666d93e96bb9c79a9daf11345949a80aea3356,120,120
21735,utt_e381d664d3bac8b874ed::p0005-p0006,utt_e381d664d3bac8b874ed::p0005-p0006,127ebdea206f36582841198503f0a6a16d4aa961369dad373ff04994b3ef34c4,127ebdea206f36582841198503f0a6a16d4aa961369dad373ff04994b3ef34c4,128,128
21735,utt_e381d664d3bac8b874ed::p0007,utt_e381d664d3bac8b874ed::p0007,9e34ce6d6ef95f9587a1d5a39d952b96923dc21d1b6108ff91382dd9c28d5211,9e34ce6d6ef95f9587a1d5a39d952b96923dc21d1b6108ff91382dd9c28d5211,83,83
21735,utt_e381d664d3bac8b874ed::p0008,utt_e381d664d3bac8b874ed::p0008,e9c2824cd983ebc4f1b308bb378eb25de8a4cc84343d66ee2f422fdb0a75d532,e9c2824cd983ebc4f1b308bb378eb25de8a4cc84343d66ee2f422fdb0a75d532,50,50
21735,utt_e381d664d3bac8b874ed::p0009,utt_e381d664d3bac8b874ed::p0009,0e0ffdac4fcc69b664ce530d5f6a3c5a6f15c8157e3763b4a5734c9613cb3735,0e0ffdac4fcc69b664ce530d5f6a3c5a6f15c8157e3763b4a5734c9613cb3735,78,78
21735,utt_e381d664d3bac8b874ed::p0010,utt_e381d664d3bac8b874ed::p0010,c18834cc48d8215a6acd2ef723fe53ffcbe8b4c5b69edf47018cc6c8a0ac3c48,c18834cc48d8215a6acd2ef723fe53ffcbe8b4c5b69edf47018cc6c8a0ac3c48,55,55
21735,utt_e381d664d3bac8b874ed::p0011,utt_e381d664d3bac8b874ed::p0011,160b059265fb70d81fb9222060a923a1aa2332f19a1bf09c10862f94880b9cc3,160b059265fb70d81fb9222060a923a1aa2332f19a1bf09c10862f94880b9cc3,64,64
21735,utt_e381d664d3bac8b874ed::p0012-p0013,utt_e381d664d3bac8b874ed::p0012-p0013,a444391344febc1c98a6d105ffa4a53fbad76f3a1811d137cf644fe5da392ccd,a444391344febc1c98a6d105ffa4a53fbad76f3a1811d137cf644fe5da392ccd,112,112
21735,utt_e381d664d3bac8b874ed::p0014-p0015,utt_e381d664d3bac8b874ed::p0014-p0015,d2fead1692caa57391ebefaedf768ef5d876bbef7f3e2de4e23f4f075c43d94c,d2fead1692caa57391ebefaedf768ef5d876bbef7f3e2de4e23f4f075c43d94c,98,98
21735,utt_e381d664d3bac8b874ed::p0016-p0017,utt_e381d664d3bac8b874ed::p0016-p0017,ef1c7700b2dfa5f7f6707deef9e70a5ce0702b4026f11853943594452716a857,ef1c7700b2dfa5f7f6707deef9e70a5ce0702b4026f11853943594452716a857,56,56
21735,utt_e381d664d3bac8b874ed::p0018-p0019,utt_e381d664d3bac8b874ed::p0018-p0019,c9c78975ed8a8a3e7f24acc7168b21fb763ff67154fc712940995e4b0db96192,c9c78975ed8a8a3e7f24acc7168b21fb763ff67154fc712940995e4b0db96192,102,102
21735,utt_f9a12be6ade31954e98d::p0001-p0006,utt_f9a12be6ade31954e98d::p0001-p0006,74da1d9149ac0e84e0e37a2668d26a85519e20fcc270ab9f7971d1eabdb4380f,74da1d9149ac0e84e0e37a2668d26a85519e20fcc270ab9f7971d1eabdb4380f,143,143
21735,utt_086d23b11d52e1c3a9cd::p0001-p0002,utt_086d23b11d52e1c3a9cd::p0001-p0002,b659427affcccd1fe1ac3dbd22406a897ec2a00c993f350edb9690104959ff7b,b659427affcccd1fe1ac3dbd22406a897ec2a00c993f350edb9690104959ff7b,21,21
21735,utt_20b6c2b7f87e5dea5653::p0001-p0003,utt_20b6c2b7f87e5dea5653::p0001-p0003,8ec6a3089607e5499929fd5734dc8862ef41ee219ae54ae3a59d8ac8e982b8be,8ec6a3089607e5499929fd5734dc8862ef41ee219ae54ae3a59d8ac8e982b8be,96,96
21735,utt_20b6c2b7f87e5dea5653::p0004,utt_20b6c2b7f87e5dea5653::p0004,1fc580fa89422109fd895c6dbca9aefdada7485ed5d55ba873b40ab6b94f0e23,1fc580fa89422109fd895c6dbca9aefdada7485ed5d55ba873b40ab6b94f0e23,81,81
21735,utt_20b6c2b7f87e5dea5653::p0005,utt_20b6c2b7f87e5dea5653::p0005,aa8c8b45a009a62fdefb92d72ffad85271e1ee812abff3b2241e61b830bbd79c,aa8c8b45a009a62fdefb92d72ffad85271e1ee812abff3b2241e61b830bbd79c,66,66
21735,utt_20b6c2b7f87e5dea5653::p0006-p0009,utt_20b6c2b7f87e5dea5653::p0006-p0009,bc27a0665f7bab7a9d14d2a822855ad65431b5224a0e7c97ef45dd534bbec49c,bc27a0665f7bab7a9d14d2a822855ad65431b5224a0e7c97ef45dd534bbec49c,125,125
21735,utt_20b6c2b7f87e5dea5653::p0010-p0011,utt_20b6c2b7f87e5dea5653::p0010-p0011,961790d91bc31a77602fe0b386744002adc5f6dad5822e73365f5895f7ca63bc,961790d91bc31a77602fe0b386744002adc5f6dad5822e73365f5895f7ca63bc,69,69
21735,utt_20b6c2b7f87e5dea5653::p0012-p0013,utt_20b6c2b7f87e5dea5653::p0012-p0013,678dcf73984c9b77f01dbf59dd98e88f56aa62f445ecca030a22ae8ff42ecbb6,678dcf73984c9b77f01dbf59dd98e88f56aa62f445ecca030a22ae8ff42ecbb6,148,148
21735,utt_20b6c2b7f87e5dea5653::p0014-p0017,utt_20b6c2b7f87e5dea5653::p0014-p0017,18085ebc3f011438d872035e2d1d8e4626cd326dd53e8e893f37dc5defbc1732,18085ebc3f011438d872035e2d1d8e4626cd326dd53e8e893f37dc5defbc1732,120,120
21735,utt_20b6c2b7f87e5dea5653::p0018,utt_20b6c2b7f87e5dea5653::p0018,4327fc8ed01570587be745dbe5bf75885ede6c2f38598eac6a7164f098518c32,4327fc8ed01570587be745dbe5bf75885ede6c2f38598eac6a7164f098518c32,76,76
21735,utt_20b6c2b7f87e5dea5653::p0019,utt_20b6c2b7f87e5dea5653::p0019,d8c88fa93d07dfa824401725910a0185cd18e62daab6bb445d2f3beb91e5b499,d8c88fa93d07dfa824401725910a0185cd18e62daab6bb445d2f3beb91e5b499,121,121
21735,utt_20b6c2b7f87e5dea5653::p0020-p0021,utt_20b6c2b7f87e5dea5653::p0020-p0021,65fdd9b1d218b6eeef5851e63c97748dce239c84410acd10d0237256f70833b5,65fdd9b1d218b6eeef5851e63c97748dce239c84410acd10d0237256f70833b5,82,82
21735,utt_402c97d58baa849dfca9::p0001,utt_402c97d58baa849dfca9::p0001,dd5ae54be5ead82c2e25b877725ddb80631df9a943f12dca72c7d507fe905373,dd5ae54be5ead82c2e25b877725ddb80631df9a943f12dca72c7d507fe905373,6,6
21735,utt_acb02b9d419464dccc57::p0001-p0006,utt_acb02b9d419464dccc57::p0001-p0006,9fb2df7926ee536d5d516c2f2ad44ae9da651ccd33cf2c5a01386cd94bc6bad4,9fb2df7926ee536d5d516c2f2ad44ae9da651ccd33cf2c5a01386cd94bc6bad4,144,144
21735,utt_acb02b9d419464dccc57::p0007-p0009,utt_acb02b9d419464dccc57::p0007-p0009,fc3a87f3442c78278c413353017fc173e8ae28e7113686ab9bb44250b8ff954c,fc3a87f3442c78278c413353017fc173e8ae28e7113686ab9bb44250b8ff954c,146,146
21735,utt_46b44b31959ed7d93269::p0001,utt_46b44b31959ed7d93269::p0001,11b821f0ffd41f5b829816555170c90ebc1cae77262aab3693de0af6c1576870,11b821f0ffd41f5b829816555170c90ebc1cae77262aab3693de0af6c1576870,18,18
21735,utt_4389d9d793ea3e8c57b1::p0001-p0003,utt_4389d9d793ea3e8c57b1::p0001-p0003,71e9a83470862db42638b8638654164611062261bb737f843b51dbbdaec2eabf,71e9a83470862db42638b8638654164611062261bb737f843b51dbbdaec2eabf,98,98
21735,utt_4389d9d793ea3e8c57b1::p0004,utt_4389d9d793ea3e8c57b1::p0004,5f8de71a64446a9e3f295da022646a976385bdbecba463eb6b8e266753288f70,5f8de71a64446a9e3f295da022646a976385bdbecba463eb6b8e266753288f70,91,91
21735,utt_4389d9d793ea3e8c57b1::p0005,utt_4389d9d793ea3e8c57b1::p0005,e637ab038f712966564b1a739ec3abebe4d0e4f62f79400a81d31975d831fe7c,e637ab038f712966564b1a739ec3abebe4d0e4f62f79400a81d31975d831fe7c,51,51
21735,utt_4389d9d793ea3e8c57b1::p0006-p0008,utt_4389d9d793ea3e8c57b1::p0006-p0008,422e09fd07a01bfa35618b35a501c633a4c18753ee299084bc0f7d01e69a5e6e,422e09fd07a01bfa35618b35a501c633a4c18753ee299084bc0f7d01e69a5e6e,96,96
21735,utt_4389d9d793ea3e8c57b1::p0009-p0011,utt_4389d9d793ea3e8c57b1::p0009-p0011,daf6de070bcd80cab257bba0f22ec04b3ed268eb8cca1c474b738fb23af33c98,daf6de070bcd80cab257bba0f22ec04b3ed268eb8cca1c474b738fb23af33c98,137,137
21735,utt_4389d9d793ea3e8c57b1::p0012-p0015,utt_4389d9d793ea3e8c57b1::p0012-p0015,dcfab7f1396fcbc1df1525bc4deea20ca2ad37e873004d117b3cc26b32e6b9fc,dcfab7f1396fcbc1df1525bc4deea20ca2ad37e873004d117b3cc26b32e6b9fc,133,133
21735,utt_4389d9d793ea3e8c57b1::p0016-p0018,utt_4389d9d793ea3e8c57b1::p0016-p0018,884eeb672c7ab13f47c1a5259c250f8879a7bf9277f1c68fc97f56e5709a2029,884eeb672c7ab13f47c1a5259c250f8879a7bf9277f1c68fc97f56e5709a2029,117,117
21735,utt_4389d9d793ea3e8c57b1::p0019-p0021,utt_4389d9d793ea3e8c57b1::p0019-p0021,6d75776510a60a5e021f8039d7f7f165d5d7f77ff7e5e943be9d052573d5a004,6d75776510a60a5e021f8039d7f7f165d5d7f77ff7e5e943be9d052573d5a004,141,141
21735,utt_4389d9d793ea3e8c57b1::p0022-p0024,utt_4389d9d793ea3e8c57b1::p0022-p0024,d0935b68fd109a864a2d4474269c69d2004b05acf5c89110c81bf7190f0097fc,d0935b68fd109a864a2d4474269c69d2004b05acf5c89110c81bf7190f0097fc,140,140
21735,utt_4389d9d793ea3e8c57b1::p0025-p0028,utt_4389d9d793ea3e8c57b1::p0025-p0028,871ae6941a49df8a4da5077d1f42bc116db9f6c6a98cb6506c2b03cd32ae588d,871ae6941a49df8a4da5077d1f42bc116db9f6c6a98cb6506c2b03cd32ae588d,135,135
21735,utt_4389d9d793ea3e8c57b1::p0029-p0031,utt_4389d9d793ea3e8c57b1::p0029-p0031,ee4ba76519fbe1a37f28f33c05e88d757ebc2c62bf2e30581f9c5eb147b22c8a,ee4ba76519fbe1a37f28f33c05e88d757ebc2c62bf2e30581f9c5eb147b22c8a,94,94
21735,utt_a70c50ea699ba04137de::p0001-p0003,utt_a70c50ea699ba04137de::p0001-p0003,a474f6ce15fbf9c1d4e4367b0049cc5bf5f4de01edd012daa99d0b8f07b91e30,a474f6ce15fbf9c1d4e4367b0049cc5bf5f4de01edd012daa99d0b8f07b91e30,107,107
21735,utt_a70c50ea699ba04137de::p0004,utt_a70c50ea699ba04137de::p0004,9b2890cb9100118f078c3ec341af15550b2d7233ad1d8ff17797d45d30c04e2d,9b2890cb9100118f078c3ec341af15550b2d7233ad1d8ff17797d45d30c04e2d,59,59
21735,utt_3c3c419e0460c7ba57b6::p0001-p0003,utt_3c3c419e0460c7ba57b6::p0001-p0003,c4c975f2e3945f1757391ac683bc3c94a38693583a979103fe0dcc5be018b9c6,c4c975f2e3945f1757391ac683bc3c94a38693583a979103fe0dcc5be018b9c6,55,55
21735,utt_86e2a3ccdc572613d448::p0001-p0002,utt_86e2a3ccdc572613d448::p0001-p0002,54a38267147e092362ff7a9aea9dc2dbd8bcda86ba105c433c8e8b8da73ab1e9,54a38267147e092362ff7a9aea9dc2dbd8bcda86ba105c433c8e8b8da73ab1e9,12,12
21735,utt_dea8c6bdb6983cc7bd2f::p0001-p0003,utt_dea8c6bdb6983cc7bd2f::p0001-p0003,9387a940745a89336a95862c9b429b5d1331cda2f84ab38a667a459ffc574740,9387a940745a89336a95862c9b429b5d1331cda2f84ab38a667a459ffc574740,42,42
21735,utt_373bb891d33bc3a5f59a::p0001,utt_373bb891d33bc3a5f59a::p0001,ab90a6bb0530ed6ddd108b335ee21d6f34b722554e38039a5c6b929c35281680,ab90a6bb0530ed6ddd108b335ee21d6f34b722554e38039a5c6b929c35281680,16,16
21735,utt_cf3d22e28cdd95dd200d::p0001-p0005,utt_cf3d22e28cdd95dd200d::p0001-p0005,25efa517e8edd78c2f6042efc35e2766c45f118ecea9864711b1cf7cd4d80e6d,25efa517e8edd78c2f6042efc35e2766c45f118ecea9864711b1cf7cd4d80e6d,141,141
21735,utt_cf3d22e28cdd95dd200d::p0006-p0008,utt_cf3d22e28cdd95dd200d::p0006-p0008,ed9106ecff447b5e8aaa120494e8f34ac17b9d5772436630b3ad46289d434057,ed9106ecff447b5e8aaa120494e8f34ac17b9d5772436630b3ad46289d434057,138,138
21735,utt_cf3d22e28cdd95dd200d::p0009-p0013,utt_cf3d22e28cdd95dd200d::p0009-p0013,c0766a490944ba757e3dfac5c03e28bbc86e180253ce6a7c5239b7a0eaaf1cf3,c0766a490944ba757e3dfac5c03e28bbc86e180253ce6a7c5239b7a0eaaf1cf3,147,147
21735,utt_cf3d22e28cdd95dd200d::p0014-p0019,utt_cf3d22e28cdd95dd200d::p0014-p0019,315b41a9093e08ce4cfe58c5c4da0f01087c306477d1d9a73e70bb04fa5623c4,315b41a9093e08ce4cfe58c5c4da0f01087c306477d1d9a73e70bb04fa5623c4,128,128
21735,utt_cf3d22e28cdd95dd200d::p0020-p0023,utt_cf3d22e28cdd95dd200d::p0020-p0023,9ac989ea96100a3761685fad340221bdf149501a5b9958c1c402f2bf2cb8bd13,9ac989ea96100a3761685fad340221bdf149501a5b9958c1c402f2bf2cb8bd13,135,135
21735,utt_cf3d22e28cdd95dd200d::p0024-p0026,utt_cf3d22e28cdd95dd200d::p0024-p0026,a3ad4be9b5c55e87433fada7db9a344fff380794d443869eb7d52bffa7806c47,a3ad4be9b5c55e87433fada7db9a344fff380794d443869eb7d52bffa7806c47,111,111
21735,utt_cf3d22e28cdd95dd200d::p0027-p0031,utt_cf3d22e28cdd95dd200d::p0027-p0031,ba912b5ab3fa10143dd47df755883d1c2ba9912e34cd076c1f2a78fa3b6edf03,ba912b5ab3fa10143dd47df755883d1c2ba9912e34cd076c1f2a78fa3b6edf03,146,146
21735,utt_cf3d22e28cdd95dd200d::p0032-p0033,utt_cf3d22e28cdd95dd200d::p0032-p0033,369b8872aff6ba4508620e1da9cdac19086a22f4dbd8ad5663cfd28cc5e2f6eb,369b8872aff6ba4508620e1da9cdac19086a22f4dbd8ad5663cfd28cc5e2f6eb,67,67
21735,utt_2bfb97692d0e5c7b5a89::p0001-p0009,utt_2bfb97692d0e5c7b5a89::p0001-p0009,4980af9e6c8f527cdf6ed8824600c1756b847d3a81c29a3490ed4e26eaa438e8,4980af9e6c8f527cdf6ed8824600c1756b847d3a81c29a3490ed4e26eaa438e8,147,147
21735,utt_2bfb97692d0e5c7b5a89::p0010-p0013,utt_2bfb97692d0e5c7b5a89::p0010-p0013,02f9a42e3fb278158d5108111b8ede7d1912f115c31cbbf949a2a4c9e89862e8,02f9a42e3fb278158d5108111b8ede7d1912f115c31cbbf949a2a4c9e89862e8,55,55
21735,utt_60181d0656b756b89f05::p0001,utt_60181d0656b756b89f05::p0001,ce2949002e92594ca4ba6b9abcdba8796208e8ebec3d0528c0126c31afea9fe5,ce2949002e92594ca4ba6b9abcdba8796208e8ebec3d0528c0126c31afea9fe5,5,5
21735,utt_5be0b196148586b00476::p0001-p0002,utt_5be0b196148586b00476::p0001-p0002,77bebf1cffced6fccb45fc23065c72d20fd12e00304055dac209aa5d2ddbcaac,77bebf1cffced6fccb45fc23065c72d20fd12e00304055dac209aa5d2ddbcaac,16,16
21735,utt_041992feb46a3e202d78::p0001-p0007,utt_041992feb46a3e202d78::p0001-p0007,3c3423cfef923295678d3f6da9746583dba18f74a3b5726eefe4e052b95e1575,3c3423cfef923295678d3f6da9746583dba18f74a3b5726eefe4e052b95e1575,123,123
21735,utt_041992feb46a3e202d78::p0008-p0010,utt_041992feb46a3e202d78::p0008-p0010,12c0249a22e0822e4c156d35edd9738ff1fb9fbb4c33e72a80a35b05561e48c7,12c0249a22e0822e4c156d35edd9738ff1fb9fbb4c33e72a80a35b05561e48c7,136,136
21735,utt_041992feb46a3e202d78::p0011-p0015,utt_041992feb46a3e202d78::p0011-p0015,494383a25daa5df37074d27d5dd3096ba1102514d648b7ea558abbd05b0cd7b1,494383a25daa5df37074d27d5dd3096ba1102514d648b7ea558abbd05b0cd7b1,111,111
21735,utt_041992feb46a3e202d78::p0016-p0020,utt_041992feb46a3e202d78::p0016-p0020,53bfdfc450f7feb718f1f4c83493010c8bda269d68bf3b52b6c40973a0149872,53bfdfc450f7feb718f1f4c83493010c8bda269d68bf3b52b6c40973a0149872,138,138
21735,utt_041992feb46a3e202d78::p0021-p0024,utt_041992feb46a3e202d78::p0021-p0024,7446d3d3b9452bb89fdd4a7f0469028dbc39b6364326c322d22b944d85c41b24,7446d3d3b9452bb89fdd4a7f0469028dbc39b6364326c322d22b944d85c41b24,135,135
21735,utt_041992feb46a3e202d78::p0025-p0029,utt_041992feb46a3e202d78::p0025-p0029,832d2ddc79e1594c5cd6bb326ffaf06f881f902970f7dce7f0f511a88d49d90b,832d2ddc79e1594c5cd6bb326ffaf06f881f902970f7dce7f0f511a88d49d90b,147,147
21735,utt_041992feb46a3e202d78::p0030-p0032,utt_041992feb46a3e202d78::p0030-p0032,2f3930ce88fadcde3314ee04480ce5fd32217887aa72450f7630d9e09c1ccab6,2f3930ce88fadcde3314ee04480ce5fd32217887aa72450f7630d9e09c1ccab6,120,120
21735,utt_041992feb46a3e202d78::p0033-p0034,utt_041992feb46a3e202d78::p0033-p0034,98812b131c2da39116e426df0027e6737cfad8fdea9eaf773d3bec477f001587,98812b131c2da39116e426df0027e6737cfad8fdea9eaf773d3bec477f001587,61,61
21735,utt_041992feb46a3e202d78::p0035-p0037,utt_041992feb46a3e202d78::p0035-p0037,dafe35c48de58fae1aa25d80ec6af34ac4022552e66bea5ffc6792bc9e57d4d9,dafe35c48de58fae1aa25d80ec6af34ac4022552e66bea5ffc6792bc9e57d4d9,114,114
21735,utt_041992feb46a3e202d78::p0038-p0039,utt_041992feb46a3e202d78::p0038-p0039,4d2be711c344b3ca4534dc5b26647dde586a4e51954cf06614604930d8645fba,4d2be711c344b3ca4534dc5b26647dde586a4e51954cf06614604930d8645fba,81,81
21735,utt_041992feb46a3e202d78::p0040-p0043,utt_041992feb46a3e202d78::p0040-p0043,b6d6d31a4a3293ab4c1deac65d89a69b28a50e056598eb2bbca7bd26a2d00cc6,b6d6d31a4a3293ab4c1deac65d89a69b28a50e056598eb2bbca7bd26a2d00cc6,133,133
21735,utt_cfb44fc904595d427846::p0001,utt_cfb44fc904595d427846::p0001,07c8a298be6dd55cec420509e11357bdf2614cf35b3297df2bce983419d4393e,07c8a298be6dd55cec420509e11357bdf2614cf35b3297df2bce983419d4393e,5,5
21735,utt_b51055534a89e5644eaf::p0001-p0004,utt_b51055534a89e5644eaf::p0001-p0004,9053e549efe20dc425eb84a8ee729900649ab9ef0c2c843bd3f1c819522e47bd,9053e549efe20dc425eb84a8ee729900649ab9ef0c2c843bd3f1c819522e47bd,99,99
21735,utt_b51055534a89e5644eaf::p0005-p0008,utt_b51055534a89e5644eaf::p0005-p0008,55a4fe9712ee209249e79fefe6a0e61a7537165ba84d9ac63b3743023b9af7f6,55a4fe9712ee209249e79fefe6a0e61a7537165ba84d9ac63b3743023b9af7f6,111,111
21735,utt_b51055534a89e5644eaf::p0009,utt_b51055534a89e5644eaf::p0009,151ef25d58bce3d58f8255cee5758da836eb4b994a0873a60a7eb13f606944da,151ef25d58bce3d58f8255cee5758da836eb4b994a0873a60a7eb13f606944da,91,91
21735,utt_b51055534a89e5644eaf::p0010-p0011,utt_b51055534a89e5644eaf::p0010-p0011,ff3694dd4d1204ffa9c2668377bf984336b8a53fde03c0ba99b57d9e5c42be48,ff3694dd4d1204ffa9c2668377bf984336b8a53fde03c0ba99b57d9e5c42be48,70,70
21735,utt_b51055534a89e5644eaf::p0012-p0013,utt_b51055534a89e5644eaf::p0012-p0013,3381bf6185bd84f8a34f9765d5913c78f40eef236703bc1b43fe0e68b7cf0c24,3381bf6185bd84f8a34f9765d5913c78f40eef236703bc1b43fe0e68b7cf0c24,102,102
21735,utt_b51055534a89e5644eaf::p0014-p0015,utt_b51055534a89e5644eaf::p0014-p0015,75e9985aa460d408eed87e967535b39ce475a9d62e1b5dd252651732888ee7ae,75e9985aa460d408eed87e967535b39ce475a9d62e1b5dd252651732888ee7ae,74,74
21735,utt_b51055534a89e5644eaf::p0016-p0017,utt_b51055534a89e5644eaf::p0016-p0017,a95e472ca4d7c196c2d42c7be6fb96089863763864a55afc73d5979891907507,a95e472ca4d7c196c2d42c7be6fb96089863763864a55afc73d5979891907507,122,122
21735,utt_b51055534a89e5644eaf::p0018,utt_b51055534a89e5644eaf::p0018,62a6b31e42c84ce2bb8fdf74b4d47d847832c90e4e72d9696044294e8c29c695,62a6b31e42c84ce2bb8fdf74b4d47d847832c90e4e72d9696044294e8c29c695,64,64
21735,utt_b51055534a89e5644eaf::p0019-p0020,utt_b51055534a89e5644eaf::p0019-p0020,8e697d74607d696dc3f7d5f56b3b04b968d1a498ab534bafb6de7798629439b3,8e697d74607d696dc3f7d5f56b3b04b968d1a498ab534bafb6de7798629439b3,81,81
21735,utt_b51055534a89e5644eaf::p0021,utt_b51055534a89e5644eaf::p0021,5fbfe6c498041bf726a6ee9dce50047cf84b9688d713c723779fddadd375e30e,5fbfe6c498041bf726a6ee9dce50047cf84b9688d713c723779fddadd375e30e,90,90
21735,utt_b51055534a89e5644eaf::p0022-p0024,utt_b51055534a89e5644eaf::p0022-p0024,0dd07894e15bc4dde16098936b4999de514685688d8504d56e545d46c7253368,0dd07894e15bc4dde16098936b4999de514685688d8504d56e545d46c7253368,130,130
21735,utt_b51055534a89e5644eaf::p0025-p0028,utt_b51055534a89e5644eaf::p0025-p0028,198a72c6cdf4ec5e5dcb30644bc35543e9fbcbe6a9d39fb7a295ba159c395436,198a72c6cdf4ec5e5dcb30644bc35543e9fbcbe6a9d39fb7a295ba159c395436,132,132
21735,utt_b51055534a89e5644eaf::p0029-p0030,utt_b51055534a89e5644eaf::p0029-p0030,4cec789fd85b494cc3b179d14c77b18f1c6017c1d655f81ae9b6f6402b19e782,4cec789fd85b494cc3b179d14c77b18f1c6017c1d655f81ae9b6f6402b19e782,142,142
21735,utt_b51055534a89e5644eaf::p0031-p0038,utt_b51055534a89e5644eaf::p0031-p0038,e734aace2bddfecb91dc633d2a85a3a3ee89effd168a36baad9d16232d01b4e9,e734aace2bddfecb91dc633d2a85a3a3ee89effd168a36baad9d16232d01b4e9,102,102
21735,utt_b51055534a89e5644eaf::p0039-p0042,utt_b51055534a89e5644eaf::p0039-p0042,d96bde4f86f186916abe1e8ecd516d19da1cd1324592e0cc2ad5b1ca692ee7e7,d96bde4f86f186916abe1e8ecd516d19da1cd1324592e0cc2ad5b1ca692ee7e7,82,82
21735,utt_f73f2d5248f1bcecf0d0::p0001,utt_f73f2d5248f1bcecf0d0::p0001,090d86c7a7f9902a3ab9864e72bd0b31b163d7d5ff27626e309550ffd7678560,090d86c7a7f9902a3ab9864e72bd0b31b163d7d5ff27626e309550ffd7678560,5,5
21735,utt_4b163fe446c3234b066f::p0001-p0003,utt_4b163fe446c3234b066f::p0001-p0003,15c42f5d89dd1e4b00f5f18eddc41b97721d6df61aff94b87564f29ac249e1c8,15c42f5d89dd1e4b00f5f18eddc41b97721d6df61aff94b87564f29ac249e1c8,106,106
21735,utt_4b163fe446c3234b066f::p0004,utt_4b163fe446c3234b066f::p0004,d7b5bbde4337f87f3da293d0151a0d59bb9a9f96467d24a5a1448b5761302bf5,d7b5bbde4337f87f3da293d0151a0d59bb9a9f96467d24a5a1448b5761302bf5,79,79
21735,utt_4b163fe446c3234b066f::p0005-p0006,utt_4b163fe446c3234b066f::p0005-p0006,8b24a82b4941c6949fb4dca701a0933faa423efb07c35d90ba728874b1740eb2,8b24a82b4941c6949fb4dca701a0933faa423efb07c35d90ba728874b1740eb2,90,90
21735,utt_4b163fe446c3234b066f::p0007,utt_4b163fe446c3234b066f::p0007,b0414061bb69319acbac936c894b13312a680b7175b7436070b22317915fb6a4,b0414061bb69319acbac936c894b13312a680b7175b7436070b22317915fb6a4,80,80
21735,utt_4b163fe446c3234b066f::p0008-p0009,utt_4b163fe446c3234b066f::p0008-p0009,b8aba2ac288212fd6dd53bacaea1af07a51f8879cc7170f06e3bf8af64512d62,b8aba2ac288212fd6dd53bacaea1af07a51f8879cc7170f06e3bf8af64512d62,87,87
21735,utt_4b163fe446c3234b066f::p0010,utt_4b163fe446c3234b066f::p0010,66ddb452ef8974abe3669d2baa91004309c4cb2f9aeae7f42cec67495e523c31,66ddb452ef8974abe3669d2baa91004309c4cb2f9aeae7f42cec67495e523c31,55,55
21735,utt_4b163fe446c3234b066f::p0011-p0012,utt_4b163fe446c3234b066f::p0011-p0012,348ff19adb534df99d83381a92995f8929aca88840c6c3a9f49a07c86514c671,348ff19adb534df99d83381a92995f8929aca88840c6c3a9f49a07c86514c671,99,99
21735,utt_4b163fe446c3234b066f::p0013-p0016,utt_4b163fe446c3234b066f::p0013-p0016,3ba3626fd1ce187b99cee9866742b2a88caad9951f4481c526b2ed7bb5f01343,3ba3626fd1ce187b99cee9866742b2a88caad9951f4481c526b2ed7bb5f01343,134,134
21735,utt_4b163fe446c3234b066f::p0017-p0018,utt_4b163fe446c3234b066f::p0017-p0018,e307029fc4a77ca4c0fe2dea1d6ba9630156adc65bfd772e9c5d270bdd571c79,e307029fc4a77ca4c0fe2dea1d6ba9630156adc65bfd772e9c5d270bdd571c79,104,104
21735,utt_4b163fe446c3234b066f::p0019-p0020,utt_4b163fe446c3234b066f::p0019-p0020,28a79f5abfb0e5cab224f5249802c34f734778b91e3f6b6b7b88b208fc8eed12,28a79f5abfb0e5cab224f5249802c34f734778b91e3f6b6b7b88b208fc8eed12,82,82
21735,utt_4b163fe446c3234b066f::p0021,utt_4b163fe446c3234b066f::p0021,3159cbc43848b1f5db9244aa15fc1b87e3afe1df43623489c2b0bd3bcb65231d,3159cbc43848b1f5db9244aa15fc1b87e3afe1df43623489c2b0bd3bcb65231d,53,53
21735,utt_4b163fe446c3234b066f::p0022,utt_4b163fe446c3234b066f::p0022,7ff3f5119cfc10f31aa6f5135d1831df7f30a75eab99fa18ee246a27f5b842d8,7ff3f5119cfc10f31aa6f5135d1831df7f30a75eab99fa18ee246a27f5b842d8,119,119
21735,utt_4b163fe446c3234b066f::p0023,utt_4b163fe446c3234b066f::p0023,c1f9924fe78523aebb082d998e0bdc995f5531332fc23ba379d501f6d3445f1d,c1f9924fe78523aebb082d998e0bdc995f5531332fc23ba379d501f6d3445f1d,51,51
21735,utt_4b163fe446c3234b066f::p0024,utt_4b163fe446c3234b066f::p0024,caf629e73b2246b78424bfb0ff30ebe6e1a894893f09b51990906b8b6247008f,caf629e73b2246b78424bfb0ff30ebe6e1a894893f09b51990906b8b6247008f,93,93
21735,utt_4b163fe446c3234b066f::p0025-p0029,utt_4b163fe446c3234b066f::p0025-p0029,74a92c78a7faaeb29472e477783b295c37dc769f93c26155c01abad580b81489,74a92c78a7faaeb29472e477783b295c37dc769f93c26155c01abad580b81489,127,127
21735,utt_4b163fe446c3234b066f::p0030-p0036,utt_4b163fe446c3234b066f::p0030-p0036,d8d038171683f6815a2c6436bdf803150cb4c16804efca4be03ff970f8734569,d8d038171683f6815a2c6436bdf803150cb4c16804efca4be03ff970f8734569,136,136
21735,utt_4b163fe446c3234b066f::p0037-p0039,utt_4b163fe446c3234b066f::p0037-p0039,f19aadd86d4ab33f85e68bc56c2810af522b6f561cd80176194b7c0b02a6305e,f19aadd86d4ab33f85e68bc56c2810af522b6f561cd80176194b7c0b02a6305e,70,70
21735,utt_46d04f62e06640f6bb35::p0001-p0004,utt_46d04f62e06640f6bb35::p0001-p0004,e89548f4b9ea1a46261de2dd20ee4135dbfdedda8b2b426a2b3c2006e0e1fa24,e89548f4b9ea1a46261de2dd20ee4135dbfdedda8b2b426a2b3c2006e0e1fa24,52,52
21735,utt_2871fccb1f553253e6c3::p0001-p0006,utt_2871fccb1f553253e6c3::p0001-p0006,92282fafc9bde0fdd96a7bc49ea7ec303f3dd74cdd72e6c084380b366b1da0f3,92282fafc9bde0fdd96a7bc49ea7ec303f3dd74cdd72e6c084380b366b1da0f3,114,114
21735,utt_2871fccb1f553253e6c3::p0007,utt_2871fccb1f553253e6c3::p0007,f7e149646181dba2654d4005485e73c0de9c3b54e7c5f843c0a76ea1c2724ef3,f7e149646181dba2654d4005485e73c0de9c3b54e7c5f843c0a76ea1c2724ef3,64,64
21735,utt_2871fccb1f553253e6c3::p0008,utt_2871fccb1f553253e6c3::p0008,599ff5f99ad3fc24e392f4257a7174de2135b08f2f939be2ead84ef7800b062c,599ff5f99ad3fc24e392f4257a7174de2135b08f2f939be2ead84ef7800b062c,54,54
21735,utt_2871fccb1f553253e6c3::p0009,utt_2871fccb1f553253e6c3::p0009,235fe2ae794ccb5d04db65a7a4d22594fb0f2c59754dcb54bc7f92fe5a6bba4d,235fe2ae794ccb5d04db65a7a4d22594fb0f2c59754dcb54bc7f92fe5a6bba4d,121,121
21735,utt_2871fccb1f553253e6c3::p0010-p0014,utt_2871fccb1f553253e6c3::p0010-p0014,14f1328b983513a2a7e69f8ed7eafaefdecdc80d8ce2ca2bd83117739a5a0797,14f1328b983513a2a7e69f8ed7eafaefdecdc80d8ce2ca2bd83117739a5a0797,93,93
21735,utt_2871fccb1f553253e6c3::p0015-p0016,utt_2871fccb1f553253e6c3::p0015-p0016,f0a81e51e99c799fbc2c45aa54bfeeba88bc0587f589b198e3648d81b0fcd192,f0a81e51e99c799fbc2c45aa54bfeeba88bc0587f589b198e3648d81b0fcd192,67,67
21735,utt_2871fccb1f553253e6c3::p0017-p0018,utt_2871fccb1f553253e6c3::p0017-p0018,f1b72df1df5394e37ead053f69bf944d84b948170dfa054619f0bbf4d888ec0b,f1b72df1df5394e37ead053f69bf944d84b948170dfa054619f0bbf4d888ec0b,148,148
21735,utt_2871fccb1f553253e6c3::p0019-p0023,utt_2871fccb1f553253e6c3::p0019-p0023,5ff68eed52abc9ff9dabe69d0c3114f9b8aeb87e5d662b4bcfa9227db4bfb9c2,5ff68eed52abc9ff9dabe69d0c3114f9b8aeb87e5d662b4bcfa9227db4bfb9c2,148,148
21735,utt_2871fccb1f553253e6c3::p0024-p0029,utt_2871fccb1f553253e6c3::p0024-p0029,9b689f25e2d90aa692e2a44799678907a7fb47922d96a1af89d52d0a55409bda,9b689f25e2d90aa692e2a44799678907a7fb47922d96a1af89d52d0a55409bda,121,121
21735,utt_2871fccb1f553253e6c3::p0030-p0034,utt_2871fccb1f553253e6c3::p0030-p0034,391cdfff9106aedbcfda0a6f556b2917ad238f008d665c101a8bb0f908c22a90,391cdfff9106aedbcfda0a6f556b2917ad238f008d665c101a8bb0f908c22a90,139,139
21735,utt_2871fccb1f553253e6c3::p0035,utt_2871fccb1f553253e6c3::p0035,593dce67278ddda1449f3a4ea9450194f2f5c5515b23fbd02f1c13e52c87d46b,593dce67278ddda1449f3a4ea9450194f2f5c5515b23fbd02f1c13e52c87d46b,122,122
21735,utt_2871fccb1f553253e6c3::p0036-p0038,utt_2871fccb1f553253e6c3::p0036-p0038,6949c7a3f0014ee5dcadcb35698e73b2a742b4c8d0f0bec3dc3c2985514ad9ec,6949c7a3f0014ee5dcadcb35698e73b2a742b4c8d0f0bec3dc3c2985514ad9ec,128,128
21735,utt_2871fccb1f553253e6c3::p0039-p0040,utt_2871fccb1f553253e6c3::p0039-p0040,a7bd2d7086312ad8399bb687d48750b021a5e053d42f97d3deeeb29798fdfe26,a7bd2d7086312ad8399bb687d48750b021a5e053d42f97d3deeeb29798fdfe26,89,89
21735,utt_0435fd5e2d72f30d77cd::p0001-p0002,utt_0435fd5e2d72f30d77cd::p0001-p0002,aeafd83ed72a3ff55cfee71d36550afce2f4ed18832f3f1b2e1879d71cae5116,aeafd83ed72a3ff55cfee71d36550afce2f4ed18832f3f1b2e1879d71cae5116,8,8
21735,utt_7b727dcea86c646e01ed::p0001-p0005,utt_7b727dcea86c646e01ed::p0001-p0005,d3f26cca046744dd4383f3f0a8749d277a084a4b4f9f286d00dbd0d4341f7529,d3f26cca046744dd4383f3f0a8749d277a084a4b4f9f286d00dbd0d4341f7529,101,101
21735,utt_3ff5bed97df66fa21ae7::p0001-p0005,utt_3ff5bed97df66fa21ae7::p0001-p0005,5a662c927eddacbae48eb87e11cf41829bae86dbffec1aa48a925e08e6a157b5,5a662c927eddacbae48eb87e11cf41829bae86dbffec1aa48a925e08e6a157b5,20,20
21735,utt_89d2d12acb220a8f4277::p0001-p0003,utt_89d2d12acb220a8f4277::p0001-p0003,e1c138318fce75feafb301826967c784125ce7dd313c157a69009f2ccfa9f2a2,e1c138318fce75feafb301826967c784125ce7dd313c157a69009f2ccfa9f2a2,109,109
21735,utt_89d2d12acb220a8f4277::p0004-p0006,utt_89d2d12acb220a8f4277::p0004-p0006,6a84b4f0e1e45c44f872a64db09753705f36f2429ee55e9ddb78759aa4b45154,6a84b4f0e1e45c44f872a64db09753705f36f2429ee55e9ddb78759aa4b45154,124,124
21735,utt_89d2d12acb220a8f4277::p0007-p0010,utt_89d2d12acb220a8f4277::p0007-p0010,b2b89c4c43a339e8f5fd941b372eeea790331a512cddcf458dbb738fc516d4fb,b2b89c4c43a339e8f5fd941b372eeea790331a512cddcf458dbb738fc516d4fb,134,134
21735,utt_89d2d12acb220a8f4277::p0011-p0012,utt_89d2d12acb220a8f4277::p0011-p0012,52b8e636d01197c1a4114247e06e74ef80915001b5dcd12181b5fedbde9b1e9c,52b8e636d01197c1a4114247e06e74ef80915001b5dcd12181b5fedbde9b1e9c,77,77
21735,utt_89d2d12acb220a8f4277::p0013,utt_89d2d12acb220a8f4277::p0013,37aed3e1a144342c3cbd9f2f686b21ba6d1dbd2cbfa0a304ec5f3e037be55fa2,37aed3e1a144342c3cbd9f2f686b21ba6d1dbd2cbfa0a304ec5f3e037be55fa2,80,80
21735,utt_89d2d12acb220a8f4277::p0014,utt_89d2d12acb220a8f4277::p0014,468827514a987b3b9e64705c4169622c5545a24896cabd26a486d03c812f4ba0,468827514a987b3b9e64705c4169622c5545a24896cabd26a486d03c812f4ba0,73,73
21735,utt_89d2d12acb220a8f4277::p0015,utt_89d2d12acb220a8f4277::p0015,f51a47fb561e116b1fe6444f1393f3184e459e82fefda3e7892eaa7b7fdfc6ce,f51a47fb561e116b1fe6444f1393f3184e459e82fefda3e7892eaa7b7fdfc6ce,109,109
21735,utt_89d2d12acb220a8f4277::p0016-p0018,utt_89d2d12acb220a8f4277::p0016-p0018,5788dc0cabdde2870b0ab270eb69a5851f737725284bb39da59cdb04521b5d9f,5788dc0cabdde2870b0ab270eb69a5851f737725284bb39da59cdb04521b5d9f,127,127
21735,utt_89d2d12acb220a8f4277::p0019,utt_89d2d12acb220a8f4277::p0019,13e524cf294292139cacc998a0ce68e13f048c507a0072701ab54982acee3a00,13e524cf294292139cacc998a0ce68e13f048c507a0072701ab54982acee3a00,123,123
21735,utt_89d2d12acb220a8f4277::p0020-p0021,utt_89d2d12acb220a8f4277::p0020-p0021,9fadab6c3d1682962ba304f2d541ea0beda5b93181c8e763783069862a7af37b,9fadab6c3d1682962ba304f2d541ea0beda5b93181c8e763783069862a7af37b,132,132
21735,utt_89d2d12acb220a8f4277::p0022-p0024,utt_89d2d12acb220a8f4277::p0022-p0024,f204eb02c6bc27105ad271d819c83202a9d3465f8a5e03b2dd6af79d4c99f734,f204eb02c6bc27105ad271d819c83202a9d3465f8a5e03b2dd6af79d4c99f734,103,103
21735,utt_89d2d12acb220a8f4277::p0025-p0026,utt_89d2d12acb220a8f4277::p0025-p0026,a658d3cdfd74212b2b73016307dfc741981965cdf49ac2334053c6dd674ebdfe,a658d3cdfd74212b2b73016307dfc741981965cdf49ac2334053c6dd674ebdfe,107,107
21735,utt_89d2d12acb220a8f4277::p0027-p0028,utt_89d2d12acb220a8f4277::p0027-p0028,3968d8950f93a20b4e8761a52c5f09d1005c2d5b03f19283f45d52b4879b1b2e,3968d8950f93a20b4e8761a52c5f09d1005c2d5b03f19283f45d52b4879b1b2e,147,147
21735,utt_89d2d12acb220a8f4277::p0029-p0031,utt_89d2d12acb220a8f4277::p0029-p0031,d31451cd391560821d48794623eb8dfc955608d7e3591705e1ba8484345d3d0e,d31451cd391560821d48794623eb8dfc955608d7e3591705e1ba8484345d3d0e,54,54
21735,utt_0285c4b107f4aded3e91::p0001-p0002,utt_0285c4b107f4aded3e91::p0001-p0002,4d3182a96ae5145969360ba69e9349fe89fe7e70f211b1d408de3023af20d21f,4d3182a96ae5145969360ba69e9349fe89fe7e70f211b1d408de3023af20d21f,9,9
21735,utt_7208246e7d6dc8ffa726::p0001-p0006,utt_7208246e7d6dc8ffa726::p0001-p0006,5ffff7ed0b677449b046e71f618270b0eef2867fa1ca080e1248906011645be3,5ffff7ed0b677449b046e71f618270b0eef2867fa1ca080e1248906011645be3,128,128
21735,utt_7208246e7d6dc8ffa726::p0007-p0010,utt_7208246e7d6dc8ffa726::p0007-p0010,0c8052923fd3124fc287fb2bae0dcd63949c7112f400e3cf7c461992e0b125b3,0c8052923fd3124fc287fb2bae0dcd63949c7112f400e3cf7c461992e0b125b3,91,91
21735,utt_7208246e7d6dc8ffa726::p0011-p0012,utt_7208246e7d6dc8ffa726::p0011-p0012,63c02ecaa86fa6b0e37f70e146abb5435735b6b08b9348d492da854954eaedd0,63c02ecaa86fa6b0e37f70e146abb5435735b6b08b9348d492da854954eaedd0,140,140
21735,utt_7208246e7d6dc8ffa726::p0013-p0015,utt_7208246e7d6dc8ffa726::p0013-p0015,90b61107359870fd6640afb6b6c89714c1756bd1a5a5b88bddaab1fd9dd43b30,90b61107359870fd6640afb6b6c89714c1756bd1a5a5b88bddaab1fd9dd43b30,94,94
21735,utt_7208246e7d6dc8ffa726::p0016-p0017,utt_7208246e7d6dc8ffa726::p0016-p0017,b5655874323502a4e925211cc7c79214cbfb6f50452d416b4e541ff121dd9c01,b5655874323502a4e925211cc7c79214cbfb6f50452d416b4e541ff121dd9c01,147,147
21735,utt_7208246e7d6dc8ffa726::p0018,utt_7208246e7d6dc8ffa726::p0018,59a0e02a0d8a20c9f8cbf7e5643435e5acfab58318900a28d958760519f47896,59a0e02a0d8a20c9f8cbf7e5643435e5acfab58318900a28d958760519f47896,67,67
21735,utt_7208246e7d6dc8ffa726::p0019,utt_7208246e7d6dc8ffa726::p0019,4fda338e97eb89a12f8b7e1a0a08145c541bb446ab0d46b954e8506c49ecbb8a,4fda338e97eb89a12f8b7e1a0a08145c541bb446ab0d46b954e8506c49ecbb8a,69,69
21735,utt_7208246e7d6dc8ffa726::p0020,utt_7208246e7d6dc8ffa726::p0020,fd3876e950ab79e19d5606dc8d98dbd54cf8f7320a78e7cd602fce98b6fd02f4,fd3876e950ab79e19d5606dc8d98dbd54cf8f7320a78e7cd602fce98b6fd02f4,79,79
21735,utt_7208246e7d6dc8ffa726::p0021-p0022,utt_7208246e7d6dc8ffa726::p0021-p0022,2bd4f4658e854e4a5dacb663886dc89a01b62029474e572910a88df92f926513,2bd4f4658e854e4a5dacb663886dc89a01b62029474e572910a88df92f926513,84,84
21735,utt_7208246e7d6dc8ffa726::p0023,utt_7208246e7d6dc8ffa726::p0023,c000c3346496f847ca3b182495fed97bc6b4bffcc236152f825261a37fe7501b,c000c3346496f847ca3b182495fed97bc6b4bffcc236152f825261a37fe7501b,84,84
21735,utt_7208246e7d6dc8ffa726::p0024-p0027,utt_7208246e7d6dc8ffa726::p0024-p0027,9e7fab40e131531b99576d5459c46e995f7063dea9cb91b330472f9df3d12cbe,9e7fab40e131531b99576d5459c46e995f7063dea9cb91b330472f9df3d12cbe,149,149
21735,utt_7208246e7d6dc8ffa726::p0028-p0032,utt_7208246e7d6dc8ffa726::p0028-p0032,36ae05fff9410fc68eb286b794593a03cc9869e21f8381e0db23e53c8e32dd1c,36ae05fff9410fc68eb286b794593a03cc9869e21f8381e0db23e53c8e32dd1c,88,88
21735,utt_a7159293376b630e37f2::p0001,utt_a7159293376b630e37f2::p0001,4120e3558dbb388d06945b2588efeec3fb0e70959840c4d84f2679c7092af64f,4120e3558dbb388d06945b2588efeec3fb0e70959840c4d84f2679c7092af64f,6,6
21735,utt_1e20d255a664c285e17d::p0001-p0005,utt_1e20d255a664c285e17d::p0001-p0005,e856ccd1e72ee11ac27f6e4caca85e0ef46711b77c58c0003d0efc8d500ce082,e856ccd1e72ee11ac27f6e4caca85e0ef46711b77c58c0003d0efc8d500ce082,129,129
21735,utt_1e20d255a664c285e17d::p0006-p0008,utt_1e20d255a664c285e17d::p0006-p0009,40bd0a0a1ae2e61af4f7a0ee003f89b5539f2720c3d2acd22f55795b108ade14,4a83e3f37823455e8002a20d38ca0135ffbc64894caaff14bb1afa92d28f6e28,129,163
21735,utt_1e20d255a664c285e17d::p0009,utt_1e20d255a664c285e17d::p0006-p0009,216bb745761e9e516ddf4f33d0aa8dfba6edb7d0f3269d811bac0b697f71033d,4a83e3f37823455e8002a20d38ca0135ffbc64894caaff14bb1afa92d28f6e28,34,163
21735,utt_c4e245008abb464449af::p0001-p0004,utt_c4e245008abb464449af::p0001-p0004,8e8bebc71001e58d00101c9b0f77b38bdf5ff374ffc8f2e2c9117cfa3403e88e,8e8bebc71001e58d00101c9b0f77b38bdf5ff374ffc8f2e2c9117cfa3403e88e,147,147
21735,utt_c4e245008abb464449af::p0005-p0006,utt_c4e245008abb464449af::p0005-p0006,141c9a4c9fe3169e83a5128fa31ffe4f75716757c4f44062ac74f3cfa207d709,141c9a4c9fe3169e83a5128fa31ffe4f75716757c4f44062ac74f3cfa207d709,98,98
21735,utt_c4e245008abb464449af::p0007,utt_c4e245008abb464449af::p0007,0ff8bf230f3d2fffb484b8876ac96d3b8fe5b2e1defc982341a4969ce30e122b,0ff8bf230f3d2fffb484b8876ac96d3b8fe5b2e1defc982341a4969ce30e122b,56,56
21735,utt_c4e245008abb464449af::p0008-p0010,utt_c4e245008abb464449af::p0008-p0011,c0aa7e1f3de7f3df59f799508756a6ad382ff7b3fb5418583e734ee4302326b6,9eb320c1a2a9d7fb034866c7ac44f100a3aeb8d4145222e2650b110ad5c0e994,148,187
21735,utt_c4e245008abb464449af::p0011,utt_c4e245008abb464449af::p0008-p0011,4aac9e60b72bab7d7047e66d6de715e8bc64503bd09c2e9b5de6ffbc55547e44,9eb320c1a2a9d7fb034866c7ac44f100a3aeb8d4145222e2650b110ad5c0e994,39,187
21735,utt_b351b3da50a46c7db1cf::p0001-p0007,utt_b351b3da50a46c7db1cf::p0001-p0009,5677eb5678cd17285b633f9fb57da32bd231b40840f6f6347fb2ebb0c70d424d,afda971b4cb60d321a0bd3163c363d21a84a6ae1fb84bd9d27807aad90829697,124,173
21735,utt_b351b3da50a46c7db1cf::p0008-p0009,utt_b351b3da50a46c7db1cf::p0001-p0009,53ace7ebe868fc1847b77e6dd5be71bd101c1f19f6ae206e65859097cddfb654,afda971b4cb60d321a0bd3163c363d21a84a6ae1fb84bd9d27807aad90829697,49,173
21735,utt_bb44287af006b6e34c43::p0001,utt_bb44287af006b6e34c43::p0001,c5039d29542dd1f44a01a6ab60795421e808cb012b7e4e8933a6d71ea8a76bdd,c5039d29542dd1f44a01a6ab60795421e808cb012b7e4e8933a6d71ea8a76bdd,6,6
21735,utt_612e920d2bae1908beb4::p0001-p0004,utt_612e920d2bae1908beb4::p0001-p0004,9b8fffb79be6f648eb331b9a9fadf7e5d2b4a44d30b3a8f471b114671208cb27,9b8fffb79be6f648eb331b9a9fadf7e5d2b4a44d30b3a8f471b114671208cb27,112,112
21735,utt_612e920d2bae1908beb4::p0005,utt_612e920d2bae1908beb4::p0005,6c2c85c8b1a7179560fa5068e88d245a113b96ee7678a8d27ca4b129c8ddb4ef,6c2c85c8b1a7179560fa5068e88d245a113b96ee7678a8d27ca4b129c8ddb4ef,58,58
21735,utt_612e920d2bae1908beb4::p0006-p0007,utt_612e920d2bae1908beb4::p0006-p0007,b103fd19b063c7eb1ea92eed1cbe266f806852c3649354c28c6e626136bcc7a0,b103fd19b063c7eb1ea92eed1cbe266f806852c3649354c28c6e626136bcc7a0,136,136
21735,utt_612e920d2bae1908beb4::p0008,utt_612e920d2bae1908beb4::p0008,2f51f8f48e1c5452023e90f997f59a1b246d3468aed9983bcce8df42b0285c45,2f51f8f48e1c5452023e90f997f59a1b246d3468aed9983bcce8df42b0285c45,50,50
21735,utt_612e920d2bae1908beb4::p0009,utt_612e920d2bae1908beb4::p0009,ca5bf947ad687b345ce62124f0587043e5e90409f7e772fc7e0f7df9b17f09a6,ca5bf947ad687b345ce62124f0587043e5e90409f7e772fc7e0f7df9b17f09a6,59,59
21735,utt_612e920d2bae1908beb4::p0010-p0011,utt_612e920d2bae1908beb4::p0010-p0011,3bbf44e9328aeb41b2a55fb78bc28567e970b425004c592fd82ccbc1fd64a2f9,3bbf44e9328aeb41b2a55fb78bc28567e970b425004c592fd82ccbc1fd64a2f9,55,55
21735,utt_2e11783271c39ebcd904::p0001-p0002,utt_2e11783271c39ebcd904::p0001-p0002,9273d549af9775494e652f5ae031200da9a5f80584fe77d6d4509829c6a97e3f,9273d549af9775494e652f5ae031200da9a5f80584fe77d6d4509829c6a97e3f,10,10
21735,utt_4297e0e5b0ef1fbee83a::p0001-p0003,utt_4297e0e5b0ef1fbee83a::p0001-p0004,cd5705da4a0e4e5f2465c61203ebb22016a6130eed6ef34d5ecc874b7ceab005,a72b3e462f566fbc513bd3483a2b83e5db4e0e04ae0468e2a64f6a495bf4f1a1,29,164
21735,utt_4297e0e5b0ef1fbee83a::p0004,utt_4297e0e5b0ef1fbee83a::p0001-p0004,39cdba7ac2bbce151b850dd876dff628872e04dae64d1a8f0e453193c90ddc58,a72b3e462f566fbc513bd3483a2b83e5db4e0e04ae0468e2a64f6a495bf4f1a1,135,164
21735,utt_4297e0e5b0ef1fbee83a::p0005-p0009,utt_4297e0e5b0ef1fbee83a::p0005-p0009,cd2049ab7d397859a68e91870f985f81ed4d6794cf74300b0765ae05826ec3b1,cd2049ab7d397859a68e91870f985f81ed4d6794cf74300b0765ae05826ec3b1,132,132
21735,utt_4297e0e5b0ef1fbee83a::p0010-p0012,utt_4297e0e5b0ef1fbee83a::p0010-p0012,3178cd7f0c3ecf3af8679eecceab33645a144d80c35128cb89f0f48c6c98ec46,3178cd7f0c3ecf3af8679eecceab33645a144d80c35128cb89f0f48c6c98ec46,141,141
21735,utt_4297e0e5b0ef1fbee83a::p0013-p0018,utt_4297e0e5b0ef1fbee83a::p0013-p0018,b1e1a22d30ce63a4e54878987d98fbfb6d426b037e7058dd6dfa9c19bac3cc21,b1e1a22d30ce63a4e54878987d98fbfb6d426b037e7058dd6dfa9c19bac3cc21,133,133
21735,utt_4297e0e5b0ef1fbee83a::p0019-p0022,utt_4297e0e5b0ef1fbee83a::p0019-p0022,480687fbba985fddf5da9ae1f9e5469e32b92c2ab7854551ba372e4ed7ff2b80,480687fbba985fddf5da9ae1f9e5469e32b92c2ab7854551ba372e4ed7ff2b80,133,133
21735,utt_b823a3a4f2ebd3eabcb7::p0001,utt_b823a3a4f2ebd3eabcb7::p0001,0fbc3630d752f499e08a1b966a9c949fecfa328b00cbd7f1327706dc3c4868a7,0fbc3630d752f499e08a1b966a9c949fecfa328b00cbd7f1327706dc3c4868a7,6,6
21735,utt_08fb9377123975333b0c::p0001-p0005,utt_08fb9377123975333b0c::p0001-p0005,a905de21160fa880e78377600450281418fcebf6b3d8af1fd4747d2b8729563b,a905de21160fa880e78377600450281418fcebf6b3d8af1fd4747d2b8729563b,141,141
21735,utt_08fb9377123975333b0c::p0006s001,utt_08fb9377123975333b0c::p0006s001,62d84be97a8d8993d88d8ed3e589411e61736fda736da5e7f01d7352c6324203,62d84be97a8d8993d88d8ed3e589411e61736fda736da5e7f01d7352c6324203,150,150
21735,utt_08fb9377123975333b0c::p0006s002-p0010,utt_08fb9377123975333b0c::p0006s002-p0010,b737720fbeffe00c44823fd9220a6b594df0d7f782c9232eaf6353cbaa9d13ab,b737720fbeffe00c44823fd9220a6b594df0d7f782c9232eaf6353cbaa9d13ab,128,128
21735,utt_08fb9377123975333b0c::p0011-p0016,utt_08fb9377123975333b0c::p0011-p0016,f9109c3b84a07affd407bdc8bfc0bbcdd6e626a4385df4cbfba03d181a9b461f,f9109c3b84a07affd407bdc8bfc0bbcdd6e626a4385df4cbfba03d181a9b461f,123,123
21735,utt_08fb9377123975333b0c::p0017-p0019,utt_08fb9377123975333b0c::p0017-p0019,1b67c6de2a0b387e67a24f989624f59ee183592cb0496a5c7464e1a691830c10,1b67c6de2a0b387e67a24f989624f59ee183592cb0496a5c7464e1a691830c10,112,112
21735,utt_08fb9377123975333b0c::p0020-p0021,utt_08fb9377123975333b0c::p0020-p0021,a94d72737219b414cc9622c0dce6ff01b45b19b6d8975ce0d8cb69f1da5ace4a,a94d72737219b414cc9622c0dce6ff01b45b19b6d8975ce0d8cb69f1da5ace4a,70,70
21735,utt_08fb9377123975333b0c::p0022-p0023,utt_08fb9377123975333b0c::p0022-p0023,0c63c01a296aaf8c3c4382edb88b250a547679bcb651bbe65356d5d1ea8a9980,0c63c01a296aaf8c3c4382edb88b250a547679bcb651bbe65356d5d1ea8a9980,64,64
21735,utt_08fb9377123975333b0c::p0024-p0028,utt_08fb9377123975333b0c::p0024-p0028,3551b514c7ab12feb73d3efe7af8b5d6315fea8962417d1753dc7c636304e567,3551b514c7ab12feb73d3efe7af8b5d6315fea8962417d1753dc7c636304e567,119,119
21735,utt_08fb9377123975333b0c::p0029-p0031,utt_08fb9377123975333b0c::p0029-p0031,d2bdaccd2351153a3b20f0be6eed9715dd845bb003227bfdecc41d88c129db61,d2bdaccd2351153a3b20f0be6eed9715dd845bb003227bfdecc41d88c129db61,119,119
21735,utt_08fb9377123975333b0c::p0032-p0035,utt_08fb9377123975333b0c::p0032-p0035,29ee549e289bd3b6ec7fc88c3c52dcbe7c8ef20ab3f9b7dc3f5ebcb2758c6f04,29ee549e289bd3b6ec7fc88c3c52dcbe7c8ef20ab3f9b7dc3f5ebcb2758c6f04,125,125
21735,utt_08fb9377123975333b0c::p0036-p0041,utt_08fb9377123975333b0c::p0036-p0041,12ec4775d2f4f1c01e5611b6e4ae149c55ab49f6d44b953f6f1808b2cc639c35,12ec4775d2f4f1c01e5611b6e4ae149c55ab49f6d44b953f6f1808b2cc639c35,119,119
21735,utt_9027aa587c583db4aec3::p0001-p0003,utt_9027aa587c583db4aec3::p0001-p0003,0497738d6e5bc628fd1d9b692c30349f3fc231696912ea2a78a329df45315ee9,0497738d6e5bc628fd1d9b692c30349f3fc231696912ea2a78a329df45315ee9,115,115
21735,utt_9027aa587c583db4aec3::p0004-p0007,utt_9027aa587c583db4aec3::p0004-p0007,3e2c9388169b728aa343e367287e20f40af5e8ddf73e1c1a9227bddfc5d2c223,3e2c9388169b728aa343e367287e20f40af5e8ddf73e1c1a9227bddfc5d2c223,132,132
21735,utt_9027aa587c583db4aec3::p0008-p0010,utt_9027aa587c583db4aec3::p0008-p0010,87e62941bb14e9bfc141ecb0bd9cc938b215b4eb5e26bdfba883dcf8e05949f4,87e62941bb14e9bfc141ecb0bd9cc938b215b4eb5e26bdfba883dcf8e05949f4,124,124
21735,utt_9027aa587c583db4aec3::p0011-p0014,utt_9027aa587c583db4aec3::p0011-p0014,458c476178eb1071f04ce59e90e90fab5fbb16faa60858fc578be10d184c2b7f,458c476178eb1071f04ce59e90e90fab5fbb16faa60858fc578be10d184c2b7f,132,132
21735,utt_9027aa587c583db4aec3::p0015-p0017,utt_9027aa587c583db4aec3::p0015-p0017,259bc502fc089bfc54af9fcb9e5bd07bc691cd6f00462bf655eac78937db8468,259bc502fc089bfc54af9fcb9e5bd07bc691cd6f00462bf655eac78937db8468,94,94
21735,utt_9027aa587c583db4aec3::p0018,utt_9027aa587c583db4aec3::p0018,6b86915e142caa405d2db7419994286d9cfcbe29f891d41ea20f1d3ee5929e15,6b86915e142caa405d2db7419994286d9cfcbe29f891d41ea20f1d3ee5929e15,57,57
21735,utt_9027aa587c583db4aec3::p0019-p0020,utt_9027aa587c583db4aec3::p0019-p0020,797198d7ccf85103f6834228f7fd2ec2c62074c7dfbd9f9859b6dbea9992d147,797198d7ccf85103f6834228f7fd2ec2c62074c7dfbd9f9859b6dbea9992d147,69,69
21735,utt_9027aa587c583db4aec3::p0021-p0022,utt_9027aa587c583db4aec3::p0021-p0022,0ce8e219afb766d1d61e28aeb096b0950e286e9962b45ab77e191cc37cf8831f,0ce8e219afb766d1d61e28aeb096b0950e286e9962b45ab77e191cc37cf8831f,103,103
21735,utt_9027aa587c583db4aec3::p0023-p0027,utt_9027aa587c583db4aec3::p0023-p0027,727ae58015facdf14f2b5e0a8e6c41d9ac70fa3bb51f656a6e354ef4a284d1ac,727ae58015facdf14f2b5e0a8e6c41d9ac70fa3bb51f656a6e354ef4a284d1ac,143,143
21735,utt_9027aa587c583db4aec3::p0028-p0030,utt_9027aa587c583db4aec3::p0028-p0030,cac2940147c85318006f92dc842920f104416d48968c6434259542bda6efd70f,cac2940147c85318006f92dc842920f104416d48968c6434259542bda6efd70f,105,105
21735,utt_9027aa587c583db4aec3::p0031-p0033,utt_9027aa587c583db4aec3::p0031-p0033,56db5cb0f4d86b06ce4e35cc911c10c993134345691e4a14bc2cdead4971eba0,56db5cb0f4d86b06ce4e35cc911c10c993134345691e4a14bc2cdead4971eba0,131,131
21735,utt_9027aa587c583db4aec3::p0034-p0035,utt_9027aa587c583db4aec3::p0034-p0035,c2f8542e926faa23f18d559fbc60de9ea05c306a2fcd0eca62e2527aa3393df3,c2f8542e926faa23f18d559fbc60de9ea05c306a2fcd0eca62e2527aa3393df3,78,78
21735,utt_9027aa587c583db4aec3::p0036,utt_9027aa587c583db4aec3::p0036,ccf08edbbc2208797425f367423c9977298045c660cb5a6235a4501e04c8c2e9,ccf08edbbc2208797425f367423c9977298045c660cb5a6235a4501e04c8c2e9,57,57
21735,utt_9027aa587c583db4aec3::p0037-p0039,utt_9027aa587c583db4aec3::p0037-p0039,04bce306a7c8daf5669c8b2e06d8c77a11084b35d22641c85a3896e4e24d4ec4,04bce306a7c8daf5669c8b2e06d8c77a11084b35d22641c85a3896e4e24d4ec4,119,119
21735,utt_9027aa587c583db4aec3::p0040-p0044,utt_9027aa587c583db4aec3::p0040-p0044,b93615057fc6e9253d2ccc46f393885b35f286d8e09d3a672d6c0ef1952b6d22,b93615057fc6e9253d2ccc46f393885b35f286d8e09d3a672d6c0ef1952b6d22,94,94
21735,utt_8acec4a406bc353c381f::p0001,utt_8acec4a406bc353c381f::p0001,2f416bb2d318111a8ade8d469bbb814a9c0c54b2fc5a4f45d1fa75ac762bc842,2f416bb2d318111a8ade8d469bbb814a9c0c54b2fc5a4f45d1fa75ac762bc842,5,5
21735,utt_d38db68f2c4aa70489e0::p0001-p0004,utt_d38db68f2c4aa70489e0::p0001-p0004,176afc5fe9cce2956ad42c15ac95c5f7c33784e0abb6aedd5551645c901898c0,176afc5fe9cce2956ad42c15ac95c5f7c33784e0abb6aedd5551645c901898c0,115,115
21735,utt_d38db68f2c4aa70489e0::p0005-p0008,utt_d38db68f2c4aa70489e0::p0005-p0008,56db4cb9a3e74e6df79ab07d717a48cf3a87fdba577d12770bf1c0f2c7b74441,56db4cb9a3e74e6df79ab07d717a48cf3a87fdba577d12770bf1c0f2c7b74441,146,146
21735,utt_d38db68f2c4aa70489e0::p0009-p0013,utt_d38db68f2c4aa70489e0::p0009-p0013,8997792ea68e1e89d88936b46a2da9166de2378e01e2b46a75eecbf9fc21156a,8997792ea68e1e89d88936b46a2da9166de2378e01e2b46a75eecbf9fc21156a,146,146
21735,utt_d38db68f2c4aa70489e0::p0014-p0018,utt_d38db68f2c4aa70489e0::p0014-p0018,648e61ab3b1eff025c2b3ed8e47c1033be75f780b60a088f8e8eca8724d5e361,648e61ab3b1eff025c2b3ed8e47c1033be75f780b60a088f8e8eca8724d5e361,116,116
21735,utt_d38db68f2c4aa70489e0::p0019-p0021,utt_d38db68f2c4aa70489e0::p0019-p0021,32b2f8bb65f840e27586b4af201cd88c40107980e00a479ec3a6cecd3cddc61f,32b2f8bb65f840e27586b4af201cd88c40107980e00a479ec3a6cecd3cddc61f,124,124
21735,utt_d38db68f2c4aa70489e0::p0022-p0023,utt_d38db68f2c4aa70489e0::p0022-p0023,8f41daee1b7fb3dd5e3c082b2b1df60174ed93463e5f6ea7546223001cdd6b17,8f41daee1b7fb3dd5e3c082b2b1df60174ed93463e5f6ea7546223001cdd6b17,74,74
21735,utt_d38db68f2c4aa70489e0::p0024-p0027,utt_d38db68f2c4aa70489e0::p0024-p0027,45c9385429ddfd1e090ac51aa51c919dce0f3084457956c96bbb47b826cf2df6,45c9385429ddfd1e090ac51aa51c919dce0f3084457956c96bbb47b826cf2df6,142,142
21735,utt_c1d051b141519fd9c9ea::p0001,utt_c1d051b141519fd9c9ea::p0001,dd4c83e16bc819f4c5d142130a218740165acd0103a6f8160786ca1084073343,dd4c83e16bc819f4c5d142130a218740165acd0103a6f8160786ca1084073343,5,5
21735,utt_7d0171f117b7fc1b127b::p0001-p0003,utt_7d0171f117b7fc1b127b::p0001-p0003,86370b58f3315b239fe85dfbc98f4120041ab9fd4a719513c3ab4479eb4e6c57,86370b58f3315b239fe85dfbc98f4120041ab9fd4a719513c3ab4479eb4e6c57,137,137
21735,utt_7d0171f117b7fc1b127b::p0004,utt_7d0171f117b7fc1b127b::p0004,6bf004d9d56d7d92e5192cf1b5655ca344354cd83d6e0f655c30599bc0e46df1,6bf004d9d56d7d92e5192cf1b5655ca344354cd83d6e0f655c30599bc0e46df1,70,70
21735,utt_7d0171f117b7fc1b127b::p0005,utt_7d0171f117b7fc1b127b::p0005,bc9f48b2f56253e4034222ff03db2d0248572576f1789fcfed41698095826f2f,bc9f48b2f56253e4034222ff03db2d0248572576f1789fcfed41698095826f2f,74,74
21735,utt_7d0171f117b7fc1b127b::p0006,utt_7d0171f117b7fc1b127b::p0006,800ef100914e367baac9d40180d9558543bbe7dc69176a3cc90ac02bc83eefc6,800ef100914e367baac9d40180d9558543bbe7dc69176a3cc90ac02bc83eefc6,65,65
21735,utt_7d0171f117b7fc1b127b::p0007-p0008,utt_7d0171f117b7fc1b127b::p0007-p0008,c2e3e574e14b07ea80e5912c3e99d58ab3326e8510012c943023307e53788e6b,c2e3e574e14b07ea80e5912c3e99d58ab3326e8510012c943023307e53788e6b,92,92
21735,utt_7d0171f117b7fc1b127b::p0009,utt_7d0171f117b7fc1b127b::p0009,a7f9d5df95d170bb4de50881ea8addcc95044199d9c8a7c661848e967f334f4f,a7f9d5df95d170bb4de50881ea8addcc95044199d9c8a7c661848e967f334f4f,56,56
21735,utt_7d0171f117b7fc1b127b::p0010,utt_7d0171f117b7fc1b127b::p0010,96ad25844f75e3aebd5b94cce0c43c0d4847dd4a64499eb9a90d7a1ecb0ea458,96ad25844f75e3aebd5b94cce0c43c0d4847dd4a64499eb9a90d7a1ecb0ea458,94,94
21735,utt_7d0171f117b7fc1b127b::p0011,utt_7d0171f117b7fc1b127b::p0011,3af0780b18e59bcff36e22ef1194bae0b5a9d3b8b6bcefa67c5e2e2ca9b3dd2e,3af0780b18e59bcff36e22ef1194bae0b5a9d3b8b6bcefa67c5e2e2ca9b3dd2e,107,107
21735,utt_7d0171f117b7fc1b127b::p0012-p0014,utt_7d0171f117b7fc1b127b::p0012-p0014,8a945c87a09d856455c3253aef5cd21143da0d22e469f1b17cd8f6f90f5f79b0,8a945c87a09d856455c3253aef5cd21143da0d22e469f1b17cd8f6f90f5f79b0,60,60
21735,utt_8d92793f3dd9aefccd23::p0001,utt_8d92793f3dd9aefccd23::p0001,08f63444a63a9a54441735fa86c4f56718df7521b48ee53d30db5cee882611ed,08f63444a63a9a54441735fa86c4f56718df7521b48ee53d30db5cee882611ed,5,5
21735,utt_a7ebef40cdf76aec4dc7::p0001-p0005,utt_a7ebef40cdf76aec4dc7::p0001-p0005,1d92d04f1c97ed44076d832c34adfd61f97d1ee47f54a6c9d689f0cb7cf24e44,1d92d04f1c97ed44076d832c34adfd61f97d1ee47f54a6c9d689f0cb7cf24e44,142,142
21735,utt_a7ebef40cdf76aec4dc7::p0006-p0007,utt_a7ebef40cdf76aec4dc7::p0006-p0007,9cf0328d38e37cb06b686a0e6e7551155296386d91a95834ec8d54d614955106,9cf0328d38e37cb06b686a0e6e7551155296386d91a95834ec8d54d614955106,65,65
21735,utt_a7ebef40cdf76aec4dc7::p0008-p0009,utt_a7ebef40cdf76aec4dc7::p0008-p0009,d5f0b106bb4d26a873d1e018cf5e946da3b25edef04446fad34ad01ff345e8fd,d5f0b106bb4d26a873d1e018cf5e946da3b25edef04446fad34ad01ff345e8fd,111,111
21735,utt_a7ebef40cdf76aec4dc7::p0010-p0011,utt_a7ebef40cdf76aec4dc7::p0010-p0011,9e7be208e45cd8275c2edeb4a66589b603d20c087cc8d2461b3f4c9bc09bf85b,9e7be208e45cd8275c2edeb4a66589b603d20c087cc8d2461b3f4c9bc09bf85b,86,86
21735,utt_a7ebef40cdf76aec4dc7::p0012,utt_a7ebef40cdf76aec4dc7::p0012,d70ebffc0f96087c52c880e1b7acad5b6baace5013d07588bccfc274483f399b,d70ebffc0f96087c52c880e1b7acad5b6baace5013d07588bccfc274483f399b,111,111
21735,utt_a7ebef40cdf76aec4dc7::p0013-p0015,utt_a7ebef40cdf76aec4dc7::p0013-p0015,7762ef8b0b165637681bc4c20b71ec05b15520bc53ac8fd798275e62a6f286db,7762ef8b0b165637681bc4c20b71ec05b15520bc53ac8fd798275e62a6f286db,123,123
21735,utt_a7ebef40cdf76aec4dc7::p0016-p0023,utt_a7ebef40cdf76aec4dc7::p0016-p0023,4431e5bde4908c06f146986d7f1c1aa63bf3518a979369d8298f8f4f8cdf4fdf,4431e5bde4908c06f146986d7f1c1aa63bf3518a979369d8298f8f4f8cdf4fdf,149,149
21735,utt_a7ebef40cdf76aec4dc7::p0024-p0029,utt_a7ebef40cdf76aec4dc7::p0024-p0029,9eec13e2533b87c972bcb1fadbf03f1e208f25c4829bcc6d4c55eb66583f3915,9eec13e2533b87c972bcb1fadbf03f1e208f25c4829bcc6d4c55eb66583f3915,123,123
21735,utt_f2b241f4251af4363e28::p0001-p0006,utt_f2b241f4251af4363e28::p0001-p0006,329e40353a9dfe34f390838df8b7b55f56d2bb6f1aa0af9dccbd303e7fdbd708,329e40353a9dfe34f390838df8b7b55f56d2bb6f1aa0af9dccbd303e7fdbd708,119,119
21735,utt_f2b241f4251af4363e28::p0007,utt_f2b241f4251af4363e28::p0007,21611adfb758c172026b1d69edd4ba05b073d460d1154955b2e92e5bcb40ab99,21611adfb758c172026b1d69edd4ba05b073d460d1154955b2e92e5bcb40ab99,51,51
21735,utt_f2b241f4251af4363e28::p0008-p0010,utt_f2b241f4251af4363e28::p0008-p0010,a97ff3ef83a64872d99ba0aa3ec64b5fe05dcb87615cb786100b7bcc74562005,a97ff3ef83a64872d99ba0aa3ec64b5fe05dcb87615cb786100b7bcc74562005,77,77
21735,utt_f2b241f4251af4363e28::p0011-p0012,utt_f2b241f4251af4363e28::p0011-p0012,f034ea3690e5d6d963d186d3c837b942d7bb98769d43e2ceca6f668263e0c271,f034ea3690e5d6d963d186d3c837b942d7bb98769d43e2ceca6f668263e0c271,132,132
21735,utt_f2b241f4251af4363e28::p0013-p0016,utt_f2b241f4251af4363e28::p0013-p0016,c5f794b620c3db03d5649994bc2087a7102fb728bfbe2a9bedc43acd5f5b97e7,c5f794b620c3db03d5649994bc2087a7102fb728bfbe2a9bedc43acd5f5b97e7,130,130
21735,utt_b601ac9d859562df5c79::p0001,utt_b601ac9d859562df5c79::p0001,a3d08f61a2f2ce4c3066dd15a74a99ddaa0a16e01c989997ade504dd2be569df,a3d08f61a2f2ce4c3066dd15a74a99ddaa0a16e01c989997ade504dd2be569df,6,6
21735,utt_67accc0acf4c38becb24::p0001-p0002,utt_67accc0acf4c38becb24::p0001-p0002,0d866b9c55ed4ea5de0558badc50b59d1bd9d03ac6706f8ee51bc4326e667b81,0d866b9c55ed4ea5de0558badc50b59d1bd9d03ac6706f8ee51bc4326e667b81,24,24
21735,utt_f0f1807260e1ef35926e::p0001-p0005,utt_f0f1807260e1ef35926e::p0001-p0005,dc8623c2558e189f454fac0ef8f0ba49ee13a5bfca5d103a6d05368c3a7f7e84,dc8623c2558e189f454fac0ef8f0ba49ee13a5bfca5d103a6d05368c3a7f7e84,93,93
21735,utt_f0f1807260e1ef35926e::p0006-p0009,utt_f0f1807260e1ef35926e::p0006-p0009,4f3f8fc8f90214aaedab66900c43f9013a2e46c7f061a2997fd6e37ce8189f1c,4f3f8fc8f90214aaedab66900c43f9013a2e46c7f061a2997fd6e37ce8189f1c,141,141
21735,utt_f0f1807260e1ef35926e::p0010-p0012,utt_f0f1807260e1ef35926e::p0010-p0012,612d53b27675b13bed17c4b0ff58027929e18edba5d48b8ca224653ce0d77830,612d53b27675b13bed17c4b0ff58027929e18edba5d48b8ca224653ce0d77830,103,103
21735,utt_f0f1807260e1ef35926e::p0013-p0014,utt_f0f1807260e1ef35926e::p0013-p0014,e48104806122be9a772bf75bc1a9271ca1ef608a62cb6b79be98a20e90808e86,e48104806122be9a772bf75bc1a9271ca1ef608a62cb6b79be98a20e90808e86,94,94
21735,utt_f0f1807260e1ef35926e::p0015-p0016,utt_f0f1807260e1ef35926e::p0015-p0016,e9833d2ca833e6fd2cd3989526e6e06c7d52fbfe8c981b272051c11fd38850cc,e9833d2ca833e6fd2cd3989526e6e06c7d52fbfe8c981b272051c11fd38850cc,89,89
21735,utt_f0f1807260e1ef35926e::p0017-p0019,utt_f0f1807260e1ef35926e::p0017-p0019,76a7a0bf6df1078182a46621ae4f237b5ad1502a9d7cf75a49e77b64c32303eb,76a7a0bf6df1078182a46621ae4f237b5ad1502a9d7cf75a49e77b64c32303eb,123,123
21735,utt_f0f1807260e1ef35926e::p0020-p0021,utt_f0f1807260e1ef35926e::p0020-p0021,6de8076b662117935ba5a2c645a36d643a46c845b93ee867aa439f2ac0aa57d1,6de8076b662117935ba5a2c645a36d643a46c845b93ee867aa439f2ac0aa57d1,84,84
21735,utt_f0f1807260e1ef35926e::p0022-p0024,utt_f0f1807260e1ef35926e::p0022-p0024,fb71d0446ceb0e10016a5057216be081f2bb1887470a8a80f2784d23bffbbe7e,fb71d0446ceb0e10016a5057216be081f2bb1887470a8a80f2784d23bffbbe7e,128,128
21735,utt_f0f1807260e1ef35926e::p0025-p0028,utt_f0f1807260e1ef35926e::p0025-p0028,782b1d9a99da58cd3ff8a188f399fe78e199536b2f24b9ca91250c518bf27a94,782b1d9a99da58cd3ff8a188f399fe78e199536b2f24b9ca91250c518bf27a94,115,115
21735,utt_f0f1807260e1ef35926e::p0029,utt_f0f1807260e1ef35926e::p0029,c6e741b9d75b971d46b9e1fbf3e126e3b1f81ac0ca05d77de143d382fa8e2153,c6e741b9d75b971d46b9e1fbf3e126e3b1f81ac0ca05d77de143d382fa8e2153,61,61
21735,utt_f0f1807260e1ef35926e::p0030-p0032,utt_f0f1807260e1ef35926e::p0030-p0032,51b3678e07090c84bf90aee69dfacafbf12c2638cf7121b4205c6082f6c80a30,51b3678e07090c84bf90aee69dfacafbf12c2638cf7121b4205c6082f6c80a30,136,136
21735,utt_f0f1807260e1ef35926e::p0033-p0034,utt_f0f1807260e1ef35926e::p0033-p0034,86412d3800cb0a207270451f6880d097adbf0fa56dd0dc59e0473eed1d9df0a7,86412d3800cb0a207270451f6880d097adbf0fa56dd0dc59e0473eed1d9df0a7,64,64
21735,utt_f0f1807260e1ef35926e::p0035-p0036,utt_f0f1807260e1ef35926e::p0035-p0036,950dfc9266f282e7d8259bbfc1675fa58b009ca04b12c112ace7c5e1b26661ae,950dfc9266f282e7d8259bbfc1675fa58b009ca04b12c112ace7c5e1b26661ae,70,70
21735,utt_f0f1807260e1ef35926e::p0037-p0040,utt_f0f1807260e1ef35926e::p0037-p0040,799db3313591f0efe80dfe1a2f9ecaec5326cec4312b5a2be94fef72f2a280a1,799db3313591f0efe80dfe1a2f9ecaec5326cec4312b5a2be94fef72f2a280a1,138,138
21735,utt_f0f1807260e1ef35926e::p0041-p0045,utt_f0f1807260e1ef35926e::p0041-p0045,6fa588453091bb77ae4884bb30bcfd43073b516b43555cdb6978843d16f6d053,6fa588453091bb77ae4884bb30bcfd43073b516b43555cdb6978843d16f6d053,133,133
21735,utt_f0f1807260e1ef35926e::p0046-p0049,utt_f0f1807260e1ef35926e::p0046-p0049,77722767b9f1039af545a0a2ad66104c454a04bfd51f8a1635cd483d3a308667,77722767b9f1039af545a0a2ad66104c454a04bfd51f8a1635cd483d3a308667,144,144
21735,utt_f0f1807260e1ef35926e::p0050-p0055,utt_f0f1807260e1ef35926e::p0050-p0055,26a8bf6e3dbd1b3171f3c4dd1dd309cdbd352576f871590cfd90a5a1ea5764d8,26a8bf6e3dbd1b3171f3c4dd1dd309cdbd352576f871590cfd90a5a1ea5764d8,113,113
21735,utt_3895c2372f2aa65b9fbd::p0001,utt_3895c2372f2aa65b9fbd::p0001,a0b18364859c998bb8895d488e5c8aa0c4b33a0e3d819a197c47028b6b6c0cff,a0b18364859c998bb8895d488e5c8aa0c4b33a0e3d819a197c47028b6b6c0cff,5,5
21735,utt_77f763d2c27104f56672::p0001-p0004,utt_77f763d2c27104f56672::p0001-p0004,18727567f5f40759e3b0cf487700612cadc2f61a80c6fffdd983cdeaa55d0ba2,18727567f5f40759e3b0cf487700612cadc2f61a80c6fffdd983cdeaa55d0ba2,92,92
21735,utt_77f763d2c27104f56672::p0005-p0007,utt_77f763d2c27104f56672::p0005-p0007,3183328dc930ac5e84a3bd13fbde2558a740d48dabfad0947d84585beaf95500,3183328dc930ac5e84a3bd13fbde2558a740d48dabfad0947d84585beaf95500,114,114
21735,utt_77f763d2c27104f56672::p0008,utt_77f763d2c27104f56672::p0008,fefe741bc0947319e112e98b11e99cb8deebe4935c89e0a91d53c239ffe836e7,fefe741bc0947319e112e98b11e99cb8deebe4935c89e0a91d53c239ffe836e7,140,140
21735,utt_77f763d2c27104f56672::p0009-p0010,utt_77f763d2c27104f56672::p0009-p0010,5e743dc20b4fe5b59f75f3395663762f8d7869e8d035d15ee059085a2b31672e,5e743dc20b4fe5b59f75f3395663762f8d7869e8d035d15ee059085a2b31672e,114,114
21735,utt_77f763d2c27104f56672::p0011-p0013,utt_77f763d2c27104f56672::p0011-p0013,c0ba10fda4d15c1504ea892a1aa1784b030c83ba4bbc82c8db30e291ac6e38c0,c0ba10fda4d15c1504ea892a1aa1784b030c83ba4bbc82c8db30e291ac6e38c0,146,146
21735,utt_77f763d2c27104f56672::p0014-p0015,utt_77f763d2c27104f56672::p0014-p0015,1358d90b487883e265814f15869ddc5b43b388f065dda765ebfd9069f90919b3,1358d90b487883e265814f15869ddc5b43b388f065dda765ebfd9069f90919b3,109,109
21735,utt_77f763d2c27104f56672::p0016-p0017,utt_77f763d2c27104f56672::p0016-p0017,d2a138b00e29d00a99845fc272c23e9138f6057ba7fb389203c732ef67a573ba,d2a138b00e29d00a99845fc272c23e9138f6057ba7fb389203c732ef67a573ba,124,124
21735,utt_77f763d2c27104f56672::p0018-p0021,utt_77f763d2c27104f56672::p0018-p0021,c033792d63c5aee66f5e6eaa9971eb98d05740b38d7d5213721c886d843da9c4,c033792d63c5aee66f5e6eaa9971eb98d05740b38d7d5213721c886d843da9c4,119,119
21735,utt_c52a8037a8eb9a725d5f::p0001-p0002,utt_c52a8037a8eb9a725d5f::p0001-p0002,ce9c135aeaf02d44f3605e47e9e4ea102406c7d5eb217a191e514fa94ed556f4,ce9c135aeaf02d44f3605e47e9e4ea102406c7d5eb217a191e514fa94ed556f4,21,21
21735,utt_0d5c64f266701630c314::p0001-p0005,utt_0d5c64f266701630c314::p0001-p0005,228f54d36e311956b3f1395bf7e42159d2d77ac4313be9103fa007068c6d930e,228f54d36e311956b3f1395bf7e42159d2d77ac4313be9103fa007068c6d930e,115,115
21735,utt_0d5c64f266701630c314::p0006-p0008,utt_0d5c64f266701630c314::p0006-p0008,eb35605ace570a7037ac458588b9a9e9b8792f98889ccd9a5df61e8c6e0f30a9,eb35605ace570a7037ac458588b9a9e9b8792f98889ccd9a5df61e8c6e0f30a9,70,70
21735,utt_eebcc1b15052bdbd2e97::p0001-p0002,utt_eebcc1b15052bdbd2e97::p0001-p0002,8824d0b62f63d069c33c9e24c4f3e5a8be5213fe6aa3d36884e9bcea1a6c54f7,8824d0b62f63d069c33c9e24c4f3e5a8be5213fe6aa3d36884e9bcea1a6c54f7,54,54
21735,utt_eebcc1b15052bdbd2e97::p0003,utt_eebcc1b15052bdbd2e97::p0003,1e8c863380fc58b849ed36e92512517197e45ffae229c5aa514cc3779d4ce00e,1e8c863380fc58b849ed36e92512517197e45ffae229c5aa514cc3779d4ce00e,53,53
21735,utt_eebcc1b15052bdbd2e97::p0004-p0006,utt_eebcc1b15052bdbd2e97::p0004-p0006,58c375811e2d2246e31981038c547007c71135fd7649ee1a658a8ea3b5a52e79,58c375811e2d2246e31981038c547007c71135fd7649ee1a658a8ea3b5a52e79,150,150
21735,utt_eebcc1b15052bdbd2e97::p0007-p0008,utt_eebcc1b15052bdbd2e97::p0007-p0008,c260cc37ae1d265528d3d93409e3abd15ee868f82bdb788654b395001ea91f56,c260cc37ae1d265528d3d93409e3abd15ee868f82bdb788654b395001ea91f56,86,86
21735,utt_eebcc1b15052bdbd2e97::p0009-p0010,utt_eebcc1b15052bdbd2e97::p0009-p0010,f0ec3862fdc1d9bf0782a9f2e86264c04287c4273e7f77d6cb435df4f57ee982,f0ec3862fdc1d9bf0782a9f2e86264c04287c4273e7f77d6cb435df4f57ee982,115,115
21735,utt_eebcc1b15052bdbd2e97::p0011,utt_eebcc1b15052bdbd2e97::p0011,b5512fd18725e75defb13e295aa6f00d4280e9d89db8d119b3e638fb1580b072,b5512fd18725e75defb13e295aa6f00d4280e9d89db8d119b3e638fb1580b072,70,70
21735,utt_eebcc1b15052bdbd2e97::p0012-p0013,utt_eebcc1b15052bdbd2e97::p0012-p0013,84395a78d1f8102a9643951d9d2a0e7b0a316108cba9913cbf9de35e075cf126,84395a78d1f8102a9643951d9d2a0e7b0a316108cba9913cbf9de35e075cf126,126,126
21735,utt_eebcc1b15052bdbd2e97::p0014-p0015,utt_eebcc1b15052bdbd2e97::p0014-p0015,6bbd8df19eb035eead2d15441a462d18317a113b5dd4d6bcc77d00b96a702d68,6bbd8df19eb035eead2d15441a462d18317a113b5dd4d6bcc77d00b96a702d68,85,85
21735,utt_eebcc1b15052bdbd2e97::p0016-p0017,utt_eebcc1b15052bdbd2e97::p0016-p0017,7ebe8d317cd5f694268773aa51a37ae27d9708fcb81aaa70aada1a875caff8e8,7ebe8d317cd5f694268773aa51a37ae27d9708fcb81aaa70aada1a875caff8e8,127,127
21735,utt_eebcc1b15052bdbd2e97::p0018,utt_eebcc1b15052bdbd2e97::p0018,05ee6cb9cbbca819977c673aac18473f5d9fd69f7cc8ce636b230726a3f07911,05ee6cb9cbbca819977c673aac18473f5d9fd69f7cc8ce636b230726a3f07911,58,58
21735,utt_eebcc1b15052bdbd2e97::p0019,utt_eebcc1b15052bdbd2e97::p0019,cb8dec5c541291620ee5b9d593c5e01b0cbd0f103da9ad1c973a7752aa15358c,cb8dec5c541291620ee5b9d593c5e01b0cbd0f103da9ad1c973a7752aa15358c,54,54
21735,utt_eebcc1b15052bdbd2e97::p0020-p0021,utt_eebcc1b15052bdbd2e97::p0020-p0021,610f316814f8a9e2f2ce9a5d9ea2ddd3566fba1550bf88c60def0a473072b4fc,610f316814f8a9e2f2ce9a5d9ea2ddd3566fba1550bf88c60def0a473072b4fc,102,102
21735,utt_eebcc1b15052bdbd2e97::p0022-p0023,utt_eebcc1b15052bdbd2e97::p0022-p0023,a43be67f1b5f02370d5fbccd47752047786e06f67178b8331f18d5c3c14a86fa,a43be67f1b5f02370d5fbccd47752047786e06f67178b8331f18d5c3c14a86fa,66,66
21735,utt_eebcc1b15052bdbd2e97::p0024,utt_eebcc1b15052bdbd2e97::p0024,ac93715254ffc55228cab216e3798415d4738dae9b54e0721c88e6d30db07979,ac93715254ffc55228cab216e3798415d4738dae9b54e0721c88e6d30db07979,50,50
21735,utt_eebcc1b15052bdbd2e97::p0025-p0026,utt_eebcc1b15052bdbd2e97::p0025-p0026,756d1fd59aeffb19e6b78001629ba3391433ce99b527ee0ca53faf4be7069a80,756d1fd59aeffb19e6b78001629ba3391433ce99b527ee0ca53faf4be7069a80,127,127
21735,utt_eebcc1b15052bdbd2e97::p0027-p0030,utt_eebcc1b15052bdbd2e97::p0027-p0030,d9e15c0a9c52f8cd9357f64517af5cde06f062449773ebe5150a623010cabd32,d9e15c0a9c52f8cd9357f64517af5cde06f062449773ebe5150a623010cabd32,87,87
21735,utt_968588bbf672ca0d2ae9::p0001-p0004,utt_968588bbf672ca0d2ae9::p0001-p0004,440668a3e6d56718401ab376ff7b4d3c1d0293c424e21c74cc0cf907ea544c22,440668a3e6d56718401ab376ff7b4d3c1d0293c424e21c74cc0cf907ea544c22,38,38
21735,utt_47555ba50270cbc8f202::p0001-p0008,utt_47555ba50270cbc8f202::p0001-p0008,4769d6b76beff72fad44df2993fc17f00eb1d7129f9ea28daf819022cd86f991,4769d6b76beff72fad44df2993fc17f00eb1d7129f9ea28daf819022cd86f991,121,121
21735,utt_47555ba50270cbc8f202::p0009-p0015,utt_47555ba50270cbc8f202::p0009-p0015,c94cff01c2a7c71cb4a23431b1d1edac7c6f6ae0674929e98ee8cda8f732c138,c94cff01c2a7c71cb4a23431b1d1edac7c6f6ae0674929e98ee8cda8f732c138,140,140
21735,utt_47555ba50270cbc8f202::p0016-p0017,utt_47555ba50270cbc8f202::p0016-p0017,36be03665c3742aa9231bc9c0a67939611579e9bb31363cae291730e59e5e281,36be03665c3742aa9231bc9c0a67939611579e9bb31363cae291730e59e5e281,105,105
21735,utt_47555ba50270cbc8f202::p0018-p0021,utt_47555ba50270cbc8f202::p0018-p0021,66a77b5be4d760bed56bdde68d63e9ca47f3a74b528cb521e0613850cc813c4f,66a77b5be4d760bed56bdde68d63e9ca47f3a74b528cb521e0613850cc813c4f,137,137
21735,utt_47555ba50270cbc8f202::p0022,utt_47555ba50270cbc8f202::p0022,8f219e5403d86fc1e4293243352239fa0c23fdad813a88b3e197c980f2b6acce,8f219e5403d86fc1e4293243352239fa0c23fdad813a88b3e197c980f2b6acce,134,134
21735,utt_47555ba50270cbc8f202::p0023-p0024,utt_47555ba50270cbc8f202::p0023-p0024,6f4b48bad011de39ce50db6fb6c7acb7b9b3ab5f4347242c9b564b17f6593ac8,6f4b48bad011de39ce50db6fb6c7acb7b9b3ab5f4347242c9b564b17f6593ac8,118,118
21735,utt_47555ba50270cbc8f202::p0025-p0026,utt_47555ba50270cbc8f202::p0025-p0026,84477e146e8a294b57b303be911a3306465d2ae4d06ad4e97186d1d42eae8aa4,84477e146e8a294b57b303be911a3306465d2ae4d06ad4e97186d1d42eae8aa4,114,114
21735,utt_47555ba50270cbc8f202::p0027,utt_47555ba50270cbc8f202::p0027,fbc3ab2bab031989ea39e61afea36646ce9e60376a3814d5780e9e906c033ec4,fbc3ab2bab031989ea39e61afea36646ce9e60376a3814d5780e9e906c033ec4,106,106
21735,utt_47555ba50270cbc8f202::p0028,utt_47555ba50270cbc8f202::p0028,2f6f55a4697665de9f23752112366bcfeacaea2cf64bff0727bc19ba8fdc86cf,2f6f55a4697665de9f23752112366bcfeacaea2cf64bff0727bc19ba8fdc86cf,64,64
21735,utt_47555ba50270cbc8f202::p0029,utt_47555ba50270cbc8f202::p0029,7469b7918e65e018c74440559a40557b1bc1a9cd65759e07737337e8ecd12070,7469b7918e65e018c74440559a40557b1bc1a9cd65759e07737337e8ecd12070,71,71
21735,utt_47555ba50270cbc8f202::p0030,utt_47555ba50270cbc8f202::p0030,092669af653dc4751e0d3033f443dfd88467035fec92ff24c891d98db4510269,092669af653dc4751e0d3033f443dfd88467035fec92ff24c891d98db4510269,71,71
21735,utt_47555ba50270cbc8f202::p0031,utt_47555ba50270cbc8f202::p0031,331b6207cb33a95a004c4fdbd75b895c30e1bff5541187c6141c2e84ea9eeacc,331b6207cb33a95a004c4fdbd75b895c30e1bff5541187c6141c2e84ea9eeacc,124,124
21735,utt_47555ba50270cbc8f202::p0032,utt_47555ba50270cbc8f202::p0032,e00913c388d6b988147c141f93f80f21b57f585e7618adc92ddb6c03579eb36e,e00913c388d6b988147c141f93f80f21b57f585e7618adc92ddb6c03579eb36e,57,57
21735,utt_47555ba50270cbc8f202::p0033-p0035,utt_47555ba50270cbc8f202::p0033-p0035,d4223da07c4d62003c217d574dc23f5090c49db12b537f0c322df6f2fb3422f7,d4223da07c4d62003c217d574dc23f5090c49db12b537f0c322df6f2fb3422f7,106,106
21735,utt_56f8333810f1c4904694::p0001-p0002,utt_56f8333810f1c4904694::p0001-p0002,cac9202020752ab5049afa3de843fdfd45d4cde8687c563e770b8d8092254f58,cac9202020752ab5049afa3de843fdfd45d4cde8687c563e770b8d8092254f58,12,12
21735,utt_67d85d6dfd25db6ff26c::p0001-p0004,utt_67d85d6dfd25db6ff26c::p0001-p0004,2c458bceba387ac82a5f9ca62f17131543ffdbc0c8bd7aaebfa79d6b7a474fc8,2c458bceba387ac82a5f9ca62f17131543ffdbc0c8bd7aaebfa79d6b7a474fc8,99,99
21735,utt_67d85d6dfd25db6ff26c::p0005-p0006,utt_67d85d6dfd25db6ff26c::p0005-p0006,ddfe7e32df0056ad7e8ba3affe45318436ea8379dc269965443110bd815dbe2d,ddfe7e32df0056ad7e8ba3affe45318436ea8379dc269965443110bd815dbe2d,86,86
21735,utt_67d85d6dfd25db6ff26c::p0007,utt_67d85d6dfd25db6ff26c::p0007,af3dc26da60da7cc77ecb77fec1a0ef336da9582899abc3a5a7567578d1abcc1,af3dc26da60da7cc77ecb77fec1a0ef336da9582899abc3a5a7567578d1abcc1,90,90
21735,utt_67d85d6dfd25db6ff26c::p0008,utt_67d85d6dfd25db6ff26c::p0008,118dbc2f239c62415cd81151ec886679eba0cef297857877b26a900af6bfd4a7,118dbc2f239c62415cd81151ec886679eba0cef297857877b26a900af6bfd4a7,99,99
21735,utt_67d85d6dfd25db6ff26c::p0009,utt_67d85d6dfd25db6ff26c::p0009,feca138ca92060c78cec1aa830f0d522581d453e891d28b75c6698ef9e37751f,feca138ca92060c78cec1aa830f0d522581d453e891d28b75c6698ef9e37751f,78,78
21735,utt_67d85d6dfd25db6ff26c::p0010,utt_67d85d6dfd25db6ff26c::p0010,2c9f870750be131d795482718d9ae3f047b1cda274bcab94d41559c776ab247f,2c9f870750be131d795482718d9ae3f047b1cda274bcab94d41559c776ab247f,92,92
21735,utt_67d85d6dfd25db6ff26c::p0011-p0012,utt_67d85d6dfd25db6ff26c::p0011-p0012,2f46da1a9dabe4705fce5da85285120db46c086bd2350fbde57ad82f17879964,2f46da1a9dabe4705fce5da85285120db46c086bd2350fbde57ad82f17879964,93,93
21735,utt_67d85d6dfd25db6ff26c::p0013-p0015,utt_67d85d6dfd25db6ff26c::p0013-p0015,ee2c1ce4adacaa93f511ac334564677c22eedc7d958fb4692b603f865e321319,ee2c1ce4adacaa93f511ac334564677c22eedc7d958fb4692b603f865e321319,136,136
21735,utt_67d85d6dfd25db6ff26c::p0016,utt_67d85d6dfd25db6ff26c::p0016,3f6d12fbf0be1700440ab300ef4d62b040e2100b08242a2c20b343861f9d390d,3f6d12fbf0be1700440ab300ef4d62b040e2100b08242a2c20b343861f9d390d,56,56
21735,utt_67d85d6dfd25db6ff26c::p0017,utt_67d85d6dfd25db6ff26c::p0017,88700b6eafa41a5b8e86c2258ea42eef2cfd49d37fa2fb831da7e321b98425b1,88700b6eafa41a5b8e86c2258ea42eef2cfd49d37fa2fb831da7e321b98425b1,52,52
21735,utt_67d85d6dfd25db6ff26c::p0018,utt_67d85d6dfd25db6ff26c::p0018,f42dcd97fe55b8a7d9e03bf61612184b4100a17e4ec83ca68886144f6cdcecf0,f42dcd97fe55b8a7d9e03bf61612184b4100a17e4ec83ca68886144f6cdcecf0,89,89
21735,utt_67d85d6dfd25db6ff26c::p0019-p0022,utt_67d85d6dfd25db6ff26c::p0019-p0022,dc28b0debed83fb1485a6866d5707d198d9c9a074df593e78083d096c47270de,dc28b0debed83fb1485a6866d5707d198d9c9a074df593e78083d096c47270de,136,136
21735,utt_d31bc634753d8e8b32e7::p0001-p0002,utt_d31bc634753d8e8b32e7::p0001-p0002,ddc0db581ded7ef8911fbc3ef590cd4873332f80c2d29c2c601c909d34b2c758,ddc0db581ded7ef8911fbc3ef590cd4873332f80c2d29c2c601c909d34b2c758,33,33
21735,utt_61cd3a8bdadcb637e86a::p0001,utt_61cd3a8bdadcb637e86a::p0001,b80ac1f72c8fd190abcaad20587450910d3d61519ebeeab31b35c5cab21e252d,b80ac1f72c8fd190abcaad20587450910d3d61519ebeeab31b35c5cab21e252d,6,6
21735,utt_6a6f375c98a3bceb497c::p0001-p0004,utt_6a6f375c98a3bceb497c::p0001-p0004,bba8554331de460209a10fde6574b8903d548cca500ead98bbe5c4812ba63d82,bba8554331de460209a10fde6574b8903d548cca500ead98bbe5c4812ba63d82,145,145
21735,utt_6a6f375c98a3bceb497c::p0005-p0006,utt_6a6f375c98a3bceb497c::p0005-p0006,ace93578e37d4fb39631e9508656adb8bae4a7cf9dbcf659e41cc7ccb4ffa7f4,ace93578e37d4fb39631e9508656adb8bae4a7cf9dbcf659e41cc7ccb4ffa7f4,95,95
21735,utt_6a6f375c98a3bceb497c::p0007,utt_6a6f375c98a3bceb497c::p0007,013ff911db89eb3f88062da9abefd934f296bef74f871a80c24a2e7c37c522e4,013ff911db89eb3f88062da9abefd934f296bef74f871a80c24a2e7c37c522e4,78,78
21735,utt_6a6f375c98a3bceb497c::p0008,utt_6a6f375c98a3bceb497c::p0008,7f6176f2d07f7e3d714926ec7b5280fce21cc4e6e0a377ce1c5c786cc5f6d983,7f6176f2d07f7e3d714926ec7b5280fce21cc4e6e0a377ce1c5c786cc5f6d983,62,62
21735,utt_6a6f375c98a3bceb497c::p0009-p0010,utt_6a6f375c98a3bceb497c::p0009-p0010,2f0964c9e6c4c4df4eeb26c2a4843c3894654ab015762a08afeb243110097bb8,2f0964c9e6c4c4df4eeb26c2a4843c3894654ab015762a08afeb243110097bb8,91,91
21735,utt_6a6f375c98a3bceb497c::p0011-p0012,utt_6a6f375c98a3bceb497c::p0011-p0012,240e7c5a90addaa18a9f3f779c355771b2e8c3f4aac0a2575efb0123bb8f056a,240e7c5a90addaa18a9f3f779c355771b2e8c3f4aac0a2575efb0123bb8f056a,71,71
21735,utt_6a6f375c98a3bceb497c::p0013-p0015,utt_6a6f375c98a3bceb497c::p0013-p0015,737aabb535d6d8c5dd19ba5465d77914cd3c247c6ca7e04dec904c4ce5c71a23,737aabb535d6d8c5dd19ba5465d77914cd3c247c6ca7e04dec904c4ce5c71a23,136,136
21735,utt_6a6f375c98a3bceb497c::p0016-p0017,utt_6a6f375c98a3bceb497c::p0016-p0017,d7b0885b3cfe4589e99255a2440f6805bf713bcf0f329a5f381b740e8d7acd41,d7b0885b3cfe4589e99255a2440f6805bf713bcf0f329a5f381b740e8d7acd41,74,74
21735,utt_6a6f375c98a3bceb497c::p0018-p0021,utt_6a6f375c98a3bceb497c::p0018-p0021,298d3b0f8e598b6fe6cb820cb4641de45a7156915ff67213ecf72d34b4c4136a,298d3b0f8e598b6fe6cb820cb4641de45a7156915ff67213ecf72d34b4c4136a,144,144
21735,utt_6a6f375c98a3bceb497c::p0022-p0024,utt_6a6f375c98a3bceb497c::p0022-p0024,bb892c972c25421b65a87d43ff59c73bef03e50a15d956655db07ee1f66bff56,bb892c972c25421b65a87d43ff59c73bef03e50a15d956655db07ee1f66bff56,140,140
21735,utt_6a6f375c98a3bceb497c::p0025-p0028,utt_6a6f375c98a3bceb497c::p0025-p0028,f5caa6f23d7d1952a85fe167efb00d5ff2c0a6b8aeabbd423377d7caa51e5a0f,f5caa6f23d7d1952a85fe167efb00d5ff2c0a6b8aeabbd423377d7caa51e5a0f,124,124
21735,utt_6a6f375c98a3bceb497c::p0029-p0031,utt_6a6f375c98a3bceb497c::p0029-p0031,d6d8baad242e348246736a138a45855a54c1ac989dd6d9c8b5133dde8c698934,d6d8baad242e348246736a138a45855a54c1ac989dd6d9c8b5133dde8c698934,146,146
21735,utt_e12c27de90ca15d976ae::p0001,utt_e12c27de90ca15d976ae::p0001,f48ad14864566069c622530e49a14631bde70f8a76e5eb5c0a68bf22b53d66b2,f48ad14864566069c622530e49a14631bde70f8a76e5eb5c0a68bf22b53d66b2,5,5
21735,utt_d9f74f77963ab3f3ebad::p0001-p0004,utt_d9f74f77963ab3f3ebad::p0001-p0004,1f8410c22d7977f28162bac833756b32264ece48b5478b8779aff0bd42577256,1f8410c22d7977f28162bac833756b32264ece48b5478b8779aff0bd42577256,138,138
21735,utt_d9f74f77963ab3f3ebad::p0005-p0006,utt_d9f74f77963ab3f3ebad::p0005-p0006,3556f7a5f9212b403587da06a6dde96e2f30cb96175417d7af8c933a0281255d,3556f7a5f9212b403587da06a6dde96e2f30cb96175417d7af8c933a0281255d,117,117
21735,utt_d9f74f77963ab3f3ebad::p0007-p0009,utt_d9f74f77963ab3f3ebad::p0007-p0009,281228dbac1697d1b7da65c95fa172608731bbc93e8d0b5ab3ec9b3ae8fd0b81,281228dbac1697d1b7da65c95fa172608731bbc93e8d0b5ab3ec9b3ae8fd0b81,81,81
21735,utt_d9f74f77963ab3f3ebad::p0010,utt_d9f74f77963ab3f3ebad::p0010,7a492f02aeece4e885ec54ac929e6bfcd715b75f4e2fec404f75499ad12ad1f9,7a492f02aeece4e885ec54ac929e6bfcd715b75f4e2fec404f75499ad12ad1f9,50,50
21735,utt_d9f74f77963ab3f3ebad::p0011-p0014,utt_d9f74f77963ab3f3ebad::p0011-p0014,a01ccbaab27191cf62bd2ada48b5b7ea3efa5879bf04d71595288cfa278a8a4b,a01ccbaab27191cf62bd2ada48b5b7ea3efa5879bf04d71595288cfa278a8a4b,132,132
21735,utt_d9f74f77963ab3f3ebad::p0015-p0019,utt_d9f74f77963ab3f3ebad::p0015-p0019,5ce850eaf4cadbaa845d923994283fd871b365e999ee97971c38b282549d38f0,5ce850eaf4cadbaa845d923994283fd871b365e999ee97971c38b282549d38f0,130,130
21735,utt_d9f74f77963ab3f3ebad::p0020-p0023,utt_d9f74f77963ab3f3ebad::p0020-p0023,ba46c3bf1f20c538202c18d6876c701a15aafa6e7f11514502aeaf8a8274c4d5,ba46c3bf1f20c538202c18d6876c701a15aafa6e7f11514502aeaf8a8274c4d5,142,142
21735,utt_d9f74f77963ab3f3ebad::p0024-p0026,utt_d9f74f77963ab3f3ebad::p0024-p0026,4c28815c32291e4a0b92d31b4799a87dd989f4ae1312b00f42c53f9047190298,4c28815c32291e4a0b92d31b4799a87dd989f4ae1312b00f42c53f9047190298,86,86
21735,utt_d9f74f77963ab3f3ebad::p0027-p0029,utt_d9f74f77963ab3f3ebad::p0027-p0029,68e9f854535e262944972497daf6a5f768bc73c1ecc0fd165a8286e033aef8a8,68e9f854535e262944972497daf6a5f768bc73c1ecc0fd165a8286e033aef8a8,121,121
21735,utt_d9f74f77963ab3f3ebad::p0030-p0032,utt_d9f74f77963ab3f3ebad::p0030-p0032,5e0e5c10a6471f1e14c07a880153f49c4c7d21a3a50b86412762bc8c5487932e,5e0e5c10a6471f1e14c07a880153f49c4c7d21a3a50b86412762bc8c5487932e,96,96
21735,utt_d9f74f77963ab3f3ebad::p0033-p0036,utt_d9f74f77963ab3f3ebad::p0033-p0036,4362149546f5816529d8a0c3c202f90918082daf07ac045ca7ab17de0d900e29,4362149546f5816529d8a0c3c202f90918082daf07ac045ca7ab17de0d900e29,141,141
21735,utt_d9f74f77963ab3f3ebad::p0037-p0040,utt_d9f74f77963ab3f3ebad::p0037-p0040,e584c19e1b8856e5310b1d64b9c268e68fcccb4e8e4cf8ae6148f68b91f146d3,e584c19e1b8856e5310b1d64b9c268e68fcccb4e8e4cf8ae6148f68b91f146d3,126,126
21735,utt_d9f74f77963ab3f3ebad::p0041-p0044,utt_d9f74f77963ab3f3ebad::p0041-p0044,00cc83bc42beb93982c54785dfe4cedbc447365dbc8a05fee0f0cc1024753a84,00cc83bc42beb93982c54785dfe4cedbc447365dbc8a05fee0f0cc1024753a84,117,117
21735,utt_d9f74f77963ab3f3ebad::p0045-p0046,utt_d9f74f77963ab3f3ebad::p0045-p0046,d52cf6b3c86f328e46432d7d501731d6a65e286520ea9c070b4168a4e8da0c77,d52cf6b3c86f328e46432d7d501731d6a65e286520ea9c070b4168a4e8da0c77,70,70
21735,utt_d9f74f77963ab3f3ebad::p0047-p0052,utt_d9f74f77963ab3f3ebad::p0047-p0052,7e398cca6d7dc90d75911197831443c5eb5925ccc94026d65f4ce5f42e2a8a35,7e398cca6d7dc90d75911197831443c5eb5925ccc94026d65f4ce5f42e2a8a35,134,134
21735,utt_d9f74f77963ab3f3ebad::p0053-p0057,utt_d9f74f77963ab3f3ebad::p0053-p0059,3afacf76b402cdb086e0fbb4f161a5819c95907810c2d5beffe7e6555a6c5a3d,a2d27e75c0d9891ff841691d54b1c7ff379a4a8f11729e06a6c2041b80f04a1f,115,161
21735,utt_d9f74f77963ab3f3ebad::p0058-p0059,utt_d9f74f77963ab3f3ebad::p0053-p0059,7afa1a1f0cccb06aff1a02f53de00f09b6a8ab1b0d7756fb5d92376131654c9d,a2d27e75c0d9891ff841691d54b1c7ff379a4a8f11729e06a6c2041b80f04a1f,46,161
21735,utt_b3b21c9c9bad07d463d7::p0001,utt_b3b21c9c9bad07d463d7::p0001,02a70a608a35a9124eb138880a6ca1479bbc0080453739743f11dcc110e82d8f,02a70a608a35a9124eb138880a6ca1479bbc0080453739743f11dcc110e82d8f,5,5
21735,utt_c7a7c15bc1e2f672c121::p0001-p0006,utt_c7a7c15bc1e2f672c121::p0001-p0006,ba2ccc4d8d3ef80d44037b4d86e59a40a5518a057498c6a7ee6e949aa5768933,ba2ccc4d8d3ef80d44037b4d86e59a40a5518a057498c6a7ee6e949aa5768933,140,140
21735,utt_c7a7c15bc1e2f672c121::p0007-p0010,utt_c7a7c15bc1e2f672c121::p0007-p0010,8b08445ea1b841505a723c158042e2a56f44674f2024f3151bcb81b3aef4cec4,8b08445ea1b841505a723c158042e2a56f44674f2024f3151bcb81b3aef4cec4,142,142
21735,utt_c7a7c15bc1e2f672c121::p0011-p0014,utt_c7a7c15bc1e2f672c121::p0011-p0014,4102495dd342e46d46cf10a5665476f69d820c3d7faab31a9e308b05edbf8b34,4102495dd342e46d46cf10a5665476f69d820c3d7faab31a9e308b05edbf8b34,89,89
21735,utt_c7a7c15bc1e2f672c121::p0015,utt_c7a7c15bc1e2f672c121::p0015,5d7c9ca1c4ec10e63d5e30d6c6be7083ac8ddf4e213befe9f16ad0c17cbae4a5,5d7c9ca1c4ec10e63d5e30d6c6be7083ac8ddf4e213befe9f16ad0c17cbae4a5,62,62
21735,utt_c7a7c15bc1e2f672c121::p0016,utt_c7a7c15bc1e2f672c121::p0016,27118e0bba459625a685f78f0680dffdbaeb3a93a64d7b16c845612a541f3f72,27118e0bba459625a685f78f0680dffdbaeb3a93a64d7b16c845612a541f3f72,63,63
21735,utt_c7a7c15bc1e2f672c121::p0017-p0019,utt_c7a7c15bc1e2f672c121::p0017-p0019,83eae6310dc3aa9b802674a0bbb4ac07a1fe929ea2f7122ca101e3238e250e3c,83eae6310dc3aa9b802674a0bbb4ac07a1fe929ea2f7122ca101e3238e250e3c,117,117
21735,utt_c7a7c15bc1e2f672c121::p0020-p0023,utt_c7a7c15bc1e2f672c121::p0020-p0023,c347a06f9138be9ab72796d9358f1f9dfa63908c3bfb2beb4842c9e6d819bf71,c347a06f9138be9ab72796d9358f1f9dfa63908c3bfb2beb4842c9e6d819bf71,127,127
21735,utt_c7a7c15bc1e2f672c121::p0024-p0026,utt_c7a7c15bc1e2f672c121::p0024-p0026,0721d2996c41b570e7277a272e228419658b24b0e7fcfde9bc6e03d19e421cbf,0721d2996c41b570e7277a272e228419658b24b0e7fcfde9bc6e03d19e421cbf,124,124
21735,utt_c7a7c15bc1e2f672c121::p0027-p0030,utt_c7a7c15bc1e2f672c121::p0027-p0030,f73b982c8b9b58f4fbc149ad353f461984fc185f304f77b146dac08551f5dc9e,f73b982c8b9b58f4fbc149ad353f461984fc185f304f77b146dac08551f5dc9e,139,139
21735,utt_c7a7c15bc1e2f672c121::p0031-p0034,utt_c7a7c15bc1e2f672c121::p0031-p0034,44892bbe90c0daf564ce39b6ee1c2a737bdbdb164d10e67da6d10d3a798c1090,44892bbe90c0daf564ce39b6ee1c2a737bdbdb164d10e67da6d10d3a798c1090,64,64
21735,utt_9c97b69ed4b1873ec370::p0001,utt_9c97b69ed4b1873ec370::p0001,1abe9c06e1ee4502ec5d4787b864ca345f54606ac931a722aba608c8996dfda7,1abe9c06e1ee4502ec5d4787b864ca345f54606ac931a722aba608c8996dfda7,5,5
21735,utt_a54da7ef99a218c8b89a::p0001,utt_a54da7ef99a218c8b89a::p0001,dc02f77be522c9f819392f35b006ec8aa32a25a054dbf7ddad7db0f8d2df2e2a,dc02f77be522c9f819392f35b006ec8aa32a25a054dbf7ddad7db0f8d2df2e2a,8,8
21735,utt_ce705e1fbb9b6d22c5ee::p0001,utt_ce705e1fbb9b6d22c5ee::p0001,38d38f1f11c21871fa9876bb6363e6056265b54c300d77ec9bc6b63728e72234,38d38f1f11c21871fa9876bb6363e6056265b54c300d77ec9bc6b63728e72234,7,7
21735,utt_d917bcc9450be258b7da::p0001-p0006,utt_d917bcc9450be258b7da::p0001-p0006,9168e970496a122cdb6776a63f985c1b1bced1cdb513e4cfdef3c94ae20759b8,9168e970496a122cdb6776a63f985c1b1bced1cdb513e4cfdef3c94ae20759b8,148,148
21735,utt_d917bcc9450be258b7da::p0007-p0011,utt_d917bcc9450be258b7da::p0007-p0011,c49220aef2a0ae7e208ce20cf730808e9efc384c742b6a9b69fc0f39fd3ae762,c49220aef2a0ae7e208ce20cf730808e9efc384c742b6a9b69fc0f39fd3ae762,134,134
21735,utt_d917bcc9450be258b7da::p0012-p0014,utt_d917bcc9450be258b7da::p0012-p0014,e1029eeb20640d620e1f03066e6c17f9cc73f7226306e12c749a171a8785c08e,e1029eeb20640d620e1f03066e6c17f9cc73f7226306e12c749a171a8785c08e,82,82
21735,utt_d917bcc9450be258b7da::p0015-p0017,utt_d917bcc9450be258b7da::p0015-p0017,0cff6682a437507d2102eb4680d5c2bc4f7516120b7acc30e9c067b8b48fe989,0cff6682a437507d2102eb4680d5c2bc4f7516120b7acc30e9c067b8b48fe989,116,116
21735,utt_d917bcc9450be258b7da::p0018-p0020,utt_d917bcc9450be258b7da::p0018-p0020,77317fd66a5e58ebe3f0d48368a52e71457fe68a47bc3fdaa0f54c7f64652b8a,77317fd66a5e58ebe3f0d48368a52e71457fe68a47bc3fdaa0f54c7f64652b8a,140,140
21735,utt_d917bcc9450be258b7da::p0021-p0022,utt_d917bcc9450be258b7da::p0021-p0022,5eb9614f742a8ce74df2a9f9eb30cc73713466451348ed4985be2097d35e8c4c,5eb9614f742a8ce74df2a9f9eb30cc73713466451348ed4985be2097d35e8c4c,109,109
21735,utt_d917bcc9450be258b7da::p0023,utt_d917bcc9450be258b7da::p0023,569788703a8a100d7b6548a448376ded1e66df9355b44eacbab9e7cd9470786a,569788703a8a100d7b6548a448376ded1e66df9355b44eacbab9e7cd9470786a,64,64
21735,utt_d917bcc9450be258b7da::p0024-p0025,utt_d917bcc9450be258b7da::p0024-p0025,c2729f2ab64ce313ea02324ffcd75ae41a54f148cc563fb0b9f8e47600400b9f,c2729f2ab64ce313ea02324ffcd75ae41a54f148cc563fb0b9f8e47600400b9f,66,66
21735,utt_d917bcc9450be258b7da::p0026-p0029,utt_d917bcc9450be258b7da::p0026-p0029,35f316de19763c28461f1ed20edc48ab8282a275bbd686a1fd28de2a77df2677,35f316de19763c28461f1ed20edc48ab8282a275bbd686a1fd28de2a77df2677,93,93
21735,utt_e8754aeb0245cb20abf0::p0001,utt_e8754aeb0245cb20abf0::p0001,189ed0910bf4f021b9d00daf43afc7ff0335cf492e7af3a94c1f95cd86e59cac,189ed0910bf4f021b9d00daf43afc7ff0335cf492e7af3a94c1f95cd86e59cac,5,5
21735,utt_83c6c7f5f42690c26069::p0001-p0002,utt_83c6c7f5f42690c26069::p0001-p0002,ad31dd0cdfc3c480e2d8a01eb5ac7a8255ce2c00fef971cb4ee36d72bbb5fa01,ad31dd0cdfc3c480e2d8a01eb5ac7a8255ce2c00fef971cb4ee36d72bbb5fa01,61,61
21735,utt_83c6c7f5f42690c26069::p0003,utt_83c6c7f5f42690c26069::p0003,3ccb3767c05ed17d42294afa2a0b797ecb63b8e21fbf770a5767775d7928421f,3ccb3767c05ed17d42294afa2a0b797ecb63b8e21fbf770a5767775d7928421f,57,57
21735,utt_83c6c7f5f42690c26069::p0004,utt_83c6c7f5f42690c26069::p0004,5dff2afc8e37f8f5c8b7be131d68aa93e2e246a374b8dd718177fc8bf724046b,5dff2afc8e37f8f5c8b7be131d68aa93e2e246a374b8dd718177fc8bf724046b,69,69
21735,utt_83c6c7f5f42690c26069::p0005,utt_83c6c7f5f42690c26069::p0005,d61b6230c7042954a900ab050f7db92b7a0fa6025826a6d8a117a4a1d078c446,d61b6230c7042954a900ab050f7db92b7a0fa6025826a6d8a117a4a1d078c446,94,94
21735,utt_83c6c7f5f42690c26069::p0006-p0007,utt_83c6c7f5f42690c26069::p0006-p0007,0c29f66bb799666593e377525cb8bfa81148c609f49a64be86a0d5405ed501bb,0c29f66bb799666593e377525cb8bfa81148c609f49a64be86a0d5405ed501bb,80,80
21735,utt_83c6c7f5f42690c26069::p0008,utt_83c6c7f5f42690c26069::p0008,1f717c417d5fdc3adcee61f0e7e56ea79ab7795258651ce25b6003ed0e21785c,1f717c417d5fdc3adcee61f0e7e56ea79ab7795258651ce25b6003ed0e21785c,79,79
21735,utt_83c6c7f5f42690c26069::p0009,utt_83c6c7f5f42690c26069::p0009,6035f149212c3906499227496385f822e0e694b2ed0c349c3a11733ff4b86234,6035f149212c3906499227496385f822e0e694b2ed0c349c3a11733ff4b86234,67,67
21735,utt_83c6c7f5f42690c26069::p0010-p0011,utt_83c6c7f5f42690c26069::p0010-p0011,2dfc25a28cc04d2fd2e6e2ef3fb119716513a295ae840e2371442fc9b6e49702,2dfc25a28cc04d2fd2e6e2ef3fb119716513a295ae840e2371442fc9b6e49702,92,92
21735,utt_83c6c7f5f42690c26069::p0012-p0013,utt_83c6c7f5f42690c26069::p0012-p0013,f2911a63aad1c44a48573a5c9f34145db2f9fe36435219447c67dcae710d2d44,f2911a63aad1c44a48573a5c9f34145db2f9fe36435219447c67dcae710d2d44,122,122
21735,utt_83c6c7f5f42690c26069::p0014-p0015,utt_83c6c7f5f42690c26069::p0014-p0015,a2ee727fc9abdcd4ea241e7d02bdd1b91204e88f94e95e644fec868dfed8e7a6,a2ee727fc9abdcd4ea241e7d02bdd1b91204e88f94e95e644fec868dfed8e7a6,144,144
21735,utt_83c6c7f5f42690c26069::p0016-p0017,utt_83c6c7f5f42690c26069::p0016-p0017,8109e809f9faee94286163f8ac9164645588c8e3ed129627169be6c57c89d0a3,8109e809f9faee94286163f8ac9164645588c8e3ed129627169be6c57c89d0a3,82,82
21735,utt_704105ddbf9875b1d526::p0001,utt_704105ddbf9875b1d526::p0001,cf5c2da87dd344d86d18a26afb704a41d3e075f8b4e4780052c5708559165e0b,cf5c2da87dd344d86d18a26afb704a41d3e075f8b4e4780052c5708559165e0b,5,5
21735,utt_acf37fbf304144084f24::p0001-p0003,utt_acf37fbf304144084f24::p0001-p0003,374758b2cb8e609537a6d200257424b0a47c22f6360b688cbce23db9db7df664,374758b2cb8e609537a6d200257424b0a47c22f6360b688cbce23db9db7df664,105,105
21735,utt_acf37fbf304144084f24::p0004,utt_acf37fbf304144084f24::p0004,8076607394aa916a0a8cbaecad4680c6863ff77905afdebc065a8d44d52fd1f6,8076607394aa916a0a8cbaecad4680c6863ff77905afdebc065a8d44d52fd1f6,59,59
21735,utt_acf37fbf304144084f24::p0005-p0006,utt_acf37fbf304144084f24::p0005-p0006,679b7ffca25fa395d65475e8b9fde19797cad66f8e8d1ed249ce2929ba5f7b45,679b7ffca25fa395d65475e8b9fde19797cad66f8e8d1ed249ce2929ba5f7b45,111,111
21735,utt_acf37fbf304144084f24::p0007-p0009,utt_acf37fbf304144084f24::p0007-p0009,8cc7c4274785633500abced1c77d11328abbfd0d73ad6ff8a2e2e75b3c626038,8cc7c4274785633500abced1c77d11328abbfd0d73ad6ff8a2e2e75b3c626038,106,106
21735,utt_acf37fbf304144084f24::p0010,utt_acf37fbf304144084f24::p0010,48f248d11dca3e9fad309ee67281f99cea691587ec8d59bb02aeb51dfeae6fca,48f248d11dca3e9fad309ee67281f99cea691587ec8d59bb02aeb51dfeae6fca,51,51
21735,utt_acf37fbf304144084f24::p0011,utt_acf37fbf304144084f24::p0011,0cdf314e4db07a4c496253dff2fb3575941ec26c60b23762739a677058a32849,0cdf314e4db07a4c496253dff2fb3575941ec26c60b23762739a677058a32849,50,50
21735,utt_acf37fbf304144084f24::p0012-p0013,utt_acf37fbf304144084f24::p0012-p0013,f5abeb4b4d1612c5215f05458a630717b15481c37e47fa8d89956fe8b603b557,f5abeb4b4d1612c5215f05458a630717b15481c37e47fa8d89956fe8b603b557,84,84
21735,utt_acf37fbf304144084f24::p0014-p0016,utt_acf37fbf304144084f24::p0014-p0016,62b5d5eb055c68c3b466762cb8e9a6e37347fcfee26bbb0006751480b3a9c3f4,62b5d5eb055c68c3b466762cb8e9a6e37347fcfee26bbb0006751480b3a9c3f4,142,142
21735,utt_acf37fbf304144084f24::p0017,utt_acf37fbf304144084f24::p0017,17a7fc93a8919996d42e93b96406521d213df595d383a7267b746a7e6627434c,17a7fc93a8919996d42e93b96406521d213df595d383a7267b746a7e6627434c,110,110
21735,utt_acf37fbf304144084f24::p0018,utt_acf37fbf304144084f24::p0018,f291e21b0ac2c0ba5e7ae88f51b24cc6aba515d91d8f1b8a637cd9bc075e0685,f291e21b0ac2c0ba5e7ae88f51b24cc6aba515d91d8f1b8a637cd9bc075e0685,92,92
21735,utt_acf37fbf304144084f24::p0019-p0020,utt_acf37fbf304144084f24::p0019-p0020,ff64ca05b31bcacddb9c47c29d5d0eb880971ce2cf0e460390a3402ab0aa0bd6,ff64ca05b31bcacddb9c47c29d5d0eb880971ce2cf0e460390a3402ab0aa0bd6,114,114
21735,utt_acf37fbf304144084f24::p0021-p0023,utt_acf37fbf304144084f24::p0021-p0023,0023b71017db4e833df77a1eb677fe816f094a91bdc0d29e9832cd9c050e0b7e,0023b71017db4e833df77a1eb677fe816f094a91bdc0d29e9832cd9c050e0b7e,144,144
21735,utt_acf37fbf304144084f24::p0024-p0029,utt_acf37fbf304144084f24::p0024-p0029,c07bb0c9b2594d56e7c2cf8ca9e949c456cd35b0fc856c7365856612762c5b43,c07bb0c9b2594d56e7c2cf8ca9e949c456cd35b0fc856c7365856612762c5b43,144,144
21735,utt_acf37fbf304144084f24::p0030-p0034,utt_acf37fbf304144084f24::p0030-p0034,db986b8521c728cc8c59ee4dcfd040e779353b9cf0b71e182c98c24edc03e8a2,db986b8521c728cc8c59ee4dcfd040e779353b9cf0b71e182c98c24edc03e8a2,86,86
21735,utt_acf37fbf304144084f24::p0035-p0038,utt_acf37fbf304144084f24::p0035-p0038,2e588813cade365f3fcabdfaaea38896d88c4b0994c535ffa08e5f9fcf181e03,2e588813cade365f3fcabdfaaea38896d88c4b0994c535ffa08e5f9fcf181e03,141,141
21735,utt_acf37fbf304144084f24::p0039-p0041,utt_acf37fbf304144084f24::p0039-p0041,590eda7c1f55fc6b80c80a40a284b46792622eeadd8dde9391160604e38b285e,590eda7c1f55fc6b80c80a40a284b46792622eeadd8dde9391160604e38b285e,115,115
21735,utt_a1df0c37a550b2d6d48f::p0001,utt_a1df0c37a550b2d6d48f::p0001,35d608b9deb11971f90a5bb13e47a40edb9ec13734777dd7337a877971db3959,35d608b9deb11971f90a5bb13e47a40edb9ec13734777dd7337a877971db3959,5,5
21735,utt_6b8e3f613d4ddf0eb004::p0001-p0003,utt_6b8e3f613d4ddf0eb004::p0001-p0003,2073800274be27ae031a8891d215d694799c0469614358fd8ac5aaab1c8879dc,2073800274be27ae031a8891d215d694799c0469614358fd8ac5aaab1c8879dc,90,90
21735,utt_6b8e3f613d4ddf0eb004::p0004-p0006,utt_6b8e3f613d4ddf0eb004::p0004-p0006,711fb4525f88db9e373d659630cd51848cdb6fafd35c8a09569b193bfea21628,711fb4525f88db9e373d659630cd51848cdb6fafd35c8a09569b193bfea21628,134,134
21735,utt_6b8e3f613d4ddf0eb004::p0007-p0010,utt_6b8e3f613d4ddf0eb004::p0007-p0010,dacd4484ae4f709e7662ffdc2cb1d4db7cc961094870363026c0edd4fbb9f5e7,dacd4484ae4f709e7662ffdc2cb1d4db7cc961094870363026c0edd4fbb9f5e7,116,116
21735,utt_6b8e3f613d4ddf0eb004::p0011-p0013,utt_6b8e3f613d4ddf0eb004::p0011-p0013,2d24e5b204772b538235a45ca4c6e0231476465580f3e66d87087bc7fb7b1cd7,2d24e5b204772b538235a45ca4c6e0231476465580f3e66d87087bc7fb7b1cd7,139,139
21735,utt_6b8e3f613d4ddf0eb004::p0014-p0015,utt_6b8e3f613d4ddf0eb004::p0014-p0015,2c52cff6275316430f3569c9e91d86d161a7fa5e15de4fc2bea088e0568ec4a8,2c52cff6275316430f3569c9e91d86d161a7fa5e15de4fc2bea088e0568ec4a8,85,85
21735,utt_6b8e3f613d4ddf0eb004::p0016-p0018,utt_6b8e3f613d4ddf0eb004::p0016-p0018,98958550b3dc96f2c820a44bb5321a954e01442a91e27fbca7f1f052e4e9d971,98958550b3dc96f2c820a44bb5321a954e01442a91e27fbca7f1f052e4e9d971,131,131
21735,utt_6b8e3f613d4ddf0eb004::p0019-p0021,utt_6b8e3f613d4ddf0eb004::p0019-p0021,7de759369fe39c91188b846cf345b0a4276fd8c88a4ffb2f5463b3b9e6d3dca4,7de759369fe39c91188b846cf345b0a4276fd8c88a4ffb2f5463b3b9e6d3dca4,86,86
21735,utt_6b8e3f613d4ddf0eb004::p0022,utt_6b8e3f613d4ddf0eb004::p0022,308535ef7bd8b9e3901ee1b783df9d8d0f6fe4949b4bf2b260009e0adf7b6f02,308535ef7bd8b9e3901ee1b783df9d8d0f6fe4949b4bf2b260009e0adf7b6f02,78,78
21735,utt_6b8e3f613d4ddf0eb004::p0023-p0024,utt_6b8e3f613d4ddf0eb004::p0023-p0024,799d0b5daf3f64a0302d5a45d8688cd2534ab7c3d688d5c2ad3cc3c68045088d,799d0b5daf3f64a0302d5a45d8688cd2534ab7c3d688d5c2ad3cc3c68045088d,127,127
21735,utt_6b8e3f613d4ddf0eb004::p0025-p0030,utt_6b8e3f613d4ddf0eb004::p0025-p0031,6b250df777524133a154bb678ab7b769441148f6e0d13a25667bd750de831853,c22f46ffc94a124b9dec7762b52e1a3059b3cc2e676dad70e348a407f0fa6b3f,150,152
21735,utt_109ace34c327ed9ddc1e::p0001,utt_109ace34c327ed9ddc1e::p0001,12e2cedd4a3bae72cad7d969b28a2195d438c60eebfef40dbb3b33b11c6720a6,12e2cedd4a3bae72cad7d969b28a2195d438c60eebfef40dbb3b33b11c6720a6,5,5
21735,utt_ad6522ba1f31d751261c::p0001-p0007,utt_ad6522ba1f31d751261c::p0001-p0007,926d7da51b60b4e67f8c56f664343125223a6053f27f85d5500bf4d8f7d5fb8f,926d7da51b60b4e67f8c56f664343125223a6053f27f85d5500bf4d8f7d5fb8f,133,133
21735,utt_ad6522ba1f31d751261c::p0008-p0011,utt_ad6522ba1f31d751261c::p0008-p0011,7f09f41f985ab9b4298a235ad1728686e1938a21e1c26fba7d5ddcee6f08814c,7f09f41f985ab9b4298a235ad1728686e1938a21e1c26fba7d5ddcee6f08814c,133,133
21735,utt_ad6522ba1f31d751261c::p0012,utt_ad6522ba1f31d751261c::p0012,451dde6de811e4625156c9a52946a55166afb51cf559b322bc54f1dc549f233a,451dde6de811e4625156c9a52946a55166afb51cf559b322bc54f1dc549f233a,99,99
21735,utt_ad6522ba1f31d751261c::p0013,utt_ad6522ba1f31d751261c::p0013,0f4984a9207478e20f09c24e2d2615da7eb615728f7408f6de70a3fc3ea3db1a,0f4984a9207478e20f09c24e2d2615da7eb615728f7408f6de70a3fc3ea3db1a,134,134
21735,utt_ad6522ba1f31d751261c::p0014,utt_ad6522ba1f31d751261c::p0014,63f01bcee48dbb1db7f025ba6831bf7a1096b00e7b0ed36d0a77080f77aca4d2,63f01bcee48dbb1db7f025ba6831bf7a1096b00e7b0ed36d0a77080f77aca4d2,54,54
21735,utt_ad6522ba1f31d751261c::p0015,utt_ad6522ba1f31d751261c::p0015,db97f16d24715a13caebfd3417c075824b743c418fb68ceba9a62d1813c23a87,db97f16d24715a13caebfd3417c075824b743c418fb68ceba9a62d1813c23a87,111,111
21735,utt_ad6522ba1f31d751261c::p0016,utt_ad6522ba1f31d751261c::p0016,ea96a8bda4216b47cfc15989f77ca4b6607c5939244dd8ddfced6c4c37bd9de7,ea96a8bda4216b47cfc15989f77ca4b6607c5939244dd8ddfced6c4c37bd9de7,69,69
21735,utt_ad6522ba1f31d751261c::p0017,utt_ad6522ba1f31d751261c::p0017,97d73ac4ff55366330e469306a81520426b87ddf03c4c644e6c6845422191a1e,97d73ac4ff55366330e469306a81520426b87ddf03c4c644e6c6845422191a1e,73,73
21735,utt_ad6522ba1f31d751261c::p0018s001,utt_ad6522ba1f31d751261c::p0018s001,0f67c8473a913cfaa4cc82c813042b853de0c7018a79a1b822855ccd5c0d380f,0f67c8473a913cfaa4cc82c813042b853de0c7018a79a1b822855ccd5c0d380f,100,100
21735,utt_ad6522ba1f31d751261c::p0018s002-p0020,utt_ad6522ba1f31d751261c::p0018s002-p0020,e216ad8eddd02452efd1030b0580a7b7f32ea443fb24a355ae189a13b47fea99,e216ad8eddd02452efd1030b0580a7b7f32ea443fb24a355ae189a13b47fea99,141,141
21735,utt_ad6522ba1f31d751261c::p0021-p0024,utt_ad6522ba1f31d751261c::p0021-p0026,c78fc54ae7a0a33412410005fea5f56cf819261c23da555846292c3cf6cd6fb9,c7cdfae42e0bbed6cffdac858054f7e029c5935357f7f216f6fef4769ceed467,135,160
21735,utt_ad6522ba1f31d751261c::p0025-p0026,utt_ad6522ba1f31d751261c::p0021-p0026,ed2d2b6b023bf55c351b387e10ebc2d5f25e9c0874f5ef4121ac00b8025e14d0,c7cdfae42e0bbed6cffdac858054f7e029c5935357f7f216f6fef4769ceed467,25,160
21735,utt_70d6eeabbfb0538283f2::p0001,utt_70d6eeabbfb0538283f2::p0001,4f23ddb786020eab3208f5e0a276589224a9ce8e3baa9e059d80d2565102ff62,4f23ddb786020eab3208f5e0a276589224a9ce8e3baa9e059d80d2565102ff62,5,5
21735,utt_f26cdad33364c44edf16::p0001-p0004,utt_f26cdad33364c44edf16::p0001-p0004,9a7dcbb66a017a772c1bb45cd28f9d2936e8a50f61c7db3ec8cd7cf988f8571f,9a7dcbb66a017a772c1bb45cd28f9d2936e8a50f61c7db3ec8cd7cf988f8571f,139,139
21735,utt_f26cdad33364c44edf16::p0005,utt_f26cdad33364c44edf16::p0005,834b263bf17c6cd1ecf8d7890625a12f57630ce871cc9c0745d423029ae56217,834b263bf17c6cd1ecf8d7890625a12f57630ce871cc9c0745d423029ae56217,88,88
21735,utt_f26cdad33364c44edf16::p0006,utt_f26cdad33364c44edf16::p0006,43b1135473d6050af21eec5d9793860682d87f1ff4018656f4cfb71c920106e9,43b1135473d6050af21eec5d9793860682d87f1ff4018656f4cfb71c920106e9,79,79
21735,utt_f26cdad33364c44edf16::p0007,utt_f26cdad33364c44edf16::p0007,66bf6d38b1185d29bd94cea312cc972aef1a24ecd473a3876e9bc8e957577d50,66bf6d38b1185d29bd94cea312cc972aef1a24ecd473a3876e9bc8e957577d50,86,86
21735,utt_f26cdad33364c44edf16::p0008,utt_f26cdad33364c44edf16::p0008,bf3088b7a681c8782834cb11694429b5879808b7dde95cbcc9b51cbe94b290d7,bf3088b7a681c8782834cb11694429b5879808b7dde95cbcc9b51cbe94b290d7,51,51
21735,utt_f26cdad33364c44edf16::p0009,utt_f26cdad33364c44edf16::p0009,1d6ae02be634bd419dcdcaf00eccea5e7a1ab99cd6bbee1a5497175572a1ca4b,1d6ae02be634bd419dcdcaf00eccea5e7a1ab99cd6bbee1a5497175572a1ca4b,52,52
21735,utt_f26cdad33364c44edf16::p0010-p0014,utt_f26cdad33364c44edf16::p0010-p0014,cdfcbad566ffd0a75087c19da0844e24bd9bb407c6ee2246f8c12001acfd072a,cdfcbad566ffd0a75087c19da0844e24bd9bb407c6ee2246f8c12001acfd072a,112,112
21735,utt_f26cdad33364c44edf16::p0015-p0020,utt_f26cdad33364c44edf16::p0015-p0021,40fe071c3de6d06b0e339056cae0f4d7967985bcaf16e4aa4248979fabaac5f4,fb911963c533cdd2c8cdcba9af934629126ab0c98c2db9556de5841381c58256,144,172
21735,utt_f26cdad33364c44edf16::p0021,utt_f26cdad33364c44edf16::p0015-p0021,264a9dd61c725bbb2a9423e655a9fd86485df42f0eb0b58862d95602f66293ff,fb911963c533cdd2c8cdcba9af934629126ab0c98c2db9556de5841381c58256,28,172
21735,utt_fe3a38662c77af840195::p0001,utt_fe3a38662c77af840195::p0001,ff8d9a96f9c76c1fa7365fcc1d240681a2ff61056a45f5b17bde530d60a877e8,ff8d9a96f9c76c1fa7365fcc1d240681a2ff61056a45f5b17bde530d60a877e8,8,8
21735,utt_e32fbbb206c75ccdabfc::p0001-p0005,utt_e32fbbb206c75ccdabfc::p0001-p0005,7317e8b4fc9090225c47ad2ce137a594b3066b0e72b79c75cec84d5e1aab3ca2,7317e8b4fc9090225c47ad2ce137a594b3066b0e72b79c75cec84d5e1aab3ca2,130,130
21735,utt_e32fbbb206c75ccdabfc::p0006-p0008,utt_e32fbbb206c75ccdabfc::p0006-p0008,ff04493664e4c0065e9e1faec42d634483170d8bceea9256af256202d08e7e0b,ff04493664e4c0065e9e1faec42d634483170d8bceea9256af256202d08e7e0b,55,55
21735,utt_95ff1595c73a6f28507f::p0001,utt_95ff1595c73a6f28507f::p0001,416d9a8e2d1bd19e2d768336a1c5d510084244c2a504d2416e2892114c8c9f12,416d9a8e2d1bd19e2d768336a1c5d510084244c2a504d2416e2892114c8c9f12,5,5
21735,utt_e2cfbb6a37d20e9b21d0::p0001-p0005,utt_e2cfbb6a37d20e9b21d0::p0001-p0005,b35298a2f600b095fbe96b1631bee9d55a1859a57acd22b72d8190c11b172e11,b35298a2f600b095fbe96b1631bee9d55a1859a57acd22b72d8190c11b172e11,142,142
21735,utt_e2cfbb6a37d20e9b21d0::p0006,utt_e2cfbb6a37d20e9b21d0::p0006,8e42667c522670782e892819f877ceceb177aeb6bc2852bdd947d5ad89b33414,8e42667c522670782e892819f877ceceb177aeb6bc2852bdd947d5ad89b33414,56,56
21735,utt_e2cfbb6a37d20e9b21d0::p0007-p0008,utt_e2cfbb6a37d20e9b21d0::p0007-p0008,28fabbdc94400a3eaa4a662ef729e304955cee6043a5b5ba21a0d29201fa616a,28fabbdc94400a3eaa4a662ef729e304955cee6043a5b5ba21a0d29201fa616a,81,81
21735,utt_e2cfbb6a37d20e9b21d0::p0009-p0010,utt_e2cfbb6a37d20e9b21d0::p0009-p0010,df923e07dde2283a957a423abcc734377617dbf9d6cb5570901f12d48364bf0b,df923e07dde2283a957a423abcc734377617dbf9d6cb5570901f12d48364bf0b,110,110
21735,utt_e2cfbb6a37d20e9b21d0::p0011-p0014,utt_e2cfbb6a37d20e9b21d0::p0011-p0014,07da020706fb3323151a3a140cc78c24953af03245f7e2640e7114d7806e215a,07da020706fb3323151a3a140cc78c24953af03245f7e2640e7114d7806e215a,91,91
21735,utt_ac8eb0391210d599949d::p0001,utt_ac8eb0391210d599949d::p0001,0cd9e15fae714554283dd3ff0a531100410c47727db1a6e4900f3556b45d2de7,0cd9e15fae714554283dd3ff0a531100410c47727db1a6e4900f3556b45d2de7,5,5
21735,utt_733f3ddf19b1010d62c7::p0001,utt_733f3ddf19b1010d62c7::p0001,47e25c8c8f518fc8744a7f6ab60aef86dd2a79fca193e6e0402c67acbd4d5f55,47e25c8c8f518fc8744a7f6ab60aef86dd2a79fca193e6e0402c67acbd4d5f55,5,5
21735,utt_969e192ca99dc84a8ea4::p0001-p0002,utt_969e192ca99dc84a8ea4::p0001-p0002,695ec7e148438e80a8c90fcc47f20356d7a23b079961181f9071c99eded21bc2,695ec7e148438e80a8c90fcc47f20356d7a23b079961181f9071c99eded21bc2,131,131
21735,utt_969e192ca99dc84a8ea4::p0003-p0004,utt_969e192ca99dc84a8ea4::p0003-p0004,801a035fc648cf8fd66daf369f0a4dc6df721ae06331c07c6c73e7089a20fd30,801a035fc648cf8fd66daf369f0a4dc6df721ae06331c07c6c73e7089a20fd30,102,102
21735,utt_969e192ca99dc84a8ea4::p0005-p0006,utt_969e192ca99dc84a8ea4::p0005-p0006,0886fa123579d3317b475e9410c38b42c82af7deb977b15b71c437925fde7fe3,0886fa123579d3317b475e9410c38b42c82af7deb977b15b71c437925fde7fe3,110,110
21735,utt_969e192ca99dc84a8ea4::p0007,utt_969e192ca99dc84a8ea4::p0007,a716052cdc5d4af30dba9b44eaef9d8ef9be4f02fc338d721cb15f9e5c485aa2,a716052cdc5d4af30dba9b44eaef9d8ef9be4f02fc338d721cb15f9e5c485aa2,101,101
21735,utt_969e192ca99dc84a8ea4::p0008,utt_969e192ca99dc84a8ea4::p0008,1054893aeba1e4c66b082dc1286436fadfadb7b41574f285746ffb33a342dde7,1054893aeba1e4c66b082dc1286436fadfadb7b41574f285746ffb33a342dde7,57,57
21735,utt_969e192ca99dc84a8ea4::p0009,utt_969e192ca99dc84a8ea4::p0009,df45f57cd3fbdd18a310ad83fb208e2a1042389659806f91a1a6840b3794d036,df45f57cd3fbdd18a310ad83fb208e2a1042389659806f91a1a6840b3794d036,70,70
21735,utt_969e192ca99dc84a8ea4::p0010,utt_969e192ca99dc84a8ea4::p0010,adc32f7f6042b16fddafb92d4347e6b7eb0cc09fa004328121b6d894de08b8a4,adc32f7f6042b16fddafb92d4347e6b7eb0cc09fa004328121b6d894de08b8a4,52,52
21735,utt_969e192ca99dc84a8ea4::p0011-p0012,utt_969e192ca99dc84a8ea4::p0011-p0012,8be9ac98bb15272848502d77ac43cb25e631cbc6e932615d6677a07aae36e104,8be9ac98bb15272848502d77ac43cb25e631cbc6e932615d6677a07aae36e104,125,125
21735,utt_969e192ca99dc84a8ea4::p0013-p0015,utt_969e192ca99dc84a8ea4::p0013-p0015,6fb52ce25f1f04e9efd60c33b5cc638294563afda30b2e4ec95bef64003b8806,6fb52ce25f1f04e9efd60c33b5cc638294563afda30b2e4ec95bef64003b8806,146,146
21735,utt_969e192ca99dc84a8ea4::p0016,utt_969e192ca99dc84a8ea4::p0016-p0017,7b3a7fbce7c9dbba4f0b6abb6b711b58cb6729dd56d07b6606ed4a3bb4f35d0d,049b43a474c47a1a42e5347d508860e90f731317b8f472c07457f74ea626ef43,37,180
21735,utt_969e192ca99dc84a8ea4::p0017,utt_969e192ca99dc84a8ea4::p0016-p0017,84487669ee795ac6189f7c7836abef365015988103c2189cccfb597c098c3ff5,049b43a474c47a1a42e5347d508860e90f731317b8f472c07457f74ea626ef43,143,180
21735,utt_969e192ca99dc84a8ea4::p0018,utt_969e192ca99dc84a8ea4::p0018,f35f54648aa52f5d166a4ed4606946e7980a3b970e9327b00bf3e0d922624bd9,f35f54648aa52f5d166a4ed4606946e7980a3b970e9327b00bf3e0d922624bd9,66,66
21735,utt_969e192ca99dc84a8ea4::p0019,utt_969e192ca99dc84a8ea4::p0019,4f983511947e46ffccb6eb34e0f6113ec6121b3c019a2027a1b4150823fb4a5f,4f983511947e46ffccb6eb34e0f6113ec6121b3c019a2027a1b4150823fb4a5f,110,110
21735,utt_969e192ca99dc84a8ea4::p0020,utt_969e192ca99dc84a8ea4::p0020,d7dfb01faf56c278b1ea305a9a7343d75e61e2ad5fc0fd4234c45435927d2e10,d7dfb01faf56c278b1ea305a9a7343d75e61e2ad5fc0fd4234c45435927d2e10,99,99
21735,utt_969e192ca99dc84a8ea4::p0021,utt_969e192ca99dc84a8ea4::p0021,b73fcaf755b5f84961128f2041b8d69607ad2efeb688c05f9ff4c9f439976931,b73fcaf755b5f84961128f2041b8d69607ad2efeb688c05f9ff4c9f439976931,78,78
21735,utt_969e192ca99dc84a8ea4::p0022-p0023,utt_969e192ca99dc84a8ea4::p0022-p0023,7aeac725705e73cc1904a0cd2bb458158872a9eb1c051905198c6be11dfa3891,7aeac725705e73cc1904a0cd2bb458158872a9eb1c051905198c6be11dfa3891,115,115
21735,utt_969e192ca99dc84a8ea4::p0024-p0025,utt_969e192ca99dc84a8ea4::p0024-p0025,7ad0614fd3b0b869abaee280389e57b3faf87853d8997102ce3186182b02d360,7ad0614fd3b0b869abaee280389e57b3faf87853d8997102ce3186182b02d360,109,109
21735,utt_969e192ca99dc84a8ea4::p0026-p0027,utt_969e192ca99dc84a8ea4::p0026-p0027,23fb1bc340fb44aa9c98a3f6954bde473439dc570bb5878360565fcad0023475,23fb1bc340fb44aa9c98a3f6954bde473439dc570bb5878360565fcad0023475,53,53
21735,utt_24afacdd9ef1540c4c4c::p0001-p0002,utt_24afacdd9ef1540c4c4c::p0001-p0002,3415252eb4a0a7a9f2c9b39012a361bed02c261aa061a209235699c3dd68ebe4,3415252eb4a0a7a9f2c9b39012a361bed02c261aa061a209235699c3dd68ebe4,18,18
21735,utt_cab0d60ec889c2bc95b8::p0001-p0003,utt_cab0d60ec889c2bc95b8::p0001-p0003,ec700b60a91aa739fe135f573c9ef1a61961bd0d6f55462bdf31d6d61aab97d6,ec700b60a91aa739fe135f573c9ef1a61961bd0d6f55462bdf31d6d61aab97d6,27,27
21735,utt_84036c96c10d5b697e54::p0001-p0006,utt_84036c96c10d5b697e54::p0001-p0006,3c83994c14fca962121d7750817ab2373e860a470947bd0199ebf4164e92de72,3c83994c14fca962121d7750817ab2373e860a470947bd0199ebf4164e92de72,108,108
21735,utt_84036c96c10d5b697e54::p0007-p0008,utt_84036c96c10d5b697e54::p0007-p0008,8e4b2508164c7143a054f91a8dc52e4d763025a8f91ab78d405d16e0c77d6935,8e4b2508164c7143a054f91a8dc52e4d763025a8f91ab78d405d16e0c77d6935,130,130
21735,utt_84036c96c10d5b697e54::p0009,utt_84036c96c10d5b697e54::p0009,43d5488b8313785cda12f9fdc9e2c2559192757ee7c1f0139b1f93d3a5d6253f,43d5488b8313785cda12f9fdc9e2c2559192757ee7c1f0139b1f93d3a5d6253f,50,50
21735,utt_84036c96c10d5b697e54::p0010,utt_84036c96c10d5b697e54::p0010,14cf0936f51f10f7eb57421470238554f90080a9ba555a81e547a4b61216b7c3,14cf0936f51f10f7eb57421470238554f90080a9ba555a81e547a4b61216b7c3,53,53
21735,utt_84036c96c10d5b697e54::p0011,utt_84036c96c10d5b697e54::p0011,9e5f63bcc92397f894ed72991e01fb3a653a2f5d4f68a809b89ebd46c4478e9f,9e5f63bcc92397f894ed72991e01fb3a653a2f5d4f68a809b89ebd46c4478e9f,51,51
21735,utt_84036c96c10d5b697e54::p0012-p0014,utt_84036c96c10d5b697e54::p0012-p0014,427fb5010ab8bba1996d45fe62c28ab66d5765f7b32dc49b124d7bddc9d00000,427fb5010ab8bba1996d45fe62c28ab66d5765f7b32dc49b124d7bddc9d00000,129,129
21735,utt_84036c96c10d5b697e54::p0015-p0016,utt_84036c96c10d5b697e54::p0015-p0016,e93ec8889d4e8abf00525426fa39610a677654001efe7ba320563b6e70cdee9a,e93ec8889d4e8abf00525426fa39610a677654001efe7ba320563b6e70cdee9a,122,122
21735,utt_84036c96c10d5b697e54::p0017,utt_84036c96c10d5b697e54::p0017,539f7591867532ee70dbbac7171b8a1d0bed49d967024704328d019d86ec94ac,539f7591867532ee70dbbac7171b8a1d0bed49d967024704328d019d86ec94ac,54,54
21735,utt_84036c96c10d5b697e54::p0018,utt_84036c96c10d5b697e54::p0018,626535f41cfd236a8b4e22ea6e61d49a2984ee82c24ac4eb7da4f07329c0ccd0,626535f41cfd236a8b4e22ea6e61d49a2984ee82c24ac4eb7da4f07329c0ccd0,108,108
21735,utt_84036c96c10d5b697e54::p0019-p0021,utt_84036c96c10d5b697e54::p0019-p0021,758dd15ce2c64ad1a590dd98d0da2067fe6d814fc08f874acb7c9c91b020b075,758dd15ce2c64ad1a590dd98d0da2067fe6d814fc08f874acb7c9c91b020b075,108,108
21735,utt_993e126f52f7976eb28c::p0001,utt_993e126f52f7976eb28c::p0001,d46bd4fde24135569cdc93f30ab844beb5136b25d67ff163205f251bae7a1e6e,d46bd4fde24135569cdc93f30ab844beb5136b25d67ff163205f251bae7a1e6e,5,5
21735,utt_4bde5622b9677ec01f59::p0001-p0002,utt_4bde5622b9677ec01f59::p0001-p0002,6fd721d2b0d6f5f413df9796290d9292dc2c3e036d373270592514c0f70ea8fd,6fd721d2b0d6f5f413df9796290d9292dc2c3e036d373270592514c0f70ea8fd,57,57
21735,utt_4bde5622b9677ec01f59::p0003,utt_4bde5622b9677ec01f59::p0003,b02e1e2052f7796f0365c02914ef471a9179bc7f5ffb00b28b0c0612ac9a375e,b02e1e2052f7796f0365c02914ef471a9179bc7f5ffb00b28b0c0612ac9a375e,68,68
21735,utt_4bde5622b9677ec01f59::p0004,utt_4bde5622b9677ec01f59::p0004,f21888e053d7a68d8f130e4ce0104aae84ed500616b337d46864108280428f43,f21888e053d7a68d8f130e4ce0104aae84ed500616b337d46864108280428f43,52,52
21735,utt_4bde5622b9677ec01f59::p0005,utt_4bde5622b9677ec01f59::p0005,daaed6de5945b13fb025cb21687791eb06552ac3b44770f21aa2772111f5e57d,daaed6de5945b13fb025cb21687791eb06552ac3b44770f21aa2772111f5e57d,129,129
21735,utt_4bde5622b9677ec01f59::p0006-p0008,utt_4bde5622b9677ec01f59::p0006-p0008,5e1f0a0dfaa2fc83788854969ba3b6bb4385cb64975e02d49a2e12ba669e05d3,5e1f0a0dfaa2fc83788854969ba3b6bb4385cb64975e02d49a2e12ba669e05d3,136,136
21735,utt_4bde5622b9677ec01f59::p0009,utt_4bde5622b9677ec01f59::p0009,fca5cec127b17db4a6dcfe4b485092f91235802ff750050d51635693f36aae67,fca5cec127b17db4a6dcfe4b485092f91235802ff750050d51635693f36aae67,59,59
21735,utt_4bde5622b9677ec01f59::p0010,utt_4bde5622b9677ec01f59::p0010,66305498eda9fe49d8557e9af5926de5254e2aadadfba7c5bfec53f27e8e4c4d,66305498eda9fe49d8557e9af5926de5254e2aadadfba7c5bfec53f27e8e4c4d,52,52
21735,utt_4bde5622b9677ec01f59::p0011-p0013,utt_4bde5622b9677ec01f59::p0011-p0013,8720bcfe2b04c1c3f0bae20719a6a852828673f76c139d0af59eeca042e10d8b,8720bcfe2b04c1c3f0bae20719a6a852828673f76c139d0af59eeca042e10d8b,129,129
21735,utt_4bde5622b9677ec01f59::p0014-p0016,utt_4bde5622b9677ec01f59::p0014-p0016,9ed5c75058330e599e679544482956671946bb11e21700768e0899f915e28392,9ed5c75058330e599e679544482956671946bb11e21700768e0899f915e28392,123,123
21735,utt_4bde5622b9677ec01f59::p0017-p0019,utt_4bde5622b9677ec01f59::p0017-p0019,d899650d3c6aa5c709765c858666e2b7c849a044354787713c7b50d9320a010b,d899650d3c6aa5c709765c858666e2b7c849a044354787713c7b50d9320a010b,125,125
21735,utt_4bde5622b9677ec01f59::p0020-p0021,utt_4bde5622b9677ec01f59::p0020-p0021,b16bb2861c2ddbdc50b8f2a0fd4eec3d52f53ff6b374fa613fb3b1b7eb663775,b16bb2861c2ddbdc50b8f2a0fd4eec3d52f53ff6b374fa613fb3b1b7eb663775,97,97
21735,utt_4bde5622b9677ec01f59::p0022,utt_4bde5622b9677ec01f59::p0022,97be3fe0928cb2929ef2398b78374a61345ac3f9b4e73ffdae53f85e68a37bc1,97be3fe0928cb2929ef2398b78374a61345ac3f9b4e73ffdae53f85e68a37bc1,53,53
21735,utt_4bde5622b9677ec01f59::p0023,utt_4bde5622b9677ec01f59::p0023,8cc7e2cdaf83846602e463f1d85755efa1faa050e2f9e25aa7c9cb31567d497a,8cc7e2cdaf83846602e463f1d85755efa1faa050e2f9e25aa7c9cb31567d497a,74,74
21735,utt_4bde5622b9677ec01f59::p0024-p0026,utt_4bde5622b9677ec01f59::p0024-p0026,a1df1910673c112505508d6357cd35910154adacb40c50b74ec2752c6e162370,a1df1910673c112505508d6357cd35910154adacb40c50b74ec2752c6e162370,126,126
21735,utt_4bde5622b9677ec01f59::p0027-p0028,utt_4bde5622b9677ec01f59::p0027-p0028,660903e2bd100bd8e799c5af46943d1a661ec6ce6fc6d73a4835c8e9eb9050da,660903e2bd100bd8e799c5af46943d1a661ec6ce6fc6d73a4835c8e9eb9050da,116,116
21735,utt_4bde5622b9677ec01f59::p0029-p0031,utt_4bde5622b9677ec01f59::p0029-p0031,e8285f1cc6dd688827d0f2b4c61c02768eb58d1e9e30496ba48e6ce33288ea1e,e8285f1cc6dd688827d0f2b4c61c02768eb58d1e9e30496ba48e6ce33288ea1e,101,101
21735,utt_4bde5622b9677ec01f59::p0032-p0033,utt_4bde5622b9677ec01f59::p0032-p0033,6d78c4188610817022ea4ba9ca97222f73523f6807e31d556955b327f8e46eda,6d78c4188610817022ea4ba9ca97222f73523f6807e31d556955b327f8e46eda,55,55
21735,utt_5250dc409bfc8e5b5399::p0001,utt_5250dc409bfc8e5b5399::p0001,f44888fb780aa2e08e68708d9d3d599efde5c35b4d9b947055a39f11f1fab86f,f44888fb780aa2e08e68708d9d3d599efde5c35b4d9b947055a39f11f1fab86f,5,5
21735,utt_5bf7ef17c6eb14772f4c::p0001-p0003,utt_5bf7ef17c6eb14772f4c::p0001-p0003,dc177b85e1e67db3b6ccfdc7cc9e66f6ef903a82b35b36ecf6781e6dbe4b0cfd,dc177b85e1e67db3b6ccfdc7cc9e66f6ef903a82b35b36ecf6781e6dbe4b0cfd,127,127
21735,utt_5bf7ef17c6eb14772f4c::p0004-p0005,utt_5bf7ef17c6eb14772f4c::p0004-p0005,dcb64519e06c8cb56e7bd6531ddd9ecaeb3272b4a8a8c806a1f98117a49fa718,dcb64519e06c8cb56e7bd6531ddd9ecaeb3272b4a8a8c806a1f98117a49fa718,92,92
21735,utt_5bf7ef17c6eb14772f4c::p0006-p0010,utt_5bf7ef17c6eb14772f4c::p0006-p0010,20ffd540f7c9f25d20f517aa1a3e97b66db84d3bd53fb1d9db34f981e8769b69,20ffd540f7c9f25d20f517aa1a3e97b66db84d3bd53fb1d9db34f981e8769b69,136,136
21735,utt_5bf7ef17c6eb14772f4c::p0011-p0014,utt_5bf7ef17c6eb14772f4c::p0011-p0014,7c13bbf5e8a2eda7264e0d064a71c181268713ce2269489e30b44c8f72ab5b2e,7c13bbf5e8a2eda7264e0d064a71c181268713ce2269489e30b44c8f72ab5b2e,83,83
21735,utt_5bf7ef17c6eb14772f4c::p0015,utt_5bf7ef17c6eb14772f4c::p0015,abccbb5db7d2403a7156edcd0bbf08f263770148f5a7e326d97bea2c3d690b4f,abccbb5db7d2403a7156edcd0bbf08f263770148f5a7e326d97bea2c3d690b4f,121,121
21735,utt_5bf7ef17c6eb14772f4c::p0016-p0019,utt_5bf7ef17c6eb14772f4c::p0016-p0019,7bede6bb4e09eb1a418ffb1c8a3d9260f9b68721f24bea2c42c9aee6f8301924,7bede6bb4e09eb1a418ffb1c8a3d9260f9b68721f24bea2c42c9aee6f8301924,132,132
21735,utt_5bf7ef17c6eb14772f4c::p0020-p0023,utt_5bf7ef17c6eb14772f4c::p0020-p0023,d7718209b404f93707f6df6c228d1aab61c277f89a0435ee7e777b1b8e9175aa,d7718209b404f93707f6df6c228d1aab61c277f89a0435ee7e777b1b8e9175aa,148,148
21735,utt_5bf7ef17c6eb14772f4c::p0024-p0027,utt_5bf7ef17c6eb14772f4c::p0024-p0027,394aaa7e2b91a94394330460f86b3f3c3dc62e868c5cb28c17e9e4bc0e037fd4,394aaa7e2b91a94394330460f86b3f3c3dc62e868c5cb28c17e9e4bc0e037fd4,139,139
21735,utt_5bf7ef17c6eb14772f4c::p0028-p0032,utt_5bf7ef17c6eb14772f4c::p0028-p0032,01e504578680ff94abfe76d0710eca7134f6e00756d25da169ea0bcdd728f16a,01e504578680ff94abfe76d0710eca7134f6e00756d25da169ea0bcdd728f16a,130,130
21735,utt_5bf7ef17c6eb14772f4c::p0033-p0037,utt_5bf7ef17c6eb14772f4c::p0033-p0037,dd0f12dd985fecb34abfbdcc0a8e40b801a09037ecdb93346701e9c9fbf9719e,dd0f12dd985fecb34abfbdcc0a8e40b801a09037ecdb93346701e9c9fbf9719e,117,117
21735,utt_5bf7ef17c6eb14772f4c::p0038-p0042,utt_5bf7ef17c6eb14772f4c::p0038-p0042,3eb801152a0f15f1ba1a6041f8524ac0a52a906bc592a2e505012e46f2eb537b,3eb801152a0f15f1ba1a6041f8524ac0a52a906bc592a2e505012e46f2eb537b,137,137
21735,utt_5bf7ef17c6eb14772f4c::p0043-p0045,utt_5bf7ef17c6eb14772f4c::p0043-p0045,31fdc1e0f07ea08cd57f2723125d7c5391a1dd0b4f3703b10e4e240280e5d0ee,31fdc1e0f07ea08cd57f2723125d7c5391a1dd0b4f3703b10e4e240280e5d0ee,89,89
21735,utt_0d0e8295a33ee80ff1fb::p0001,utt_0d0e8295a33ee80ff1fb::p0001,73b46ae406c9dcab3aed32792883d646ab4456f5908f83694021631bbc67cc6b,73b46ae406c9dcab3aed32792883d646ab4456f5908f83694021631bbc67cc6b,5,5
21735,utt_38bda3c0cac97746b16e::p0001-p0005,utt_38bda3c0cac97746b16e::p0001-p0005,53882356ae375f28c2f784ca13852fa2c0c69c9880b802626dc91021d28e6ce3,53882356ae375f28c2f784ca13852fa2c0c69c9880b802626dc91021d28e6ce3,135,135
21735,utt_38bda3c0cac97746b16e::p0006-p0009,utt_38bda3c0cac97746b16e::p0006-p0009,e93f97efbe71d4cccaf9d3059a127daf4a110b33a783245688a260bfeba3421d,e93f97efbe71d4cccaf9d3059a127daf4a110b33a783245688a260bfeba3421d,133,133
21735,utt_38bda3c0cac97746b16e::p0010-p0014,utt_38bda3c0cac97746b16e::p0010-p0014,3702893f669c125fd136da79a35872a0e7889159055eb9faf6866e7abfb16bfb,3702893f669c125fd136da79a35872a0e7889159055eb9faf6866e7abfb16bfb,119,119
21735,utt_38bda3c0cac97746b16e::p0015-p0018,utt_38bda3c0cac97746b16e::p0015-p0018,624067b71ac5a47bdd3671f295c5efc664fe75f3d82a1598ab3e36e09a273025,624067b71ac5a47bdd3671f295c5efc664fe75f3d82a1598ab3e36e09a273025,132,132
21735,utt_38bda3c0cac97746b16e::p0019-p0023,utt_38bda3c0cac97746b16e::p0019-p0023,7bdc93400a1280b1a7739391b15e596f15987626527ac5873be622bbe32523a6,7bdc93400a1280b1a7739391b15e596f15987626527ac5873be622bbe32523a6,149,149
21735,utt_38bda3c0cac97746b16e::p0024-p0029,utt_38bda3c0cac97746b16e::p0024-p0029,832a916ba8df48c3a2938da9f9e4990677fa4bba4336b0d640815aa71e7e2028,832a916ba8df48c3a2938da9f9e4990677fa4bba4336b0d640815aa71e7e2028,142,142
21735,utt_38bda3c0cac97746b16e::p0030-p0034,utt_38bda3c0cac97746b16e::p0030-p0034,4184fa4c8c8badfbe771e876201481a788ac8ad6287381a0dfbd3dfa1d2bca34,4184fa4c8c8badfbe771e876201481a788ac8ad6287381a0dfbd3dfa1d2bca34,138,138
21735,utt_38bda3c0cac97746b16e::p0035-p0039,utt_38bda3c0cac97746b16e::p0035-p0039,c45b2ff2c4c5b59fcce38458e5ff864e4602088be65be16f4b777d0a1a2c1519,c45b2ff2c4c5b59fcce38458e5ff864e4602088be65be16f4b777d0a1a2c1519,100,100
21735,utt_387282966d097911c764::p0001,utt_387282966d097911c764::p0001,b8f8ecedfd81dcd1ef0c3aa5e162360c7980e805014d0e13fe4036df2820eb3f,b8f8ecedfd81dcd1ef0c3aa5e162360c7980e805014d0e13fe4036df2820eb3f,5,5
21735,utt_01073351cf47950262e7::p0001-p0005,utt_01073351cf47950262e7::p0001-p0005,45933e1b6757d5a17b8ce817ed7fae67d77a439fe55dc3dd3a8dd4f18fb094bd,45933e1b6757d5a17b8ce817ed7fae67d77a439fe55dc3dd3a8dd4f18fb094bd,132,132
21735,utt_01073351cf47950262e7::p0006-p0009,utt_01073351cf47950262e7::p0006-p0009,fcca5a8bf5cf07554d0be576d87bb3d6d3228503fb939aecdb4996c93ccd7e95,fcca5a8bf5cf07554d0be576d87bb3d6d3228503fb939aecdb4996c93ccd7e95,113,113
21735,utt_01073351cf47950262e7::p0010-p0013,utt_01073351cf47950262e7::p0010-p0013,bacdf49d220111eceb333a8cd89482a6215ec7f1d012670ebce5371bd64653e9,bacdf49d220111eceb333a8cd89482a6215ec7f1d012670ebce5371bd64653e9,126,126
21735,utt_01073351cf47950262e7::p0014-p0017,utt_01073351cf47950262e7::p0014-p0017,f58573f3a58a1d05a336afd7c7d1652b1436d7223ac5de0fb0790636a9bc1efe,f58573f3a58a1d05a336afd7c7d1652b1436d7223ac5de0fb0790636a9bc1efe,130,130
21735,utt_01073351cf47950262e7::p0018,utt_01073351cf47950262e7::p0018,77c6a4c272998dc794ecf2a3e7dc07a717942349b65964256a3f44a06a672604,77c6a4c272998dc794ecf2a3e7dc07a717942349b65964256a3f44a06a672604,53,53
21735,utt_01073351cf47950262e7::p0019-p0022,utt_01073351cf47950262e7::p0019-p0022,dcae055b9479b00bd2f32b1209447540938b85d737beab3627facdb1bf805930,dcae055b9479b00bd2f32b1209447540938b85d737beab3627facdb1bf805930,141,141
21735,utt_01073351cf47950262e7::p0023-p0025,utt_01073351cf47950262e7::p0023-p0025,0ac52e7ad79ed5e7f6debfcc1cddcdec8074e4d8f8f5ef296a1ff44e07611cf7,0ac52e7ad79ed5e7f6debfcc1cddcdec8074e4d8f8f5ef296a1ff44e07611cf7,100,100
21735,utt_01073351cf47950262e7::p0026-p0028,utt_01073351cf47950262e7::p0026-p0028,5dc7e27637cbdb2e8432113c61e5339ec7f5b6d4988689e848376f3608f0e552,5dc7e27637cbdb2e8432113c61e5339ec7f5b6d4988689e848376f3608f0e552,115,115
21735,utt_01073351cf47950262e7::p0029-p0031,utt_01073351cf47950262e7::p0029-p0031,69f9a0124aafe73964cb0eca9399eab4908d0231233b3f6674f6c956233c2aa1,69f9a0124aafe73964cb0eca9399eab4908d0231233b3f6674f6c956233c2aa1,140,140
21735,utt_01073351cf47950262e7::p0032-p0035,utt_01073351cf47950262e7::p0032-p0035,f6eadc52b67296175a35112b0804a1a7399968499727953ad61b7f5b4f24a143,f6eadc52b67296175a35112b0804a1a7399968499727953ad61b7f5b4f24a143,109,109
21735,utt_01073351cf47950262e7::p0036-p0037,utt_01073351cf47950262e7::p0036-p0037,526e7e07a65327a767d41b370eae8484338cb1c9c5c5ea42159badea1c537685,526e7e07a65327a767d41b370eae8484338cb1c9c5c5ea42159badea1c537685,74,74
21735,utt_01073351cf47950262e7::p0038-p0041,utt_01073351cf47950262e7::p0038-p0041,682677d03bed0a6427602d43646d43d3283a0b6ce160b6aacbce052333c7cc91,682677d03bed0a6427602d43646d43d3283a0b6ce160b6aacbce052333c7cc91,140,140
21735,utt_a46bfce3a955dc92c8ac::p0001,utt_a46bfce3a955dc92c8ac::p0001,31e9f025bb3861510adf5709d9b6eee2d063a095097b718afc334b738322a4a6,31e9f025bb3861510adf5709d9b6eee2d063a095097b718afc334b738322a4a6,5,5
21735,utt_ded5762281223b427b7b::p0001-p0004,utt_ded5762281223b427b7b::p0001-p0004,769ee8fdd64d07dc6ec9e2f65983b5d1c30d93b184f07e26058bf1f37ce87abd,769ee8fdd64d07dc6ec9e2f65983b5d1c30d93b184f07e26058bf1f37ce87abd,113,113
21735,utt_ded5762281223b427b7b::p0005,utt_ded5762281223b427b7b::p0005,d1d6de27ead3669c7ae22ba18a7c64ec29e46f72e62b3f3e00080ed68a4c826e,d1d6de27ead3669c7ae22ba18a7c64ec29e46f72e62b3f3e00080ed68a4c826e,50,50
21735,utt_ded5762281223b427b7b::p0006-p0008,utt_ded5762281223b427b7b::p0006-p0008,8ec1ddca168fb0443c67700c6adccc7aa90f0777c366875849b647389f4ad23f,8ec1ddca168fb0443c67700c6adccc7aa90f0777c366875849b647389f4ad23f,104,104
21735,utt_ded5762281223b427b7b::p0009-p0011,utt_ded5762281223b427b7b::p0009-p0011,5efdcefa276b02e0a674d1aba3539c791163baf552cddafe08721642ecf9e47c,5efdcefa276b02e0a674d1aba3539c791163baf552cddafe08721642ecf9e47c,115,115
21735,utt_ded5762281223b427b7b::p0012-p0013,utt_ded5762281223b427b7b::p0012-p0013,b48de6b92dae1223f36e3384ee08d9c83416f38086716b622a6c48647256016b,b48de6b92dae1223f36e3384ee08d9c83416f38086716b622a6c48647256016b,106,106
21735,utt_ded5762281223b427b7b::p0014,utt_ded5762281223b427b7b::p0014,8608be2a4d886028faf4f4806fa04eeee504a8228f9dac8e28026a6ccf628a6e,8608be2a4d886028faf4f4806fa04eeee504a8228f9dac8e28026a6ccf628a6e,63,63
21735,utt_ded5762281223b427b7b::p0015-p0016,utt_ded5762281223b427b7b::p0015-p0016,0c091a5428a8034a543ae23132710022ee1136dff561d2f40136430c7ac63f59,0c091a5428a8034a543ae23132710022ee1136dff561d2f40136430c7ac63f59,70,70
21735,utt_ded5762281223b427b7b::p0017,utt_ded5762281223b427b7b::p0017,e8baea04bdf39fe633111bfa5894f45dc92bb583f8b327ea01e239ee737474bb,e8baea04bdf39fe633111bfa5894f45dc92bb583f8b327ea01e239ee737474bb,96,96
21735,utt_ded5762281223b427b7b::p0018-p0019,utt_ded5762281223b427b7b::p0018-p0019,d328c5c6829bb3f3bab1c68f00b2be56e4c20188103d1eef0f06a38c2fed3a26,d328c5c6829bb3f3bab1c68f00b2be56e4c20188103d1eef0f06a38c2fed3a26,126,126
21735,utt_ded5762281223b427b7b::p0020-p0022,utt_ded5762281223b427b7b::p0020-p0022,8f2790915e456ad00822f540caf75793ad1091bab2dfbdcefafff81e4efe1d9f,8f2790915e456ad00822f540caf75793ad1091bab2dfbdcefafff81e4efe1d9f,132,132
21735,utt_ded5762281223b427b7b::p0023-p0025,utt_ded5762281223b427b7b::p0023-p0025,4c483986993d52765bd985ec617b458249befc80579500f8421cd2212da58cdb,4c483986993d52765bd985ec617b458249befc80579500f8421cd2212da58cdb,127,127
21735,utt_ded5762281223b427b7b::p0026-p0030,utt_ded5762281223b427b7b::p0026-p0030,97cee4b179dccd913786a8fa84c26c8e754db06e721b4af4ec02f7abe0abfd1d,97cee4b179dccd913786a8fa84c26c8e754db06e721b4af4ec02f7abe0abfd1d,128,128
21735,utt_ded5762281223b427b7b::p0031,utt_ded5762281223b427b7b::p0031,b02c896d5179f7bf4aad6f7f62b1b6bc1677a27ea119a9d4c2f0c0074077e454,b02c896d5179f7bf4aad6f7f62b1b6bc1677a27ea119a9d4c2f0c0074077e454,72,72
21735,utt_ded5762281223b427b7b::p0032-p0034,utt_ded5762281223b427b7b::p0032-p0034,e57927bf4281331c18a1d6806129ed8bd99e4e0f46a1b0108f7b0268fbbf16e7,e57927bf4281331c18a1d6806129ed8bd99e4e0f46a1b0108f7b0268fbbf16e7,139,139
21735,utt_395d2c4fc766d9bea717::p0001-p0002,utt_395d2c4fc766d9bea717::p0001-p0002,a881235099e1c3e51214998a8e791feb4235ceebb3648d7ee73c76a53b43bf74,a881235099e1c3e51214998a8e791feb4235ceebb3648d7ee73c76a53b43bf74,8,8
21735,utt_efd5cf0b27c010000206::p0001,utt_efd5cf0b27c010000206::p0001,30f432aa72cbe4e23f18257571af8f548627a3e8b154b4f23197e82ace1a6a11,30f432aa72cbe4e23f18257571af8f548627a3e8b154b4f23197e82ace1a6a11,13,13
21735,utt_13578377d07f56bcc505::p0001-p0003,utt_13578377d07f56bcc505::p0001-p0003,65c760cb82e84047b2a9c51b43fcc7c32d39dc3c6d1acccfa7ee666d3afb6fed,65c760cb82e84047b2a9c51b43fcc7c32d39dc3c6d1acccfa7ee666d3afb6fed,86,86
21735,utt_13578377d07f56bcc505::p0004,utt_13578377d07f56bcc505::p0004,bf711fd097a493ca5daabbc02069d9a854d02aff255066e1dd8c6ee2d924e3fb,bf711fd097a493ca5daabbc02069d9a854d02aff255066e1dd8c6ee2d924e3fb,78,78
21735,utt_13578377d07f56bcc505::p0005-p0006,utt_13578377d07f56bcc505::p0005-p0006,3724561c7b6c150fc9b23eb74e8f2d5ec4c21bcac466094c552c3950f55d1c79,3724561c7b6c150fc9b23eb74e8f2d5ec4c21bcac466094c552c3950f55d1c79,123,123
21735,utt_830a4916e089f74eb66a::p0001,utt_830a4916e089f74eb66a::p0001,cfe6574c4b97b860833d1540290b9928338f2c0a799599966a80b70168cf57ef,cfe6574c4b97b860833d1540290b9928338f2c0a799599966a80b70168cf57ef,19,19
21735,utt_d1660ef8659e1dcb4ad7::p0001-p0003,utt_d1660ef8659e1dcb4ad7::p0001-p0003,e2c865d5f8096c21fe2d8e8f5c4aa8e38bcb085d6d701814309fabc6632b1fa2,e2c865d5f8096c21fe2d8e8f5c4aa8e38bcb085d6d701814309fabc6632b1fa2,54,54
21735,utt_3cc31a77584c185f9a58::p0001-p0003,utt_3cc31a77584c185f9a58::p0001-p0003,6c4e85c805983eedd409909e8fb7e4f3ca4e3bdb34efac29263b050340270e65,6c4e85c805983eedd409909e8fb7e4f3ca4e3bdb34efac29263b050340270e65,48,48
21735,utt_2aa93fa89ce2034519c8::p0001,utt_2aa93fa89ce2034519c8::p0001,565adc095cd3437f335b0488b96470f40306179cc91865e6fb242a4047c782de,565adc095cd3437f335b0488b96470f40306179cc91865e6fb242a4047c782de,7,7
21735,utt_2160e8a96e7c3f406b7c::p0001-p0003,utt_2160e8a96e7c3f406b7c::p0001-p0003,20fbbe99c9cf1b11a6bd6c7885c14ed9a7d7d78035c4a9091cefc9c08e653d7e,20fbbe99c9cf1b11a6bd6c7885c14ed9a7d7d78035c4a9091cefc9c08e653d7e,107,107
21735,utt_28960750ac914ee07b43::p0001-p0002,utt_28960750ac914ee07b43::p0001-p0002,e26f987957cf29bff4ca86b30f6baf67d1d2748b289dc2ccd59abc333c38d3c8,e26f987957cf29bff4ca86b30f6baf67d1d2748b289dc2ccd59abc333c38d3c8,13,13
21735,utt_dbaea30a20631d491189::p0001-p0003,utt_dbaea30a20631d491189::p0001-p0003,be18bde69d39c66bde25d6a6afe653d2e6cdb38978fddf43df2a790ad2986cc9,be18bde69d39c66bde25d6a6afe653d2e6cdb38978fddf43df2a790ad2986cc9,92,92
21735,utt_dd2eed2f1f2bb4883e02::p0001-p0004,utt_dd2eed2f1f2bb4883e02::p0001-p0004,6a42cda0548ecec1b9b200b24079e0fdfe7cabcc158e3678ca940620ef07de7e,6a42cda0548ecec1b9b200b24079e0fdfe7cabcc158e3678ca940620ef07de7e,31,31
21735,utt_f042d447cd5810dde34a::p0001-p0002,utt_f042d447cd5810dde34a::p0001-p0002,57ed4c27c3f5628530d7459ba9908e60dd471e7258b92ad3e0081c0060a0a27f,57ed4c27c3f5628530d7459ba9908e60dd471e7258b92ad3e0081c0060a0a27f,40,40
21735,utt_63d53a2d0fb3ca81a259::p0001,utt_63d53a2d0fb3ca81a259::p0001,30f432aa72cbe4e23f18257571af8f548627a3e8b154b4f23197e82ace1a6a11,30f432aa72cbe4e23f18257571af8f548627a3e8b154b4f23197e82ace1a6a11,13,13
21735,utt_7deb3b3802a1da7e84b9::p0001,utt_7deb3b3802a1da7e84b9::p0001,05b016cbf71b5371968652cd06e6537cd48b55c09d650bc6c40e75c09f239019,05b016cbf71b5371968652cd06e6537cd48b55c09d650bc6c40e75c09f239019,37,37
21735,utt_ec9b62cd0354d2673793::p0001-p0004,utt_ec9b62cd0354d2673793::p0001-p0004,b5de039a24c6991a881a0214e6d8874a603b4292bc6eb33e3541a9634fedc6bc,b5de039a24c6991a881a0214e6d8874a603b4292bc6eb33e3541a9634fedc6bc,31,31
21735,utt_7109becc834b3aa663fb::p0001,utt_7109becc834b3aa663fb::p0001,30f432aa72cbe4e23f18257571af8f548627a3e8b154b4f23197e82ace1a6a11,30f432aa72cbe4e23f18257571af8f548627a3e8b154b4f23197e82ace1a6a11,13,13
21735,utt_f5c0873223e70ae7355e::p0001-p0007,utt_f5c0873223e70ae7355e::p0001-p0007,2622cb873409312ac48d797117a16ef8fd16f4ce4a74b7fc2bde72df90bd8061,2622cb873409312ac48d797117a16ef8fd16f4ce4a74b7fc2bde72df90bd8061,115,115
21735,utt_f5c0873223e70ae7355e::p0008-p0010,utt_f5c0873223e70ae7355e::p0008-p0010,52f199a7939cbbc68e826fe4d4475cf48fba57e709b54775a8f642ada4d42133,52f199a7939cbbc68e826fe4d4475cf48fba57e709b54775a8f642ada4d42133,81,81
21735,utt_ad58b901ad9352d4bc3a::p0001,utt_ad58b901ad9352d4bc3a::p0001,ac398a69b3a2a28d4f8bc30bc4db77e13aa62374c085b5e6df6b445b4d75fa6c,ac398a69b3a2a28d4f8bc30bc4db77e13aa62374c085b5e6df6b445b4d75fa6c,11,11
21735,utt_92e997997177e39e5898::p0001-p0004,utt_92e997997177e39e5898::p0001-p0005,3d1d64b87a5476cd8d31dc58bb2501233acda162f1f0725dcd8f5f006abe0a08,2b85ec77b50c1f796284c4e6aac536db1479c3628ee2d5d5eab6d21a0279851d,128,153
21735,utt_92e997997177e39e5898::p0005,utt_92e997997177e39e5898::p0001-p0005,0f026832330415d682bc35e023783d4af695a43dba6f190654dd19e5cc263134,2b85ec77b50c1f796284c4e6aac536db1479c3628ee2d5d5eab6d21a0279851d,25,153
21735,utt_a45c038118a2f2178011::p0001-p0002,utt_a45c038118a2f2178011::p0001-p0002,db8422c788a183a00fd0b7c773727768cb06b9d8e59f9eac1b6ce536f2a3d7de,db8422c788a183a00fd0b7c773727768cb06b9d8e59f9eac1b6ce536f2a3d7de,27,27
21735,utt_0489f52ddbdfe557942f::p0001-p0006,utt_0489f52ddbdfe557942f::p0001-p0006,e59f9ec52b97af3ac33f1fe3465ccde3f74837c0d6a322bafef6344a09edf969,e59f9ec52b97af3ac33f1fe3465ccde3f74837c0d6a322bafef6344a09edf969,57,57
21735,utt_50e77778b2e307ceab1f::p0001-p0004,utt_50e77778b2e307ceab1f::p0001-p0004,881b4f6bd2c48bc66e3eee6ae979f0833b159cd5d74abaa69341a60dc5063222,881b4f6bd2c48bc66e3eee6ae979f0833b159cd5d74abaa69341a60dc5063222,72,72
21735,utt_78ec87d6931239cb2fba::p0001-p0005,utt_78ec87d6931239cb2fba::p0001-p0005,c005d0995f7d57a488472f355e1311b8d20552d1cb43fb0dae8ed14f4b14a0e1,c005d0995f7d57a488472f355e1311b8d20552d1cb43fb0dae8ed14f4b14a0e1,43,43
21735,utt_fce8e740588b6ca7ed25::p0001,utt_fce8e740588b6ca7ed25::p0001,30f432aa72cbe4e23f18257571af8f548627a3e8b154b4f23197e82ace1a6a11,30f432aa72cbe4e23f18257571af8f548627a3e8b154b4f23197e82ace1a6a11,13,13
21735,utt_642ae8094a73ccea30cb::p0001,utt_642ae8094a73ccea30cb::p0001,b1490b15b9a13f31f573c2b85e434f10ffebce97cad80b5e69dcf65721af9d8b,b1490b15b9a13f31f573c2b85e434f10ffebce97cad80b5e69dcf65721af9d8b,28,28
21735,utt_015756c981f83244b1bb::p0001,utt_015756c981f83244b1bb::p0001,64bcc5033b5ee6cfd84421d3baa4dc5c92f0497cb4090ba55d98261081e0ce1b,64bcc5033b5ee6cfd84421d3baa4dc5c92f0497cb4090ba55d98261081e0ce1b,10,10
21735,utt_a365d820ad2045291ffd::p0001-p0004,utt_a365d820ad2045291ffd::p0001-p0004,8303a305b809635e14a06a69473231e7307f5d7580162320134326cab8bf9a32,8303a305b809635e14a06a69473231e7307f5d7580162320134326cab8bf9a32,25,25
21735,utt_dad63bf88c7ece6feec6::p0001,utt_dad63bf88c7ece6feec6::p0001,30f432aa72cbe4e23f18257571af8f548627a3e8b154b4f23197e82ace1a6a11,30f432aa72cbe4e23f18257571af8f548627a3e8b154b4f23197e82ace1a6a11,13,13
21735,utt_5dfe6995b42dc42ad355::p0001-p0004,utt_5dfe6995b42dc42ad355::p0001-p0004,0d1332cdf296fb2219649b417ac727bf652fc17e541ccdc3458ee278676ce5da,0d1332cdf296fb2219649b417ac727bf652fc17e541ccdc3458ee278676ce5da,101,101
21735,utt_932f434ae5b3e96227b2::p0001-p0004,utt_932f434ae5b3e96227b2::p0001-p0004,f45181699e12f1325b68994359b09aa33ead59b1babd8474a5ca60f2d71cd300,f45181699e12f1325b68994359b09aa33ead59b1babd8474a5ca60f2d71cd300,91,91
21735,utt_50e1e7b450bd5a7ed468::p0001-p0004,utt_50e1e7b450bd5a7ed468::p0001-p0004,79978a3a71296f54c9f74ff24190d52e7c542adfdfe1f79fd5f932414e231499,79978a3a71296f54c9f74ff24190d52e7c542adfdfe1f79fd5f932414e231499,27,27
21735,utt_b88823e2d4679fa7e366::p0001,utt_b88823e2d4679fa7e366::p0001,30f432aa72cbe4e23f18257571af8f548627a3e8b154b4f23197e82ace1a6a11,30f432aa72cbe4e23f18257571af8f548627a3e8b154b4f23197e82ace1a6a11,13,13
21735,utt_87a749b160b6e9bd5c51::p0001-p0003,utt_87a749b160b6e9bd5c51::p0001-p0003,443ef651e360ea0d1c8f645bbdd5b1709108617b90b0f9ca464920ed8be4610f,443ef651e360ea0d1c8f645bbdd5b1709108617b90b0f9ca464920ed8be4610f,46,46
21735,utt_0758c5a755aa1cb64130::p0001-p0003,utt_0758c5a755aa1cb64130::p0001-p0006,6f7985b0e765d162bd7480f6b7f91e0ed956bb1a5497e023e01c26ca29565b82,c773e347c8440bae434bf0ee96d2be17729e9abb4f9dd1c5477cdd1c8ef8f37f,133,171
21735,utt_0758c5a755aa1cb64130::p0004-p0006,utt_0758c5a755aa1cb64130::p0001-p0006,6879c54fa1132904d08bec3b8770d00ba1880aaab3fd8e9559c114726252073a,c773e347c8440bae434bf0ee96d2be17729e9abb4f9dd1c5477cdd1c8ef8f37f,38,171
21735,utt_80f9fe3022f5ee2c3f44::p0001-p0003,utt_80f9fe3022f5ee2c3f44::p0001-p0003,ee2d2acb613117961156fe922f5ba9c1edaf3bf95c1fa0e4cab3c9bc3c85f815,ee2d2acb613117961156fe922f5ba9c1edaf3bf95c1fa0e4cab3c9bc3c85f815,19,19
21735,utt_d6dea2479d0e4325b2b9::p0001-p0003,utt_d6dea2479d0e4325b2b9::p0001-p0003,f3edf581425b61aa3f97442e32b0107524422b42d51785514383695e5eda00f3,f3edf581425b61aa3f97442e32b0107524422b42d51785514383695e5eda00f3,79,79
21735,utt_b6a103c4be70993a6b7c::p0001-p0002,utt_b6a103c4be70993a6b7c::p0001-p0002,2f78d7e12159b17cc0db3cf6a0f8d676757227188cd193fdf0cf0bd21f7abcac,2f78d7e12159b17cc0db3cf6a0f8d676757227188cd193fdf0cf0bd21f7abcac,21,21
21735,utt_ce2912edfae9faa81d7e::p0001,utt_ce2912edfae9faa81d7e::p0001,30f432aa72cbe4e23f18257571af8f548627a3e8b154b4f23197e82ace1a6a11,30f432aa72cbe4e23f18257571af8f548627a3e8b154b4f23197e82ace1a6a11,13,13
21735,utt_695ae52b23e28c3988c9::p0001,utt_695ae52b23e28c3988c9::p0001,752b92f2df995963d9d0d2f2a6e0301decde2b7e3f8a953903a99c48c2e01a41,752b92f2df995963d9d0d2f2a6e0301decde2b7e3f8a953903a99c48c2e01a41,35,35
21735,utt_518a6ab4fe08537a0b26::p0001-p0002,utt_518a6ab4fe08537a0b26::p0001-p0002,8ff906bd232b0e48cda8279379810ab63d45315711a0d6e2cf9ac8939de04a42,8ff906bd232b0e48cda8279379810ab63d45315711a0d6e2cf9ac8939de04a42,15,15
21735,utt_608bdcb57cc2af241e64::p0001,utt_608bdcb57cc2af241e64::p0001,2fae23eadb6f1ca9f17f2bc981bd01ccb7597217f95e422a41365c4483c8bc7f,2fae23eadb6f1ca9f17f2bc981bd01ccb7597217f95e422a41365c4483c8bc7f,6,6
21735,utt_d66d2e251f0fc6c76dd2::p0001-p0005,utt_d66d2e251f0fc6c76dd2::p0001-p0005,38a867d7e884c2ab55ea15e1e74645e266fcdc4ba6b7be5d0b2308102d881bda,38a867d7e884c2ab55ea15e1e74645e266fcdc4ba6b7be5d0b2308102d881bda,26,26
21735,utt_2bc60ba1b82f70a2c0b5::p0001-p0002,utt_2bc60ba1b82f70a2c0b5::p0001-p0002,a832768e8cc4752cb98cfcb6d5b63f79a7dd33e728dfd222c5350516383694eb,a832768e8cc4752cb98cfcb6d5b63f79a7dd33e728dfd222c5350516383694eb,11,11
21735,utt_16371fa4e4cd451ee5c7::p0001,utt_16371fa4e4cd451ee5c7::p0001,0ae25e93b0a29b2bfcf9a5e754b02555e14f3cedd2f1efeb91dd9adc19d5ced8,0ae25e93b0a29b2bfcf9a5e754b02555e14f3cedd2f1efeb91dd9adc19d5ced8,5,5
21735,utt_d58eeaf14e9c07d90edc::p0001,utt_d58eeaf14e9c07d90edc::p0001,9fd143b6cd7a6b442863f864674be8b8f4dbba9937189c74669791a48a6f0159,9fd143b6cd7a6b442863f864674be8b8f4dbba9937189c74669791a48a6f0159,8,8
21735,utt_7e607f203b88a4f23297::p0001,utt_7e607f203b88a4f23297::p0001,829d89193822e462b65ed760a885d0de99dd97b9c6b005ee487a517657c357ef,829d89193822e462b65ed760a885d0de99dd97b9c6b005ee487a517657c357ef,24,24
21735,utt_96c8077bf07e692afb56::p0001,utt_96c8077bf07e692afb56::p0001,35fe97517b58fd2e705b9d5cb9827c9c09fc119d2efc7be6018223b8126bdbbb,35fe97517b58fd2e705b9d5cb9827c9c09fc119d2efc7be6018223b8126bdbbb,7,7
21735,utt_f468f66a44f86acd5e43::p0001,utt_f468f66a44f86acd5e43::p0001,30f432aa72cbe4e23f18257571af8f548627a3e8b154b4f23197e82ace1a6a11,30f432aa72cbe4e23f18257571af8f548627a3e8b154b4f23197e82ace1a6a11,13,13
21735,utt_140c3fe2d3744f827e3a::p0001,utt_140c3fe2d3744f827e3a::p0001,83c8780650abee0510c5762fb3906d5110807bdcbe4572098fd1cd5f8a4278c5,83c8780650abee0510c5762fb3906d5110807bdcbe4572098fd1cd5f8a4278c5,26,26
21735,utt_ff559c38c9aa9088bbfe::p0001,utt_ff559c38c9aa9088bbfe::p0001,260b7da6ab593c6acc7158407a92b5600d98fb77f9e0ae60659d4fdc67ce5933,260b7da6ab593c6acc7158407a92b5600d98fb77f9e0ae60659d4fdc67ce5933,7,7
21735,utt_9bd9cec9e7fc54664b65::p0001-p0002,utt_9bd9cec9e7fc54664b65::p0001-p0002,d5800aa1e952a4bb8fa80aa23d760e2f741dc1228b0384dddf77e488c6d6d75a,d5800aa1e952a4bb8fa80aa23d760e2f741dc1228b0384dddf77e488c6d6d75a,9,9
21735,utt_7f752d3958ce9e897766::p0001,utt_7f752d3958ce9e897766::p0001,2cae3b4d717c7d3d66f051c515559b8852489e6785e93b9cb8bfc48b783a25c5,2cae3b4d717c7d3d66f051c515559b8852489e6785e93b9cb8bfc48b783a25c5,10,10
21735,utt_367467de8cad4c259bb5::p0001,utt_367467de8cad4c259bb5::p0001,db4c9d5cbf663a33e66c6a7011fe78fd7973f0cebdd0afcb19a69449b4f03ccf,db4c9d5cbf663a33e66c6a7011fe78fd7973f0cebdd0afcb19a69449b4f03ccf,6,6
21735,utt_2645542abc31c860f8b7::p0001,utt_2645542abc31c860f8b7::p0001,30f432aa72cbe4e23f18257571af8f548627a3e8b154b4f23197e82ace1a6a11,30f432aa72cbe4e23f18257571af8f548627a3e8b154b4f23197e82ace1a6a11,13,13
21735,utt_5bbc1aa9ca7a7c9d3560::p0001-p0005,utt_5bbc1aa9ca7a7c9d3560::p0001-p0005,1cd7839c664b09125cc69e1010165767e27fe71e7280afa88de762223c5d269b,1cd7839c664b09125cc69e1010165767e27fe71e7280afa88de762223c5d269b,85,85
21735,utt_c86a38594d112a65fd77::p0001,utt_c86a38594d112a65fd77::p0001,73394ed82703ee8b4c0af54d131318c59ac7bb1167b1a5d9388f3f20a8fa0762,73394ed82703ee8b4c0af54d131318c59ac7bb1167b1a5d9388f3f20a8fa0762,21,21
21735,utt_943c265784a913849f91::p0001,utt_943c265784a913849f91::p0001,8d2b811312fbc0eaf8d7e616a511b72e537aa62db912b7769d552c2155d3cda0,8d2b811312fbc0eaf8d7e616a511b72e537aa62db912b7769d552c2155d3cda0,18,18
21735,utt_dcd33c4f8d8e057e3e23::p0001,utt_dcd33c4f8d8e057e3e23::p0001-p0004,ac7b83574a8d8bc70125e03aec3da73598edf8d195fb2f21fbf7062ede3f3767,dcd1c669945d9edc7bdd424dabb95af9b5c4fe46743e9a56a4e3510fa4d5a618,30,162
21735,utt_dcd33c4f8d8e057e3e23::p0002-p0004,utt_dcd33c4f8d8e057e3e23::p0001-p0004,107e29ceaa58c9ba8be85781650873ae4393a5feb8cc7fde460bf927d14678b5,dcd1c669945d9edc7bdd424dabb95af9b5c4fe46743e9a56a4e3510fa4d5a618,132,162
21735,utt_007b9ae6736cd9e6d210::p0001,utt_007b9ae6736cd9e6d210::p0001,7153c35f233a3aa47d251775e574faf0379e067a6cd80d777b1555f11dd30892,7153c35f233a3aa47d251775e574faf0379e067a6cd80d777b1555f11dd30892,6,6
21735,utt_724d7938956599979403::p0001-p0004,utt_724d7938956599979403::p0001-p0004,fb4260f5845d39a6a4cda8ab369d5468f4e7fb9d3993ed90f0ac824b8b415abd,fb4260f5845d39a6a4cda8ab369d5468f4e7fb9d3993ed90f0ac824b8b415abd,24,24
21735,utt_68d375e8c27b3ba2919e::p0001,utt_68d375e8c27b3ba2919e::p0001,30f432aa72cbe4e23f18257571af8f548627a3e8b154b4f23197e82ace1a6a11,30f432aa72cbe4e23f18257571af8f548627a3e8b154b4f23197e82ace1a6a11,13,13
21735,utt_91ab92c9b171b7d75a66::p0001-p0004,utt_91ab92c9b171b7d75a66::p0001-p0004,900df5e11e13a4c083aae6957b1b41ae470f3eda94dbc00ffdcc24eeb52f97b4,900df5e11e13a4c083aae6957b1b41ae470f3eda94dbc00ffdcc24eeb52f97b4,110,110
21735,utt_91ab92c9b171b7d75a66::p0005-p0006,utt_91ab92c9b171b7d75a66::p0005-p0006,e834c88b1f95559a5caefa89df270ed5accd32d7ab1f34a83a0b6fdb405a1d3c,e834c88b1f95559a5caefa89df270ed5accd32d7ab1f34a83a0b6fdb405a1d3c,76,76
21735,utt_b0230f0d2dad289ce3e7::p0001-p0002,utt_b0230f0d2dad289ce3e7::p0001-p0002,cde648de911eb8f18f1ff4384778cdf06de2feb1117971855f58d9ff7762ced2,cde648de911eb8f18f1ff4384778cdf06de2feb1117971855f58d9ff7762ced2,11,11
21735,utt_692bd6a90ce77bdf6c00::p0001-p0004,utt_692bd6a90ce77bdf6c00::p0001-p0004,5d6e4e1205c550abb8fd094b254d10419b3c02980f98ead3997486c112bbff7e,5d6e4e1205c550abb8fd094b254d10419b3c02980f98ead3997486c112bbff7e,48,48
21735,utt_b162e227fc8496f86df1::p0001,utt_b162e227fc8496f86df1::p0001,30f432aa72cbe4e23f18257571af8f548627a3e8b154b4f23197e82ace1a6a11,30f432aa72cbe4e23f18257571af8f548627a3e8b154b4f23197e82ace1a6a11,13,13
21735,utt_7fed039ef726458464a9::p0001-p0002,utt_7fed039ef726458464a9::p0001-p0002,482a2522be10ff34073f7ccafff2d22204e165b29e234a381c7c47a605414d31,482a2522be10ff34073f7ccafff2d22204e165b29e234a381c7c47a605414d31,31,31
21735,utt_42694352346ecf19c6c4::p0001-p0002,utt_42694352346ecf19c6c4::p0001-p0002,6de88ed53872c117bbf29cfb0c53dbc02c77e27c68dc57cfb809ae42ae1ae901,6de88ed53872c117bbf29cfb0c53dbc02c77e27c68dc57cfb809ae42ae1ae901,14,14
21735,utt_46ddadd342040c775600::p0001,utt_46ddadd342040c775600::p0001,4335a171bea0ec8ee4db033fa5980592d466fcd5379906f30a9c8e50fbafe677,4335a171bea0ec8ee4db033fa5980592d466fcd5379906f30a9c8e50fbafe677,11,11
21735,utt_2fccf0a1156ff94b3722::p0001-p0002,utt_2fccf0a1156ff94b3722::p0001-p0002,871d44c3f50600c03741fca71361efb7ca480991abfb9b560ba0d87745708a85,871d44c3f50600c03741fca71361efb7ca480991abfb9b560ba0d87745708a85,55,55
21735,utt_1995f4656a173e91a391::p0001-p0002,utt_1995f4656a173e91a391::p0001-p0002,0b2a8d5d42654ff4b789eae9c82ff6dee1e20f8f71687f7e3a3a2943b962e371,0b2a8d5d42654ff4b789eae9c82ff6dee1e20f8f71687f7e3a3a2943b962e371,18,18
21735,utt_8581b056548465f8b562::p0001,utt_8581b056548465f8b562::p0001,30f432aa72cbe4e23f18257571af8f548627a3e8b154b4f23197e82ace1a6a11,30f432aa72cbe4e23f18257571af8f548627a3e8b154b4f23197e82ace1a6a11,13,13
21735,utt_abdc0e2b68468687de04::p0001-p0003,utt_abdc0e2b68468687de04::p0001-p0003,89f48b5f8363a7235038d96c2010062cfe010202eafaa935bb8d61d839c4dee1,89f48b5f8363a7235038d96c2010062cfe010202eafaa935bb8d61d839c4dee1,111,111
21735,utt_a032f775ce9ccc85e07e::p0001-p0003,utt_a032f775ce9ccc85e07e::p0001-p0003,cfb3f6056ed31842dcfca32c3ff1e289ffdfe47bc278500e877b1996e88e4286,cfb3f6056ed31842dcfca32c3ff1e289ffdfe47bc278500e877b1996e88e4286,139,139
21735,utt_a032f775ce9ccc85e07e::p0004-p0006,utt_a032f775ce9ccc85e07e::p0004-p0006,8a7f8fd477e064a11990b0fe01bed58a07a408c218639dc86b23324ea2528122,8a7f8fd477e064a11990b0fe01bed58a07a408c218639dc86b23324ea2528122,142,142
21735,utt_a032f775ce9ccc85e07e::p0007-p0009,utt_a032f775ce9ccc85e07e::p0007-p0009,80f4441c42f5b8f7dc8f6a18ad4d617644eab48495327f7f7606a7b0a3c6c11b,80f4441c42f5b8f7dc8f6a18ad4d617644eab48495327f7f7606a7b0a3c6c11b,136,136
21735,utt_a032f775ce9ccc85e07e::p0010-p0011,utt_a032f775ce9ccc85e07e::p0010-p0011,0e7ee8573cbf732ea66124d9d7c4317e3b84b51e975ea0ab658ad7a1d21217f1,0e7ee8573cbf732ea66124d9d7c4317e3b84b51e975ea0ab658ad7a1d21217f1,76,76
21735,utt_a032f775ce9ccc85e07e::p0012,utt_a032f775ce9ccc85e07e::p0012,d1acd9758b0e5a8128df29630a39ccb6b5b7b5724910d98e59ed6f91bff4bb5d,d1acd9758b0e5a8128df29630a39ccb6b5b7b5724910d98e59ed6f91bff4bb5d,57,57
21735,utt_a032f775ce9ccc85e07e::p0013-p0014,utt_a032f775ce9ccc85e07e::p0013-p0014,1f82cab0c0f2f6d4040421f79141bdfe6df702b76237070dd2b0ad3f77c4f7a1,1f82cab0c0f2f6d4040421f79141bdfe6df702b76237070dd2b0ad3f77c4f7a1,112,112
21735,utt_a032f775ce9ccc85e07e::p0015-p0016,utt_a032f775ce9ccc85e07e::p0015-p0016,c409be53f7eccdbfc0916a367f237353e7e06b811b95aacda99214db450a7dcc,c409be53f7eccdbfc0916a367f237353e7e06b811b95aacda99214db450a7dcc,127,127
21735,utt_a032f775ce9ccc85e07e::p0017-p0019,utt_a032f775ce9ccc85e07e::p0017-p0019,78662f39242f21f3ce9f282d78a005d71a429babd61f3401f38c02ecd47bcb9c,78662f39242f21f3ce9f282d78a005d71a429babd61f3401f38c02ecd47bcb9c,81,81
21735,utt_a032f775ce9ccc85e07e::p0020s001,utt_a032f775ce9ccc85e07e::p0020s001,e49fffc17d210b0dd17e13d32cf17d71d47055aa58578a56ba3a7ebbe2cf114e,e49fffc17d210b0dd17e13d32cf17d71d47055aa58578a56ba3a7ebbe2cf114e,135,135
21735,utt_a032f775ce9ccc85e07e::p0020s002-p0022,utt_a032f775ce9ccc85e07e::p0020s002-p0022,0e86205dc5b7f2b8fbf747927fba577cb5d32c031ce748b82ce3ee2bc7e6efb4,0e86205dc5b7f2b8fbf747927fba577cb5d32c031ce748b82ce3ee2bc7e6efb4,128,128
21735,utt_a032f775ce9ccc85e07e::p0023,utt_a032f775ce9ccc85e07e::p0023,0c552fd29e16358c2d5f35abf6222c875e66b5a6496ca0bcc1711f2f8f052564,0c552fd29e16358c2d5f35abf6222c875e66b5a6496ca0bcc1711f2f8f052564,76,76
21735,utt_a032f775ce9ccc85e07e::p0024,utt_a032f775ce9ccc85e07e::p0024,c2c6ca52d1467a86bd007100f0e818f49f054ce8c5870320861d57d0f462b4d7,c2c6ca52d1467a86bd007100f0e818f49f054ce8c5870320861d57d0f462b4d7,93,93
21735,utt_a032f775ce9ccc85e07e::p0025-p0027,utt_a032f775ce9ccc85e07e::p0025-p0027,65f5856efb051afddeb8eb691797c7a83987d13bdfb535650508ab345fc2002c,65f5856efb051afddeb8eb691797c7a83987d13bdfb535650508ab345fc2002c,112,112
21735,utt_a032f775ce9ccc85e07e::p0028-p0031,utt_a032f775ce9ccc85e07e::p0028-p0031,f685f8900723a3603574037ac8d5f96dd1a770b100af9be37f1cb96c31db6da7,f685f8900723a3603574037ac8d5f96dd1a770b100af9be37f1cb96c31db6da7,137,137
21735,utt_a032f775ce9ccc85e07e::p0032,utt_a032f775ce9ccc85e07e::p0032,5843129b132b63682711c1b4e5b1c326b2f94c976e158192a9351f8acda7d425,5843129b132b63682711c1b4e5b1c326b2f94c976e158192a9351f8acda7d425,64,64
21735,utt_a032f775ce9ccc85e07e::p0033,utt_a032f775ce9ccc85e07e::p0033,1a2b3fdd3e6a01461d5a521abf6ff3940bc1e3aacf4dbda0e1dca5d8af47c8d0,1a2b3fdd3e6a01461d5a521abf6ff3940bc1e3aacf4dbda0e1dca5d8af47c8d0,81,81
21735,utt_a032f775ce9ccc85e07e::p0034,utt_a032f775ce9ccc85e07e::p0034,32473d0c8f0f2fbe9bdaff0c021c7328f3c23ae57842a3845ee0bf8f5cc564b3,32473d0c8f0f2fbe9bdaff0c021c7328f3c23ae57842a3845ee0bf8f5cc564b3,85,85
21735,utt_a032f775ce9ccc85e07e::p0035,utt_a032f775ce9ccc85e07e::p0035,2e7e414ad6c3d809daaa0babb95f60233a96fda7613f17b3b71d5bbea499c743,2e7e414ad6c3d809daaa0babb95f60233a96fda7613f17b3b71d5bbea499c743,51,51
21735,utt_a032f775ce9ccc85e07e::p0036-p0038,utt_a032f775ce9ccc85e07e::p0036-p0038,2f3dcc251ef793137a290c7dbde4e188c4a09ae9927887a21d67c3181d31bb5c,2f3dcc251ef793137a290c7dbde4e188c4a09ae9927887a21d67c3181d31bb5c,92,92
21735,utt_a032f775ce9ccc85e07e::p0039,utt_a032f775ce9ccc85e07e::p0039-p0041,ce9b74812a0da19e0f8d5c75fd6135be88588c196556439df4c1b868b22fddc2,062d030c8b10b944b28cca4fbc3f3db02a9314e968227a5f5cbde75954d99359,124,164
21735,utt_a032f775ce9ccc85e07e::p0040-p0041,utt_a032f775ce9ccc85e07e::p0039-p0041,2e34acb06176388acf77f1e7baa58ce07c1a6289a8442feed3f850770773e332,062d030c8b10b944b28cca4fbc3f3db02a9314e968227a5f5cbde75954d99359,40,164
21735,utt_cd9d040f97cad0e299e4::p0001-p0003,utt_cd9d040f97cad0e299e4::p0001-p0003,53bee10fc9e7b7bd1a94483e6e0a1f303930715839f6ce5661fabeae57506da0,53bee10fc9e7b7bd1a94483e6e0a1f303930715839f6ce5661fabeae57506da0,95,95
21735,utt_cd9d040f97cad0e299e4::p0004,utt_cd9d040f97cad0e299e4::p0004,1ae7b98d461758e64b320a6177cf1c5202bbec2a7cd40b011667c23db501700e,1ae7b98d461758e64b320a6177cf1c5202bbec2a7cd40b011667c23db501700e,108,108
21735,utt_cd9d040f97cad0e299e4::p0005-p0006,utt_cd9d040f97cad0e299e4::p0005-p0006,c4a13396fb5fb5282d159b84feb59ea6dbcde32960c906ce23ed27ef6ca7fe13,c4a13396fb5fb5282d159b84feb59ea6dbcde32960c906ce23ed27ef6ca7fe13,93,93
21735,utt_cd9d040f97cad0e299e4::p0007-p0008,utt_cd9d040f97cad0e299e4::p0007-p0008,2ff164bace39a31975f92e62ebb16d2a41ea32444dbff945dc8221d1cd445053,2ff164bace39a31975f92e62ebb16d2a41ea32444dbff945dc8221d1cd445053,127,127
21735,utt_cd9d040f97cad0e299e4::p0009-p0011,utt_cd9d040f97cad0e299e4::p0009-p0011,7214c9ab37be78433b89f41dbb9c7267f70fc882efc7b080babb75d47ed9079f,7214c9ab37be78433b89f41dbb9c7267f70fc882efc7b080babb75d47ed9079f,102,102
21735,utt_cd9d040f97cad0e299e4::p0012,utt_cd9d040f97cad0e299e4::p0012,b4cb502ef17f8e4900ab6c2fe91f533c113a5c88baff2f00453704bfa1a42bc7,b4cb502ef17f8e4900ab6c2fe91f533c113a5c88baff2f00453704bfa1a42bc7,53,53
21735,utt_cd9d040f97cad0e299e4::p0013-p0014,utt_cd9d040f97cad0e299e4::p0013-p0014,d6dbdf30dec195bfd20eff5cb01262d200bffde35aa44805b06b10f93405fc53,d6dbdf30dec195bfd20eff5cb01262d200bffde35aa44805b06b10f93405fc53,93,93
21735,utt_cd9d040f97cad0e299e4::p0015,utt_cd9d040f97cad0e299e4::p0015,e4b6f58c472d0e6af990cfbd92e56e775635783ff62673d65e448efe46cbe2f9,e4b6f58c472d0e6af990cfbd92e56e775635783ff62673d65e448efe46cbe2f9,56,56
21735,utt_cd9d040f97cad0e299e4::p0016-p0017,utt_cd9d040f97cad0e299e4::p0016-p0017,e7f69292adca7097c3634788baff74ea1b7b4789e7b6b2b48582d5d42d9d2772,e7f69292adca7097c3634788baff74ea1b7b4789e7b6b2b48582d5d42d9d2772,91,91
21735,utt_cd9d040f97cad0e299e4::p0018-p0021,utt_cd9d040f97cad0e299e4::p0018-p0021,36b345e15ecc4482149ce91e37d8754b425630e318d88d3c24f0d7d40df9bb41,36b345e15ecc4482149ce91e37d8754b425630e318d88d3c24f0d7d40df9bb41,150,150
21735,utt_cd9d040f97cad0e299e4::p0022-p0024,utt_cd9d040f97cad0e299e4::p0022-p0024,e194535bdb76fd35a3766cd341dfdb7eb88b618690379f5ff068a231a316fa2e,e194535bdb76fd35a3766cd341dfdb7eb88b618690379f5ff068a231a316fa2e,117,117
21735,utt_cd9d040f97cad0e299e4::p0025-p0026,utt_cd9d040f97cad0e299e4::p0025-p0026,af637ba07225652edbedd165ad93c2b1a58d5ea566db907c37e88fce45da2239,af637ba07225652edbedd165ad93c2b1a58d5ea566db907c37e88fce45da2239,65,65
21735,utt_cd9d040f97cad0e299e4::p0027,utt_cd9d040f97cad0e299e4::p0027,facaad5681a31548b65f2f9d0f67f91cd0f9c0396bdc9504cc464a6c6e85f9e4,facaad5681a31548b65f2f9d0f67f91cd0f9c0396bdc9504cc464a6c6e85f9e4,130,130
21735,utt_cd9d040f97cad0e299e4::p0028,utt_cd9d040f97cad0e299e4::p0028,e4543bded96b43c5ed076ab6fd9c17ebf6205494f86bbb910828579729926321,e4543bded96b43c5ed076ab6fd9c17ebf6205494f86bbb910828579729926321,91,91
21735,utt_cd9d040f97cad0e299e4::p0029,utt_cd9d040f97cad0e299e4::p0029,11ffc1edb3bbafd74babb3c8fc508f704334def5014cf5e5dbfe8cd08c43bab8,11ffc1edb3bbafd74babb3c8fc508f704334def5014cf5e5dbfe8cd08c43bab8,94,94
21735,utt_cd9d040f97cad0e299e4::p0030,utt_cd9d040f97cad0e299e4::p0030,97164ed8e4e1e1c9514445a9919f9d9dade0eff94f7d1b469844a21a03424bbb,97164ed8e4e1e1c9514445a9919f9d9dade0eff94f7d1b469844a21a03424bbb,128,128
21735,utt_cd9d040f97cad0e299e4::p0031-p0032,utt_cd9d040f97cad0e299e4::p0031-p0032,340fe53384e7b389eb33cd0a53d3fbffbd9c2d737c1295c53cfb46ed12dfb8d5,340fe53384e7b389eb33cd0a53d3fbffbd9c2d737c1295c53cfb46ed12dfb8d5,70,70
21735,utt_cd9d040f97cad0e299e4::p0033-p0034,utt_cd9d040f97cad0e299e4::p0033-p0034,14e94268293fce2af126c75018db278d626eec390a5fe2a8d96472c90b50cf72,14e94268293fce2af126c75018db278d626eec390a5fe2a8d96472c90b50cf72,146,146
21735,utt_cd9d040f97cad0e299e4::p0035s001,utt_cd9d040f97cad0e299e4::p0035s001,39877c9318da921ecbe174652d1a92ec7ae91a3e29f3c1745bae42f8e9db8278,39877c9318da921ecbe174652d1a92ec7ae91a3e29f3c1745bae42f8e9db8278,127,127
21735,utt_cd9d040f97cad0e299e4::p0035s002,utt_cd9d040f97cad0e299e4::p0035s002,cd24cf0f7b9abb9fa478f3754a06041a64a1abadad62138376d0c75d3836190a,cd24cf0f7b9abb9fa478f3754a06041a64a1abadad62138376d0c75d3836190a,51,51
21735,utt_cd9d040f97cad0e299e4::p0036,utt_cd9d040f97cad0e299e4::p0036,33223d3cb3db9fd2c95042cc4be24bb15dc3d921a2c47ad07d62aea355239c4e,33223d3cb3db9fd2c95042cc4be24bb15dc3d921a2c47ad07d62aea355239c4e,101,101
21735,utt_cd9d040f97cad0e299e4::p0037-p0038,utt_cd9d040f97cad0e299e4::p0037-p0038,562831a4ae41fa17fef805acdd25247dd6b3d49f03641cbe0d30063d76399301,562831a4ae41fa17fef805acdd25247dd6b3d49f03641cbe0d30063d76399301,123,123
21735,utt_cd9d040f97cad0e299e4::p0039-p0041,utt_cd9d040f97cad0e299e4::p0039-p0041,dc3f454bb08002abe5c045d0b4df5e47949253c7948bd3385b531fde27085bf9,dc3f454bb08002abe5c045d0b4df5e47949253c7948bd3385b531fde27085bf9,135,135
21735,utt_cd9d040f97cad0e299e4::p0042,utt_cd9d040f97cad0e299e4::p0042,2f580f10c363f86be74cd7680b4eaa2a8e81443485f9ca375ff6e77f03106eda,2f580f10c363f86be74cd7680b4eaa2a8e81443485f9ca375ff6e77f03106eda,55,55
21735,utt_cd9d040f97cad0e299e4::p0043,utt_cd9d040f97cad0e299e4::p0043,357ec306bae5530fa16b025d195fe7aff435be455f91838d7cb04e429fb07ff1,357ec306bae5530fa16b025d195fe7aff435be455f91838d7cb04e429fb07ff1,61,61
21735,utt_cd9d040f97cad0e299e4::p0044-p0045,utt_cd9d040f97cad0e299e4::p0044-p0045,74b2ea883ac62055cfcae3e02739d42463fa0888b791c7e3584608a1f22d7533,74b2ea883ac62055cfcae3e02739d42463fa0888b791c7e3584608a1f22d7533,121,121
21735,utt_cd9d040f97cad0e299e4::p0046-p0048,utt_cd9d040f97cad0e299e4::p0046-p0048,6e63a52a228e237a89ee3e91bf52b5a0af725a2e0bb4e90558182b0cb8ba9bcb,6e63a52a228e237a89ee3e91bf52b5a0af725a2e0bb4e90558182b0cb8ba9bcb,114,114
21735,utt_cd9d040f97cad0e299e4::p0049,utt_cd9d040f97cad0e299e4::p0049,8c02d94f51fb02c079de1780bb8e9e8460cd2a03777806b1cda6dcfe903b86f8,8c02d94f51fb02c079de1780bb8e9e8460cd2a03777806b1cda6dcfe903b86f8,75,75
21735,utt_cd9d040f97cad0e299e4::p0050-p0051,utt_cd9d040f97cad0e299e4::p0050-p0051,1b99b13bd214b7e2a9f8b9d61acc46a8b9c355e71486985df430196d0158ee75,1b99b13bd214b7e2a9f8b9d61acc46a8b9c355e71486985df430196d0158ee75,112,112
21735,utt_cd9d040f97cad0e299e4::p0052,utt_cd9d040f97cad0e299e4::p0052,44c4f5ddbd14255391083f790b7d143e2cb8c1335cfa92997cd2b4ea43a39a27,44c4f5ddbd14255391083f790b7d143e2cb8c1335cfa92997cd2b4ea43a39a27,65,65
21735,utt_cd9d040f97cad0e299e4::p0053-p0054,utt_cd9d040f97cad0e299e4::p0053-p0054,ce4d8c43b1f9dc29802a5f94fce7665e3061ae611867fe0d2fe6e3e52a97b15a,ce4d8c43b1f9dc29802a5f94fce7665e3061ae611867fe0d2fe6e3e52a97b15a,146,146
21735,utt_cd9d040f97cad0e299e4::p0055,utt_cd9d040f97cad0e299e4::p0055,264abe80d7394e1f4055544ffae258c7e084f24cae697ded197456a5e3375c44,264abe80d7394e1f4055544ffae258c7e084f24cae697ded197456a5e3375c44,117,117
21735,utt_cd9d040f97cad0e299e4::p0056,utt_cd9d040f97cad0e299e4::p0056,6970011a55eb30734db5727960d3847b1c50ccea689372a65c9634bf480b29f3,6970011a55eb30734db5727960d3847b1c50ccea689372a65c9634bf480b29f3,72,72
21735,utt_cd9d040f97cad0e299e4::p0057,utt_cd9d040f97cad0e299e4::p0057,84818c81800ed81dc9702f6a0de5ab2a2686edfdaa6dbfe6aabd9ee98b0ac59c,84818c81800ed81dc9702f6a0de5ab2a2686edfdaa6dbfe6aabd9ee98b0ac59c,65,65
21735,utt_cd9d040f97cad0e299e4::p0058-p0059,utt_cd9d040f97cad0e299e4::p0058-p0059,b3c8b7e56715eba336094e448e2dd6257d5e66276ae66280c183b12e31006a3a,b3c8b7e56715eba336094e448e2dd6257d5e66276ae66280c183b12e31006a3a,94,94
21735,utt_cd9d040f97cad0e299e4::p0060-p0061,utt_cd9d040f97cad0e299e4::p0060-p0061,bde49c0348af02acc0333d58fc349ee44ee51786473114e99cac4b00088f8e5d,bde49c0348af02acc0333d58fc349ee44ee51786473114e99cac4b00088f8e5d,76,76
21735,utt_e6ffac96a5fd4d460039::p0001-p0002,utt_e6ffac96a5fd4d460039::p0001-p0002,a65173139dc58abff59ca1d64cd53cac0add46283cd7b9518bb20f59a115ad11,a65173139dc58abff59ca1d64cd53cac0add46283cd7b9518bb20f59a115ad11,123,123
21735,utt_e6ffac96a5fd4d460039::p0003-p0005,utt_e6ffac96a5fd4d460039::p0003-p0005,cfe6e70194f7170dbd88c22fe97365a240d033552a8118792261575b13f46116,cfe6e70194f7170dbd88c22fe97365a240d033552a8118792261575b13f46116,131,131
21735,utt_e6ffac96a5fd4d460039::p0006-p0010,utt_e6ffac96a5fd4d460039::p0006-p0010,dfabce740d64e561f2612dcebed0d1ea5706c92f9b0f12face28e326ad23484c,dfabce740d64e561f2612dcebed0d1ea5706c92f9b0f12face28e326ad23484c,116,116
21735,utt_2194f4acf78658872aa5::p0001-p0002,utt_2194f4acf78658872aa5::p0001-p0002,c6cd778bb364a616a45eb38325100d46ec078bba285d47ca72de11ce7e97a0d9,c6cd778bb364a616a45eb38325100d46ec078bba285d47ca72de11ce7e97a0d9,102,102
21735,utt_2194f4acf78658872aa5::p0003,utt_2194f4acf78658872aa5::p0003,33b8841564c546352ae2db3e96a4ebba5ab2917f3b8ed3c5ed964bd900d9539c,33b8841564c546352ae2db3e96a4ebba5ab2917f3b8ed3c5ed964bd900d9539c,56,56
21735,utt_2194f4acf78658872aa5::p0004-p0005,utt_2194f4acf78658872aa5::p0004-p0005,bd9ba4c25a8733ca73555c6f179102007a955d5c12992162d0864f3dc1273a69,bd9ba4c25a8733ca73555c6f179102007a955d5c12992162d0864f3dc1273a69,96,96
21735,utt_2194f4acf78658872aa5::p0006-p0007,utt_2194f4acf78658872aa5::p0006-p0007,f4ba42752f35800e94332238268aeb1deb1c5b9764e71c5cfaa971f8c3b0b86f,f4ba42752f35800e94332238268aeb1deb1c5b9764e71c5cfaa971f8c3b0b86f,116,116
21735,utt_2194f4acf78658872aa5::p0008-p0009,utt_2194f4acf78658872aa5::p0008-p0009,a1b014652fd7d30f9ce7f994a10886b8df3f8ee78fc4148fe899d2c0229ec0ca,a1b014652fd7d30f9ce7f994a10886b8df3f8ee78fc4148fe899d2c0229ec0ca,98,98
21735,utt_2194f4acf78658872aa5::p0010-p0011,utt_2194f4acf78658872aa5::p0010-p0011,6fdba42b21ae6417734b3e602b5424a5e3fd342cc61c3bb4bc076783e2773ebd,6fdba42b21ae6417734b3e602b5424a5e3fd342cc61c3bb4bc076783e2773ebd,80,80
21735,utt_79be3073a773a58d864d::p0001,utt_79be3073a773a58d864d::p0001,88474b3cd2ca087a99b1ef0ae29cea5be54005aa56fa6a8a30484951fd02696a,88474b3cd2ca087a99b1ef0ae29cea5be54005aa56fa6a8a30484951fd02696a,35,35
21735,utt_c667bf7e6f44bd951a19::p0001,utt_c667bf7e6f44bd951a19::p0001,4e624b779c6bd2dad112e783ff96bbbaaeefb9ec843cb054bc0e537578a1d31c,4e624b779c6bd2dad112e783ff96bbbaaeefb9ec843cb054bc0e537578a1d31c,19,19
21735,utt_7266f3a9bc7d0782723c::p0001,utt_7266f3a9bc7d0782723c::p0001,a0491a9838d55b5cf0a9bff3f4c9a09798d51d595bd6af4b7f34733360c41d19,a0491a9838d55b5cf0a9bff3f4c9a09798d51d595bd6af4b7f34733360c41d19,16,16
21735,utt_ceb6c4eb0cacb88b893b::p0001,utt_ceb6c4eb0cacb88b893b::p0001,931246f4e52de4b1e61df6b8811ba83aa8a2d25d40ff3a93cb5cecb011686040,931246f4e52de4b1e61df6b8811ba83aa8a2d25d40ff3a93cb5cecb011686040,5,5
21735,utt_3756ce3dcc2f4b53916b::p0001,utt_3756ce3dcc2f4b53916b::p0001,f7af65ca543b7208d9d55d4e300c85d612d1cc40ffdc16e4ab46db3243a5f545,f7af65ca543b7208d9d55d4e300c85d612d1cc40ffdc16e4ab46db3243a5f545,10,10
21735,utt_66bf3539478428a03e6c::p0001-p0002,utt_66bf3539478428a03e6c::p0001-p0002,dbf7f348c64a18214c40988fa6f18b374a655f9b7783050c9ebd3b2d8861d43a,dbf7f348c64a18214c40988fa6f18b374a655f9b7783050c9ebd3b2d8861d43a,138,138
21735,utt_66bf3539478428a03e6c::p0003-p0004,utt_66bf3539478428a03e6c::p0003-p0004,a020f04e0eff54a64e4984672da266b6aa0bfd1eb97364f9c2bd057a93099578,a020f04e0eff54a64e4984672da266b6aa0bfd1eb97364f9c2bd057a93099578,94,94
21735,utt_66bf3539478428a03e6c::p0005,utt_66bf3539478428a03e6c::p0005,6a750c5f45c76ae3c4b7393c1b0a07e5ad183bd81748add54b0a9202d191ce11,6a750c5f45c76ae3c4b7393c1b0a07e5ad183bd81748add54b0a9202d191ce11,92,92
21735,utt_66bf3539478428a03e6c::p0006-p0007,utt_66bf3539478428a03e6c::p0006-p0007,c051cd3d963308e55cc58a4b072f13dcf31ce3a345b4864a9aa18251851646b0,c051cd3d963308e55cc58a4b072f13dcf31ce3a345b4864a9aa18251851646b0,82,82
21735,utt_c19431cc7e7d3a853139::p0001,utt_c19431cc7e7d3a853139::p0001,df5a00dee586f53f5b5c6dbdf406c48feb06583c4ef16b9202d26d48c86c85ef,df5a00dee586f53f5b5c6dbdf406c48feb06583c4ef16b9202d26d48c86c85ef,41,41
21735,utt_01864558239c1f24c90f::p0001-p0003,utt_01864558239c1f24c90f::p0001-p0003,7e39cbc2ed8660462e346a51d16dd7c2fc9edfa43dd2bdcef2e2b163a36ffc6b,7e39cbc2ed8660462e346a51d16dd7c2fc9edfa43dd2bdcef2e2b163a36ffc6b,119,119
21735,utt_01864558239c1f24c90f::p0004,utt_01864558239c1f24c90f::p0004,0a4b9bd1abaed7ba069eeeadf79c6aa64f2fcf8cbfbef19cca5f833966952f5e,0a4b9bd1abaed7ba069eeeadf79c6aa64f2fcf8cbfbef19cca5f833966952f5e,55,55
21735,utt_01864558239c1f24c90f::p0005-p0008,utt_01864558239c1f24c90f::p0005-p0008,06cf075b935e7a85f6eadc1e5cce7d6042a59c77a5b84b3da7a5c6e9c7556cd1,06cf075b935e7a85f6eadc1e5cce7d6042a59c77a5b84b3da7a5c6e9c7556cd1,114,114
21735,utt_2743b88f123922e43c25::p0001-p0002,utt_2743b88f123922e43c25::p0001-p0002,695d8da2004f8423796e72758b21e713b62f7a044a63c704b51160b4b96518b7,695d8da2004f8423796e72758b21e713b62f7a044a63c704b51160b4b96518b7,85,85
21735,utt_2743b88f123922e43c25::p0003,utt_2743b88f123922e43c25::p0003,97ce48a3e94dcd7cf027f0f7d4b97e9eeac614a0bcfa7b58e5a269b36282b787,97ce48a3e94dcd7cf027f0f7d4b97e9eeac614a0bcfa7b58e5a269b36282b787,58,58
21735,utt_2743b88f123922e43c25::p0004-p0005,utt_2743b88f123922e43c25::p0004-p0005,8049eaaeb0f1378e0ca6c3ed4a578245b5a67e86b36c81da76d35de633a15842,8049eaaeb0f1378e0ca6c3ed4a578245b5a67e86b36c81da76d35de633a15842,130,130
21735,utt_2743b88f123922e43c25::p0006,utt_2743b88f123922e43c25::p0006,f53324bdd920e97cf3e3d50c6604373fc0bf97efcef8d0add8bf71442c880946,f53324bdd920e97cf3e3d50c6604373fc0bf97efcef8d0add8bf71442c880946,110,110
21735,utt_2743b88f123922e43c25::p0007-p0009,utt_2743b88f123922e43c25::p0007-p0009,64a9fc15cce70681c4ec2c2449485413d297860cce6d1cbf6fb92ae6e3b27e25,64a9fc15cce70681c4ec2c2449485413d297860cce6d1cbf6fb92ae6e3b27e25,121,121
21735,utt_2743b88f123922e43c25::p0010-p0013,utt_2743b88f123922e43c25::p0010-p0013,14517681a4bb47aa2aa243f538e370fb223252ec2f4d0b620096dfec3cf15821,14517681a4bb47aa2aa243f538e370fb223252ec2f4d0b620096dfec3cf15821,86,86
21735,utt_ea9ea355621889c3ea34::p0001,utt_ea9ea355621889c3ea34::p0001,d2a976b985afd852f0053d6de21d50c75337c0b6b21a2787e8456f945dbe67a6,d2a976b985afd852f0053d6de21d50c75337c0b6b21a2787e8456f945dbe67a6,68,68
21735,utt_ea9ea355621889c3ea34::p0002,utt_ea9ea355621889c3ea34::p0002,ee851aedffd346afb749e866ec21e5e32ebc5753013d95db058242a1b950535e,ee851aedffd346afb749e866ec21e5e32ebc5753013d95db058242a1b950535e,88,88
21735,utt_ea9ea355621889c3ea34::p0003,utt_ea9ea355621889c3ea34::p0003,11e6524a6423565db8c0e9c378fcaf8f658ac14b597b866194c14a9da58b1959,11e6524a6423565db8c0e9c378fcaf8f658ac14b597b866194c14a9da58b1959,106,106
21735,utt_ea9ea355621889c3ea34::p0004-p0005,utt_ea9ea355621889c3ea34::p0004-p0005,4d69d6585b46c4b0bd98662915b66b76f1e92f793158da9bca794e33696ffc66,4d69d6585b46c4b0bd98662915b66b76f1e92f793158da9bca794e33696ffc66,118,118
21735,utt_ea9ea355621889c3ea34::p0006,utt_ea9ea355621889c3ea34::p0006,a110f0b3e4eef697a1ae1014e653b9eb830ac9abd3976308360706ef28b8be87,a110f0b3e4eef697a1ae1014e653b9eb830ac9abd3976308360706ef28b8be87,59,59
21735,utt_ea9ea355621889c3ea34::p0007,utt_ea9ea355621889c3ea34::p0007,c1aacc2503777d2be2fbf7735b6ba5dd00093ad1801578a0a2195d05f38ad6ff,c1aacc2503777d2be2fbf7735b6ba5dd00093ad1801578a0a2195d05f38ad6ff,59,59
21735,utt_ea9ea355621889c3ea34::p0008-p0010,utt_ea9ea355621889c3ea34::p0008-p0010,629e24b10e4b112551451c785ce33c23b80df164ffd00dbd63bab71114aabf2d,629e24b10e4b112551451c785ce33c23b80df164ffd00dbd63bab71114aabf2d,86,86
21735,utt_31a5f5cb0aa409b19898::p0001-p0003,utt_31a5f5cb0aa409b19898::p0001-p0003,4047c4231f8b21ee90fbf1d2c61c064f700215dd6fcdf81ff8fe520d58c575b6,4047c4231f8b21ee90fbf1d2c61c064f700215dd6fcdf81ff8fe520d58c575b6,140,140
21735,utt_31a5f5cb0aa409b19898::p0004,utt_31a5f5cb0aa409b19898::p0004,fb397e8f73f8ab927e78055041c54dfba5999157ef813dd5dc71a8f4a7c0408c,fb397e8f73f8ab927e78055041c54dfba5999157ef813dd5dc71a8f4a7c0408c,56,56
21735,utt_31a5f5cb0aa409b19898::p0005-p0007,utt_31a5f5cb0aa409b19898::p0005-p0007,60b68b7c5558f107b19a77f28e4b14682e8a400a7178fb1e0d5e81c68d4c19ba,60b68b7c5558f107b19a77f28e4b14682e8a400a7178fb1e0d5e81c68d4c19ba,133,133
21735,utt_31a5f5cb0aa409b19898::p0008-p0011,utt_31a5f5cb0aa409b19898::p0008-p0011,343b1149c27f2f0310688ffc3ef20bb67227e8d1c15e846fd83b78731c3e05f3,343b1149c27f2f0310688ffc3ef20bb67227e8d1c15e846fd83b78731c3e05f3,122,122
21735,utt_31a5f5cb0aa409b19898::p0012-p0014,utt_31a5f5cb0aa409b19898::p0012-p0014,cff4881c3d43ac1b3ea5f287d97474b861290358e43af91991ea681c88de88e2,cff4881c3d43ac1b3ea5f287d97474b861290358e43af91991ea681c88de88e2,52,52
21735,utt_8f49f5173106cb5423da::p0001-p0007,utt_8f49f5173106cb5423da::p0001-p0007,219fc75f93c3f5bbc01a87b9e08a099eda2eac5f82d5a74ae7c93e40d5e448aa,219fc75f93c3f5bbc01a87b9e08a099eda2eac5f82d5a74ae7c93e40d5e448aa,139,139
21735,utt_877e60e3ae803dabeec6::p0001-p0002,utt_877e60e3ae803dabeec6::p0001-p0002,02e6dd51113e8f172fab5fd9562ed9317a6b3303de0e465c0cd82cb42f37c6c3,02e6dd51113e8f172fab5fd9562ed9317a6b3303de0e465c0cd82cb42f37c6c3,27,27
21735,utt_fff3cb61a2f8d9e2ce52::p0001-p0003,utt_fff3cb61a2f8d9e2ce52::p0001-p0003,e5bb947f15326f21cca90731c9f12316bfa8b966d32fbf1617daa12c38ce6a3c,e5bb947f15326f21cca90731c9f12316bfa8b966d32fbf1617daa12c38ce6a3c,117,117
21735,utt_fff3cb61a2f8d9e2ce52::p0004-p0006,utt_fff3cb61a2f8d9e2ce52::p0004-p0006,f596fe8939215e1c8cbbe5e777cad9a5ffea15523d3c7701f3174e0d8576fd0d,f596fe8939215e1c8cbbe5e777cad9a5ffea15523d3c7701f3174e0d8576fd0d,120,120
21735,utt_fff3cb61a2f8d9e2ce52::p0007,utt_fff3cb61a2f8d9e2ce52::p0007,66b80076a9fa113d96113bd838f75227cef044697f3e1615b290dcb3d07e5f70,66b80076a9fa113d96113bd838f75227cef044697f3e1615b290dcb3d07e5f70,104,104
21735,utt_fff3cb61a2f8d9e2ce52::p0008-p0011,utt_fff3cb61a2f8d9e2ce52::p0008-p0011,7fb871dfab99b4dcf4efd79b1296f4f0e914d2df8a44837f1819107e26a53bb8,7fb871dfab99b4dcf4efd79b1296f4f0e914d2df8a44837f1819107e26a53bb8,99,99
21735,utt_015588fe3d36be8b4d62::p0001-p0004,utt_015588fe3d36be8b4d62::p0001-p0004,619c00d6d290ffa5aa2b196bb356a54d5400380179042dc2e3a3b92067e08a1c,619c00d6d290ffa5aa2b196bb356a54d5400380179042dc2e3a3b92067e08a1c,139,139
21735,utt_015588fe3d36be8b4d62::p0005,utt_015588fe3d36be8b4d62::p0005,c1569bae2a40a314e7a277d0646c6681878dc01616c1cb3482a7b6a14829d5ea,c1569bae2a40a314e7a277d0646c6681878dc01616c1cb3482a7b6a14829d5ea,104,104
21735,utt_015588fe3d36be8b4d62::p0006-p0008,utt_015588fe3d36be8b4d62::p0006-p0008,4cdd1899b233ead3926791b1c1643ce5b7c1e75d54146f25303adb85e2915485,4cdd1899b233ead3926791b1c1643ce5b7c1e75d54146f25303adb85e2915485,118,118
21735,utt_015588fe3d36be8b4d62::p0009-p0012,utt_015588fe3d36be8b4d62::p0009-p0012,4f2df4ed01ef77bb3514606954337e4c9e926ca196e7504622a59f0b0ee0f7fb,4f2df4ed01ef77bb3514606954337e4c9e926ca196e7504622a59f0b0ee0f7fb,136,136
21735,utt_1724ad8d7fe9c5a6f6c1::p0001-p0002,utt_1724ad8d7fe9c5a6f6c1::p0001-p0002,0d4cbb9daca6e046942affb67c743b5efcec1f8f04bc81ac98c758df6b981206,0d4cbb9daca6e046942affb67c743b5efcec1f8f04bc81ac98c758df6b981206,94,94
21735,utt_1724ad8d7fe9c5a6f6c1::p0003,utt_1724ad8d7fe9c5a6f6c1::p0003,a3e7568e410dce0f58a1deb0ca2eec76307b97a7ef7d2195d585e777cf6e7224,a3e7568e410dce0f58a1deb0ca2eec76307b97a7ef7d2195d585e777cf6e7224,54,54
21735,utt_1724ad8d7fe9c5a6f6c1::p0004,utt_1724ad8d7fe9c5a6f6c1::p0004,9759b13ef6d25e67120c900e89f40d7bdc34d5c49af48aa3cdbb2f4611900cb6,9759b13ef6d25e67120c900e89f40d7bdc34d5c49af48aa3cdbb2f4611900cb6,125,125
21735,utt_1724ad8d7fe9c5a6f6c1::p0005,utt_1724ad8d7fe9c5a6f6c1::p0005,52cd7d25a0961b9d75c18e0cc820fd009ad4731c314e578ea61c7e0ae3862cc9,52cd7d25a0961b9d75c18e0cc820fd009ad4731c314e578ea61c7e0ae3862cc9,142,142
21735,utt_1724ad8d7fe9c5a6f6c1::p0006,utt_1724ad8d7fe9c5a6f6c1::p0006,2490c250ae1098d5be3689d8f8b76a53f0ed982cd3a712ccfce5ca9a77addbfe,2490c250ae1098d5be3689d8f8b76a53f0ed982cd3a712ccfce5ca9a77addbfe,80,80
21735,utt_293a34b51790af3148cb::p0001,utt_293a34b51790af3148cb::p0001,5e8a8ff48cf974265f3f5a419364a4e7a47472877a19547a27d8fdd417eb87bc,5e8a8ff48cf974265f3f5a419364a4e7a47472877a19547a27d8fdd417eb87bc,53,53
21735,utt_293a34b51790af3148cb::p0002,utt_293a34b51790af3148cb::p0002,9f8fe4fe535a1e7b4353b3688a86ab908d255fa4c656280508dc4e12a93c6f9f,9f8fe4fe535a1e7b4353b3688a86ab908d255fa4c656280508dc4e12a93c6f9f,56,56
21735,utt_293a34b51790af3148cb::p0003,utt_293a34b51790af3148cb::p0003,9f0e2d90856d70e94bfdfac63c7c0cc0179abcec6bd5b10bf149773d7aaea389,9f0e2d90856d70e94bfdfac63c7c0cc0179abcec6bd5b10bf149773d7aaea389,95,95
21735,utt_293a34b51790af3148cb::p0004-p0005,utt_293a34b51790af3148cb::p0004-p0005,ab77c340f5870ff921afae2362b31a4a36dc571c59b23226d24bfd38b1e7ae1c,ab77c340f5870ff921afae2362b31a4a36dc571c59b23226d24bfd38b1e7ae1c,117,117
21735,utt_293a34b51790af3148cb::p0006-p0009,utt_293a34b51790af3148cb::p0006-p0009,4eeee7a690e3f7427928a44d73365d707b225775fcebd63c0816fa3a2273fef3,4eeee7a690e3f7427928a44d73365d707b225775fcebd63c0816fa3a2273fef3,113,113
21735,utt_1ef9d46d475bbf40c5d1::p0001,utt_1ef9d46d475bbf40c5d1::p0001,33379c7193924a7c5adb76d0719b81da5b867e6fd548d9cdb75b6744457a825a,33379c7193924a7c5adb76d0719b81da5b867e6fd548d9cdb75b6744457a825a,134,134
21735,utt_1ef9d46d475bbf40c5d1::p0002,utt_1ef9d46d475bbf40c5d1::p0002,d4567e3766870dbf7ffdc4534ea16f13d4ed5121d93ade277e647acea1e6be0b,d4567e3766870dbf7ffdc4534ea16f13d4ed5121d93ade277e647acea1e6be0b,100,100
21735,utt_1ef9d46d475bbf40c5d1::p0003-p0004,utt_1ef9d46d475bbf40c5d1::p0003-p0004,63e739d409638099722703093f9e69dbf98f40c02403488fbd8238a2e2993346,63e739d409638099722703093f9e69dbf98f40c02403488fbd8238a2e2993346,116,116
21735,utt_85d71248ed051b20ad07::p0001,utt_85d71248ed051b20ad07::p0001,54a001324bedd388a6e582624e761e9e7d7588b423c0b38bc61d49c649b9fbbe,54a001324bedd388a6e582624e761e9e7d7588b423c0b38bc61d49c649b9fbbe,75,75
21735,utt_85d71248ed051b20ad07::p0002,utt_85d71248ed051b20ad07::p0002,40cbdbf2743bbddc2873fe30ef0dcd8aad380dec29fe733b831689f06a8752da,40cbdbf2743bbddc2873fe30ef0dcd8aad380dec29fe733b831689f06a8752da,59,59
21735,utt_85d71248ed051b20ad07::p0003,utt_85d71248ed051b20ad07::p0003,c6aa2b6bff11dd75089ed7fb0301992da83e2fe08f009bba889ee45b4f354e8d,c6aa2b6bff11dd75089ed7fb0301992da83e2fe08f009bba889ee45b4f354e8d,127,127
21735,utt_85d71248ed051b20ad07::p0004-p0006,utt_85d71248ed051b20ad07::p0004-p0006,0e9973fbb51f2d4a8d5975cb01063ad0cf919949fbd6575e11b95db76e5e65f3,0e9973fbb51f2d4a8d5975cb01063ad0cf919949fbd6575e11b95db76e5e65f3,53,53
21735,utt_f33212ae88aca1dec91e::p0001-p0003,utt_f33212ae88aca1dec91e::p0001-p0003,00378e8ddfc08b7b6ff99f8aefe2a69a75a41617f5ace922f62f6870677c65f6,00378e8ddfc08b7b6ff99f8aefe2a69a75a41617f5ace922f62f6870677c65f6,132,132
21735,utt_f33212ae88aca1dec91e::p0004,utt_f33212ae88aca1dec91e::p0004,858861a416defe2aa2e940ba39c00a08edc6d23f43cd314d6590171dff9de7d3,858861a416defe2aa2e940ba39c00a08edc6d23f43cd314d6590171dff9de7d3,88,88
21735,utt_f33212ae88aca1dec91e::p0005-p0008,utt_f33212ae88aca1dec91e::p0005-p0008,0546d3f91423c3990da7f3b6ff86c1291a4d11d8cc5074d285e9ab13a3c1f367,0546d3f91423c3990da7f3b6ff86c1291a4d11d8cc5074d285e9ab13a3c1f367,142,142
21735,utt_6778d27c3e7bfbb8a414::p0001,utt_6778d27c3e7bfbb8a414::p0001,62a6684ac58677186b9219bde82e5760223c1160159a8d1e0614cbafa727a10b,62a6684ac58677186b9219bde82e5760223c1160159a8d1e0614cbafa727a10b,6,6
21735,utt_70c591d8d3526ed6bf31::p0001-p0003,utt_70c591d8d3526ed6bf31::p0001-p0003,35c42b7de86a4fde89075f7192b71ff5ae30d165d38a701f7c08c7f4a6ce3800,35c42b7de86a4fde89075f7192b71ff5ae30d165d38a701f7c08c7f4a6ce3800,63,63
21735,utt_0a6293e6079c7d831c58::p0001-p0002,utt_0a6293e6079c7d831c58::p0001-p0002,4a473cb780f9b26d4f8cdb3e6f35ba90cc052481530b4f70eefdd0ff1866428c,4a473cb780f9b26d4f8cdb3e6f35ba90cc052481530b4f70eefdd0ff1866428c,21,21
21735,utt_3b14b6d729a36169ab5d::p0001-p0003,utt_3b14b6d729a36169ab5d::p0001-p0003,072216819fc446295e03e12ce0e21c4b2278a12f9832c3f85766516f9c56a6ed,072216819fc446295e03e12ce0e21c4b2278a12f9832c3f85766516f9c56a6ed,109,109
21735,utt_3b14b6d729a36169ab5d::p0004,utt_3b14b6d729a36169ab5d::p0004,bc57cb084a3e5f8eaeebadbced787d3f709143503f9e8b770e86cf4f46084a23,bc57cb084a3e5f8eaeebadbced787d3f709143503f9e8b770e86cf4f46084a23,58,58
21735,utt_3b14b6d729a36169ab5d::p0005-p0006,utt_3b14b6d729a36169ab5d::p0005-p0006,e5c33d53c1ae560557be51853b7609c7d34e316aabcfb8f379f61b76f461f6d7,e5c33d53c1ae560557be51853b7609c7d34e316aabcfb8f379f61b76f461f6d7,121,121
21735,utt_3b14b6d729a36169ab5d::p0007,utt_3b14b6d729a36169ab5d::p0007,0416051a5be5510a021355fe52e34ebe18b8773efeee8d3896cb096ed6fbc469,0416051a5be5510a021355fe52e34ebe18b8773efeee8d3896cb096ed6fbc469,68,68
21735,utt_3b14b6d729a36169ab5d::p0008-p0009,utt_3b14b6d729a36169ab5d::p0008-p0009,be1b2e8e01dd30624c70528e80d244eb21ace0bf7abef4be869c5a022b990383,be1b2e8e01dd30624c70528e80d244eb21ace0bf7abef4be869c5a022b990383,114,114
21735,utt_3b14b6d729a36169ab5d::p0010-p0013,utt_3b14b6d729a36169ab5d::p0010-p0013,38c086a351bd4581d79c4db2dbb6cd7ff9517eb3e40d558cca23780ca561fec8,38c086a351bd4581d79c4db2dbb6cd7ff9517eb3e40d558cca23780ca561fec8,112,112
21735,utt_54f2f56f1d4c80932ae8::p0001-p0002,utt_54f2f56f1d4c80932ae8::p0001-p0002,778e04f4d3ad120c1a29eba938603ac969ee0226cc3f7574ce657fe8434d5e92,778e04f4d3ad120c1a29eba938603ac969ee0226cc3f7574ce657fe8434d5e92,108,108
21735,utt_a566cecfd608aa292209::p0001,utt_a566cecfd608aa292209::p0001,ef8852d761e1f070845887a46cb559420a9fa2b01a5171f058f504c328f1ff1a,ef8852d761e1f070845887a46cb559420a9fa2b01a5171f058f504c328f1ff1a,13,13
21735,utt_d5741ffb858330790466::p0001-p0002,utt_d5741ffb858330790466::p0001-p0002,518ff32d03c9845087d335a8a5613cc5b5a851567ce48a795a0ed8d543db755f,518ff32d03c9845087d335a8a5613cc5b5a851567ce48a795a0ed8d543db755f,51,51
21735,utt_b32cc16286fc9a9e9271::p0001,utt_b32cc16286fc9a9e9271::p0001,f86bb180a20d5a410c8933c0c6f9eace63ca0ee86a5b2fbd129d3398781ecb90,f86bb180a20d5a410c8933c0c6f9eace63ca0ee86a5b2fbd129d3398781ecb90,20,20
21735,utt_535d2e4286f0078d7ce6::p0001-p0002,utt_535d2e4286f0078d7ce6::p0001-p0002,c1a61fdf2d91e87cf15d0d6a340b4d3ba843ae69c12e294daf390b56db7ad330,c1a61fdf2d91e87cf15d0d6a340b4d3ba843ae69c12e294daf390b56db7ad330,131,131
21735,utt_535d2e4286f0078d7ce6::p0003s001,utt_535d2e4286f0078d7ce6::p0003s001,f01b7dbd61e2d9b2b431da382f007b017d04b4bf94adbeb4908bfcf3a8a4241e,f01b7dbd61e2d9b2b431da382f007b017d04b4bf94adbeb4908bfcf3a8a4241e,110,110
21735,utt_535d2e4286f0078d7ce6::p0003s002,utt_535d2e4286f0078d7ce6::p0003s002,89ac092a930afe5b1faac83a7dc757fbbebc8508a6485e4e2c3d0f2d9b5afbfc,89ac092a930afe5b1faac83a7dc757fbbebc8508a6485e4e2c3d0f2d9b5afbfc,76,76
21735,utt_535d2e4286f0078d7ce6::p0004,utt_535d2e4286f0078d7ce6::p0004,94928253237762b2849e9b9304b5c201e4cf0601b5e85f24d81c9d16b0b37738,94928253237762b2849e9b9304b5c201e4cf0601b5e85f24d81c9d16b0b37738,52,52
21735,utt_535d2e4286f0078d7ce6::p0005-p0006,utt_535d2e4286f0078d7ce6::p0005-p0006,ae6885bb3cf9ed6fed1f5ede1c8f264413aacb3a17dc0b4e618dd62746a8c465,ae6885bb3cf9ed6fed1f5ede1c8f264413aacb3a17dc0b4e618dd62746a8c465,81,81
21735,utt_3812cdffc33ffc21cd49::p0001-p0003,utt_3812cdffc33ffc21cd49::p0001-p0003,8b36d9bcab898d35839d69a6e8d82301449cff92748368037c68d3cf088f4478,8b36d9bcab898d35839d69a6e8d82301449cff92748368037c68d3cf088f4478,125,125
21735,utt_3812cdffc33ffc21cd49::p0004,utt_3812cdffc33ffc21cd49::p0004,111e402117ba45e8a2ee29faf82aa257e6b0861ea17bc5c2dd5e3d45c8ca25b6,111e402117ba45e8a2ee29faf82aa257e6b0861ea17bc5c2dd5e3d45c8ca25b6,110,110
21735,utt_3812cdffc33ffc21cd49::p0005-p0007,utt_3812cdffc33ffc21cd49::p0005-p0007,e81f211c7b46ab51201fb993c66f18a2a798c5fac61a1e41e7a1d772521328bb,e81f211c7b46ab51201fb993c66f18a2a798c5fac61a1e41e7a1d772521328bb,133,133
21735,utt_3812cdffc33ffc21cd49::p0008-p0010,utt_3812cdffc33ffc21cd49::p0008-p0010,eea1828ec6a3ad99e8fa992e6ac6e6e1b9bb00fa2e7ebf217ab29c3d89e24e68,eea1828ec6a3ad99e8fa992e6ac6e6e1b9bb00fa2e7ebf217ab29c3d89e24e68,54,54
21735,utt_462967a343c7b74a381b::p0001,utt_462967a343c7b74a381b::p0001,2efc34d8b22f585bc8ba850095af5fdff097f54d4dd641bd60a42bcd17404a74,2efc34d8b22f585bc8ba850095af5fdff097f54d4dd641bd60a42bcd17404a74,95,95
21735,utt_462967a343c7b74a381b::p0002-p0003,utt_462967a343c7b74a381b::p0002-p0003,1ff9d91badb0b9c5d4ee191cd4aa0d44e2a76a4367f5a4139362c84a239fdf10,1ff9d91badb0b9c5d4ee191cd4aa0d44e2a76a4367f5a4139362c84a239fdf10,118,118
21735,utt_462967a343c7b74a381b::p0004,utt_462967a343c7b74a381b::p0004,adf128b13738f250cb20079af1c4b2b695556776357870910ca38e7e23611405,adf128b13738f250cb20079af1c4b2b695556776357870910ca38e7e23611405,64,64
21735,utt_462967a343c7b74a381b::p0005,utt_462967a343c7b74a381b::p0005,d844e26d97c9ae785ea0135041b9fa1e665bd4a9e58ccd46e7b93f44d1dfee5d,d844e26d97c9ae785ea0135041b9fa1e665bd4a9e58ccd46e7b93f44d1dfee5d,77,77
21735,utt_462967a343c7b74a381b::p0006-p0008,utt_462967a343c7b74a381b::p0006-p0008,e9338de69a50849f1f053185c9add8306b0499b6a96e00389ca2e8ae22cf477c,e9338de69a50849f1f053185c9add8306b0499b6a96e00389ca2e8ae22cf477c,117,117
21735,utt_462967a343c7b74a381b::p0009-p0011,utt_462967a343c7b74a381b::p0009-p0011,91f7aa268c48f281cd24687856bbeab32768341e9457660151d8f51d5fe55e05,91f7aa268c48f281cd24687856bbeab32768341e9457660151d8f51d5fe55e05,57,57
21735,utt_d31e6b82cf50f24520c0::p0001-p0002,utt_d31e6b82cf50f24520c0::p0001-p0002,5c9f057b1b744b61bfd13918f3ff8e386b330c4e2ab087521f306195424b17a7,5c9f057b1b744b61bfd13918f3ff8e386b330c4e2ab087521f306195424b17a7,136,136
21735,utt_d31e6b82cf50f24520c0::p0003,utt_d31e6b82cf50f24520c0::p0003,f329093b6817c97b1f95bd0ad8ff022c30e1027c0cf09a07e37c1235fead69b9,f329093b6817c97b1f95bd0ad8ff022c30e1027c0cf09a07e37c1235fead69b9,121,121
21735,utt_d31e6b82cf50f24520c0::p0004-p0005,utt_d31e6b82cf50f24520c0::p0004-p0005,2eba443cef49af1d87ac7a832305b40ec10d0f5856ab496f5122ee5657357bc9,2eba443cef49af1d87ac7a832305b40ec10d0f5856ab496f5122ee5657357bc9,102,102
21735,utt_d31e6b82cf50f24520c0::p0006-p0007,utt_d31e6b82cf50f24520c0::p0006-p0007,3da5c9bccba0901e43303df0fb69dab57a06944a1a0b88706d513e531e4e6d3e,3da5c9bccba0901e43303df0fb69dab57a06944a1a0b88706d513e531e4e6d3e,71,71
21735,utt_a009aff7b308ab8114e2::p0001-p0004,utt_a009aff7b308ab8114e2::p0001-p0004,cd32f6d49fcfab1e28b2bcf96400d71f4523714666f115a1948534d3b8693f44,cd32f6d49fcfab1e28b2bcf96400d71f4523714666f115a1948534d3b8693f44,127,127
21735,utt_a009aff7b308ab8114e2::p0005-p0007,utt_a009aff7b308ab8114e2::p0005-p0007,9459c462ad06bc6dcc701a13d643aad9fd9aedbf5eddc4b81f9eeab2976a929e,9459c462ad06bc6dcc701a13d643aad9fd9aedbf5eddc4b81f9eeab2976a929e,134,134
21735,utt_a009aff7b308ab8114e2::p0008-p0010,utt_a009aff7b308ab8114e2::p0008-p0010,e2b0f56d0508072eeab439c385a88cb29e4a29b63eefb3bf51ab0454ea781136,e2b0f56d0508072eeab439c385a88cb29e4a29b63eefb3bf51ab0454ea781136,135,135
21735,utt_2af7ea42bb9c4b0933fe::p0001-p0002,utt_2af7ea42bb9c4b0933fe::p0001-p0002,2cf9cd729c3f1bad186ac4515bb1c91f5b668c14ebb21ab8d1e7b5e7250a3776,2cf9cd729c3f1bad186ac4515bb1c91f5b668c14ebb21ab8d1e7b5e7250a3776,141,141
21735,utt_2af7ea42bb9c4b0933fe::p0003-p0004,utt_2af7ea42bb9c4b0933fe::p0003-p0004,09ec3b2da2dd7543087331a562cebfb158e70d223b4d8a9449277a5eb9456b97,09ec3b2da2dd7543087331a562cebfb158e70d223b4d8a9449277a5eb9456b97,92,92
21735,utt_2af7ea42bb9c4b0933fe::p0005,utt_2af7ea42bb9c4b0933fe::p0005,07dc2c9391ec4074e07dc098f4e2cf9d33f694fb300ac648f7489974943db1c6,07dc2c9391ec4074e07dc098f4e2cf9d33f694fb300ac648f7489974943db1c6,94,94
21735,utt_2af7ea42bb9c4b0933fe::p0006-p0008,utt_2af7ea42bb9c4b0933fe::p0006-p0008,dd7a2dd77b917939f98e747781c07a9d65c77833de6991549f579be16d367af3,dd7a2dd77b917939f98e747781c07a9d65c77833de6991549f579be16d367af3,135,135
21735,utt_2af7ea42bb9c4b0933fe::p0009-p0011,utt_2af7ea42bb9c4b0933fe::p0009-p0011,00024307df4fa508a7904f702c2b68e533d680d0b0aeed6307cd8bf96e3c30e0,00024307df4fa508a7904f702c2b68e533d680d0b0aeed6307cd8bf96e3c30e0,57,57
21735,utt_08ef4983cae6a1da4f81::p0001,utt_08ef4983cae6a1da4f81::p0001,c7058b40e5912071002bf8d5c2e03e50e248a70e385c04a21339edbec2e10a37,c7058b40e5912071002bf8d5c2e03e50e248a70e385c04a21339edbec2e10a37,59,59
21735,utt_08ef4983cae6a1da4f81::p0002-p0003,utt_08ef4983cae6a1da4f81::p0002-p0003,ce834bda475c683d22be4621b11b5e43ac60e4750d024548ba5aae130df14399,ce834bda475c683d22be4621b11b5e43ac60e4750d024548ba5aae130df14399,87,87
21735,utt_08ef4983cae6a1da4f81::p0004-p0005,utt_08ef4983cae6a1da4f81::p0004-p0005,3b7565f0ec776225a5bb0c0028c7a7adede7d90af54c9d3c0a3184341a8830da,3b7565f0ec776225a5bb0c0028c7a7adede7d90af54c9d3c0a3184341a8830da,86,86
21735,utt_08ef4983cae6a1da4f81::p0006,utt_08ef4983cae6a1da4f81::p0006,68758f4ee8ff7b27e7ba899fc102018046155ab851e23167fc78c27800f913b8,68758f4ee8ff7b27e7ba899fc102018046155ab851e23167fc78c27800f913b8,56,56
21735,utt_08ef4983cae6a1da4f81::p0007,utt_08ef4983cae6a1da4f81::p0007,e23183bbd5dd99218af8d7ff962f326ea35befdf191c106285342ffd1e6c02b0,e23183bbd5dd99218af8d7ff962f326ea35befdf191c106285342ffd1e6c02b0,69,69
21735,utt_08ef4983cae6a1da4f81::p0008,utt_08ef4983cae6a1da4f81::p0008,fda461d4a8074958458e63f18b6b15a89ce0d5a7b1f39186d9f44203dd8354ef,fda461d4a8074958458e63f18b6b15a89ce0d5a7b1f39186d9f44203dd8354ef,78,78
21735,utt_08ef4983cae6a1da4f81::p0009-p0010,utt_08ef4983cae6a1da4f81::p0009-p0010,e5d84d014e26c3574c5ccc593077e83060ade7ab6f8c35a1a2092bbea9c71af0,e5d84d014e26c3574c5ccc593077e83060ade7ab6f8c35a1a2092bbea9c71af0,71,71
21735,utt_c08f45a28b7f3f060e9c::p0001,utt_c08f45a28b7f3f060e9c::p0001,887e7e376d6171a61f0b41eedba3ceebd2fc629b78ca1f1d907e7baabba7dc2b,887e7e376d6171a61f0b41eedba3ceebd2fc629b78ca1f1d907e7baabba7dc2b,92,92
21735,utt_c08f45a28b7f3f060e9c::p0002-p0003,utt_c08f45a28b7f3f060e9c::p0002-p0003,d1a9b0313347023f6f2bf49780de9db0e78bd9b7b6efabaf404741033876f021,d1a9b0313347023f6f2bf49780de9db0e78bd9b7b6efabaf404741033876f021,125,125
21735,utt_c08f45a28b7f3f060e9c::p0004-p0005,utt_c08f45a28b7f3f060e9c::p0004-p0007,963514c6bb9026cd611e340c0f8e019e0fd0f2877d240a8145668053f9235083,0e5de9e901b9ddb36b999a3182675330ddd9c66b4cb905c92979bab3dd8377dd,128,161
21735,utt_c08f45a28b7f3f060e9c::p0006-p0007,utt_c08f45a28b7f3f060e9c::p0004-p0007,9c2f5ca1bccfe377e3d36a7159495f9d01a8d943f6c9d3c139380451d37cf4e2,0e5de9e901b9ddb36b999a3182675330ddd9c66b4cb905c92979bab3dd8377dd,33,161
21735,utt_fd9c8db179bc0a5cef64::p0001-p0003,utt_fd9c8db179bc0a5cef64::p0001-p0003,3cd4c40339bef680ffc40822119c9973b584d6ae36b665fda69259dc86947ad9,3cd4c40339bef680ffc40822119c9973b584d6ae36b665fda69259dc86947ad9,112,112
21735,utt_fd9c8db179bc0a5cef64::p0004-p0005,utt_fd9c8db179bc0a5cef64::p0004-p0007,9458ced1ea666507d95d53b6fecbb248698dcb6a45a53bafa2ce3445fb5b4383,50511be2b0b8ad70d937290c4ca025a37d13485e79a68f9c0dab0a6f731d660c,111,155
21735,utt_fd9c8db179bc0a5cef64::p0006-p0007,utt_fd9c8db179bc0a5cef64::p0004-p0007,d868d33cf99ff4f681557b21494384b27d2f500c2e97472bae9cf1219eaad397,50511be2b0b8ad70d937290c4ca025a37d13485e79a68f9c0dab0a6f731d660c,44,155
21735,utt_112cb07b36cd97d85f50::p0001-p0003,utt_112cb07b36cd97d85f50::p0001-p0003,e62fb162d2713476d30fd08289f29265a85213ea8caab929d995cabdc87c3f95,e62fb162d2713476d30fd08289f29265a85213ea8caab929d995cabdc87c3f95,124,124
21735,utt_112cb07b36cd97d85f50::p0004-p0005,utt_112cb07b36cd97d85f50::p0004-p0005,c762d9826ebccccd49cec13113d9f9f7b6b938ab5ef34ab723851f216ebb2980,c762d9826ebccccd49cec13113d9f9f7b6b938ab5ef34ab723851f216ebb2980,101,101
21735,utt_112cb07b36cd97d85f50::p0006-p0008,utt_112cb07b36cd97d85f50::p0006-p0008,2ea28dba952401b1a185c92ba40b834bc9ec1de2066b225ea8a3b5111d39c389,2ea28dba952401b1a185c92ba40b834bc9ec1de2066b225ea8a3b5111d39c389,111,111
21735,utt_16684656c02b8f08ddca::p0001-p0003,utt_16684656c02b8f08ddca::p0001-p0003,28e974db0820029f26ed9bb4fddd47978bf037c77ce22700e49566cad7eebc8b,28e974db0820029f26ed9bb4fddd47978bf037c77ce22700e49566cad7eebc8b,87,87
21735,utt_8ac53772ec4417cc1003::p0001,utt_8ac53772ec4417cc1003::p0001,a4cd319277410df01451e1a584d5d76b2733848646fb03fb2e82b1180a7f6a6e,a4cd319277410df01451e1a584d5d76b2733848646fb03fb2e82b1180a7f6a6e,63,63
21735,utt_8ac53772ec4417cc1003::p0002,utt_8ac53772ec4417cc1003::p0002,ef89e6492b8fb567b67548bbc5341e98b1e139771566692ef236b68be3fe4b3e,ef89e6492b8fb567b67548bbc5341e98b1e139771566692ef236b68be3fe4b3e,97,97
21735,utt_238fdad13388b381d860::p0001-p0003,utt_238fdad13388b381d860::p0001-p0003,902c4acd892d1a13f2e7bae62456d986aa8cda60789f5589d38b0ce6e6f5f47b,902c4acd892d1a13f2e7bae62456d986aa8cda60789f5589d38b0ce6e6f5f47b,146,146
21735,utt_238fdad13388b381d860::p0004-p0005,utt_238fdad13388b381d860::p0004-p0005,8633be345554f91b3a240ba00c2397bffab240fea28cafe0eaa54850ffeb38bb,8633be345554f91b3a240ba00c2397bffab240fea28cafe0eaa54850ffeb38bb,98,98
21735,utt_934b3e37fb0203b20b3e::p0001-p0003,utt_934b3e37fb0203b20b3e::p0001-p0003,07e94cc5192c0efe7d8803d6b06275c24436891b79bc44641558081ae96c85c5,07e94cc5192c0efe7d8803d6b06275c24436891b79bc44641558081ae96c85c5,126,126
21735,utt_934b3e37fb0203b20b3e::p0004,utt_934b3e37fb0203b20b3e::p0004,6a9a0b28505eeda0e0a1e7022cc57e89fb191b6a7834298bc9f049e9469a2fc0,6a9a0b28505eeda0e0a1e7022cc57e89fb191b6a7834298bc9f049e9469a2fc0,103,103
21735,utt_934b3e37fb0203b20b3e::p0005-p0007,utt_934b3e37fb0203b20b3e::p0005-p0007,d3f7244c7b5928a5234b85cf5b680a7a0cc205498ea6478fd30f5253b0b47898,d3f7244c7b5928a5234b85cf5b680a7a0cc205498ea6478fd30f5253b0b47898,115,115
21735,utt_934b3e37fb0203b20b3e::p0008-p0011,utt_934b3e37fb0203b20b3e::p0008-p0011,7720c231bb35f541fb4dc16eb8db7a077a423c4d687ffe7dbf432053b6f13d4d,7720c231bb35f541fb4dc16eb8db7a077a423c4d687ffe7dbf432053b6f13d4d,147,147
21735,utt_934b3e37fb0203b20b3e::p0012-p0015,utt_934b3e37fb0203b20b3e::p0012-p0015,8d9f0356828298d4d9a25d2eb81dc3cfb802a87452421e0e9a6b0424def34e56,8d9f0356828298d4d9a25d2eb81dc3cfb802a87452421e0e9a6b0424def34e56,84,84
21735,utt_79f21cc98ec0ee325041::p0001,utt_79f21cc98ec0ee325041::p0001,73069e22f1aa3424d0d0e3e7659845e6dffbde3bab5a64a41477da8c65deb82f,73069e22f1aa3424d0d0e3e7659845e6dffbde3bab5a64a41477da8c65deb82f,30,30
21735,utt_77698651976002b6ff47::p0001-p0002,utt_77698651976002b6ff47::p0001-p0002,af8b034342f23fcc271daaa3453bfa3de6bc5f07658e258d0f12e0471526a357,af8b034342f23fcc271daaa3453bfa3de6bc5f07658e258d0f12e0471526a357,128,128
21735,utt_77698651976002b6ff47::p0003,utt_77698651976002b6ff47::p0003,652fd8869510ecd6f19fd103900fa2e89fc95cf94b4f8893ce71addfa4875c4f,652fd8869510ecd6f19fd103900fa2e89fc95cf94b4f8893ce71addfa4875c4f,108,108
21735,utt_77698651976002b6ff47::p0004-p0005,utt_77698651976002b6ff47::p0004-p0005,178b00c71f7aba871ba4181bc66d987b4e65a6e15359d253e9a858f6517a7b46,178b00c71f7aba871ba4181bc66d987b4e65a6e15359d253e9a858f6517a7b46,83,83
21735,utt_77698651976002b6ff47::p0006,utt_77698651976002b6ff47::p0006,156d78b236df8f6f111a93f1bc6d8326c3a2848ae5138eb150de7975e88147b0,156d78b236df8f6f111a93f1bc6d8326c3a2848ae5138eb150de7975e88147b0,73,73
21735,utt_77698651976002b6ff47::p0007-p0008,utt_77698651976002b6ff47::p0007-p0008,60db9b8968b4e37f859b783b18d799bdb2bf2bd7a47a31c66a27b996628a3d15,60db9b8968b4e37f859b783b18d799bdb2bf2bd7a47a31c66a27b996628a3d15,52,52
21735,utt_1ad7d44f09934e05fc55::p0001,utt_1ad7d44f09934e05fc55::p0001,dedfeef27637c4cd9ba1244066ac279b881032d382d75765974c3212efb2499c,dedfeef27637c4cd9ba1244066ac279b881032d382d75765974c3212efb2499c,50,50
21735,utt_1ad7d44f09934e05fc55::p0002,utt_1ad7d44f09934e05fc55::p0002,82b40a7950604ec0474dcf9060e4b5a6a6b10869b2d9250f50afd28f2f1a342d,82b40a7950604ec0474dcf9060e4b5a6a6b10869b2d9250f50afd28f2f1a342d,52,52
21735,utt_1ad7d44f09934e05fc55::p0003,utt_1ad7d44f09934e05fc55::p0003,742b365cd1a3fdbb900f01394e548063450a3cee70aa1f3ed313ef4f591785bb,742b365cd1a3fdbb900f01394e548063450a3cee70aa1f3ed313ef4f591785bb,71,71
21735,utt_1ad7d44f09934e05fc55::p0004,utt_1ad7d44f09934e05fc55::p0004,b8eae3506e0433dea8ca44ac32fe195df88639d4bc9d7e400b6b311beae0e07d,b8eae3506e0433dea8ca44ac32fe195df88639d4bc9d7e400b6b311beae0e07d,100,100
21735,utt_1ad7d44f09934e05fc55::p0005,utt_1ad7d44f09934e05fc55::p0005,4a3a081846d67dd7697adbe9f653a1ac025bb3487c24266bc54dc14aa5cf0d29,4a3a081846d67dd7697adbe9f653a1ac025bb3487c24266bc54dc14aa5cf0d29,77,77
21735,utt_1ad7d44f09934e05fc55::p0006-p0007,utt_1ad7d44f09934e05fc55::p0006-p0007,b0d6474dffdba533d39000ebd705991387a5d4ba0a426e5c486e07849f484aab,b0d6474dffdba533d39000ebd705991387a5d4ba0a426e5c486e07849f484aab,144,144
21735,utt_1ad7d44f09934e05fc55::p0008-p0011,utt_1ad7d44f09934e05fc55::p0008-p0011,3b2d088c40234779151ff5b0b805fba7641383ba62a561fdeecabe8ddc8cd066,3b2d088c40234779151ff5b0b805fba7641383ba62a561fdeecabe8ddc8cd066,96,96
21735,utt_70989853724e5fe445d7::p0001-p0003,utt_70989853724e5fe445d7::p0001-p0003,cf39682ccaa24f5bec61ea0866d26f4a139daa94216ba4e7a13239fdc41f367f,cf39682ccaa24f5bec61ea0866d26f4a139daa94216ba4e7a13239fdc41f367f,129,129
21735,utt_70989853724e5fe445d7::p0004-p0006,utt_70989853724e5fe445d7::p0004-p0006,d1f925c1ebdb761879021f01e32245eb7a455fb90497212f4fef4cf398ab6b27,d1f925c1ebdb761879021f01e32245eb7a455fb90497212f4fef4cf398ab6b27,89,89
21735,utt_70989853724e5fe445d7::p0007-p0008,utt_70989853724e5fe445d7::p0007-p0008,fb119a674066af4adda79e4c43c8f21a27f750dfec40a768480b11b857e3dffb,fb119a674066af4adda79e4c43c8f21a27f750dfec40a768480b11b857e3dffb,134,134
21735,utt_70989853724e5fe445d7::p0009-p0014,utt_70989853724e5fe445d7::p0009-p0014,5736e2651a1915b7afa7211fb68cdd039bacbe4c5cea3cd4d6c62cc384098570,5736e2651a1915b7afa7211fb68cdd039bacbe4c5cea3cd4d6c62cc384098570,125,125
21735,utt_7bdd43f42e2285c1cdce::p0001-p0002,utt_7bdd43f42e2285c1cdce::p0001-p0002,8f47594081d92b63da1d2552b04b285b6d42d562e63397035cb5508b49cc41ea,8f47594081d92b63da1d2552b04b285b6d42d562e63397035cb5508b49cc41ea,94,94
21735,utt_7bdd43f42e2285c1cdce::p0003,utt_7bdd43f42e2285c1cdce::p0003,b041e172861e96f2fc9ad3b6c4cccb35701797656399a691298be70cdf5438ef,b041e172861e96f2fc9ad3b6c4cccb35701797656399a691298be70cdf5438ef,56,56
21735,utt_7bdd43f42e2285c1cdce::p0004-p0006,utt_7bdd43f42e2285c1cdce::p0004-p0006,d292f228d709ce67c5d3ca6532bb491b9478e0e97d645ddcf6466c4cd42f5bed,d292f228d709ce67c5d3ca6532bb491b9478e0e97d645ddcf6466c4cd42f5bed,140,140
21735,utt_7bdd43f42e2285c1cdce::p0007,utt_7bdd43f42e2285c1cdce::p0007,80e8fdb189fbdb04f8853ea0cec871d7503c90ac15c1df595647d3a9bf775450,80e8fdb189fbdb04f8853ea0cec871d7503c90ac15c1df595647d3a9bf775450,67,67
21735,utt_7bdd43f42e2285c1cdce::p0008,utt_7bdd43f42e2285c1cdce::p0008,4ffcb46f20f94fa1f37edde6cc12bc519feeb9a3bf51ac125ec280b9b5d0a489,4ffcb46f20f94fa1f37edde6cc12bc519feeb9a3bf51ac125ec280b9b5d0a489,58,58
21735,utt_7bdd43f42e2285c1cdce::p0009-p0011,utt_7bdd43f42e2285c1cdce::p0009-p0011,c05fb991dc5d67ce78ce10ed6bf9df42b79298fd1143269fbcffdab15e84e29c,c05fb991dc5d67ce78ce10ed6bf9df42b79298fd1143269fbcffdab15e84e29c,97,97
21735,utt_1280a6a8e01f6cbd450e::p0001-p0002,utt_1280a6a8e01f6cbd450e::p0001-p0002,09c0f7bb98d6de85cd651a0b1188e1e6f847deedf002c6dd2161f2e3ccd39e6b,09c0f7bb98d6de85cd651a0b1188e1e6f847deedf002c6dd2161f2e3ccd39e6b,106,106
21735,utt_1280a6a8e01f6cbd450e::p0003,utt_1280a6a8e01f6cbd450e::p0003,26a2a590f63ce08c66bd82fc6f1ff8eca4b1b07b94c5af04f3517a5a2ec753e0,26a2a590f63ce08c66bd82fc6f1ff8eca4b1b07b94c5af04f3517a5a2ec753e0,60,60
21735,utt_1280a6a8e01f6cbd450e::p0004,utt_1280a6a8e01f6cbd450e::p0004,fd6c62a3978fd1e9ba46ae293c014ee2689291f0cce1e9b4d5bb702935037e80,fd6c62a3978fd1e9ba46ae293c014ee2689291f0cce1e9b4d5bb702935037e80,86,86
21735,utt_1280a6a8e01f6cbd450e::p0005,utt_1280a6a8e01f6cbd450e::p0005,433451c4190f7b37790bb763717471c22f8000029c76007883c6c8b5bff987d6,433451c4190f7b37790bb763717471c22f8000029c76007883c6c8b5bff987d6,59,59
21735,utt_1280a6a8e01f6cbd450e::p0006-p0007,utt_1280a6a8e01f6cbd450e::p0006-p0007,455c984f50c3db1bdff4088b1701719c5c2c03e8a76bb1c0ac22a9ec54c59ad1,455c984f50c3db1bdff4088b1701719c5c2c03e8a76bb1c0ac22a9ec54c59ad1,95,95
21735,utt_1280a6a8e01f6cbd450e::p0008-p0010,utt_1280a6a8e01f6cbd450e::p0008-p0010,e6ab44f7d299707bd67dcdef47c3ecb8cdfc1bf56342f3158fc47801309d6684,e6ab44f7d299707bd67dcdef47c3ecb8cdfc1bf56342f3158fc47801309d6684,95,95
21735,utt_c6b3b58fa53732ed1db3::p0001,utt_c6b3b58fa53732ed1db3::p0001,dfa678d5294d1a75ab57cc782f87a4634ba0e68805d2fbcad8d6c23654a581ee,dfa678d5294d1a75ab57cc782f87a4634ba0e68805d2fbcad8d6c23654a581ee,64,64
21735,utt_c6b3b58fa53732ed1db3::p0002-p0004,utt_c6b3b58fa53732ed1db3::p0002-p0004,a270fba663137ba401fd6afb17c8ffc3924f09e12717e342d651f11eba7e49fa,a270fba663137ba401fd6afb17c8ffc3924f09e12717e342d651f11eba7e49fa,134,134
21735,utt_c6b3b58fa53732ed1db3::p0005-p0007,utt_c6b3b58fa53732ed1db3::p0005-p0007,658e5f6c32c9275bf3736e92d67ee568ef15573e4f0f7c534783f81f7fb565bb,658e5f6c32c9275bf3736e92d67ee568ef15573e4f0f7c534783f81f7fb565bb,148,148
21735,utt_c6b3b58fa53732ed1db3::p0008-p0009,utt_c6b3b58fa53732ed1db3::p0008-p0009,209a71a1f9f9e7339435b088c21e1a4771312f7dfae21fca3808ebf0649c29ba,209a71a1f9f9e7339435b088c21e1a4771312f7dfae21fca3808ebf0649c29ba,104,104
21735,utt_344043cfbf4a8c823901::p0001-p0003,utt_344043cfbf4a8c823901::p0001-p0003,5411f2289c3e37c31b88cf3ae5b56b108681d2073bcad00641b469853805ff63,5411f2289c3e37c31b88cf3ae5b56b108681d2073bcad00641b469853805ff63,133,133
21735,utt_344043cfbf4a8c823901::p0004-p0006,utt_344043cfbf4a8c823901::p0004-p0006,78af9eb9e5b2dd266051de1db14ae61167b5130e30f9238fc63d0428600912f5,78af9eb9e5b2dd266051de1db14ae61167b5130e30f9238fc63d0428600912f5,131,131
21735,utt_344043cfbf4a8c823901::p0007-p0009,utt_344043cfbf4a8c823901::p0007-p0009,6d2e8c646872d51b6d99447805bea62864a3b1a51661f0c461d859cc6c6ae0c5,6d2e8c646872d51b6d99447805bea62864a3b1a51661f0c461d859cc6c6ae0c5,113,113
21735,utt_344043cfbf4a8c823901::p0010-p0012,utt_344043cfbf4a8c823901::p0010-p0012,5cd71b8ec39340f2fed5bf05d52fef5012dfd69de47664cc504eeae5cf0ef44e,5cd71b8ec39340f2fed5bf05d52fef5012dfd69de47664cc504eeae5cf0ef44e,76,76
21735,utt_fc12c10542f5d13dd40c::p0001-p0003,utt_fc12c10542f5d13dd40c::p0001-p0003,c6cfc7798d3cf439b52278dd554456a0adf87d120ce09dee437bbccdafb2822f,c6cfc7798d3cf439b52278dd554456a0adf87d120ce09dee437bbccdafb2822f,139,139
21735,utt_fc12c10542f5d13dd40c::p0004-p0006,utt_fc12c10542f5d13dd40c::p0004-p0006,ee234a548578ea6946c556e4cda2323f4ad3b812294076bbc02ba4f8d5cbb2c7,ee234a548578ea6946c556e4cda2323f4ad3b812294076bbc02ba4f8d5cbb2c7,106,106
21735,utt_fc12c10542f5d13dd40c::p0007,utt_fc12c10542f5d13dd40c::p0007,ab67f8232630df76a0cf72a5252d32ca2f5561a1017e8f5954582fa929d8f51f,ab67f8232630df76a0cf72a5252d32ca2f5561a1017e8f5954582fa929d8f51f,63,63
21735,utt_e99e2a4e5e7dcda3518c::p0001-p0003,utt_e99e2a4e5e7dcda3518c::p0001-p0003,c637e9228f94f71af63fdb600a37883523db0ab1a5ce10d925c67b10e0ec098f,c637e9228f94f71af63fdb600a37883523db0ab1a5ce10d925c67b10e0ec098f,101,101
21735,utt_8d59440153b4b5b17603::p0001-p0002,utt_8d59440153b4b5b17603::p0001-p0002,06dd799617816ee2410e478d0179c482a41e27670f0872022fee3992196733de,06dd799617816ee2410e478d0179c482a41e27670f0872022fee3992196733de,125,125
21735,utt_8d59440153b4b5b17603::p0003-p0004,utt_8d59440153b4b5b17603::p0003-p0004,9fab3177463480611f522448fdfc415b4ee48c072ad138dac44e229ab3d8031d,9fab3177463480611f522448fdfc415b4ee48c072ad138dac44e229ab3d8031d,142,142
21735,utt_8d59440153b4b5b17603::p0005-p0007,utt_8d59440153b4b5b17603::p0005-p0007,db4b8537af41fe02fc7b4b851478b507892329fdd1302c5424cfaa36f3c46429,db4b8537af41fe02fc7b4b851478b507892329fdd1302c5424cfaa36f3c46429,115,115
21735,utt_8d59440153b4b5b17603::p0008-p0009,utt_8d59440153b4b5b17603::p0008-p0009,f63d8f4294e2d5667e63978950b1a01070ff464f4b29b561cdf8ad9e72c21f6a,f63d8f4294e2d5667e63978950b1a01070ff464f4b29b561cdf8ad9e72c21f6a,56,56
21735,utt_5bd74a7581280a095cd1::p0001,utt_5bd74a7581280a095cd1::p0001,3464b789f0768e81d6fbbace437743634d75140d3ffecb01ae7438078109b8cc,3464b789f0768e81d6fbbace437743634d75140d3ffecb01ae7438078109b8cc,56,56
21735,utt_5bd74a7581280a095cd1::p0002,utt_5bd74a7581280a095cd1::p0002,0a4f6b6ff4ef6b76d15cfe249e757c306037446fe067a1c0eaa489fef78fd9ee,0a4f6b6ff4ef6b76d15cfe249e757c306037446fe067a1c0eaa489fef78fd9ee,71,71
21735,utt_5bd74a7581280a095cd1::p0003,utt_5bd74a7581280a095cd1::p0003,1a496cf2a90d36aeae4edf4519e6e8433a1ff7fb1257a7d8c4dedcbb30fed698,1a496cf2a90d36aeae4edf4519e6e8433a1ff7fb1257a7d8c4dedcbb30fed698,77,77
21735,utt_5bd74a7581280a095cd1::p0004-p0005,utt_5bd74a7581280a095cd1::p0004-p0005,ce7f060ac4971bbda3fe42f6f578ddf4c26177e9085f780c99fb8c91bfc3a5d9,ce7f060ac4971bbda3fe42f6f578ddf4c26177e9085f780c99fb8c91bfc3a5d9,86,86
21735,utt_5bd74a7581280a095cd1::p0006,utt_5bd74a7581280a095cd1::p0006,90a990f53b66475364b88431a40f684868d777800a746f7e1530e44cd9764184,90a990f53b66475364b88431a40f684868d777800a746f7e1530e44cd9764184,62,62
21735,utt_08cadf20f6dc43d132ac::p0001-p0002,utt_08cadf20f6dc43d132ac::p0001-p0002,4c0a923e97e56ee9fc3d2c80f314f40fe9780b1ac847ce33913c626bd97e303b,4c0a923e97e56ee9fc3d2c80f314f40fe9780b1ac847ce33913c626bd97e303b,27,27
21735,utt_3385f450e36986466698::p0001-p0002,utt_3385f450e36986466698::p0001-p0002,14ce197f8e2ee2336a5d2b83501b0db2c78cc1baeaad2ddd36bc9bf04533dfcb,14ce197f8e2ee2336a5d2b83501b0db2c78cc1baeaad2ddd36bc9bf04533dfcb,90,90
21735,utt_3385f450e36986466698::p0003-p0004,utt_3385f450e36986466698::p0003-p0004,4cfcdca0b1f6a15fc448521142042f2e000b529822f245c3ef4c87aa3fc21873,4cfcdca0b1f6a15fc448521142042f2e000b529822f245c3ef4c87aa3fc21873,91,91
21735,utt_3385f450e36986466698::p0005-p0006,utt_3385f450e36986466698::p0005-p0006,bc40550c308e7fac19d2ed046a39b46b686a30c372a7415b28e3cec4601c1e42,bc40550c308e7fac19d2ed046a39b46b686a30c372a7415b28e3cec4601c1e42,113,113
21735,utt_3385f450e36986466698::p0007-p0008,utt_3385f450e36986466698::p0007-p0008,5c8be768a139c59771f511922a5dee270195d30ad1dcac52afe589d778afeefc,5c8be768a139c59771f511922a5dee270195d30ad1dcac52afe589d778afeefc,144,144
21735,utt_3385f450e36986466698::p0009-p0010,utt_3385f450e36986466698::p0009-p0010,aca23e2790924df04c425f9d51b6837859cebb9cdffaa2fe056a15e57abcc35b,aca23e2790924df04c425f9d51b6837859cebb9cdffaa2fe056a15e57abcc35b,52,52
21735,utt_30f7e40502ee9da2818b::p0001,utt_30f7e40502ee9da2818b::p0001,d5768de7d63b74df2830c409e3b55fe7ba1d7d0e7a259a71e8472de98084e858,d5768de7d63b74df2830c409e3b55fe7ba1d7d0e7a259a71e8472de98084e858,53,53
21735,utt_30f7e40502ee9da2818b::p0002,utt_30f7e40502ee9da2818b::p0002,7db74fb406db10406e0ab935973a52590c2ffdcf352b00b76d538de3b90a74bf,7db74fb406db10406e0ab935973a52590c2ffdcf352b00b76d538de3b90a74bf,61,61
21735,utt_30f7e40502ee9da2818b::p0003-p0004,utt_30f7e40502ee9da2818b::p0003-p0004,dcc79f32e07e567167e3b3fd7e23fa87b10fc96998c53f5408f9e49dff28e255,dcc79f32e07e567167e3b3fd7e23fa87b10fc96998c53f5408f9e49dff28e255,137,137
21735,utt_30f7e40502ee9da2818b::p0005,utt_30f7e40502ee9da2818b::p0005,a339f8bbac905cd175b3cb31068c49760be15fa1ff64b986557a8e41d80a5feb,a339f8bbac905cd175b3cb31068c49760be15fa1ff64b986557a8e41d80a5feb,69,69
21735,utt_30f7e40502ee9da2818b::p0006-p0010,utt_30f7e40502ee9da2818b::p0006-p0010,bc9382a50a7d583fe260f9305a6d824b437b86ac6f7cba53f5538532fae5cc10,bc9382a50a7d583fe260f9305a6d824b437b86ac6f7cba53f5538532fae5cc10,106,106
21735,utt_76f5ff612afd546385ca::p0001,utt_76f5ff612afd546385ca::p0001,1fd90f0d52fb1e271b9954ea1197196718749888ee3c8f6ddbbf59c455328b23,1fd90f0d52fb1e271b9954ea1197196718749888ee3c8f6ddbbf59c455328b23,55,55
21735,utt_76f5ff612afd546385ca::p0002-p0003,utt_76f5ff612afd546385ca::p0002-p0003,e665b9771f0950e4f1be211794c8b883e8d78af73db2988ff92a92fc5876631c,e665b9771f0950e4f1be211794c8b883e8d78af73db2988ff92a92fc5876631c,91,91
21735,utt_76f5ff612afd546385ca::p0004s001,utt_76f5ff612afd546385ca::p0004s001,64e72f5a57dbfb02a0899b64bf8b8288b9fd44626fd7bf618c3cced616fd9d4b,64e72f5a57dbfb02a0899b64bf8b8288b9fd44626fd7bf618c3cced616fd9d4b,103,103
21735,utt_76f5ff612afd546385ca::p0004s002-p0006,utt_76f5ff612afd546385ca::p0004s002-p0006,10cf452aea71aa58185e66438e0c84bf670a01a74b8547ad7d2fecbc5bf18fe0,10cf452aea71aa58185e66438e0c84bf670a01a74b8547ad7d2fecbc5bf18fe0,125,125
21735,utt_277ca3b81815e159cde2::p0001-p0002,utt_277ca3b81815e159cde2::p0001-p0002,cbd62373bd8728f93d8fa0ea7c9256f5319f448ad57eb0fa46cfb41ca54eddd5,cbd62373bd8728f93d8fa0ea7c9256f5319f448ad57eb0fa46cfb41ca54eddd5,131,131
21735,utt_277ca3b81815e159cde2::p0003-p0005,utt_277ca3b81815e159cde2::p0003-p0005,3306a593172301dbc98f8e58922a09082f58466b3d4e16283389399f80bf5212,3306a593172301dbc98f8e58922a09082f58466b3d4e16283389399f80bf5212,128,128
21735,utt_277ca3b81815e159cde2::p0006-p0008,utt_277ca3b81815e159cde2::p0006-p0008,e6d32572269d93bc3c7cd9304c88dc2eae59a6816c43c59a4e6a4eeed3671382,e6d32572269d93bc3c7cd9304c88dc2eae59a6816c43c59a4e6a4eeed3671382,87,87
21735,utt_277ca3b81815e159cde2::p0009-p0010,utt_277ca3b81815e159cde2::p0009-p0010,726377290aaf9731bfb3ff03bee4ca1232899d536ca3cfe9298076f65cb8cdad,726377290aaf9731bfb3ff03bee4ca1232899d536ca3cfe9298076f65cb8cdad,86,86
21735,utt_c804f312503da5f63110::p0001,utt_c804f312503da5f63110::p0001,f0684f77af99b80a6d75c02aca34807e5112b419bbae53800311299707894c20,f0684f77af99b80a6d75c02aca34807e5112b419bbae53800311299707894c20,77,77
21735,utt_6618407d8b000cc9ea67::p0001-p0002,utt_6618407d8b000cc9ea67::p0001-p0002,68680ce2b89a2b428e8e7afa7b77e3a746a177db792e9cce881f99e174851400,68680ce2b89a2b428e8e7afa7b77e3a746a177db792e9cce881f99e174851400,24,24
21735,utt_e2273cba4ae5a855e141::p0001,utt_e2273cba4ae5a855e141::p0001,303e0f53ea0f4281111311644596a3f2cca1c8b9c7741e689c29bbdf17cdd215,303e0f53ea0f4281111311644596a3f2cca1c8b9c7741e689c29bbdf17cdd215,23,23
21735,utt_2f9247b21b122d1b0b1f::p0001,utt_2f9247b21b122d1b0b1f::p0001,9302b85845030a8f93718f2ae47ef5d5adf5d1c427a5bc1df5e5356fcd5fb7c5,9302b85845030a8f93718f2ae47ef5d5adf5d1c427a5bc1df5e5356fcd5fb7c5,6,6
21735,utt_45da1b7db588359971a9::p0001-p0005,utt_45da1b7db588359971a9::p0001-p0005,98745e6fcac997e1f01e2a144794670078913a391192a783ab63e6f67909290c,98745e6fcac997e1f01e2a144794670078913a391192a783ab63e6f67909290c,132,132
21735,utt_45da1b7db588359971a9::p0006,utt_45da1b7db588359971a9::p0006,198cd5b28709a06054c4a9507130fec7bc69a514727f357558a43bf2a85a6bfb,198cd5b28709a06054c4a9507130fec7bc69a514727f357558a43bf2a85a6bfb,85,85
21735,utt_45da1b7db588359971a9::p0007,utt_45da1b7db588359971a9::p0007,5cefada7d195e531efabfe21a56d882ddf5d12eee8abd7ac5fc112c4dcac035f,5cefada7d195e531efabfe21a56d882ddf5d12eee8abd7ac5fc112c4dcac035f,68,68
21735,utt_45da1b7db588359971a9::p0008-p0009,utt_45da1b7db588359971a9::p0008-p0009,e8768ae50cecee8194c399d19ee2016e71d3e615fc6b04901869bfd0f0a9086c,e8768ae50cecee8194c399d19ee2016e71d3e615fc6b04901869bfd0f0a9086c,75,75
21735,utt_45da1b7db588359971a9::p0010-p0013,utt_45da1b7db588359971a9::p0010-p0014,b6e8a60074f39ffee11c68227a26226f72da24e9294b94821ed3239a9d7e5dce,11a6dae60a6c05d253c48154682b33ad4ca989f46e41dc708d6c1e645ac0d1b1,150,152
21735,utt_e0a9cb80772b42be5407::p0001,utt_e0a9cb80772b42be5407::p0001,ad650f527679b622997fe1fb34c12a0a648c8444c0bf37094fd984d11e9c6ccf,ad650f527679b622997fe1fb34c12a0a648c8444c0bf37094fd984d11e9c6ccf,40,40
21735,utt_44812b48593e590c2b3e::p0001-p0003,utt_44812b48593e590c2b3e::p0001-p0003,bec407626337b161856c9964e7a649404b6660d47307e6eb7d97b90dc370d342,bec407626337b161856c9964e7a649404b6660d47307e6eb7d97b90dc370d342,120,120
21735,utt_44812b48593e590c2b3e::p0004-p0005,utt_44812b48593e590c2b3e::p0004-p0005,d45debb85420767d898282909caed7ea4ef907b9260c10bf07d5e4a789672734,d45debb85420767d898282909caed7ea4ef907b9260c10bf07d5e4a789672734,149,149
21735,utt_44812b48593e590c2b3e::p0006-p0008,utt_44812b48593e590c2b3e::p0006-p0008,b49d14476f1d26094e7b2e6b198d48be6a86eb94728efc1e2969f609c783836a,b49d14476f1d26094e7b2e6b198d48be6a86eb94728efc1e2969f609c783836a,149,149
21735,utt_44812b48593e590c2b3e::p0009-p0010,utt_44812b48593e590c2b3e::p0009-p0010,6eeba638c00311415e20dbcbeb4e8fc529b8f73bd0dff9d26ac3ac96e96c5bc8,6eeba638c00311415e20dbcbeb4e8fc529b8f73bd0dff9d26ac3ac96e96c5bc8,102,102
21735,utt_16c2c8a54ed91c7565d5::p0001-p0002,utt_16c2c8a54ed91c7565d5::p0001-p0002,bffcc5e9777110874c9a9a1f28801863c998cb3815417e999b0a12e231da988c,bffcc5e9777110874c9a9a1f28801863c998cb3815417e999b0a12e231da988c,143,143
21735,utt_16c2c8a54ed91c7565d5::p0003-p0004,utt_16c2c8a54ed91c7565d5::p0003-p0004,5b7319cdc08bb119bf7cffb46bf8d1e68ab8310eb23e358f8596de5f6da5db72,5b7319cdc08bb119bf7cffb46bf8d1e68ab8310eb23e358f8596de5f6da5db72,73,73
21735,utt_16c2c8a54ed91c7565d5::p0005-p0006,utt_16c2c8a54ed91c7565d5::p0005-p0006,ef2d87262de422f6ed5527406f7d7fc6750cadcb7620bededf924166e06c10e0,ef2d87262de422f6ed5527406f7d7fc6750cadcb7620bededf924166e06c10e0,128,128
21735,utt_16c2c8a54ed91c7565d5::p0007-p0010,utt_16c2c8a54ed91c7565d5::p0007-p0010,dd325ab9e902be6a4cfbdb670f8ddd54fc280d91aff4d83823e3ff415ce2aba6,dd325ab9e902be6a4cfbdb670f8ddd54fc280d91aff4d83823e3ff415ce2aba6,89,89
21735,utt_d39292298cad6a8dd006::p0001-p0003,utt_d39292298cad6a8dd006::p0001-p0003,059e4e7f28e08325f35f36f6eedb2a8a6fefc901029f86a5e7c5f6eab5b7c9f9,059e4e7f28e08325f35f36f6eedb2a8a6fefc901029f86a5e7c5f6eab5b7c9f9,113,113
21735,utt_d39292298cad6a8dd006::p0004-p0005,utt_d39292298cad6a8dd006::p0004-p0005,9dfa6fa409d85f594d6ef8653e0e1537fb1ba5d148942bc6e321ed03a82b5cba,9dfa6fa409d85f594d6ef8653e0e1537fb1ba5d148942bc6e321ed03a82b5cba,102,102
21735,utt_d39292298cad6a8dd006::p0006,utt_d39292298cad6a8dd006::p0006,0c1c834bfd861f4a54d41f52024dc5a44b5168e9778c0192b5f73e4b260d0f68,0c1c834bfd861f4a54d41f52024dc5a44b5168e9778c0192b5f73e4b260d0f68,51,51
21735,utt_d39292298cad6a8dd006::p0007-p0008,utt_d39292298cad6a8dd006::p0007-p0008,92ad050baabeb1fd142c08e459d48325bb0d2b05f888693c89e83cb1319ff4fd,92ad050baabeb1fd142c08e459d48325bb0d2b05f888693c89e83cb1319ff4fd,123,123
21735,utt_d39292298cad6a8dd006::p0009-p0013,utt_d39292298cad6a8dd006::p0009-p0013,766fe87e1cf36ed55f6d933c0e2fce1b566281fd9c3b5c512017ad3ea5348108,766fe87e1cf36ed55f6d933c0e2fce1b566281fd9c3b5c512017ad3ea5348108,116,116
21735,utt_1432e6dc5c2d0846a5a6::p0001-p0002,utt_1432e6dc5c2d0846a5a6::p0001-p0002,c2f402106c60dd797b8429c01b232aeae4ff793c90acd433b4a455ea50e9244d,c2f402106c60dd797b8429c01b232aeae4ff793c90acd433b4a455ea50e9244d,18,18
21735,utt_66de3be2334a2c69d13e::p0001-p0002,utt_66de3be2334a2c69d13e::p0001-p0002,2241e1a2678017b7fe2894f3ded9a6fbd453fa8194bfcdd7b447865a8f446153,2241e1a2678017b7fe2894f3ded9a6fbd453fa8194bfcdd7b447865a8f446153,126,126
21735,utt_66de3be2334a2c69d13e::p0003-p0004,utt_66de3be2334a2c69d13e::p0003-p0004,6d7eaacd8ed9971c89b30677347ce48bbb9c3bb6156f87d4efab24bf5547824c,6d7eaacd8ed9971c89b30677347ce48bbb9c3bb6156f87d4efab24bf5547824c,96,96
21735,utt_66de3be2334a2c69d13e::p0005-p0007,utt_66de3be2334a2c69d13e::p0005-p0007,10a2a6e0e33f6830163465756748163703ee406f2985b7fecd3fb78b65edcd5a,10a2a6e0e33f6830163465756748163703ee406f2985b7fecd3fb78b65edcd5a,107,107
21735,utt_66de3be2334a2c69d13e::p0008-p0011,utt_66de3be2334a2c69d13e::p0008-p0011,87c690fcdb9c52aa4fb07c400843e4c933b5e86052009122a3ee95c8adccd909,87c690fcdb9c52aa4fb07c400843e4c933b5e86052009122a3ee95c8adccd909,114,114
21735,utt_0797cfa558c5307017c6::p0001,utt_0797cfa558c5307017c6::p0001,632f841fd2dab4fab0b6aa274f666e56fed9e68de819fbfaee666ea8012cd727,632f841fd2dab4fab0b6aa274f666e56fed9e68de819fbfaee666ea8012cd727,34,34
21735,utt_70839625ed66cdb9fa16::p0001-p0002,utt_70839625ed66cdb9fa16::p0001-p0002,d50c5ce4d91d47588ecf0d7f8f4262ea67863b71e304989110a5b3b216c95208,d50c5ce4d91d47588ecf0d7f8f4262ea67863b71e304989110a5b3b216c95208,88,88
21735,utt_70839625ed66cdb9fa16::p0003,utt_70839625ed66cdb9fa16::p0003,90497ba7e46223f06f9f96b7261cdd37c35c625434b4675bf9234b6fd23afc65,90497ba7e46223f06f9f96b7261cdd37c35c625434b4675bf9234b6fd23afc65,68,68
21735,utt_70839625ed66cdb9fa16::p0004,utt_70839625ed66cdb9fa16::p0004,36908f18886850ba9d1f0f2cb40c9f061b9877478f9cde55450d787167492b90,36908f18886850ba9d1f0f2cb40c9f061b9877478f9cde55450d787167492b90,90,90
21735,utt_70839625ed66cdb9fa16::p0005-p0006,utt_70839625ed66cdb9fa16::p0005-p0006,fd3be6dbecdefea6cc4d71d298189d7ada49ace5cf973e85ebd01af979b990d5,fd3be6dbecdefea6cc4d71d298189d7ada49ace5cf973e85ebd01af979b990d5,80,80
21735,utt_70839625ed66cdb9fa16::p0007,utt_70839625ed66cdb9fa16::p0007,2f07ab301cc0064ed063d14da56aead0fd8721051c7cc63b591a4f3e40a25099,2f07ab301cc0064ed063d14da56aead0fd8721051c7cc63b591a4f3e40a25099,50,50
21735,utt_70839625ed66cdb9fa16::p0008-p0010,utt_70839625ed66cdb9fa16::p0008-p0010,be4f19d06b8df2ec648288f2b6ae90e6a40feccbe2de74e7822c6c60e9fd117b,be4f19d06b8df2ec648288f2b6ae90e6a40feccbe2de74e7822c6c60e9fd117b,130,130
21735,utt_70839625ed66cdb9fa16::p0011-p0014,utt_70839625ed66cdb9fa16::p0011-p0014,c63d7d1533a32c3f93e5818663d8e4ad8ab634c3784cd5612ecc0f0653a5218f,c63d7d1533a32c3f93e5818663d8e4ad8ab634c3784cd5612ecc0f0653a5218f,75,75
21735,utt_33ca16adf97ab8b8a383::p0001,utt_33ca16adf97ab8b8a383::p0001,3f4425e9aaf57f9390632afe8cc478df3cf71c9593d57f274f7c9ae12e64ebfe,3f4425e9aaf57f9390632afe8cc478df3cf71c9593d57f274f7c9ae12e64ebfe,67,67
21735,utt_33ca16adf97ab8b8a383::p0002,utt_33ca16adf97ab8b8a383::p0002,c995bdc6cacedd6e6e32ab388b7333bb0b34779336b08a22a47a54471040f225,c995bdc6cacedd6e6e32ab388b7333bb0b34779336b08a22a47a54471040f225,73,73
21735,utt_33ca16adf97ab8b8a383::p0003-p0005,utt_33ca16adf97ab8b8a383::p0003-p0005,72b51ebc232593358318aecc0c94777a96d128cbdc1acf35faa2a0ab3bcc6b1f,72b51ebc232593358318aecc0c94777a96d128cbdc1acf35faa2a0ab3bcc6b1f,141,141
21735,utt_33ca16adf97ab8b8a383::p0006-p0009,utt_33ca16adf97ab8b8a383::p0006-p0009,813795ac3f95c7c2c116684aca1a8354c80e24ea015b0691601cbe09da110ad8,813795ac3f95c7c2c116684aca1a8354c80e24ea015b0691601cbe09da110ad8,135,135
21735,utt_33ca16adf97ab8b8a383::p0010-p0013,utt_33ca16adf97ab8b8a383::p0010-p0013,d1804294f75683ccbc555e6fa7fe9bbb840ab6575f57b6b9763657d798247361,d1804294f75683ccbc555e6fa7fe9bbb840ab6575f57b6b9763657d798247361,131,131
21735,utt_81d5291012367f3d9d88::p0001-p0005,utt_81d5291012367f3d9d88::p0001-p0005,5a9e62f82b170735c50467ed623017a5a96c0a7d8ad0f9e068838117a5d9dfc6,5a9e62f82b170735c50467ed623017a5a96c0a7d8ad0f9e068838117a5d9dfc6,95,95
21735,utt_726864557010c27d20da::p0001-p0002,utt_726864557010c27d20da::p0001-p0002,58d85c5a9fd5b1df07ec680d42af26c7914763647f425b16b3ef253ea94864e0,58d85c5a9fd5b1df07ec680d42af26c7914763647f425b16b3ef253ea94864e0,15,15
21735,utt_9d98eb527f4092762de6::p0001-p0004,utt_9d98eb527f4092762de6::p0001-p0004,3c3becec12f58fdba6e862256e62461119e5c4415b480f8150b0c3e267b9000b,3c3becec12f58fdba6e862256e62461119e5c4415b480f8150b0c3e267b9000b,46,46
21735,utt_bdcbc92974115342d589::p0001-p0002,utt_bdcbc92974115342d589::p0001-p0002,dd04f2e3bcaea8ee75d26ba6271750aa30974a13683faeb5048b80ae0e64f0a4,dd04f2e3bcaea8ee75d26ba6271750aa30974a13683faeb5048b80ae0e64f0a4,70,70
21735,utt_bdcbc92974115342d589::p0003-p0006,utt_bdcbc92974115342d589::p0003-p0006,efc73ad72c5000b4a1a221c17efca030b83efb7cd33555e116a6c9a4886f2a35,efc73ad72c5000b4a1a221c17efca030b83efb7cd33555e116a6c9a4886f2a35,124,124
21735,utt_bdcbc92974115342d589::p0007-p0008,utt_bdcbc92974115342d589::p0007-p0008,a9ece98a5fb036aed812c3ca6a515eaecfa48e106e0b2357c66355194d833444,a9ece98a5fb036aed812c3ca6a515eaecfa48e106e0b2357c66355194d833444,110,110
21735,utt_bdcbc92974115342d589::p0009-p0010,utt_bdcbc92974115342d589::p0009-p0010,b90dc5947029da19785373ca435f276b1a7d944d2bc2e5c010f956bf94de8dbf,b90dc5947029da19785373ca435f276b1a7d944d2bc2e5c010f956bf94de8dbf,126,126
21735,utt_bdcbc92974115342d589::p0011-p0014,utt_bdcbc92974115342d589::p0011-p0014,9c402e9a1541b3dd079f5f0bfdabab5b0b61b72cda2ae0e16a35d104db3be7e9,9c402e9a1541b3dd079f5f0bfdabab5b0b61b72cda2ae0e16a35d104db3be7e9,108,108
21735,utt_c05f8f8552140d609d43::p0001,utt_c05f8f8552140d609d43::p0001,6f09e02d9fa72edd29ba2d94a1b64247d24f660b752b7e0425e3353b99b21ccd,6f09e02d9fa72edd29ba2d94a1b64247d24f660b752b7e0425e3353b99b21ccd,58,58
21735,utt_c05f8f8552140d609d43::p0002-p0003,utt_c05f8f8552140d609d43::p0002-p0003,84b546294d706730f54cae116db0223f2b1971787e5b3af0a7049865a60fbe74,84b546294d706730f54cae116db0223f2b1971787e5b3af0a7049865a60fbe74,85,85
21735,utt_c05f8f8552140d609d43::p0004-p0005,utt_c05f8f8552140d609d43::p0004-p0005,6102f1b25e7dd61a48d9d70bb1b7e74fc9a54046832665f07c6ebf0c98390f04,6102f1b25e7dd61a48d9d70bb1b7e74fc9a54046832665f07c6ebf0c98390f04,89,89
21735,utt_c05f8f8552140d609d43::p0006,utt_c05f8f8552140d609d43::p0006,d412273266e0afaa7f3388afe6586561206ab45ab1adc4c1028b3520f9058209,d412273266e0afaa7f3388afe6586561206ab45ab1adc4c1028b3520f9058209,59,59
21735,utt_c05f8f8552140d609d43::p0007-p0008,utt_c05f8f8552140d609d43::p0007-p0008,f24c5cf1fcad4e0cbaa42ad19246836e0e94ff63f12ddd0b268a9b3a012606e8,f24c5cf1fcad4e0cbaa42ad19246836e0e94ff63f12ddd0b268a9b3a012606e8,94,94
21735,utt_c05f8f8552140d609d43::p0009-p0010,utt_c05f8f8552140d609d43::p0009-p0010,485b229c12597a53c367658d7430465c752bbaa9316958dc8c539e41bb215ffa,485b229c12597a53c367658d7430465c752bbaa9316958dc8c539e41bb215ffa,112,112
21735,utt_98fb9e5f65432ceda66b::p0001-p0003,utt_98fb9e5f65432ceda66b::p0001-p0003,864af11ab5e7030dc3352167c49f93e5d1ba5e9b770265b9e904b265c5ec0e92,864af11ab5e7030dc3352167c49f93e5d1ba5e9b770265b9e904b265c5ec0e92,137,137
21735,utt_98fb9e5f65432ceda66b::p0004-p0006,utt_98fb9e5f65432ceda66b::p0004-p0006,c430227c3f221c0cd4b5df30f47217c31d6eabed3bf4153eaeecd3e9cf7cdac2,c430227c3f221c0cd4b5df30f47217c31d6eabed3bf4153eaeecd3e9cf7cdac2,127,127
21735,utt_98fb9e5f65432ceda66b::p0007-p0008,utt_98fb9e5f65432ceda66b::p0007-p0008,729fe7f0e002e9f389f13861b83c218ce6f62ff684505e1f2c51cd4824244980,729fe7f0e002e9f389f13861b83c218ce6f62ff684505e1f2c51cd4824244980,58,58
21735,utt_9baa94b96f134231c666::p0001-p0002,utt_9baa94b96f134231c666::p0001-p0002,518b94d6ed954120e93357ed82100bf461d10750efecf6ffba1b0f95d1d18bad,518b94d6ed954120e93357ed82100bf461d10750efecf6ffba1b0f95d1d18bad,83,83
21735,utt_9baa94b96f134231c666::p0003-p0004,utt_9baa94b96f134231c666::p0003-p0004,5e0549525890ca477b0659c2858e932430304b18873478a10005d475f581da9e,5e0549525890ca477b0659c2858e932430304b18873478a10005d475f581da9e,115,115
21735,utt_9baa94b96f134231c666::p0005,utt_9baa94b96f134231c666::p0005,51a7805c14a6e097cc2c1b5015ca54eee3a1ae91d61a1edc0bee2d34968b41ae,51a7805c14a6e097cc2c1b5015ca54eee3a1ae91d61a1edc0bee2d34968b41ae,61,61
21735,utt_9baa94b96f134231c666::p0006,utt_9baa94b96f134231c666::p0006,347a075850b50d1ec54e2d97963f870bea9acae3850d245b30babf3778a8fd14,347a075850b50d1ec54e2d97963f870bea9acae3850d245b30babf3778a8fd14,51,51
21735,utt_9baa94b96f134231c666::p0007-p0009,utt_9baa94b96f134231c666::p0007-p0011,d7f47010bfffdfe801415657021a2755a6568148911411b5fdcdba9069717db5,3e0f2d1c8f6bf2a94f3b2c9da77f27a1163ca826b4cd9f0cbdceb8c72b154311,146,163
21735,utt_9baa94b96f134231c666::p0010-p0011,utt_9baa94b96f134231c666::p0007-p0011,852fd5724f5de4cfa13de85147734fe39ec03a6f76fa4d1fcc913fae622e4182,3e0f2d1c8f6bf2a94f3b2c9da77f27a1163ca826b4cd9f0cbdceb8c72b154311,17,163
21735,utt_ad0a4beecf5a92fed946::p0001-p0002,utt_ad0a4beecf5a92fed946::p0001-p0002,81068b7df684ce0ce4758d99b2af417ba03409f224845e169ab8a1ed08170b39,81068b7df684ce0ce4758d99b2af417ba03409f224845e169ab8a1ed08170b39,12,12
21735,utt_dba37fe54bad690fb39b::p0001-p0004,utt_dba37fe54bad690fb39b::p0001-p0004,9559cad13dcfa0986167566634c04d8a412a64f6279e97f73bc796a56b1bf6c7,9559cad13dcfa0986167566634c04d8a412a64f6279e97f73bc796a56b1bf6c7,22,22
21735,utt_ed1535270b16f82b7aac::p0001-p0002,utt_ed1535270b16f82b7aac::p0001-p0002,c72762b348b5a79ce120606bf913f3e56cce1905b24b00722659753abc455411,c72762b348b5a79ce120606bf913f3e56cce1905b24b00722659753abc455411,38,38
21735,utt_09dd7f573a6d66a94a08::p0001,utt_09dd7f573a6d66a94a08::p0001,408f7c25eff6eeffd5ac93713473c3cd3b1da7b9fdf0ca09fa33b074a0dc2b07,408f7c25eff6eeffd5ac93713473c3cd3b1da7b9fdf0ca09fa33b074a0dc2b07,113,113
21735,utt_09dd7f573a6d66a94a08::p0002,utt_09dd7f573a6d66a94a08::p0002,51c9bbcabab3494a21ac4453bd849335f06d593befb7ed69d70cff8f130f0d98,51c9bbcabab3494a21ac4453bd849335f06d593befb7ed69d70cff8f130f0d98,62,62
21735,utt_09dd7f573a6d66a94a08::p0003,utt_09dd7f573a6d66a94a08::p0003,beadd92c54859d878a41ae1116259d9eac8ed41b03923acf904b9a2b58c314f7,beadd92c54859d878a41ae1116259d9eac8ed41b03923acf904b9a2b58c314f7,62,62
21735,utt_09dd7f573a6d66a94a08::p0004,utt_09dd7f573a6d66a94a08::p0004,9cd0558e9e6e80cf22628b3a45d8053b1cbcfeb11a2e47ec8f5bb20096486dea,9cd0558e9e6e80cf22628b3a45d8053b1cbcfeb11a2e47ec8f5bb20096486dea,92,92
21735,utt_09dd7f573a6d66a94a08::p0005,utt_09dd7f573a6d66a94a08::p0005,798c98f68c4860733e16040d6421bef51595e101c009663281802f54767f57a0,798c98f68c4860733e16040d6421bef51595e101c009663281802f54767f57a0,64,64
21735,utt_09dd7f573a6d66a94a08::p0006-p0008,utt_09dd7f573a6d66a94a08::p0006-p0008,8954f2e9611275d2f90c82fd614887c824ccc46518085bcbdbdae242352e8413,8954f2e9611275d2f90c82fd614887c824ccc46518085bcbdbdae242352e8413,112,112
21735,utt_09dd7f573a6d66a94a08::p0009,utt_09dd7f573a6d66a94a08::p0009,f6019c94d1d9b839ca96e279e963299aeb85ddcaf1965fda8e7b59d748723bed,f6019c94d1d9b839ca96e279e963299aeb85ddcaf1965fda8e7b59d748723bed,85,85
21735,utt_675e600283f378cf65c4::p0001-p0003,utt_675e600283f378cf65c4::p0001-p0003,f1771bcb81e08eb835d6394bf1fd003e0d6d96baa32e2f07efbc34862ed37026,f1771bcb81e08eb835d6394bf1fd003e0d6d96baa32e2f07efbc34862ed37026,130,130
21735,utt_675e600283f378cf65c4::p0004-p0005,utt_675e600283f378cf65c4::p0004-p0005,126ccca32f7aecffadd58ab911822a6b8099ea0619f74d719b98b459ec1ca21a,126ccca32f7aecffadd58ab911822a6b8099ea0619f74d719b98b459ec1ca21a,145,145
21735,utt_675e600283f378cf65c4::p0006-p0009,utt_675e600283f378cf65c4::p0006-p0009,7bbcd230237f361d8170cd06e3e4b6c47fdfb57b99c57ef7778d7e57fe88f2a7,7bbcd230237f361d8170cd06e3e4b6c47fdfb57b99c57ef7778d7e57fe88f2a7,60,60
21735,utt_0919381d2a1336766edf::p0001-p0004,utt_0919381d2a1336766edf::p0001-p0004,6f9cb46586fef2803a4c1db45d93f2edcd7ec8475537fcff4af6f1009d288762,6f9cb46586fef2803a4c1db45d93f2edcd7ec8475537fcff4af6f1009d288762,80,80
21735,utt_562c1053f0d30cb74fda::p0001-p0002,utt_562c1053f0d30cb74fda::p0001-p0002,f2416e05e4e53494153534e093196b927d844e92721971d72ff5dbd6ef24e73c,f2416e05e4e53494153534e093196b927d844e92721971d72ff5dbd6ef24e73c,87,87
21735,utt_562c1053f0d30cb74fda::p0003,utt_562c1053f0d30cb74fda::p0003,9196771d02a119ebbfe2652fb8537d7db4fcc7d841dff848a6fe8df7e6214c6a,9196771d02a119ebbfe2652fb8537d7db4fcc7d841dff848a6fe8df7e6214c6a,59,59
21735,utt_562c1053f0d30cb74fda::p0004-p0005,utt_562c1053f0d30cb74fda::p0004-p0005,eb384c9c177c4ace3b051e74716e01409ff26e903d1e1e57e99c3e989e51a3b4,eb384c9c177c4ace3b051e74716e01409ff26e903d1e1e57e99c3e989e51a3b4,129,129
21735,utt_562c1053f0d30cb74fda::p0006,utt_562c1053f0d30cb74fda::p0006,236fa314bfa33a79be631cd1f21aa4d0cdbbd2fea4239e5233d4622331962ccc,236fa314bfa33a79be631cd1f21aa4d0cdbbd2fea4239e5233d4622331962ccc,56,56
21735,utt_562c1053f0d30cb74fda::p0007-p0011,utt_562c1053f0d30cb74fda::p0007-p0011,6dfef3f5a1f6bebe5cad8cb8f2d3b6b67a20274fe9c78eccd89c59ecdfea30bb,6dfef3f5a1f6bebe5cad8cb8f2d3b6b67a20274fe9c78eccd89c59ecdfea30bb,142,142
21735,utt_f57147f88515ba9b5922::p0001,utt_f57147f88515ba9b5922::p0001,72769c4dc5da97e7f46c27cabfb91718e44e46465cb66b5b2bcdf5306ae168d5,72769c4dc5da97e7f46c27cabfb91718e44e46465cb66b5b2bcdf5306ae168d5,114,114
21735,utt_f57147f88515ba9b5922::p0002-p0003,utt_f57147f88515ba9b5922::p0002-p0003,32df8e0ec3073b0184facb9373b1ce03bff4db891d137291d2628e388f20d5f6,32df8e0ec3073b0184facb9373b1ce03bff4db891d137291d2628e388f20d5f6,108,108
21735,utt_f57147f88515ba9b5922::p0004,utt_f57147f88515ba9b5922::p0004,18a94e7d2b05e6b840be9f22c8cbb3ce96db0cd2c0e1b1fe1827f637b46dafd0,18a94e7d2b05e6b840be9f22c8cbb3ce96db0cd2c0e1b1fe1827f637b46dafd0,59,59
21735,utt_f57147f88515ba9b5922::p0005-p0006,utt_f57147f88515ba9b5922::p0005-p0006,c163729582b60e124e582510ff7009a9fcccf381ef7a6867c599369aafaa15ed,c163729582b60e124e582510ff7009a9fcccf381ef7a6867c599369aafaa15ed,55,55
21735,utt_7e9f691ba253703caaef::p0001-p0003,utt_7e9f691ba253703caaef::p0001-p0003,9c28f289799b0e3fa95e1da3071e99bd2376f2d0c65bb894018bc2d752c552e6,9c28f289799b0e3fa95e1da3071e99bd2376f2d0c65bb894018bc2d752c552e6,123,123
21735,utt_7e9f691ba253703caaef::p0004-p0005,utt_7e9f691ba253703caaef::p0004-p0005,c7ec0a03d2deb08f9982322db9a6c94f84714757da8acc9faafa3f2e9ea8c32b,c7ec0a03d2deb08f9982322db9a6c94f84714757da8acc9faafa3f2e9ea8c32b,116,116
21735,utt_7e9f691ba253703caaef::p0006,utt_7e9f691ba253703caaef::p0006,5d7ac8b9af3f2ca7ed3156a5e34fb3e64a6e8b228da5248d5fc10d35a87db20a,5d7ac8b9af3f2ca7ed3156a5e34fb3e64a6e8b228da5248d5fc10d35a87db20a,82,82
21735,utt_7e9f691ba253703caaef::p0007-p0009,utt_7e9f691ba253703caaef::p0007-p0009,924089fb1f6ae0c19c3a5fa9daa2a1c4e72eb5538ee77319c3c1d2af51317876,924089fb1f6ae0c19c3a5fa9daa2a1c4e72eb5538ee77319c3c1d2af51317876,122,122
21735,utt_9a6c2f65e6b70f094db9::p0001,utt_9a6c2f65e6b70f094db9::p0001,8e3b594478c939e0bdec53d8e5193b610f900300581ab77b1b7da7ae8b3d4bba,8e3b594478c939e0bdec53d8e5193b610f900300581ab77b1b7da7ae8b3d4bba,102,102
21735,utt_9a6c2f65e6b70f094db9::p0002,utt_9a6c2f65e6b70f094db9::p0002,91f954763d3fa35cd88e44d3c865f80319c3d12dfc58988fb12e92358ea4a8ae,91f954763d3fa35cd88e44d3c865f80319c3d12dfc58988fb12e92358ea4a8ae,69,69
21735,utt_9a6c2f65e6b70f094db9::p0003,utt_9a6c2f65e6b70f094db9::p0003,4386fe418c0fe2726015bffdbf27c91f6a6ef9d6b0f3328a6ff977cda905745a,4386fe418c0fe2726015bffdbf27c91f6a6ef9d6b0f3328a6ff977cda905745a,86,86
21735,utt_9a6c2f65e6b70f094db9::p0004,utt_9a6c2f65e6b70f094db9::p0004,e08f15b9c75a1e5b7af3437fa999a53a8995516b7849c70349955032909b3be5,e08f15b9c75a1e5b7af3437fa999a53a8995516b7849c70349955032909b3be5,57,57
21735,utt_9a6c2f65e6b70f094db9::p0005,utt_9a6c2f65e6b70f094db9::p0005,12a0ae69affefd3bfb0d6eb4079e220a142739bb8362dd6c5b145e4603018076,12a0ae69affefd3bfb0d6eb4079e220a142739bb8362dd6c5b145e4603018076,60,60
21735,utt_9a6c2f65e6b70f094db9::p0006-p0008,utt_9a6c2f65e6b70f094db9::p0006-p0008,d7adf8f310f9905af31fbb6c62680e777a7cf2b14d518f6438db87f8108c352f,d7adf8f310f9905af31fbb6c62680e777a7cf2b14d518f6438db87f8108c352f,89,89
21735,utt_26a7e9c16a8e53f39e0f::p0001-p0005,utt_26a7e9c16a8e53f39e0f::p0001-p0005,ffd43ba30e31ee9d6da3593256841a7e6b8b7e2769f870e7bf11eaf061104e97,ffd43ba30e31ee9d6da3593256841a7e6b8b7e2769f870e7bf11eaf061104e97,150,150
21735,utt_26a7e9c16a8e53f39e0f::p0006-p0007,utt_26a7e9c16a8e53f39e0f::p0006-p0007,7b018cdbde8486c4a89997d21029f4442170b79aeeddd72cbd536e6f80300a9a,7b018cdbde8486c4a89997d21029f4442170b79aeeddd72cbd536e6f80300a9a,82,82
21735,utt_26a7e9c16a8e53f39e0f::p0008-p0009,utt_26a7e9c16a8e53f39e0f::p0008-p0009,d5b8f14a43d4a115f8c73c5a9b31aab826fc23d83b6ac2efc62c509f988ac544,d5b8f14a43d4a115f8c73c5a9b31aab826fc23d83b6ac2efc62c509f988ac544,106,106
21735,utt_26a7e9c16a8e53f39e0f::p0010,utt_26a7e9c16a8e53f39e0f::p0010,5dea6f38ff40399a35ec7cae10ebf884446035c15518b6fef122d46841624a8b,5dea6f38ff40399a35ec7cae10ebf884446035c15518b6fef122d46841624a8b,51,51
21735,utt_26a7e9c16a8e53f39e0f::p0011-p0012,utt_26a7e9c16a8e53f39e0f::p0011-p0012,2a1825152dce5215beeb14daed14e8fab6cac49db2fa07f66cdcc7d51e7cf293,2a1825152dce5215beeb14daed14e8fab6cac49db2fa07f66cdcc7d51e7cf293,55,55
21735,utt_a358e4f439971ac19b0f::p0001-p0003,utt_a358e4f439971ac19b0f::p0001-p0003,5354d44014c42a8e961761b68239310d02aecfaca61709126e112e2def37b2c6,5354d44014c42a8e961761b68239310d02aecfaca61709126e112e2def37b2c6,121,121
21735,utt_a358e4f439971ac19b0f::p0004-p0005,utt_a358e4f439971ac19b0f::p0004-p0005,6ce5c8b640e03af3f5a6c0fa239eb06b0a897bce26023f39af3277c4c568fc55,6ce5c8b640e03af3f5a6c0fa239eb06b0a897bce26023f39af3277c4c568fc55,106,106
21735,utt_a358e4f439971ac19b0f::p0006,utt_a358e4f439971ac19b0f::p0006,071b30d8ecf9a233caf518d5da8af43b7c045602d3f4901871cfdde6e899ce91,071b30d8ecf9a233caf518d5da8af43b7c045602d3f4901871cfdde6e899ce91,52,52
21735,utt_a358e4f439971ac19b0f::p0007,utt_a358e4f439971ac19b0f::p0007,b31dc8628ee6cabdb31c7ed4c6261259ac4c6ef93a959df7ef2c28399df56a2a,b31dc8628ee6cabdb31c7ed4c6261259ac4c6ef93a959df7ef2c28399df56a2a,63,63
21735,utt_a358e4f439971ac19b0f::p0008-p0010,utt_a358e4f439971ac19b0f::p0008-p0010,ab89a554d5026060e3c53d44e9c8a3efc2550a897511a3087b0ae4cb90aab946,ab89a554d5026060e3c53d44e9c8a3efc2550a897511a3087b0ae4cb90aab946,99,99
21735,utt_9b27a79904bb322b9e80::p0001-p0003,utt_9b27a79904bb322b9e80::p0001-p0003,0f53a216efca2eaaad5bf1961d233a900dd95bd245d926bcb94f1162c222736f,0f53a216efca2eaaad5bf1961d233a900dd95bd245d926bcb94f1162c222736f,124,124
21735,utt_9b27a79904bb322b9e80::p0004,utt_9b27a79904bb322b9e80::p0004,cc492da01c3970886b80dd51dc9776545b233835175ad72f6d022f57f46a1cb0,cc492da01c3970886b80dd51dc9776545b233835175ad72f6d022f57f46a1cb0,87,87
21735,utt_9b27a79904bb322b9e80::p0005,utt_9b27a79904bb322b9e80::p0005,8e48b434d2e13c3ac9218d1944b4c3a4d8afe052fbc7f7522ac6ad3151570145,8e48b434d2e13c3ac9218d1944b4c3a4d8afe052fbc7f7522ac6ad3151570145,72,72
21735,utt_9b27a79904bb322b9e80::p0006-p0009,utt_9b27a79904bb322b9e80::p0006-p0009,63254a63b9843a7e64e728168425061a75f645e2c51017ecf5def95b8be3da77,63254a63b9843a7e64e728168425061a75f645e2c51017ecf5def95b8be3da77,130,130
21735,utt_e717729386e734703ff9::p0001-p0003,utt_e717729386e734703ff9::p0001-p0003,dc28f8e63ecf6488c966f3db6dbbe32b047fdee5e56781e23a20bb604a970f5f,dc28f8e63ecf6488c966f3db6dbbe32b047fdee5e56781e23a20bb604a970f5f,135,135
21735,utt_e717729386e734703ff9::p0004,utt_e717729386e734703ff9::p0004,de37d6239521b9452e13672ce5aaa42bf6dc4de13cbb27019769b9cad27044ec,de37d6239521b9452e13672ce5aaa42bf6dc4de13cbb27019769b9cad27044ec,51,51
21735,utt_e717729386e734703ff9::p0005-p0007,utt_e717729386e734703ff9::p0005-p0007,7e193506e411465c2ba3158384397716ee474183db04b868a3ffa4ed88ddfc79,7e193506e411465c2ba3158384397716ee474183db04b868a3ffa4ed88ddfc79,138,138
21735,utt_e717729386e734703ff9::p0008-p0011,utt_e717729386e734703ff9::p0008-p0011,062db7ac43e841d3aaa3046df99e219263478e929e12b3839e94e68425eb6574,062db7ac43e841d3aaa3046df99e219263478e929e12b3839e94e68425eb6574,78,78
21735,utt_c4cd192bd3c6101d1f60::p0001-p0003,utt_c4cd192bd3c6101d1f60::p0001-p0003,35cf8e6857f6710042597357e74f21bf16fe5ad87dcd777716bc76f3b1732366,35cf8e6857f6710042597357e74f21bf16fe5ad87dcd777716bc76f3b1732366,139,139
21735,utt_c4cd192bd3c6101d1f60::p0004-p0007,utt_c4cd192bd3c6101d1f60::p0004-p0007,c825b2e2094a8245aca9eeeeecd908b7bf96615892ce3321ebe50e1e0805b0c4,c825b2e2094a8245aca9eeeeecd908b7bf96615892ce3321ebe50e1e0805b0c4,148,148
21735,utt_c4cd192bd3c6101d1f60::p0008-p0009,utt_c4cd192bd3c6101d1f60::p0008-p0012,ff3cdd9c8b6e7f8d2de1f45266b19060f3aef0d0ed0dc458e09c7e27c713afeb,8737d53d70ea7db65533cf222ddcb07b0d8b5d649fe256363c3082e7f35423b6,127,176
21735,utt_c4cd192bd3c6101d1f60::p0010-p0012,utt_c4cd192bd3c6101d1f60::p0008-p0012,d7d9e02cb05432c08dd8803fd33519b9e2b90895630f39a1e69af6ecbcf27ce6,8737d53d70ea7db65533cf222ddcb07b0d8b5d649fe256363c3082e7f35423b6,49,176
21735,utt_69fb64704a091eb9cf18::p0001-p0002,utt_69fb64704a091eb9cf18::p0001-p0002,0b4e2eea8a02e407efd40b656aa91c7f903c900ffc936fba65ca2bea68508589,0b4e2eea8a02e407efd40b656aa91c7f903c900ffc936fba65ca2bea68508589,50,50
21735,utt_50c75c606c5355debc96::p0001-p0002,utt_50c75c606c5355debc96::p0001-p0002,b229fe7fa628b4b4911b91ef70472b9c7b1afe8d59d10715a122f4fa73e7de16,b229fe7fa628b4b4911b91ef70472b9c7b1afe8d59d10715a122f4fa73e7de16,44,44
21735,utt_8be1f15b2de19290147f::p0001-p0004,utt_8be1f15b2de19290147f::p0001-p0004,11daa2a0320559172ce238500825dd45e58509b8d926e579c56bbbfc55a99d06,11daa2a0320559172ce238500825dd45e58509b8d926e579c56bbbfc55a99d06,118,118
21735,utt_8be1f15b2de19290147f::p0005,utt_8be1f15b2de19290147f::p0005,bca86037050821942d568cd593f6af49d9f282d8599c9f226a38b6df61d2bedc,bca86037050821942d568cd593f6af49d9f282d8599c9f226a38b6df61d2bedc,110,110
21735,utt_8be1f15b2de19290147f::p0006-p0009,utt_8be1f15b2de19290147f::p0006-p0009,180b77c83188568a982775ee75706bbca99697db2f4ac8de905da957df647097,180b77c83188568a982775ee75706bbca99697db2f4ac8de905da957df647097,133,133
21735,utt_8be1f15b2de19290147f::p0010-p0013,utt_8be1f15b2de19290147f::p0010-p0015,a2e46767d6932e9e2f7c448d8c70b04deb46f249ecebc51959411eb498b23530,9e6595aad788030a7f095a81e7309344abf3d0fb78e78237ec8b1f9ba4e51705,131,155
21735,utt_8be1f15b2de19290147f::p0014-p0015,utt_8be1f15b2de19290147f::p0010-p0015,dda1c01b8946509c796b39e5f9bd46bced115763958a42cca2e92bc82058533d,9e6595aad788030a7f095a81e7309344abf3d0fb78e78237ec8b1f9ba4e51705,24,155
21735,utt_3d706ee1c32c71843362::p0001-p0002,utt_3d706ee1c32c71843362::p0001-p0002,ca63bdffde9ccecf1bfed16bbff41235e980ddbdbfc7e92a2b03b6438c9de856,ca63bdffde9ccecf1bfed16bbff41235e980ddbdbfc7e92a2b03b6438c9de856,102,102
21735,utt_3d706ee1c32c71843362::p0003,utt_3d706ee1c32c71843362::p0003,91a9f27e8924379ff142bdfdae95a460d204d183fe20bc1af13a0fe803082192,91a9f27e8924379ff142bdfdae95a460d204d183fe20bc1af13a0fe803082192,106,106
21735,utt_3d706ee1c32c71843362::p0004-p0007,utt_3d706ee1c32c71843362::p0004-p0007,cb37cb7ce1ad02d065827b86032f84e6107dabc7fe27a64f1b9c226d1fcf966b,cb37cb7ce1ad02d065827b86032f84e6107dabc7fe27a64f1b9c226d1fcf966b,137,137
21735,utt_11b51902f9441442016f::p0001,utt_11b51902f9441442016f::p0001,c2757d84eea7bdd44ddf208080ccdd46be9019bb61ccfdd0e40ac81cc6a8081e,c2757d84eea7bdd44ddf208080ccdd46be9019bb61ccfdd0e40ac81cc6a8081e,63,63
21735,utt_11b51902f9441442016f::p0002,utt_11b51902f9441442016f::p0002,71b4d40ebb3149d6cd403520ac362b20eb698668b96bbc88e1d9205ebb96c8fe,71b4d40ebb3149d6cd403520ac362b20eb698668b96bbc88e1d9205ebb96c8fe,63,63
21735,utt_11b51902f9441442016f::p0003,utt_11b51902f9441442016f::p0003,c9bfcc371cc70701950d85ea10fe8a556411d855d084af337d364e9038106149,c9bfcc371cc70701950d85ea10fe8a556411d855d084af337d364e9038106149,82,82
21735,utt_11b51902f9441442016f::p0004-p0006,utt_11b51902f9441442016f::p0004-p0006,86d32b5a3fd426fc80e121f780a408cb2465d48ff88fee9083285ea1ad7d34dd,86d32b5a3fd426fc80e121f780a408cb2465d48ff88fee9083285ea1ad7d34dd,149,149
21735,utt_11b51902f9441442016f::p0007-p0008,utt_11b51902f9441442016f::p0007-p0008,97528d6597f0ecfc651e708f448fb37422307b9866f7b94e5bee1963f7d3d78b,97528d6597f0ecfc651e708f448fb37422307b9866f7b94e5bee1963f7d3d78b,130,130
21735,utt_11b51902f9441442016f::p0009-p0011,utt_11b51902f9441442016f::p0009-p0011,cff9bb6d1782d48aeb93438fd4665a2f08eb02592a0d4f9912e1654ff16b76f2,cff9bb6d1782d48aeb93438fd4665a2f08eb02592a0d4f9912e1654ff16b76f2,82,82
21735,utt_2fdbdb5def64a671ed27::p0001-p0002,utt_2fdbdb5def64a671ed27::p0001-p0002,8fa6976f6d0e7196a44224c725f4298b1ba862660f911d84d9026a9a397665c3,8fa6976f6d0e7196a44224c725f4298b1ba862660f911d84d9026a9a397665c3,77,77
21735,utt_2fdbdb5def64a671ed27::p0003-p0006,utt_2fdbdb5def64a671ed27::p0003-p0006,b217915569d3a9d6b1a55e9da509a5eabb65d75c743d3ed848a8e14b6af63932,b217915569d3a9d6b1a55e9da509a5eabb65d75c743d3ed848a8e14b6af63932,150,150
21735,utt_2fdbdb5def64a671ed27::p0007,utt_2fdbdb5def64a671ed27::p0007,c7c7dd46270b4d581bc297e4c3288963808ed63c830125102cfe2c9e80a93e97,c7c7dd46270b4d581bc297e4c3288963808ed63c830125102cfe2c9e80a93e97,56,56
21735,utt_2fdbdb5def64a671ed27::p0008,utt_2fdbdb5def64a671ed27::p0008,5970b6369e50a95b5ea61e79ea7a8e0c0ccf43b5c9a2be27b9690278da3debc7,5970b6369e50a95b5ea61e79ea7a8e0c0ccf43b5c9a2be27b9690278da3debc7,97,97
21735,utt_2fdbdb5def64a671ed27::p0009-p0010,utt_2fdbdb5def64a671ed27::p0009-p0010,0a752d8ef67bcfa1ae38e6fce9fbf6abcca5bc4146f420cef0d5ebbd18f4fc9b,0a752d8ef67bcfa1ae38e6fce9fbf6abcca5bc4146f420cef0d5ebbd18f4fc9b,61,61
21735,utt_dfdb404943db48242022::p0001,utt_dfdb404943db48242022::p0001,474cf8296b8a5e6c141d7211a6f86d2f7fd4d6cc83588b8912b658935997b111,474cf8296b8a5e6c141d7211a6f86d2f7fd4d6cc83588b8912b658935997b111,51,51
21735,utt_dfdb404943db48242022::p0002-p0003,utt_dfdb404943db48242022::p0002-p0003,5a4a623e859adf7a979268ed2f952bcd19b548a0fe0ca38eae7b55e7d30b1a89,5a4a623e859adf7a979268ed2f952bcd19b548a0fe0ca38eae7b55e7d30b1a89,139,139
21735,utt_dfdb404943db48242022::p0004-p0005,utt_dfdb404943db48242022::p0004-p0005,1ba57c65cd8bf20084f27a3eab1de8c9bf5c49cd9744ac0ffdae0e8a92404dea,1ba57c65cd8bf20084f27a3eab1de8c9bf5c49cd9744ac0ffdae0e8a92404dea,120,120
21735,utt_dfdb404943db48242022::p0006-p0009,utt_dfdb404943db48242022::p0006-p0009,7b751df9fc94d8f59c60ecdca526ca740caad4efaf600b3d28aa8a25a9420b1c,7b751df9fc94d8f59c60ecdca526ca740caad4efaf600b3d28aa8a25a9420b1c,136,136
21735,utt_dfdb404943db48242022::p0010-p0011,utt_dfdb404943db48242022::p0010-p0011,34f6b1460b795966e0e9f70dd30c0ead0856c95c1c13f7a6d9eeb53cc8757236,34f6b1460b795966e0e9f70dd30c0ead0856c95c1c13f7a6d9eeb53cc8757236,84,84
21735,utt_cc4aa04ffdaf162a8938::p0001-p0003,utt_cc4aa04ffdaf162a8938::p0001-p0003,51114a266b91a7a0d4fb68b70e0f45f8b05fb22b3e5b80b64de50942b43301b2,51114a266b91a7a0d4fb68b70e0f45f8b05fb22b3e5b80b64de50942b43301b2,145,145
21735,utt_cc4aa04ffdaf162a8938::p0004-p0009,utt_cc4aa04ffdaf162a8938::p0004-p0009,fa0b4d904478fa6c7322c3c581ee967cbe62902e8d994a9471c5e2163d975999,fa0b4d904478fa6c7322c3c581ee967cbe62902e8d994a9471c5e2163d975999,149,149
21735,utt_075c89c6fb7a086b5bba::p0001-p0002,utt_075c89c6fb7a086b5bba::p0001-p0002,431707d6373b4135e09d04b1dc28bddb67a8c9922437e9e6dfe721b293e9ac73,431707d6373b4135e09d04b1dc28bddb67a8c9922437e9e6dfe721b293e9ac73,120,120
21735,utt_075c89c6fb7a086b5bba::p0003-p0004,utt_075c89c6fb7a086b5bba::p0003-p0004,0ad7fce80cc54738bd9fbec664265b99753f7dabd18d1362ab07a5be983a0b0e,0ad7fce80cc54738bd9fbec664265b99753f7dabd18d1362ab07a5be983a0b0e,115,115
21735,utt_075c89c6fb7a086b5bba::p0005,utt_075c89c6fb7a086b5bba::p0005,e011ae10c610e1db76c378decbfed5c0caa0f3361863e800b192f56b30cbbd74,e011ae10c610e1db76c378decbfed5c0caa0f3361863e800b192f56b30cbbd74,90,90
21735,utt_075c89c6fb7a086b5bba::p0006-p0008,utt_075c89c6fb7a086b5bba::p0006-p0008,f6ff12c0643c436357717bce939f9e8e366c7c6a4ad27505add08997d5223264,f6ff12c0643c436357717bce939f9e8e366c7c6a4ad27505add08997d5223264,142,142
21735,utt_075c89c6fb7a086b5bba::p0009-p0011,utt_075c89c6fb7a086b5bba::p0009-p0011,7997113196ddaf199d5c36930ae93112bb64e88eb359f426483b14f6a5a7271a,7997113196ddaf199d5c36930ae93112bb64e88eb359f426483b14f6a5a7271a,118,118
21735,utt_075c89c6fb7a086b5bba::p0012-p0014,utt_075c89c6fb7a086b5bba::p0012-p0014,f9ba8fa9bb0a67e1c6a2e3f49cd275b1ac387b1ab33880da94a68fd938a6bef5,f9ba8fa9bb0a67e1c6a2e3f49cd275b1ac387b1ab33880da94a68fd938a6bef5,67,67
21735,utt_0dd373415ce144f9cabe::p0001-p0002,utt_0dd373415ce144f9cabe::p0001-p0002,41ef2998fd9f8b5d746b1a8fee1c29cf7da6dbf18542d104cc92031ee3158206,41ef2998fd9f8b5d746b1a8fee1c29cf7da6dbf18542d104cc92031ee3158206,60,60
21735,utt_0dd373415ce144f9cabe::p0003-p0004,utt_0dd373415ce144f9cabe::p0003-p0004,ce85e7698249a6463e452076c78b667355e8ac331c8271a431ad1f03a7d58d46,ce85e7698249a6463e452076c78b667355e8ac331c8271a431ad1f03a7d58d46,92,92
21735,utt_0dd373415ce144f9cabe::p0005-p0007,utt_0dd373415ce144f9cabe::p0005-p0007,15cdd7e584846e67841ac1ce65f316c4c141d634bc96e553cf6b7f89797b8ff4,15cdd7e584846e67841ac1ce65f316c4c141d634bc96e553cf6b7f89797b8ff4,106,106
21735,utt_0dd373415ce144f9cabe::p0008,utt_0dd373415ce144f9cabe::p0008,524238e4730687225cacd3fe746ac247451415aaf4a2df7441aa5448f5263521,524238e4730687225cacd3fe746ac247451415aaf4a2df7441aa5448f5263521,71,71
21735,utt_0dd373415ce144f9cabe::p0009,utt_0dd373415ce144f9cabe::p0009,502a9de506b30a9c2c8d18ccd18265c1b2dbed6462dce87824f1d73efc404bcc,502a9de506b30a9c2c8d18ccd18265c1b2dbed6462dce87824f1d73efc404bcc,78,78
21735,utt_924f0e99be22e54da883::p0001-p0004,utt_924f0e99be22e54da883::p0001-p0004,ea4f9a34da47e2b76447427d709c4f398e1a0ec9148b54bb1a3f20f2e21cddc4,ea4f9a34da47e2b76447427d709c4f398e1a0ec9148b54bb1a3f20f2e21cddc4,122,122
21735,utt_767458e29a3e7ae2fec3::p0001-p0003,utt_767458e29a3e7ae2fec3::p0001-p0003,fe05ae427f30739e4b1dba71b179e9d443853449009e37083d0180d1addbcb68,fe05ae427f30739e4b1dba71b179e9d443853449009e37083d0180d1addbcb68,87,87
21735,utt_767458e29a3e7ae2fec3::p0004,utt_767458e29a3e7ae2fec3::p0004,38de77018f3881be1577ade54f2c4b2ed1859e2eb2f8cd6851f2880228d0233b,38de77018f3881be1577ade54f2c4b2ed1859e2eb2f8cd6851f2880228d0233b,61,61
21735,utt_767458e29a3e7ae2fec3::p0005,utt_767458e29a3e7ae2fec3::p0005,22da6d84f66b0938a2fdbf3fba71292c2d9691bc233f5b87d8e7464865ef733c,22da6d84f66b0938a2fdbf3fba71292c2d9691bc233f5b87d8e7464865ef733c,69,69
21735,utt_767458e29a3e7ae2fec3::p0006,utt_767458e29a3e7ae2fec3::p0006,bb667ba379615cf4ae18d74503042c356d5ed78f59c595dc52b2a41b59ff06c6,bb667ba379615cf4ae18d74503042c356d5ed78f59c595dc52b2a41b59ff06c6,82,82
21735,utt_767458e29a3e7ae2fec3::p0007-p0008,utt_767458e29a3e7ae2fec3::p0007-p0008,e36030d95e7c33f62712e15fcaa896b0954b69557d852a963d473d1d7a0dced1,e36030d95e7c33f62712e15fcaa896b0954b69557d852a963d473d1d7a0dced1,107,107
21735,utt_767458e29a3e7ae2fec3::p0009,utt_767458e29a3e7ae2fec3::p0009,7e22cb531bed72afe9e3625b07cfd017fe0b20c47dd7d521e20049c6cefd2d3f,7e22cb531bed72afe9e3625b07cfd017fe0b20c47dd7d521e20049c6cefd2d3f,57,57
21735,utt_767458e29a3e7ae2fec3::p0010,utt_767458e29a3e7ae2fec3::p0010,486e09217865deda5f8716ea53db4d07d004f929fca07cbb77fe63c9178bf680,486e09217865deda5f8716ea53db4d07d004f929fca07cbb77fe63c9178bf680,60,60
21735,utt_767458e29a3e7ae2fec3::p0011,utt_767458e29a3e7ae2fec3::p0011,2db73972a1d1ebb87177b0c1f9839a15064f688619c0f6b8f957ec056d46604f,2db73972a1d1ebb87177b0c1f9839a15064f688619c0f6b8f957ec056d46604f,77,77
21735,utt_767458e29a3e7ae2fec3::p0012-p0014,utt_767458e29a3e7ae2fec3::p0012-p0014,1320bca550ff8c8718c3d3bf5c5dc7074c75e28094296acaf62c1c36e0beda10,1320bca550ff8c8718c3d3bf5c5dc7074c75e28094296acaf62c1c36e0beda10,78,78
21735,utt_cb40c1d3460f2a9de262::p0001,utt_cb40c1d3460f2a9de262::p0001,1f4b1d4bc36298ac13cfb7bea5b0bbce39fbc7b7d00b044bb521eca777305f77,1f4b1d4bc36298ac13cfb7bea5b0bbce39fbc7b7d00b044bb521eca777305f77,52,52
21735,utt_cb40c1d3460f2a9de262::p0002,utt_cb40c1d3460f2a9de262::p0002,36386037979353a15a63e7758cf96fbd402e1f2419b7ab2756fb92f20dd06c7a,36386037979353a15a63e7758cf96fbd402e1f2419b7ab2756fb92f20dd06c7a,53,53
21735,utt_cb40c1d3460f2a9de262::p0003,utt_cb40c1d3460f2a9de262::p0003,527cf18a3c3218fde8a42a710c161ebb1f9d7590b78ca3d36ed3b35b309805e2,527cf18a3c3218fde8a42a710c161ebb1f9d7590b78ca3d36ed3b35b309805e2,85,85
21735,utt_cb40c1d3460f2a9de262::p0004-p0005,utt_cb40c1d3460f2a9de262::p0004-p0005,0eaf27d794d26ecc5e46c14cad75866e30e9cf614fb1f6f4f1fbf45340372748,0eaf27d794d26ecc5e46c14cad75866e30e9cf614fb1f6f4f1fbf45340372748,99,99
21735,utt_cb40c1d3460f2a9de262::p0006,utt_cb40c1d3460f2a9de262::p0006,bf98ed0e4c352aad7035bdbe8a35cf870e1c77395aaf22b6e59d46814df4f200,bf98ed0e4c352aad7035bdbe8a35cf870e1c77395aaf22b6e59d46814df4f200,116,116
21735,utt_cb40c1d3460f2a9de262::p0007,utt_cb40c1d3460f2a9de262::p0007,38d34edafaaf1499b16afadf72f0dbc9c7b988c55b61c504d480a460fc3b4dce,38d34edafaaf1499b16afadf72f0dbc9c7b988c55b61c504d480a460fc3b4dce,62,62
21735,utt_7c3276b6a8053b3c9b18::p0001-p0003,utt_7c3276b6a8053b3c9b18::p0001-p0003,b4aced2d4bf07b59a214b9f1cc491221d97b411aa7bf0a33fb87658e6e93d1d3,b4aced2d4bf07b59a214b9f1cc491221d97b411aa7bf0a33fb87658e6e93d1d3,140,140
21735,utt_7c3276b6a8053b3c9b18::p0004-p0007,utt_7c3276b6a8053b3c9b18::p0004-p0007,bd6731bc4e13faf8398f4e56de45409fc235b7373c5fcd9a3315659700fd6c0e,bd6731bc4e13faf8398f4e56de45409fc235b7373c5fcd9a3315659700fd6c0e,138,138
21735,utt_7c3276b6a8053b3c9b18::p0008-p0009,utt_7c3276b6a8053b3c9b18::p0008-p0009,4544d65651fda2ed7d200690395becdb10c0b8540121b67bbd9b469e2280d8b1,4544d65651fda2ed7d200690395becdb10c0b8540121b67bbd9b469e2280d8b1,96,96
21735,utt_7c3276b6a8053b3c9b18::p0010-p0014,utt_7c3276b6a8053b3c9b18::p0010-p0014,ce410e9d6c75dfbee43167e30625182780a4afc6246447d475b0a51e994dfce5,ce410e9d6c75dfbee43167e30625182780a4afc6246447d475b0a51e994dfce5,139,139
21735,utt_32f5ed0a43cd5f4159fe::p0001,utt_32f5ed0a43cd5f4159fe::p0001,b141ec11dd1b328320b543cebde3a03a98d814ef2bb8a801307ca6678bf82678,b141ec11dd1b328320b543cebde3a03a98d814ef2bb8a801307ca6678bf82678,6,6
21735,utt_458b8eddf3c056df1067::p0001-p0002,utt_458b8eddf3c056df1067::p0001-p0002,44a1eb3f1286573a0670d2b55321b134c53fbbbbac1909e0186c26fb240294b8,44a1eb3f1286573a0670d2b55321b134c53fbbbbac1909e0186c26fb240294b8,52,52
21735,utt_7be2371ab581293dc505::p0001,utt_7be2371ab581293dc505::p0001,65111054705433fd8602380310e1d2b900fc228c432357a5a744c8d7f4de12c3,65111054705433fd8602380310e1d2b900fc228c432357a5a744c8d7f4de12c3,118,118
21735,utt_7be2371ab581293dc505::p0002-p0003,utt_7be2371ab581293dc505::p0002-p0003,1bfb1705fac3f7ac6460374e237c851b31305fe1ee047d12e3b4e3e30c50b452,1bfb1705fac3f7ac6460374e237c851b31305fe1ee047d12e3b4e3e30c50b452,146,146
21735,utt_7be2371ab581293dc505::p0004-p0005,utt_7be2371ab581293dc505::p0004-p0005,35a6251f06a70664917cb78a04bcbea093772d145d5b51b380f750fb4c28fd41,35a6251f06a70664917cb78a04bcbea093772d145d5b51b380f750fb4c28fd41,113,113
21735,utt_7be2371ab581293dc505::p0006-p0010,utt_7be2371ab581293dc505::p0006-p0010,0fd76f6d7ce986d10c1f6a92c478d9a545ba1618ef782796978a453b3380d2c7,0fd76f6d7ce986d10c1f6a92c478d9a545ba1618ef782796978a453b3380d2c7,132,132
21735,utt_7193121ec43992295403::p0001-p0003,utt_7193121ec43992295403::p0001-p0003,4cd08e36e54edd76fab032b22e99fae1378876641499f5370bb75bc661203ded,4cd08e36e54edd76fab032b22e99fae1378876641499f5370bb75bc661203ded,141,141
21735,utt_7193121ec43992295403::p0004,utt_7193121ec43992295403::p0004,2caa53bc28cab8d307142bd0bf66a0ed4c699111983f9f3301daedcfea218be0,2caa53bc28cab8d307142bd0bf66a0ed4c699111983f9f3301daedcfea218be0,87,87
21735,utt_7193121ec43992295403::p0005-p0007,utt_7193121ec43992295403::p0005-p0007,c73f4d4a75a7e01d9ffc20df2c70c8ee1af7e1bc31b5d8b4eee46b13dcfadb32,c73f4d4a75a7e01d9ffc20df2c70c8ee1af7e1bc31b5d8b4eee46b13dcfadb32,142,142
21735,utt_7193121ec43992295403::p0008-p0009,utt_7193121ec43992295403::p0008-p0009,ac90262da3107cae6539f3dd33827ec913cceb3d4ec940b42fc774dc85d16af4,ac90262da3107cae6539f3dd33827ec913cceb3d4ec940b42fc774dc85d16af4,80,80
21735,utt_7193121ec43992295403::p0010-p0012,utt_7193121ec43992295403::p0010-p0012,6fe66edbd6ca60483a1cbab0354360e3f36c078b87f3a0377876b212f6630161,6fe66edbd6ca60483a1cbab0354360e3f36c078b87f3a0377876b212f6630161,57,57
21735,utt_2ac3edff18c80c21d79f::p0001-p0002,utt_2ac3edff18c80c21d79f::p0001-p0002,f107e5dbb0a5572ffeabef79f3a04db9d5b5d3e6c4129ba30bf3083881ffb737,f107e5dbb0a5572ffeabef79f3a04db9d5b5d3e6c4129ba30bf3083881ffb737,143,143
21735,utt_2ac3edff18c80c21d79f::p0003-p0004,utt_2ac3edff18c80c21d79f::p0003-p0004,5381baefd93f6ea7c5ff088df30277d642071806fccdcb957469e6dbc3d55343,5381baefd93f6ea7c5ff088df30277d642071806fccdcb957469e6dbc3d55343,66,66
21735,utt_b34a5fe9aa8540836529::p0001-p0004,utt_b34a5fe9aa8540836529::p0001-p0004,a2249b78b76e9fa69bf50e98f7163427620d1b7835ad9e51efa8829f59bf2539,a2249b78b76e9fa69bf50e98f7163427620d1b7835ad9e51efa8829f59bf2539,148,148
21735,utt_b34a5fe9aa8540836529::p0005-p0007,utt_b34a5fe9aa8540836529::p0005-p0007,651b03d398ca9fa773fc33ce233b46324473b0cfc4688af7e1771edb4c9a7e63,651b03d398ca9fa773fc33ce233b46324473b0cfc4688af7e1771edb4c9a7e63,74,74
21735,utt_9377ea07f2db62bfdf24::p0001,utt_9377ea07f2db62bfdf24::p0001,6e44986c0a088b11ca7e77a4a23b23a7916005e7aa65cd4ac69214e68d5699d3,6e44986c0a088b11ca7e77a4a23b23a7916005e7aa65cd4ac69214e68d5699d3,95,95
21735,utt_9377ea07f2db62bfdf24::p0002,utt_9377ea07f2db62bfdf24::p0002,d9fc329a5104fe2b18d6cd0a9aec43dac0c5d7d883201811bd1ef81da0c6e42e,d9fc329a5104fe2b18d6cd0a9aec43dac0c5d7d883201811bd1ef81da0c6e42e,58,58
21735,utt_9377ea07f2db62bfdf24::p0003,utt_9377ea07f2db62bfdf24::p0003,ff34134bb9b541009425abf6b16694ff3d276fc0b7ae5c065328da6ec3a1b160,ff34134bb9b541009425abf6b16694ff3d276fc0b7ae5c065328da6ec3a1b160,72,72
21735,utt_9377ea07f2db62bfdf24::p0004,utt_9377ea07f2db62bfdf24::p0004,080cd55eeb53fcc62c71357457dcccfbdacef7963c0e40815208e0afe1f2bfba,080cd55eeb53fcc62c71357457dcccfbdacef7963c0e40815208e0afe1f2bfba,59,59
21735,utt_9377ea07f2db62bfdf24::p0005-p0007,utt_9377ea07f2db62bfdf24::p0005-p0007,bcd45068988b114c0a3fdad5972a0ca55d9a70e0b4c774ba1b1f3f5d9a12b5b8,bcd45068988b114c0a3fdad5972a0ca55d9a70e0b4c774ba1b1f3f5d9a12b5b8,124,124
21735,utt_cba40873bf290cd6a27d::p0001-p0002,utt_cba40873bf290cd6a27d::p0001-p0002,e67f082e2d817d2a5c136013d3bfc8932d211e08b228de9da888a697966c4740,e67f082e2d817d2a5c136013d3bfc8932d211e08b228de9da888a697966c4740,128,128
21735,utt_cba40873bf290cd6a27d::p0003-p0005,utt_cba40873bf290cd6a27d::p0003-p0005,7b21822e6d94e707bcf0dcc1a2e128cce31435e8aa640d38b1aed52dc4d257e3,7b21822e6d94e707bcf0dcc1a2e128cce31435e8aa640d38b1aed52dc4d257e3,108,108
21735,utt_cba40873bf290cd6a27d::p0006,utt_cba40873bf290cd6a27d::p0006,7db8a1fd0f5218af820a1c06583539b982b1dfd4931716f9ab6307aafe6186ea,7db8a1fd0f5218af820a1c06583539b982b1dfd4931716f9ab6307aafe6186ea,132,132
21735,utt_cba40873bf290cd6a27d::p0007-p0008,utt_cba40873bf290cd6a27d::p0007-p0008,1e3534f2331315300c871e995a363225960bc6eb5fce0e6f31c7f83dc0361af2,1e3534f2331315300c871e995a363225960bc6eb5fce0e6f31c7f83dc0361af2,69,69
21735,utt_6bc7d7675937595ed182::p0001-p0003,utt_6bc7d7675937595ed182::p0001-p0003,1ad536998763338621462d4103d9d90bea01f1294b39c882739a89afbc0044db,1ad536998763338621462d4103d9d90bea01f1294b39c882739a89afbc0044db,150,150
21735,utt_6bc7d7675937595ed182::p0004-p0005,utt_6bc7d7675937595ed182::p0004-p0005,bc9cf582cd1d6d0cce9d1c7d5a9d5a0cb3b1ac5d9482a70ddf7231ff6b34e916,bc9cf582cd1d6d0cce9d1c7d5a9d5a0cb3b1ac5d9482a70ddf7231ff6b34e916,76,76
21735,utt_6bc7d7675937595ed182::p0006-p0007,utt_6bc7d7675937595ed182::p0006-p0007,f94368b6bcbfebd260fe7a3844011077240c14c411ba29d4a02cc8d85832c7ec,f94368b6bcbfebd260fe7a3844011077240c14c411ba29d4a02cc8d85832c7ec,118,118
21735,utt_6bc7d7675937595ed182::p0008-p0009,utt_6bc7d7675937595ed182::p0008-p0009,386581edc167f37984e6ed0d75cdcb742dbbb15f893230549744737891f9b758,386581edc167f37984e6ed0d75cdcb742dbbb15f893230549744737891f9b758,122,122
21735,utt_6bc7d7675937595ed182::p0010-p0012,utt_6bc7d7675937595ed182::p0010-p0012,ba4caf4badc4f5901ee3303f09da93a946b785decb3ab0469445314033e07909,ba4caf4badc4f5901ee3303f09da93a946b785decb3ab0469445314033e07909,54,54
21735,utt_25fc2f98641310e73f74::p0001-p0003,utt_25fc2f98641310e73f74::p0001-p0003,9bd283fe8b7b11c94c48cdecb38d030f1f25dad4141ef6d8bd047c247663de15,9bd283fe8b7b11c94c48cdecb38d030f1f25dad4141ef6d8bd047c247663de15,91,91
21735,utt_25fc2f98641310e73f74::p0004,utt_25fc2f98641310e73f74::p0004,1e94a8aae4d626e6472a5c7d5a7e15b8f0dc9bb2f18cfdd478b28c42d9b0eaee,1e94a8aae4d626e6472a5c7d5a7e15b8f0dc9bb2f18cfdd478b28c42d9b0eaee,60,60
21735,utt_25fc2f98641310e73f74::p0005,utt_25fc2f98641310e73f74::p0005,e84d019a0e433dd7f97a9007eaf43391e681bda102ad0e025dda8e814e9f6720,e84d019a0e433dd7f97a9007eaf43391e681bda102ad0e025dda8e814e9f6720,57,57
21735,utt_25fc2f98641310e73f74::p0006-p0007,utt_25fc2f98641310e73f74::p0006-p0007,2f9ec9ffb1931e1738e28b2a42b72257720fb51c3471e2aeb814a99b9d02e32c,2f9ec9ffb1931e1738e28b2a42b72257720fb51c3471e2aeb814a99b9d02e32c,101,101
21735,utt_25fc2f98641310e73f74::p0008-p0010,utt_25fc2f98641310e73f74::p0008-p0010,406223562c73ed69bfec7abc51b3bfb18fbe30c3c6dfda519d4608607118a905,406223562c73ed69bfec7abc51b3bfb18fbe30c3c6dfda519d4608607118a905,132,132
21735,utt_0599963ac47666d6ac5f::p0001-p0002,utt_0599963ac47666d6ac5f::p0001-p0002,baf863da82b10f277dc78250e7b4fec108a4846b600b723036c91f395522fe50,baf863da82b10f277dc78250e7b4fec108a4846b600b723036c91f395522fe50,142,142
21735,utt_0599963ac47666d6ac5f::p0003,utt_0599963ac47666d6ac5f::p0003,96ada7a06040a275a4cbe55ba048d9ca84e8e978b1fdf1950d4f1bb8d9ec7f76,96ada7a06040a275a4cbe55ba048d9ca84e8e978b1fdf1950d4f1bb8d9ec7f76,79,79
21735,utt_0599963ac47666d6ac5f::p0004,utt_0599963ac47666d6ac5f::p0004,b1d8009e71d79ff1605ac274343042b916c6493160e2d514f19250e81dbcf150,b1d8009e71d79ff1605ac274343042b916c6493160e2d514f19250e81dbcf150,70,70
21735,utt_0599963ac47666d6ac5f::p0005-p0007,utt_0599963ac47666d6ac5f::p0005-p0007,904e0e98858f1d377494e80034b3786286d0099c589f6b3c1660768b30b9f00c,904e0e98858f1d377494e80034b3786286d0099c589f6b3c1660768b30b9f00c,145,145
21735,utt_e53d25d90d1af5b5fc85::p0001-p0002,utt_e53d25d90d1af5b5fc85::p0001-p0002,a2aea34a7588ec9d39f4d364703734797d7351578dd6b70dd56fd435672a9260,a2aea34a7588ec9d39f4d364703734797d7351578dd6b70dd56fd435672a9260,29,29
21735,utt_c70c7dbafabb24a2a9e0::p0001-p0002,utt_c70c7dbafabb24a2a9e0::p0001-p0002,abc8dafc185a50ece4fae57ec0ae8d213aaeb81a26b60e2f8119f66609b07615,abc8dafc185a50ece4fae57ec0ae8d213aaeb81a26b60e2f8119f66609b07615,120,120
21735,utt_6c8dbd8f7933b8131f8d::p0001,utt_6c8dbd8f7933b8131f8d::p0001,d5789b8a3fed9666acd80667adc8a2f2f8b4a363f8ca7b66b2839e8cc50bc4f6,d5789b8a3fed9666acd80667adc8a2f2f8b4a363f8ca7b66b2839e8cc50bc4f6,27,27
21735,utt_fae3304bbab73b21de7a::p0001,utt_fae3304bbab73b21de7a::p0001,2cf77f8e09d703afaa3f206a0db248c994d300801b1af55be5bb167c03a8c56c,2cf77f8e09d703afaa3f206a0db248c994d300801b1af55be5bb167c03a8c56c,11,11
21735,utt_15fea29f9adaf0af67cf::p0001,utt_15fea29f9adaf0af67cf::p0001,3a7e2a3ca16efa2a197dcf07d4dd6b6fbcd8d9b05966be134f1854a862cabf55,3a7e2a3ca16efa2a197dcf07d4dd6b6fbcd8d9b05966be134f1854a862cabf55,11,11
21735,utt_05d6aa76a57a4bbf7f68::p0001,utt_05d6aa76a57a4bbf7f68::p0001-p0002,731db0fb3c1e37c9eb388bd47fec8bfc70156bb9be5e9b82d40a6e6e19b72a3b,25bbb991d8687a462f8e6225483b949715121a607b7d8fff3a8880763d3e32c0,33,155
21735,utt_05d6aa76a57a4bbf7f68::p0002,utt_05d6aa76a57a4bbf7f68::p0001-p0002,78154c96625a817b8af33e7d4c16e0490ec90a3a17b443262a2edde06243d409,25bbb991d8687a462f8e6225483b949715121a607b7d8fff3a8880763d3e32c0,122,155
21735,utt_05d6aa76a57a4bbf7f68::p0003,utt_05d6aa76a57a4bbf7f68::p0003,be0b66da1f60fb5097127a353c6136562d5304c603668b814def3ecbf4f3ca6b,be0b66da1f60fb5097127a353c6136562d5304c603668b814def3ecbf4f3ca6b,69,69
21735,utt_05d6aa76a57a4bbf7f68::p0004,utt_05d6aa76a57a4bbf7f68::p0004,0349494c710146feec84a094a8dbbcdeab1c755fb44d5237831f8ec7be435ed9,0349494c710146feec84a094a8dbbcdeab1c755fb44d5237831f8ec7be435ed9,93,93
21735,utt_05d6aa76a57a4bbf7f68::p0005,utt_05d6aa76a57a4bbf7f68::p0005,a82d830805b68e2b7cf6b38fd8c98e41fc422e7da8719dd1a68815bdc8b67522,a82d830805b68e2b7cf6b38fd8c98e41fc422e7da8719dd1a68815bdc8b67522,68,68
21735,utt_ac6ea1b2b4f1f13e0bf8::p0001,utt_ac6ea1b2b4f1f13e0bf8::p0001,e9ece2060827db801e61c3863ad69f7b8485ab8d5d5ca80b463c7ccab7739028,e9ece2060827db801e61c3863ad69f7b8485ab8d5d5ca80b463c7ccab7739028,62,62
21735,utt_ac6ea1b2b4f1f13e0bf8::p0002-p0004,utt_ac6ea1b2b4f1f13e0bf8::p0002-p0004,37fb178e9c9bc5deb83ac820282d80a353ef6f1d5c49c43fbf7afea107e77522,37fb178e9c9bc5deb83ac820282d80a353ef6f1d5c49c43fbf7afea107e77522,129,129
21735,utt_ac6ea1b2b4f1f13e0bf8::p0005,utt_ac6ea1b2b4f1f13e0bf8::p0005,2f911ca4cdb155243a5645f0331460281d7e57b4e28c11775240f4065f68de6f,2f911ca4cdb155243a5645f0331460281d7e57b4e28c11775240f4065f68de6f,106,106
21735,utt_ac6ea1b2b4f1f13e0bf8::p0006-p0010,utt_ac6ea1b2b4f1f13e0bf8::p0006-p0010,6c7555445b947613140b6dbd8d46dd999fa9a694d4b5075bfac9d8ce33af52e3,6c7555445b947613140b6dbd8d46dd999fa9a694d4b5075bfac9d8ce33af52e3,147,147
21735,utt_df7c2bff3795ce3f8099::p0001-p0002,utt_df7c2bff3795ce3f8099::p0001-p0002,3312c9e4409a6911f54b7e3345d5aa88e3779162419706291e4a22a10f7336cf,3312c9e4409a6911f54b7e3345d5aa88e3779162419706291e4a22a10f7336cf,107,107
21735,utt_df7c2bff3795ce3f8099::p0003,utt_df7c2bff3795ce3f8099::p0003,4599ce3f448818aefc54ba5c7df4bf83c89a1b6e502917913f4177e03a971a00,4599ce3f448818aefc54ba5c7df4bf83c89a1b6e502917913f4177e03a971a00,63,63
21735,utt_df7c2bff3795ce3f8099::p0004-p0005,utt_df7c2bff3795ce3f8099::p0004-p0005,7425c2387cf38d346f2ce5aa4f9ea824ac371698049d56572d5e6e83e88f3b8b,7425c2387cf38d346f2ce5aa4f9ea824ac371698049d56572d5e6e83e88f3b8b,94,94
21735,utt_df7c2bff3795ce3f8099::p0006,utt_df7c2bff3795ce3f8099::p0006,8d6dbf1bebbc06a4d4e693d403559f5b97d71defbf060ab9d9498e798395a9cb,8d6dbf1bebbc06a4d4e693d403559f5b97d71defbf060ab9d9498e798395a9cb,51,51
21735,utt_df7c2bff3795ce3f8099::p0007,utt_df7c2bff3795ce3f8099::p0007,b9ded48b296afda07038cea551a67218646bd5c1afb88805bc81180609ab8af4,b9ded48b296afda07038cea551a67218646bd5c1afb88805bc81180609ab8af4,51,51
21735,utt_df7c2bff3795ce3f8099::p0008-p0009,utt_df7c2bff3795ce3f8099::p0008-p0009,c80a016a26d249f35ba69b14cf8393d304d739d78f34391492936d6bed2aff65,c80a016a26d249f35ba69b14cf8393d304d739d78f34391492936d6bed2aff65,122,122
21735,utt_c6577b00f6d4fafd6708::p0001-p0003,utt_c6577b00f6d4fafd6708::p0001-p0003,968ffb9bb1c03874749487611344cd37818f809323f6b8ead27114c94b120ad6,968ffb9bb1c03874749487611344cd37818f809323f6b8ead27114c94b120ad6,114,114
21735,utt_c6577b00f6d4fafd6708::p0004-p0006,utt_c6577b00f6d4fafd6708::p0004-p0006,de17c0ac289d8298b1d3a1f548e4bb3baa19b1a273c7e626ac2e46f875bc4a41,de17c0ac289d8298b1d3a1f548e4bb3baa19b1a273c7e626ac2e46f875bc4a41,140,140
21735,utt_c6577b00f6d4fafd6708::p0007-p0010,utt_c6577b00f6d4fafd6708::p0007-p0010,e4b8d77cf1915649afb3a25e0e5242ecf56bbc5d30f4117f65f66763bd75767e,e4b8d77cf1915649afb3a25e0e5242ecf56bbc5d30f4117f65f66763bd75767e,116,116
21735,utt_c6577b00f6d4fafd6708::p0011-p0013,utt_c6577b00f6d4fafd6708::p0011-p0013,fa8931fe299f4c80fd97eafbec7cbfadb3536301e7414ba9f091489fdb254283,fa8931fe299f4c80fd97eafbec7cbfadb3536301e7414ba9f091489fdb254283,61,61
21735,utt_0799502d15389341afe7::p0001,utt_0799502d15389341afe7::p0001,6134c8cdf0e5853de4375d62e467ffa0c92a86e9f1f677c716de897d6a658225,6134c8cdf0e5853de4375d62e467ffa0c92a86e9f1f677c716de897d6a658225,73,73
21735,utt_0799502d15389341afe7::p0002,utt_0799502d15389341afe7::p0002,e6ea4eb197f6a28f9c5f74f03bd8b844f20a87853f695eb6d6405d77ecdd7e4a,e6ea4eb197f6a28f9c5f74f03bd8b844f20a87853f695eb6d6405d77ecdd7e4a,88,88
21735,utt_0799502d15389341afe7::p0003-p0004,utt_0799502d15389341afe7::p0003-p0004,2890f54881939d0c2514d73ee60c78d9878506cb146de51b7b71cceba2cda7fe,2890f54881939d0c2514d73ee60c78d9878506cb146de51b7b71cceba2cda7fe,67,67
21735,utt_0799502d15389341afe7::p0005,utt_0799502d15389341afe7::p0005,8209258bb8d966c1aa5be2c60d9e03f7ddc608b0ff2a5e428d8fb01fad4a1e1b,8209258bb8d966c1aa5be2c60d9e03f7ddc608b0ff2a5e428d8fb01fad4a1e1b,79,79
21735,utt_0799502d15389341afe7::p0006-p0007,utt_0799502d15389341afe7::p0006-p0009,919149da28f2318991107bdf156421f693aa70ad8767d9795ca53433f5c20d36,6b67d48a28c55c5de145c2677ee88516ece051c1ac9b9f3c198dd9307d1402b1,131,158
21735,utt_0799502d15389341afe7::p0008-p0009,utt_0799502d15389341afe7::p0006-p0009,19973dac1ab4ef56da76eb9d1f3263e72ac214da5261c548ed75af7ef4bf95ac,6b67d48a28c55c5de145c2677ee88516ece051c1ac9b9f3c198dd9307d1402b1,27,158
21735,utt_45122dcaff7f86cadebd::p0001-p0002,utt_45122dcaff7f86cadebd::p0001-p0002,b9b3e45c942dc2bded04904f092f9ea4b58266f386ea2ba1aa3bb07c1d551488,b9b3e45c942dc2bded04904f092f9ea4b58266f386ea2ba1aa3bb07c1d551488,148,148
21735,utt_45122dcaff7f86cadebd::p0003-p0004,utt_45122dcaff7f86cadebd::p0003-p0004,978c04996c753de47e4ef3a0935d29b8f322c7ae17915781ecc9675869d45508,978c04996c753de47e4ef3a0935d29b8f322c7ae17915781ecc9675869d45508,88,88
21735,utt_45122dcaff7f86cadebd::p0005,utt_45122dcaff7f86cadebd::p0005,69eca993b280f2c7e39561c0ee642523decc5c3d7e1493d8447c5c0f7394e2f4,69eca993b280f2c7e39561c0ee642523decc5c3d7e1493d8447c5c0f7394e2f4,62,62
21735,utt_45122dcaff7f86cadebd::p0006,utt_45122dcaff7f86cadebd::p0006,ea5d682f6f5f5e6d07b0c74879a781e7aca68304cadb12ab551414ee62b1ab9d,ea5d682f6f5f5e6d07b0c74879a781e7aca68304cadb12ab551414ee62b1ab9d,52,52
21735,utt_45122dcaff7f86cadebd::p0007,utt_45122dcaff7f86cadebd::p0007,faa93a13dc285cd9a1c46e51c71be9dc47201afd6be8d3fb69543d00fde2eae5,faa93a13dc285cd9a1c46e51c71be9dc47201afd6be8d3fb69543d00fde2eae5,55,55
21735,utt_45122dcaff7f86cadebd::p0008-p0009,utt_45122dcaff7f86cadebd::p0008-p0009,74a45100dea457fbe8a5f013f28515967b603cec5ce6084d8de4c58bd2890177,74a45100dea457fbe8a5f013f28515967b603cec5ce6084d8de4c58bd2890177,64,64
21735,utt_8bc5bfa061b20cf26db5::p0001,utt_8bc5bfa061b20cf26db5::p0001,025aab168609b7d8944c6f1dca5afeea08a5fa5502bb9923d8146c549a1130f6,025aab168609b7d8944c6f1dca5afeea08a5fa5502bb9923d8146c549a1130f6,72,72
21735,utt_8bc5bfa061b20cf26db5::p0002-p0005,utt_8bc5bfa061b20cf26db5::p0002-p0005,22eb074ce9f73f3ca79e9536adc7f7f0a334d1b4c1e4f4b5a1b79ad48b41a333,22eb074ce9f73f3ca79e9536adc7f7f0a334d1b4c1e4f4b5a1b79ad48b41a333,144,144
21735,utt_8bc5bfa061b20cf26db5::p0006-p0009,utt_8bc5bfa061b20cf26db5::p0006-p0009,a98654fbb9d514b31294250b043dd1e5a7e849e76625b9d493abafe6774588d6,a98654fbb9d514b31294250b043dd1e5a7e849e76625b9d493abafe6774588d6,142,142
21735,utt_8bc5bfa061b20cf26db5::p0010-p0013,utt_8bc5bfa061b20cf26db5::p0010-p0013,f6e39590e2bd226dbfba4d11ea13820ecb099e14f3de691fb6f4ad93f29829da,f6e39590e2bd226dbfba4d11ea13820ecb099e14f3de691fb6f4ad93f29829da,130,130
21735,utt_6cf28562034639b09342::p0001-p0002,utt_6cf28562034639b09342::p0001-p0002,590f8655e24c2bb0dffc9cfd555f45611cd60b0a9455c5df457f59b09044be6f,590f8655e24c2bb0dffc9cfd555f45611cd60b0a9455c5df457f59b09044be6f,105,105
21735,utt_6cf28562034639b09342::p0003,utt_6cf28562034639b09342::p0003,6e63e8678c6f476cd2b1ee03fbf29ad134be301bcd5a5a5456335f8eda7a3b39,6e63e8678c6f476cd2b1ee03fbf29ad134be301bcd5a5a5456335f8eda7a3b39,69,69
21735,utt_6cf28562034639b09342::p0004,utt_6cf28562034639b09342::p0004,c3e82f90ae89a893d5b733241f45a75bdb2a5ef6ba36a04430fe683962d92b6a,c3e82f90ae89a893d5b733241f45a75bdb2a5ef6ba36a04430fe683962d92b6a,50,50
21735,utt_6cf28562034639b09342::p0005-p0006,utt_6cf28562034639b09342::p0005-p0006,b8cbfa6bf275a02407ffd086d5e1dde4a3811109c6e13b8fe7c180d8b92605c1,b8cbfa6bf275a02407ffd086d5e1dde4a3811109c6e13b8fe7c180d8b92605c1,131,131
21735,utt_6cf28562034639b09342::p0007-p0011,utt_6cf28562034639b09342::p0007-p0011,b78ee3707eea1cec111373b29426db1dd7a90039ad87b6a59458fc348d3447ee,b78ee3707eea1cec111373b29426db1dd7a90039ad87b6a59458fc348d3447ee,147,147
21735,utt_70d0c40049d8e95434e3::p0001-p0003,utt_70d0c40049d8e95434e3::p0001-p0003,9f4a8855a744a4e9a9644607d31fda3ebdf9ef9e9277eec006f18fab873db96e,9f4a8855a744a4e9a9644607d31fda3ebdf9ef9e9277eec006f18fab873db96e,108,108
21735,utt_70d0c40049d8e95434e3::p0004-p0006,utt_70d0c40049d8e95434e3::p0004-p0006,4ad3f0eccc439c1f03374a1999b649e63db42ee96ff5369af3af30b90f396280,4ad3f0eccc439c1f03374a1999b649e63db42ee96ff5369af3af30b90f396280,147,147
21735,utt_70d0c40049d8e95434e3::p0007,utt_70d0c40049d8e95434e3::p0007,c33b6ad03eb172437be0fb9934198417de1aa387335e82b94e60cdd6d2f58dc8,c33b6ad03eb172437be0fb9934198417de1aa387335e82b94e60cdd6d2f58dc8,63,63
21735,utt_70d0c40049d8e95434e3::p0008-p0010,utt_70d0c40049d8e95434e3::p0008-p0010,e501b54314ad0ba623c21de0e3ee02b18ef1ca59af86544030d8b652f2f2ed82,e501b54314ad0ba623c21de0e3ee02b18ef1ca59af86544030d8b652f2f2ed82,106,106
21735,utt_4114a65ab4614d1c3e5e::p0001-p0003,utt_4114a65ab4614d1c3e5e::p0001-p0003,7f317e46e16a72a173d2d1d1b2eb7d54e8360ac2208be61e52cfc402218170a3,7f317e46e16a72a173d2d1d1b2eb7d54e8360ac2208be61e52cfc402218170a3,148,148
21735,utt_4114a65ab4614d1c3e5e::p0004-p0006,utt_4114a65ab4614d1c3e5e::p0004-p0006,ef161db6e1c87c8651f9a1cff786cdf18278e088a6ba32bdab2973e7b8fd726f,ef161db6e1c87c8651f9a1cff786cdf18278e088a6ba32bdab2973e7b8fd726f,146,146
21735,utt_4114a65ab4614d1c3e5e::p0007-p0009,utt_4114a65ab4614d1c3e5e::p0007-p0009,bf5b1e4661b9d014d8463ec319e49450754edad7054548d68e30b9258162f5cd,bf5b1e4661b9d014d8463ec319e49450754edad7054548d68e30b9258162f5cd,109,109
21735,utt_4114a65ab4614d1c3e5e::p0010-p0013,utt_4114a65ab4614d1c3e5e::p0010-p0013,32b0ea2361d7370a6145cdccabefcb936866661eb59c95cb7d2e10a3d4efa67b,32b0ea2361d7370a6145cdccabefcb936866661eb59c95cb7d2e10a3d4efa67b,124,124
21735,utt_808a10bdc91f12ed3262::p0001-p0004,utt_808a10bdc91f12ed3262::p0001-p0004,b9cc15a40c8c9cd97988514a9bfc1f72d5142aec6ddc2890cd8c024f68161982,b9cc15a40c8c9cd97988514a9bfc1f72d5142aec6ddc2890cd8c024f68161982,148,148
21735,utt_808a10bdc91f12ed3262::p0005-p0007,utt_808a10bdc91f12ed3262::p0005-p0007,1d276ee527886bda87bfa0a7a57d538ca27a78bf70f9d7c0f5df457e708e904a,1d276ee527886bda87bfa0a7a57d538ca27a78bf70f9d7c0f5df457e708e904a,150,150
21735,utt_808a10bdc91f12ed3262::p0008-p0012,utt_808a10bdc91f12ed3262::p0008-p0012,5cf3d2995bfc6594976f72fcb7eec9f57f0d4e124c95e7eab2075270460e7b27,5cf3d2995bfc6594976f72fcb7eec9f57f0d4e124c95e7eab2075270460e7b27,96,96
21735,utt_6504e5fa82da1383dc00::p0001-p0003,utt_6504e5fa82da1383dc00::p0001-p0003,99fbaf290e61695a99dda3093a8bf4299b27d1cde63c195c7f03f49d5f756114,99fbaf290e61695a99dda3093a8bf4299b27d1cde63c195c7f03f49d5f756114,133,133
21735,utt_6504e5fa82da1383dc00::p0004-p0008,utt_6504e5fa82da1383dc00::p0004-p0008,c2ae0a4d9032bfb02d2b4d8e1c240c23a015d7fe03d36b22b11ee55e0821617b,c2ae0a4d9032bfb02d2b4d8e1c240c23a015d7fe03d36b22b11ee55e0821617b,143,143
21735,utt_e1bb43d356043fdfd491::p0001-p0003,utt_e1bb43d356043fdfd491::p0001-p0003,a01d5bc9f927484142c78331481dece29eb35cf0e1c49c2284d32f5b0a2cc9ef,a01d5bc9f927484142c78331481dece29eb35cf0e1c49c2284d32f5b0a2cc9ef,130,130
21735,utt_e1bb43d356043fdfd491::p0004-p0008,utt_e1bb43d356043fdfd491::p0004-p0011,475f65116b149ee06b766f006d4d5427071d2199b4f876229efeb3a58c9bd5fb,b84b4382ecc565017c4af146bb4dd75f9f1fd71c0be2ce19619b1371b896a2dc,147,172
21735,utt_e1bb43d356043fdfd491::p0009-p0011,utt_e1bb43d356043fdfd491::p0004-p0011,7e2482dc00e3c4c162104dd9284436c58ceb875edf19e0523db08b598041e097,b84b4382ecc565017c4af146bb4dd75f9f1fd71c0be2ce19619b1371b896a2dc,25,172
21735,utt_e5e718cc6470367460d7::p0001-p0003,utt_e5e718cc6470367460d7::p0001-p0003,a1c2285bbc0e5182e3390d36ab676bdfcbeb8e0e672fb2e0df0a4674d05e5a35,a1c2285bbc0e5182e3390d36ab676bdfcbeb8e0e672fb2e0df0a4674d05e5a35,130,130
21735,utt_e5e718cc6470367460d7::p0004-p0005,utt_e5e718cc6470367460d7::p0004-p0005,49272f3e09ba3c589fbd5a3448ff7588a631ade02dfa7a9dcd69f1705169e691,49272f3e09ba3c589fbd5a3448ff7588a631ade02dfa7a9dcd69f1705169e691,92,92
21735,utt_e5e718cc6470367460d7::p0006,utt_e5e718cc6470367460d7::p0006,bf6362277d3ca99dd4002f69d769f2a40d67479976818ab8320c1c0fe7a26d13,bf6362277d3ca99dd4002f69d769f2a40d67479976818ab8320c1c0fe7a26d13,82,82
21735,utt_e5e718cc6470367460d7::p0007-p0009,utt_e5e718cc6470367460d7::p0007-p0009,9b2f2f1f15ff9a7221b984081d958dfd90f5c140321557d17f7fb103a3653e1c,9b2f2f1f15ff9a7221b984081d958dfd90f5c140321557d17f7fb103a3653e1c,97,97
21735,utt_e66dbc5ca218d8eeca09::p0001-p0003,utt_e66dbc5ca218d8eeca09::p0001-p0003,47a659587bed6906a0dead90821389040bce83423437a083d9dfd42ff5acc958,47a659587bed6906a0dead90821389040bce83423437a083d9dfd42ff5acc958,133,133
21735,utt_e66dbc5ca218d8eeca09::p0004-p0005,utt_e66dbc5ca218d8eeca09::p0004-p0005,f6d41285e26246f59f2139201e0eebd4afe089785cbd3ad999ae090cdd66aacc,f6d41285e26246f59f2139201e0eebd4afe089785cbd3ad999ae090cdd66aacc,72,72
21735,utt_c591374152b961001217::p0001-p0002,utt_c591374152b961001217::p0001-p0002,1c10eff19d5d3bdb71824e8e85b8fcf70c2d3c62f51ed24ff66904689048fe04,1c10eff19d5d3bdb71824e8e85b8fcf70c2d3c62f51ed24ff66904689048fe04,107,107
21735,utt_c591374152b961001217::p0003,utt_c591374152b961001217::p0003,bf2f63bdecfdac799caeda164fa50189893f3339d750797bcf075bd170f898b3,bf2f63bdecfdac799caeda164fa50189893f3339d750797bcf075bd170f898b3,53,53
21735,utt_c591374152b961001217::p0004-p0005,utt_c591374152b961001217::p0004-p0005,d7ff2abb277811943d04641a33558d9bb65d014e3bd78e48d4f03477890f0991,d7ff2abb277811943d04641a33558d9bb65d014e3bd78e48d4f03477890f0991,68,68
21735,utt_798737b416f1ce2da632::p0001-p0002,utt_798737b416f1ce2da632::p0001-p0002,6b4d49b5cc97232f58c50d198d8bfe58f8a07bc5e76fda30957a851db31e5e14,6b4d49b5cc97232f58c50d198d8bfe58f8a07bc5e76fda30957a851db31e5e14,76,76
21735,utt_798737b416f1ce2da632::p0003-p0004,utt_798737b416f1ce2da632::p0003-p0004,7b9ec4cf7faf9e5c85df32bfc3509c20a312534e9775898c11b79ff64501787b,7b9ec4cf7faf9e5c85df32bfc3509c20a312534e9775898c11b79ff64501787b,77,77
21735,utt_798737b416f1ce2da632::p0005-p0007,utt_798737b416f1ce2da632::p0005-p0007,77799c50a1441eb38606a86bf1c550b9b6169dc144f5b25a118dc63cba99f175,77799c50a1441eb38606a86bf1c550b9b6169dc144f5b25a118dc63cba99f175,140,140
21735,utt_798737b416f1ce2da632::p0008-p0010,utt_798737b416f1ce2da632::p0008-p0010,913150fcc1c3aacf0e33f3def7e5cd1282bd3c3bcafa878dea1e810660c235a0,913150fcc1c3aacf0e33f3def7e5cd1282bd3c3bcafa878dea1e810660c235a0,76,76
21735,utt_78d2d2d5d8d2169ea31a::p0001-p0002,utt_78d2d2d5d8d2169ea31a::p0001-p0002,d91dcdc7868e4a9464caf07ba0fa42e02d2bf28029d341c7874f34d304895024,d91dcdc7868e4a9464caf07ba0fa42e02d2bf28029d341c7874f34d304895024,86,86
21735,utt_78d2d2d5d8d2169ea31a::p0003-p0005,utt_78d2d2d5d8d2169ea31a::p0003-p0005,c3954e792e79a3b0db331b9639c7fef9f47de0e07d0cd4e876dd367751a17f2b,c3954e792e79a3b0db331b9639c7fef9f47de0e07d0cd4e876dd367751a17f2b,150,150
21735,utt_78d2d2d5d8d2169ea31a::p0006-p0008,utt_78d2d2d5d8d2169ea31a::p0006-p0010,e27cb5136ae15094e18e66eac1b908f3ff30264ebadd234b9e920a01f4f8e7ed,c83d5e76624bbc3e4d0e7d9fe7a6ceb41ae761d514fb8bd2c108c2666baa9af8,113,158
21735,utt_78d2d2d5d8d2169ea31a::p0009-p0010,utt_78d2d2d5d8d2169ea31a::p0006-p0010,1cfcf216751f92df66bf071980a1983077c175e3c613a155046ca7d0709952fa,c83d5e76624bbc3e4d0e7d9fe7a6ceb41ae761d514fb8bd2c108c2666baa9af8,45,158
21735,utt_a8f49421680cbc0d1e84::p0001,utt_a8f49421680cbc0d1e84::p0001,7ebc174a83949beb23d60adba3600144e951e7c1325ab2b1c1c4e182fe97a7a9,7ebc174a83949beb23d60adba3600144e951e7c1325ab2b1c1c4e182fe97a7a9,12,12
21735,utt_2a9acebd81d4353ace3a::p0001,utt_2a9acebd81d4353ace3a::p0001,d3489b3d44b3431a8aa278a793181c02e0f5ec1f43e2c485022446458228d55a,d3489b3d44b3431a8aa278a793181c02e0f5ec1f43e2c485022446458228d55a,19,19
21735,utt_eb87687f7fa41faa7efc::p0001-p0002,utt_eb87687f7fa41faa7efc::p0001-p0002,c12634fa1b4fd91b1629cb483f3eb1094f54ecbd0a23b743d2207680169c1916,c12634fa1b4fd91b1629cb483f3eb1094f54ecbd0a23b743d2207680169c1916,13,13
21735,utt_a17ff628c52ce0bdd666::p0001-p0002,utt_a17ff628c52ce0bdd666::p0001-p0002,3bb6550afe5f48c69602d794373cd97b451cd68c75ec686118c0733159a8c527,3bb6550afe5f48c69602d794373cd97b451cd68c75ec686118c0733159a8c527,83,83
21735,utt_a17ff628c52ce0bdd666::p0003,utt_a17ff628c52ce0bdd666::p0003,b899960e68f61f1f091a0026feef44e542839eaca8af3f3d147a4b5fab74bafd,b899960e68f61f1f091a0026feef44e542839eaca8af3f3d147a4b5fab74bafd,111,111
21735,utt_a17ff628c52ce0bdd666::p0004,utt_a17ff628c52ce0bdd666::p0004,fabcb7ce138a23d401a31b13c384606e935795f96e05bfa3056aae18bb1431c2,fabcb7ce138a23d401a31b13c384606e935795f96e05bfa3056aae18bb1431c2,58,58
21735,utt_a17ff628c52ce0bdd666::p0005,utt_a17ff628c52ce0bdd666::p0005,79d4819f458b5daa814deb6af1f336a1bc1087e26399eb7f5076dcb1aa2b887c,79d4819f458b5daa814deb6af1f336a1bc1087e26399eb7f5076dcb1aa2b887c,68,68
21735,utt_a17ff628c52ce0bdd666::p0006-p0008,utt_a17ff628c52ce0bdd666::p0006-p0008,210e7fa94ff7a433d0a3f9a1e7bd9e114256b917957604f06ff487686c3ba6ff,210e7fa94ff7a433d0a3f9a1e7bd9e114256b917957604f06ff487686c3ba6ff,102,102
21735,utt_178fd27cb22abe35bcc1::p0001,utt_178fd27cb22abe35bcc1::p0001,18f9ec01c205f127fd995c3c326ecdb20c35bdb29c0f5ccd43c22dc7280bdc4d,18f9ec01c205f127fd995c3c326ecdb20c35bdb29c0f5ccd43c22dc7280bdc4d,64,64
21735,utt_178fd27cb22abe35bcc1::p0002-p0003,utt_178fd27cb22abe35bcc1::p0002-p0003,92a5aa03817960adf3df90107f6de1507913cc5917b0f8fd9fb42f672b539e65,92a5aa03817960adf3df90107f6de1507913cc5917b0f8fd9fb42f672b539e65,107,107
21735,utt_178fd27cb22abe35bcc1::p0004-p0005,utt_178fd27cb22abe35bcc1::p0004-p0005,f235702573679827f17d7236a6217c7760da3887e28694ff7713204012f46817,f235702573679827f17d7236a6217c7760da3887e28694ff7713204012f46817,143,143
21735,utt_178fd27cb22abe35bcc1::p0006-p0007,utt_178fd27cb22abe35bcc1::p0006-p0007,8143b577b4930dc93d6d78754af7a80cd9edb416aea67f207a957e7979e6dbac,8143b577b4930dc93d6d78754af7a80cd9edb416aea67f207a957e7979e6dbac,60,60
21735,utt_178fd27cb22abe35bcc1::p0008-p0009,utt_178fd27cb22abe35bcc1::p0008-p0009,48590c8f4699cc45538d93a24511f9c8b781c68492f54ceb044a2b45750d1a40,48590c8f4699cc45538d93a24511f9c8b781c68492f54ceb044a2b45750d1a40,95,95
21735,utt_38391ab9807b176f184c::p0001-p0002,utt_38391ab9807b176f184c::p0001-p0002,e9be6fef0e6b81b703d79229500ad6bd38ead0c7bfe8869d6e87c9ec3791b2cf,e9be6fef0e6b81b703d79229500ad6bd38ead0c7bfe8869d6e87c9ec3791b2cf,106,106
21735,utt_38391ab9807b176f184c::p0003-p0004,utt_38391ab9807b176f184c::p0003-p0004,9c3f255361a8bf470c23dac1cd18c1cb346a8ae6dc217ac7d76b1892412853fc,9c3f255361a8bf470c23dac1cd18c1cb346a8ae6dc217ac7d76b1892412853fc,109,109
21735,utt_38391ab9807b176f184c::p0005-p0007,utt_38391ab9807b176f184c::p0005-p0007,e0e571bd9c7dc2c7ea3afe1b0cff7768b554029705582a46ea03bed31437736b,e0e571bd9c7dc2c7ea3afe1b0cff7768b554029705582a46ea03bed31437736b,62,62
21735,utt_5fb7b75d37594115562c::p0001,utt_5fb7b75d37594115562c::p0001,38ca851d679384d472ae77e619da46e5862b2e1fa6e8735b43f40f5e9cef9770,38ca851d679384d472ae77e619da46e5862b2e1fa6e8735b43f40f5e9cef9770,77,77
21735,utt_5fb7b75d37594115562c::p0002,utt_5fb7b75d37594115562c::p0002,c082c141b62425791f77c8b4e1e24ba63dda64b179fd4db03e55b58507db0d79,c082c141b62425791f77c8b4e1e24ba63dda64b179fd4db03e55b58507db0d79,125,125
21735,utt_5fb7b75d37594115562c::p0003,utt_5fb7b75d37594115562c::p0003,9c9c825b59a12eb997badea30f80d6717bbbe7fdd635c44f5e3fa4ad692b74ac,9c9c825b59a12eb997badea30f80d6717bbbe7fdd635c44f5e3fa4ad692b74ac,63,63
21735,utt_5fb7b75d37594115562c::p0004-p0005,utt_5fb7b75d37594115562c::p0004-p0005,dd70378a6725bcbb7f1913b67401657a53669ccb892d31a4e32f912be0784cda,dd70378a6725bcbb7f1913b67401657a53669ccb892d31a4e32f912be0784cda,59,59
21735,utt_1210b42896bf885e9cc2::p0001-p0003,utt_1210b42896bf885e9cc2::p0001-p0003,c5c28bea3acbbc34815d83159b4332086d63f0b2201e54428a3c3a97a75ca010,c5c28bea3acbbc34815d83159b4332086d63f0b2201e54428a3c3a97a75ca010,109,109
21735,utt_1210b42896bf885e9cc2::p0004,utt_1210b42896bf885e9cc2::p0004,eb96d6629011d37cd4e65ab939bf4f7064f3a7a545984411e6121c5979443bdf,eb96d6629011d37cd4e65ab939bf4f7064f3a7a545984411e6121c5979443bdf,69,69
21735,utt_1210b42896bf885e9cc2::p0005,utt_1210b42896bf885e9cc2::p0005,2d1227ed825a30a256f65d4bc009e35eb09df9e0df526bab87161c03583a0eff,2d1227ed825a30a256f65d4bc009e35eb09df9e0df526bab87161c03583a0eff,75,75
21735,utt_1210b42896bf885e9cc2::p0006,utt_1210b42896bf885e9cc2::p0006,9c72abce5cbcbe1464af3fcb361f40b14a74fcea435f14d1065f0106533a5de7,9c72abce5cbcbe1464af3fcb361f40b14a74fcea435f14d1065f0106533a5de7,56,56
21735,utt_1210b42896bf885e9cc2::p0007-p0008,utt_1210b42896bf885e9cc2::p0007-p0008,d19d2a62ef7ef2fa9753ac9ae4b129392117f95af14ce0664c06442bd556945d,d19d2a62ef7ef2fa9753ac9ae4b129392117f95af14ce0664c06442bd556945d,92,92
21735,utt_f29c54bf586f2e6fbf11::p0001,utt_f29c54bf586f2e6fbf11::p0001,b5f6de8153ec6a9176268fb136b6cff88112089ed968e2d4c87eeae9b2a9f9b6,b5f6de8153ec6a9176268fb136b6cff88112089ed968e2d4c87eeae9b2a9f9b6,97,97
21735,utt_f29c54bf586f2e6fbf11::p0002,utt_f29c54bf586f2e6fbf11::p0002,b254e261407af7ceb7e9de8ad88cf69ec9ea810c4e4b8e742af73fee08caf5ba,b254e261407af7ceb7e9de8ad88cf69ec9ea810c4e4b8e742af73fee08caf5ba,54,54
21735,utt_f29c54bf586f2e6fbf11::p0003,utt_f29c54bf586f2e6fbf11::p0003,ce1c230d0871e67466a46805d8de5365b39c84990512cf8228f763f1f71fcfe7,ce1c230d0871e67466a46805d8de5365b39c84990512cf8228f763f1f71fcfe7,53,53
21735,utt_f29c54bf586f2e6fbf11::p0004-p0007,utt_f29c54bf586f2e6fbf11::p0004-p0007,7bf79a4ec494a0fe4da173cc17a7cfa7e3c7f02a3397b84ad3ad4869e78cc5b9,7bf79a4ec494a0fe4da173cc17a7cfa7e3c7f02a3397b84ad3ad4869e78cc5b9,149,149
21735,utt_926dc3175260492708fe::p0001-p0002,utt_926dc3175260492708fe::p0001-p0002,5d3ca085504055aa49861cf1d1aa4a93cc267ac427a36f7747fb87b5b13c6ca9,5d3ca085504055aa49861cf1d1aa4a93cc267ac427a36f7747fb87b5b13c6ca9,104,104
21735,utt_42586df6b78ff250e2c0::p0001,utt_42586df6b78ff250e2c0::p0001,f0d24ff3317a313a823b0d2622fbd1653000bca1af74b59c10642e01fde2daa1,f0d24ff3317a313a823b0d2622fbd1653000bca1af74b59c10642e01fde2daa1,12,12
21735,utt_2999a67f67e07fc9c188::p0001-p0002,utt_2999a67f67e07fc9c188::p0001-p0002,a890ac2f15f22adad573787e5883e32e66d4c6c50616728eb794aa053157c7bd,a890ac2f15f22adad573787e5883e32e66d4c6c50616728eb794aa053157c7bd,39,39
21735,utt_3d553deb77a7491d3e29::p0001,utt_3d553deb77a7491d3e29::p0001,cd224975056f14568df01cdf412ffaa12efba3ebc94121f0b6284e4f9fc9bc1b,cd224975056f14568df01cdf412ffaa12efba3ebc94121f0b6284e4f9fc9bc1b,17,17
21735,utt_8028f038b7c31a08d628::p0001,utt_8028f038b7c31a08d628::p0001-p0002,ed8928032f694bde0ed6b2d2f74163901b0a39bb064cc4541c479bf5b57a7891,40f687a0d8ad15d8b30404f029ba6c891840d33813022be492d841da48734d16,36,174
21735,utt_8028f038b7c31a08d628::p0002,utt_8028f038b7c31a08d628::p0001-p0002,83a924344e61bc034b46078c54fcee977668f89baaa75da8fd1184f34ea958b6,40f687a0d8ad15d8b30404f029ba6c891840d33813022be492d841da48734d16,138,174
21735,utt_8028f038b7c31a08d628::p0003,utt_8028f038b7c31a08d628::p0003,674131dbcb0d79612ad3b415dd9038ada7f413e10ac7119f044041a68e660180,674131dbcb0d79612ad3b415dd9038ada7f413e10ac7119f044041a68e660180,128,128
21735,utt_8028f038b7c31a08d628::p0004-p0005,utt_8028f038b7c31a08d628::p0004-p0005,271a5508dd2f96a305617809a5fab4419f198570cde17a90922ab874d95cf33f,271a5508dd2f96a305617809a5fab4419f198570cde17a90922ab874d95cf33f,111,111
21735,utt_8028f038b7c31a08d628::p0006-p0007,utt_8028f038b7c31a08d628::p0006-p0007,92cbca7b1dadeba2042f07f7820dfd2049169f075a328b402215e941d5eb05b0,92cbca7b1dadeba2042f07f7820dfd2049169f075a328b402215e941d5eb05b0,84,84
21735,utt_cc091496c24c9ab2bb2f::p0001,utt_cc091496c24c9ab2bb2f::p0001,65f103045528b892e897efe2c8565f9f2a670665abbd4056d43a3d841da8af67,65f103045528b892e897efe2c8565f9f2a670665abbd4056d43a3d841da8af67,25,25
21735,utt_1bbb0260414b6ca4bb52::p0001,utt_1bbb0260414b6ca4bb52::p0001,69c0f2a15849a8817f877e032ddf4f8689335bc3fbf22b846991eff2bcce01f6,69c0f2a15849a8817f877e032ddf4f8689335bc3fbf22b846991eff2bcce01f6,71,71
21735,utt_1bbb0260414b6ca4bb52::p0002,utt_1bbb0260414b6ca4bb52::p0002,a4cedffb7e1907942b3b0e780dfd99c0ff5a1ea0106565dbf319459e33f31de5,a4cedffb7e1907942b3b0e780dfd99c0ff5a1ea0106565dbf319459e33f31de5,74,74
21735,utt_1bbb0260414b6ca4bb52::p0003-p0005,utt_1bbb0260414b6ca4bb52::p0003-p0005,1138e5b533105e9de1ddae66ccd707e0b25e27edb8c3408f5734af08bba4af90,1138e5b533105e9de1ddae66ccd707e0b25e27edb8c3408f5734af08bba4af90,142,142
21735,utt_1bbb0260414b6ca4bb52::p0006-p0008,utt_1bbb0260414b6ca4bb52::p0006-p0008,3f228dfd08ffaa10c7ebe7b1de3a31178de33b788161167b94e88041a8a3b006,3f228dfd08ffaa10c7ebe7b1de3a31178de33b788161167b94e88041a8a3b006,133,133
21735,utt_1bbb0260414b6ca4bb52::p0009-p0011,utt_1bbb0260414b6ca4bb52::p0009-p0011,60add88adb6b84241af390ee6646d5baae161e656c14bb4964d5b5f4d466cc12,60add88adb6b84241af390ee6646d5baae161e656c14bb4964d5b5f4d466cc12,68,68
21735,utt_20467e4966a2371f588e::p0001,utt_20467e4966a2371f588e::p0001,ec980e7c1187dd5ae348ff9365ce19b496b11351a9db66d1db5b8bd22451294a,ec980e7c1187dd5ae348ff9365ce19b496b11351a9db66d1db5b8bd22451294a,54,54
21735,utt_20467e4966a2371f588e::p0002,utt_20467e4966a2371f588e::p0002,02ee6e96b13d1cd68211808a7ad4687762f1cc38020969caba890b052ad3617d,02ee6e96b13d1cd68211808a7ad4687762f1cc38020969caba890b052ad3617d,78,78
21735,utt_20467e4966a2371f588e::p0003,utt_20467e4966a2371f588e::p0003,d0c572c347b9dc82aa5b0902f8bc025010a2ee4a30481778de01aafda8375ee3,d0c572c347b9dc82aa5b0902f8bc025010a2ee4a30481778de01aafda8375ee3,61,61
21735,utt_20467e4966a2371f588e::p0004,utt_20467e4966a2371f588e::p0004,1a815f65395a14ea558e02f895b4897af39cdcf0462a7e63d54648fdbcc9cb0f,1a815f65395a14ea558e02f895b4897af39cdcf0462a7e63d54648fdbcc9cb0f,134,134
21735,utt_20467e4966a2371f588e::p0005-p0006,utt_20467e4966a2371f588e::p0005-p0006,3ba3b92c38e6f1599a300701c34c8c3c9ce68c8f687eb1aa6f3b35d65ab07052,3ba3b92c38e6f1599a300701c34c8c3c9ce68c8f687eb1aa6f3b35d65ab07052,87,87
21735,utt_5d073f31d69530c74b9b::p0001-p0003,utt_5d073f31d69530c74b9b::p0001-p0003,4c277ca7ea0a4a39a93ebbf33ed46ab9f3d3e8f02994a13a5de6f5295df06fd1,4c277ca7ea0a4a39a93ebbf33ed46ab9f3d3e8f02994a13a5de6f5295df06fd1,121,121
21735,utt_5d073f31d69530c74b9b::p0004-p0006,utt_5d073f31d69530c74b9b::p0004-p0006,344da42841ebaf69724d4ef9ffd9ff12f67b20a9be1fd52bee9f37b3a2302545,344da42841ebaf69724d4ef9ffd9ff12f67b20a9be1fd52bee9f37b3a2302545,142,142
21735,utt_5d073f31d69530c74b9b::p0007-p0009,utt_5d073f31d69530c74b9b::p0007-p0009,874a6b18d2628c17fa4cb2b1864d1ac0f3c78fbfb9286aac259b33c7cd52b4ab,874a6b18d2628c17fa4cb2b1864d1ac0f3c78fbfb9286aac259b33c7cd52b4ab,117,117
21735,utt_6502d5d0ea7ea585f007::p0001,utt_6502d5d0ea7ea585f007::p0001,c05f47fabe98e06c11d782e4e3423cdf6664b70b9948822f4c007f57cc8dde86,c05f47fabe98e06c11d782e4e3423cdf6664b70b9948822f4c007f57cc8dde86,68,68
21735,utt_6502d5d0ea7ea585f007::p0002,utt_6502d5d0ea7ea585f007::p0002,a88a5406e31a6e304966ca25f334b88df2f4a517274e308a47b7e69480d749c9,a88a5406e31a6e304966ca25f334b88df2f4a517274e308a47b7e69480d749c9,60,60
21735,utt_6502d5d0ea7ea585f007::p0003,utt_6502d5d0ea7ea585f007::p0003,5fa74c3a41e1b0a8e987d2034ca54f16817624c73a6dd03a5a781bec567a1739,5fa74c3a41e1b0a8e987d2034ca54f16817624c73a6dd03a5a781bec567a1739,106,106
21735,utt_6502d5d0ea7ea585f007::p0004-p0006,utt_6502d5d0ea7ea585f007::p0004-p0008,9bb602f521234bf57250bc74b498dbe8b7d1b3f63fcd61b1f1d62c1891ccbeab,c65e926ff0944385f92df1c42fb1b2aef583664d67fecc1d3ae3f226c0d0cf8b,133,175
21735,utt_6502d5d0ea7ea585f007::p0007-p0008,utt_6502d5d0ea7ea585f007::p0004-p0008,f96911ba9407e0c72f1b3808572d983a584b2fff2582870da2c444db1b584a2f,c65e926ff0944385f92df1c42fb1b2aef583664d67fecc1d3ae3f226c0d0cf8b,42,175
21735,utt_ff7f875f1c21ea0e73f5::p0001-p0002,utt_ff7f875f1c21ea0e73f5::p0001-p0002,9bf36f07b731f05e6fab9f13c5ab7ef4f47581e8856b9d4cc9e6b965e7850be9,9bf36f07b731f05e6fab9f13c5ab7ef4f47581e8856b9d4cc9e6b965e7850be9,114,114
21735,utt_ff7f875f1c21ea0e73f5::p0003-p0005,utt_ff7f875f1c21ea0e73f5::p0003-p0005,0b5f2aa724beefedaf4944052b65a1d231198e4465d77c532a02fb4929039b42,0b5f2aa724beefedaf4944052b65a1d231198e4465d77c532a02fb4929039b42,126,126
21735,utt_ff7f875f1c21ea0e73f5::p0006-p0007,utt_ff7f875f1c21ea0e73f5::p0006-p0007,eb06a1621c318ecf4952e79fa0b74c94e572095ccfebb47bb31bc8ac5d7527e6,eb06a1621c318ecf4952e79fa0b74c94e572095ccfebb47bb31bc8ac5d7527e6,112,112
21735,utt_ff7f875f1c21ea0e73f5::p0008-p0011,utt_ff7f875f1c21ea0e73f5::p0008-p0011,6e3fef3c1c322f47934fcebaf7041c22feeb37c2ce0bea26e318b5ae201d5f3b,6e3fef3c1c322f47934fcebaf7041c22feeb37c2ce0bea26e318b5ae201d5f3b,124,124
21735,utt_ba11b84bb0f523043d42::p0001-p0003,utt_ba11b84bb0f523043d42::p0001-p0003,68c6dc150e3edb864fa18b5c6cef430351e64f4f434b1da652567fa54d2211c2,68c6dc150e3edb864fa18b5c6cef430351e64f4f434b1da652567fa54d2211c2,113,113
21735,utt_ba11b84bb0f523043d42::p0004,utt_ba11b84bb0f523043d42::p0004,26ef2ad86cc8e6901c34a324ca6a27c5c59562795cf5f49e854c88a3ada00ce8,26ef2ad86cc8e6901c34a324ca6a27c5c59562795cf5f49e854c88a3ada00ce8,60,60
21735,utt_ba11b84bb0f523043d42::p0005,utt_ba11b84bb0f523043d42::p0005,0093a8edba452f2260b82be9fe17e075e5e8d6b779710bfd42aaa0991a6dd906,0093a8edba452f2260b82be9fe17e075e5e8d6b779710bfd42aaa0991a6dd906,75,75
21735,utt_ba11b84bb0f523043d42::p0006-p0007,utt_ba11b84bb0f523043d42::p0006-p0007,ec88b2605ef37580edac78b4e54bc45120c0538a0a9c2572ec62be05f8dc3976,ec88b2605ef37580edac78b4e54bc45120c0538a0a9c2572ec62be05f8dc3976,86,86
21735,utt_ba11b84bb0f523043d42::p0008,utt_ba11b84bb0f523043d42::p0008,383c575666f717e1a6943439c1d84bf486fd1e1077e98f3a14508371f0808819,383c575666f717e1a6943439c1d84bf486fd1e1077e98f3a14508371f0808819,98,98
21735,utt_ba11b84bb0f523043d42::p0009-p0011,utt_ba11b84bb0f523043d42::p0009-p0011,d6868f98e438353630197ace74b450f71aa81d01bb26019af3dc9e762bb3cb7a,d6868f98e438353630197ace74b450f71aa81d01bb26019af3dc9e762bb3cb7a,109,109
21735,utt_be74762267c588bcf018::p0001-p0002,utt_be74762267c588bcf018::p0001-p0002,9d14f6f51053a7fe7e99c72416a0404add5d9d3f33fbf54c58fdf5871ad41984,9d14f6f51053a7fe7e99c72416a0404add5d9d3f33fbf54c58fdf5871ad41984,119,119
21735,utt_dfadfea0c38cc182105e::p0001-p0003,utt_dfadfea0c38cc182105e::p0001-p0003,8ddd98d75abdb41c0e29641a40611dd918d67a8ebfebd78109ac0c05eee663b4,8ddd98d75abdb41c0e29641a40611dd918d67a8ebfebd78109ac0c05eee663b4,132,132
21735,utt_dfadfea0c38cc182105e::p0004-p0005,utt_dfadfea0c38cc182105e::p0004-p0005,fbc12e1d358295bf4ecadc930818b261578c378a47abcbcffbda58c9c32c1000,fbc12e1d358295bf4ecadc930818b261578c378a47abcbcffbda58c9c32c1000,58,58
21735,utt_4585a16b6b203b8f3cf7::p0001-p0004,utt_4585a16b6b203b8f3cf7::p0001-p0004,777827fbbd638c3aaae990b248cc9a7280e6957077b5d4f5596252f88ef2e876,777827fbbd638c3aaae990b248cc9a7280e6957077b5d4f5596252f88ef2e876,145,145
21735,utt_4585a16b6b203b8f3cf7::p0005-p0006,utt_4585a16b6b203b8f3cf7::p0005-p0006,58e67c862d2180bc629a830b016eb27dbc26fc6d8d6af74d5883a67a7330021b,58e67c862d2180bc629a830b016eb27dbc26fc6d8d6af74d5883a67a7330021b,107,107
21735,utt_4585a16b6b203b8f3cf7::p0007-p0010,utt_4585a16b6b203b8f3cf7::p0007-p0012,d396ae1c56bf5734217c868c03128a2d9ae614443da85767fac24e8e65dde3ad,5e5940c21b8c6b50cfbeb29e498086034a459fc5f358ef068feddca6ec33e5ff,142,161
21735,utt_4585a16b6b203b8f3cf7::p0011-p0012,utt_4585a16b6b203b8f3cf7::p0007-p0012,032f5526a88db2aa9b3530cef11544a6d956f06c0bcf6e002b0bb31449abe750,5e5940c21b8c6b50cfbeb29e498086034a459fc5f358ef068feddca6ec33e5ff,19,161
21735,utt_04c23d42e287f74981b6::p0001-p0003,utt_04c23d42e287f74981b6::p0001-p0003,e4d02a05ef2acfc0f9fde8b77cc72c15293ed198423517d486fad09057680d58,e4d02a05ef2acfc0f9fde8b77cc72c15293ed198423517d486fad09057680d58,117,117
21735,utt_04c23d42e287f74981b6::p0004-p0005,utt_04c23d42e287f74981b6::p0004-p0005,94c4087315785c0866f8a177679735dbdb713f7cf27c826a68cca51ad20ff8d0,94c4087315785c0866f8a177679735dbdb713f7cf27c826a68cca51ad20ff8d0,95,95
21735,utt_04c23d42e287f74981b6::p0006-p0008,utt_04c23d42e287f74981b6::p0006-p0008,aaaf5604c1a49877748d888d4f56d66164a291241df1e39d27c2df13e1ad14c3,aaaf5604c1a49877748d888d4f56d66164a291241df1e39d27c2df13e1ad14c3,134,134
21735,utt_04c23d42e287f74981b6::p0009-p0013,utt_04c23d42e287f74981b6::p0009-p0013,de92bbe52ae10ebc4a67d707f20e52fd104df08d224bd00a79eb6a82c78d1ef6,de92bbe52ae10ebc4a67d707f20e52fd104df08d224bd00a79eb6a82c78d1ef6,135,135
21735,utt_2b229c4e4be096cdd476::p0001-p0004,utt_2b229c4e4be096cdd476::p0001-p0004,1c0881c0adf7499dbc145ac216907a3f2ce442f61163cb0b89678a14bd6e2a24,1c0881c0adf7499dbc145ac216907a3f2ce442f61163cb0b89678a14bd6e2a24,131,131
21735,utt_2b229c4e4be096cdd476::p0005-p0006,utt_2b229c4e4be096cdd476::p0005-p0006,8f4cddb6acf1dfeb81a97fbb9a9c1c318d7253b73f1d7abb31f3fdba3cb4fc8a,8f4cddb6acf1dfeb81a97fbb9a9c1c318d7253b73f1d7abb31f3fdba3cb4fc8a,86,86
21735,utt_2b229c4e4be096cdd476::p0007,utt_2b229c4e4be096cdd476::p0007,e5f722167fed05c6c701341530ca8539908c87ba67bf33c0b97f664dcfee835c,e5f722167fed05c6c701341530ca8539908c87ba67bf33c0b97f664dcfee835c,87,87
21735,utt_2b229c4e4be096cdd476::p0008,utt_2b229c4e4be096cdd476::p0008,9243c4d1646fa6aa43ca15cb30dc3f00959a33bb2c558e690433491de7c92a19,9243c4d1646fa6aa43ca15cb30dc3f00959a33bb2c558e690433491de7c92a19,57,57
21735,utt_2b229c4e4be096cdd476::p0009-p0010,utt_2b229c4e4be096cdd476::p0009-p0010,d8faec2930b748e318d80f434c20675bb16111765b97453252e0aab805bd9bab,d8faec2930b748e318d80f434c20675bb16111765b97453252e0aab805bd9bab,116,116
21735,utt_2b229c4e4be096cdd476::p0011-p0014,utt_2b229c4e4be096cdd476::p0011-p0014,92d97c78e9a88cca77e78fce979784d73bd64aed5bc787bc17d92ae3287056e8,92d97c78e9a88cca77e78fce979784d73bd64aed5bc787bc17d92ae3287056e8,110,110
21735,utt_057e2dbd7dbddf5836a2::p0001-p0005,utt_057e2dbd7dbddf5836a2::p0001-p0005,73d9ee916a877ec3ec98b59cc90e3c57be0b1b18cd44caca2fa5aa83a9daabdf,73d9ee916a877ec3ec98b59cc90e3c57be0b1b18cd44caca2fa5aa83a9daabdf,144,144
21735,utt_057e2dbd7dbddf5836a2::p0006-p0009,utt_057e2dbd7dbddf5836a2::p0006-p0009,a721a7cad82b4d8e251a5607e28b31b86b30c20968ca92a57f4b6ca4e4a8c566,a721a7cad82b4d8e251a5607e28b31b86b30c20968ca92a57f4b6ca4e4a8c566,134,134
21735,utt_057e2dbd7dbddf5836a2::p0010-p0013,utt_057e2dbd7dbddf5836a2::p0010-p0013,9e712e1cbb416880bc5bf77442de53aac0e66178a0d03ddfa089365f4151fbfa,9e712e1cbb416880bc5bf77442de53aac0e66178a0d03ddfa089365f4151fbfa,145,145
21735,utt_057e2dbd7dbddf5836a2::p0014-p0016,utt_057e2dbd7dbddf5836a2::p0014-p0016,8b8396993f1f056b7405f523b861a6eb12eb6425b893058a0678031636b40fa5,8b8396993f1f056b7405f523b861a6eb12eb6425b893058a0678031636b40fa5,66,66
21735,utt_e61b49d74b43c4e8ca8b::p0001-p0006,utt_e61b49d74b43c4e8ca8b::p0001-p0006,421949819cf4c3b275cce2706881edfcea29857fa4996be5b60a6509432d340c,421949819cf4c3b275cce2706881edfcea29857fa4996be5b60a6509432d340c,146,146
21735,utt_e61b49d74b43c4e8ca8b::p0007-p0010,utt_e61b49d74b43c4e8ca8b::p0007-p0010,7f5a74476117257b83754f49f9c93c8ac05f087ffc3dfe9a0f33734e043e312f,7f5a74476117257b83754f49f9c93c8ac05f087ffc3dfe9a0f33734e043e312f,145,145
21735,utt_e61b49d74b43c4e8ca8b::p0011-p0013,utt_e61b49d74b43c4e8ca8b::p0011-p0013,788369ed380976250ca5a935f55062faeccbbeb7876a98b5a34bfb029e38ca8f,788369ed380976250ca5a935f55062faeccbbeb7876a98b5a34bfb029e38ca8f,134,134
21735,utt_7965dc364a5655ac3a4d::p0001-p0004,utt_7965dc364a5655ac3a4d::p0001-p0004,8afef0fe174195f891ae875e598789bcd3179646496df4ca52b0ced47d3e1589,8afef0fe174195f891ae875e598789bcd3179646496df4ca52b0ced47d3e1589,147,147
21735,utt_7965dc364a5655ac3a4d::p0005-p0006,utt_7965dc364a5655ac3a4d::p0005-p0006,c70df956c336027e11dd0c7086982c5df3d4156ed68d78d3ed55066f94c205f0,c70df956c336027e11dd0c7086982c5df3d4156ed68d78d3ed55066f94c205f0,85,85
21735,utt_7965dc364a5655ac3a4d::p0007,utt_7965dc364a5655ac3a4d::p0007,77b9a0bddf530b025ecd08fc777476b327c2281f666619101ccc532b6cb69b32,77b9a0bddf530b025ecd08fc777476b327c2281f666619101ccc532b6cb69b32,101,101
21735,utt_7965dc364a5655ac3a4d::p0008,utt_7965dc364a5655ac3a4d::p0008,5cdcbb187d62cbd9b286168098078a274bc75095e236849af0a6a463a3a056d8,5cdcbb187d62cbd9b286168098078a274bc75095e236849af0a6a463a3a056d8,59,59
21735,utt_7965dc364a5655ac3a4d::p0009-p0010,utt_7965dc364a5655ac3a4d::p0009-p0010,67cb429ba1334d8d9da45fdcba33a12dc2f79b3d1f1c506d2284c5f5708ab2c9,67cb429ba1334d8d9da45fdcba33a12dc2f79b3d1f1c506d2284c5f5708ab2c9,74,74
21735,utt_61ff095b7d3dd4da214e::p0001-p0004,utt_61ff095b7d3dd4da214e::p0001-p0004,b3fbb3e1202866f6310708e2d6202691f4ff98e65dce63b5baebf4e5bcf44da7,b3fbb3e1202866f6310708e2d6202691f4ff98e65dce63b5baebf4e5bcf44da7,117,117
21735,utt_61ff095b7d3dd4da214e::p0005-p0007,utt_61ff095b7d3dd4da214e::p0005-p0007,b883250cc2b0000e82c2a0c9514474ea0be39c3a28fb71929a31bbee78b236f4,b883250cc2b0000e82c2a0c9514474ea0be39c3a28fb71929a31bbee78b236f4,134,134
21735,utt_61ff095b7d3dd4da214e::p0008-p0009,utt_61ff095b7d3dd4da214e::p0008-p0009,6f4ca3cfdfeb2ab3d7838843ccbf8c10d894d9644301418947d77afd9908634a,6f4ca3cfdfeb2ab3d7838843ccbf8c10d894d9644301418947d77afd9908634a,75,75
21735,utt_61ff095b7d3dd4da214e::p0010-p0012,utt_61ff095b7d3dd4da214e::p0010-p0012,0f83f25e4be3cb3b9a12e1f8368da7e9b63a2e0d723f0400dbfc523756e3d258,0f83f25e4be3cb3b9a12e1f8368da7e9b63a2e0d723f0400dbfc523756e3d258,99,99
21735,utt_c71ba54dfdd490e84963::p0001,utt_c71ba54dfdd490e84963::p0001,7af0407f9d2ade2012d0e003a5ef6acf33277e94d60b2d3599b48048f3817e50,7af0407f9d2ade2012d0e003a5ef6acf33277e94d60b2d3599b48048f3817e50,52,52
21735,utt_e240ac9067a4ddbc44d3::p0001,utt_e240ac9067a4ddbc44d3::p0001,20cc93a28d2830aa201a9d057d9af0ac6e98e88b924b75aab038b2de4bfcef09,20cc93a28d2830aa201a9d057d9af0ac6e98e88b924b75aab038b2de4bfcef09,63,63
21735,utt_e240ac9067a4ddbc44d3::p0002-p0004,utt_e240ac9067a4ddbc44d3::p0002-p0004,d68580f1729f3a693a6a6db7d5609673d02276062d273fb513d0d646be375f83,d68580f1729f3a693a6a6db7d5609673d02276062d273fb513d0d646be375f83,121,121
21735,utt_e240ac9067a4ddbc44d3::p0005-p0008,utt_e240ac9067a4ddbc44d3::p0005-p0008,4c3806c0638a9c28ce1cad91698c18963019fa637593ef5caa4a162a186dd7da,4c3806c0638a9c28ce1cad91698c18963019fa637593ef5caa4a162a186dd7da,125,125
21735,utt_e240ac9067a4ddbc44d3::p0009-p0013,utt_e240ac9067a4ddbc44d3::p0009-p0013,401188e3ea3786bf8d454384636e0480a68ad652487e68ad38945d154733d5be,401188e3ea3786bf8d454384636e0480a68ad652487e68ad38945d154733d5be,131,131
21735,utt_908b8c4f70c4deaa38c4::p0001-p0004,utt_908b8c4f70c4deaa38c4::p0001-p0004,1fa4dd39a0fbf0318cefe78d7c388fdf3e96d59f91970e7018e4453fe529f56b,1fa4dd39a0fbf0318cefe78d7c388fdf3e96d59f91970e7018e4453fe529f56b,148,148
21735,utt_908b8c4f70c4deaa38c4::p0005-p0008,utt_908b8c4f70c4deaa38c4::p0005-p0008,49778c2c23bc7b9d8503d8733e4d60d211597d5a1d988fcc65c94a163e67a71b,49778c2c23bc7b9d8503d8733e4d60d211597d5a1d988fcc65c94a163e67a71b,125,125
21735,utt_908b8c4f70c4deaa38c4::p0009-p0011,utt_908b8c4f70c4deaa38c4::p0009-p0011,147242552f3c0fc7fa1797eb64b39a639f0caf9a88449aa088fb2359cc9034e3,147242552f3c0fc7fa1797eb64b39a639f0caf9a88449aa088fb2359cc9034e3,94,94
21735,utt_a605eb9930fe2077db0f::p0001-p0003,utt_a605eb9930fe2077db0f::p0001-p0003,651b4a67262dac7c12e3178f7a707dff3a0a3ec69e46b6d3376f319083ba5ec8,651b4a67262dac7c12e3178f7a707dff3a0a3ec69e46b6d3376f319083ba5ec8,140,140
21735,utt_a605eb9930fe2077db0f::p0004,utt_a605eb9930fe2077db0f::p0004,bd0a19f0e67cd6e9c8d1e7cee7d28658d952e0ea77517b1ee09f0ec3cd9229ed,bd0a19f0e67cd6e9c8d1e7cee7d28658d952e0ea77517b1ee09f0ec3cd9229ed,81,81
21735,utt_a605eb9930fe2077db0f::p0005-p0006,utt_a605eb9930fe2077db0f::p0005-p0006,81470743621a052e325e30888fc0c27ac0b7bc65f5015b7d651b850ccf57d9c2,81470743621a052e325e30888fc0c27ac0b7bc65f5015b7d651b850ccf57d9c2,99,99
21735,utt_a605eb9930fe2077db0f::p0007-p0009,utt_a605eb9930fe2077db0f::p0007-p0009,03acdf34306207e064f9fa388efd923392ebb4850f25a8516f23d7e12d843891,03acdf34306207e064f9fa388efd923392ebb4850f25a8516f23d7e12d843891,133,133
21735,utt_a605eb9930fe2077db0f::p0010-p0013,utt_a605eb9930fe2077db0f::p0010-p0013,2ec9e9d37b8a552fdb597e64726c69e93757067b13472f66ec43f52be0c41710,2ec9e9d37b8a552fdb597e64726c69e93757067b13472f66ec43f52be0c41710,68,68
21735,utt_75192aeb264b7de48daa::p0001-p0002,utt_75192aeb264b7de48daa::p0001-p0002,19da8736f697bbb9109310a40d81076901db6a71cf1ef3163adb6db2ae23683c,19da8736f697bbb9109310a40d81076901db6a71cf1ef3163adb6db2ae23683c,91,91
21735,utt_75192aeb264b7de48daa::p0003-p0004,utt_75192aeb264b7de48daa::p0003-p0004,32be12e4b091ff472ab36d7e6547d18b2b3dc157c6b12a287e2f2687228e69fb,32be12e4b091ff472ab36d7e6547d18b2b3dc157c6b12a287e2f2687228e69fb,99,99
21735,utt_75192aeb264b7de48daa::p0005-p0007,utt_75192aeb264b7de48daa::p0005-p0007,33540f1120da689329f36b082729019e591e4b6ed63c4583590c186aa980e246,33540f1120da689329f36b082729019e591e4b6ed63c4583590c186aa980e246,126,126
21735,utt_75192aeb264b7de48daa::p0008-p0009,utt_75192aeb264b7de48daa::p0008-p0009,41d2b2fc2cce5301129143cdda7d8736706b623a3f3329266083ec03ce61338c,41d2b2fc2cce5301129143cdda7d8736706b623a3f3329266083ec03ce61338c,98,98
21735,utt_75192aeb264b7de48daa::p0010,utt_75192aeb264b7de48daa::p0010,aaa9c5069b7bbee7c4f28fd7550c13b953d0e9ae011dbf4d108444b8d9649077,aaa9c5069b7bbee7c4f28fd7550c13b953d0e9ae011dbf4d108444b8d9649077,91,91
21735,utt_75192aeb264b7de48daa::p0011-p0013,utt_75192aeb264b7de48daa::p0011-p0013,52147c34a69dfc7bc248d114ebe3394aa303829db1b4defa661816d31798b71b,52147c34a69dfc7bc248d114ebe3394aa303829db1b4defa661816d31798b71b,112,112
21735,utt_43322ebf35b95a48a342::p0001-p0003,utt_43322ebf35b95a48a342::p0001-p0003,10730dcb8a5228a93846ca5f35de2399bdc11b3f399b71eda8a2f6535079ba6c,10730dcb8a5228a93846ca5f35de2399bdc11b3f399b71eda8a2f6535079ba6c,128,128
21735,utt_43322ebf35b95a48a342::p0004-p0005,utt_43322ebf35b95a48a342::p0004-p0005,69731d0fe14b4883b1ae847c33f1ad6a138420867bb9db128b3bd54cc62a5d31,69731d0fe14b4883b1ae847c33f1ad6a138420867bb9db128b3bd54cc62a5d31,115,115
21735,utt_43322ebf35b95a48a342::p0006,utt_43322ebf35b95a48a342::p0006,1d6264ca371f9b725185fbad90e0eb3f766699d24d14667efd3a8284b059dcdf,1d6264ca371f9b725185fbad90e0eb3f766699d24d14667efd3a8284b059dcdf,62,62
21735,utt_43322ebf35b95a48a342::p0007,utt_43322ebf35b95a48a342::p0007,f53a3c8b888eb342c5626b35f553b2a4f4b0271facd12466ab22be9d18ac0ffb,f53a3c8b888eb342c5626b35f553b2a4f4b0271facd12466ab22be9d18ac0ffb,52,52
21735,utt_43322ebf35b95a48a342::p0008-p0009,utt_43322ebf35b95a48a342::p0008-p0009,39a4e09d99ac3859265d6c1b8817ff8715fd3458a6c2cc539a1f459e0c5cb790,39a4e09d99ac3859265d6c1b8817ff8715fd3458a6c2cc539a1f459e0c5cb790,60,60
21735,utt_3b97401b8949adf606b0::p0001-p0002,utt_3b97401b8949adf606b0::p0001-p0002,15c4c8b6ecf44af4a6575e64d5c7574397ad5aa0058f7e9df9b706a97c28fdef,15c4c8b6ecf44af4a6575e64d5c7574397ad5aa0058f7e9df9b706a97c28fdef,96,96
21735,utt_3b97401b8949adf606b0::p0003-p0004,utt_3b97401b8949adf606b0::p0003-p0004,ff679fe4cace7344cfffaf6bc6538b93db0eda496aa3d29157a26e815e137e6c,ff679fe4cace7344cfffaf6bc6538b93db0eda496aa3d29157a26e815e137e6c,126,126
21735,utt_3b97401b8949adf606b0::p0005-p0007,utt_3b97401b8949adf606b0::p0005-p0007,5a605db625fc0194aea3187c354da146e68840b4de0dce8e5eac838c872f79cf,5a605db625fc0194aea3187c354da146e68840b4de0dce8e5eac838c872f79cf,127,127
21735,utt_4a159b3f8df9f93c7857::p0001,utt_4a159b3f8df9f93c7857::p0001,8d9e775cc58fed0aac197c5af3bc6bf4e50a42c8362e292a07136d0c92790d1d,8d9e775cc58fed0aac197c5af3bc6bf4e50a42c8362e292a07136d0c92790d1d,6,6
21735,utt_6b9a2885b3a31305fd57::p0001-p0003,utt_6b9a2885b3a31305fd57::p0001-p0003,f8f8c666e521506834c5322b9921c42eebad502f5e17687e3f7b2e866269e94f,f8f8c666e521506834c5322b9921c42eebad502f5e17687e3f7b2e866269e94f,120,120
21735,utt_6b9a2885b3a31305fd57::p0004,utt_6b9a2885b3a31305fd57::p0004,df4ff339d8b03a78322c6116bcddecdd1ad5bc4f8d0530d16aa6967c6a2d0acb,df4ff339d8b03a78322c6116bcddecdd1ad5bc4f8d0530d16aa6967c6a2d0acb,109,109
21735,utt_6b9a2885b3a31305fd57::p0005-p0007,utt_6b9a2885b3a31305fd57::p0005-p0007,7960a61cc309b9eb7fbfe075f955144ba191ef36adfa527a971ec6794d6b4c8a,7960a61cc309b9eb7fbfe075f955144ba191ef36adfa527a971ec6794d6b4c8a,62,62
21735,utt_eb88b52a49b20a9c880c::p0001-p0003,utt_eb88b52a49b20a9c880c::p0001-p0003,3227ab8c08f7b7bd7a20ca47a3447850f81ca90f22fb5058c7e1e8bc40aad4d2,3227ab8c08f7b7bd7a20ca47a3447850f81ca90f22fb5058c7e1e8bc40aad4d2,101,101
21735,utt_eb88b52a49b20a9c880c::p0004,utt_eb88b52a49b20a9c880c::p0004,331c7cdb9d42a90eb4819be3cff166f2c437468dc9dd4e38095f05e9d2ddc6a0,331c7cdb9d42a90eb4819be3cff166f2c437468dc9dd4e38095f05e9d2ddc6a0,57,57
21735,utt_eb88b52a49b20a9c880c::p0005,utt_eb88b52a49b20a9c880c::p0005,e64202494442763797babc8b562d53e4d1241d27e826bee701198769654eab61,e64202494442763797babc8b562d53e4d1241d27e826bee701198769654eab61,62,62
21735,utt_eb88b52a49b20a9c880c::p0006,utt_eb88b52a49b20a9c880c::p0006,9232676bf661886a53b6988570c3a6edc4ab04c99a1866eb6cf28ab1f1fc54f4,9232676bf661886a53b6988570c3a6edc4ab04c99a1866eb6cf28ab1f1fc54f4,141,141
21735,utt_8e8d68635627bc56d776::p0001-p0002,utt_8e8d68635627bc56d776::p0001-p0002,e905903f2a2372a30ada697bbbf489c9f89b176f9101d5e998595974b0ba718f,e905903f2a2372a30ada697bbbf489c9f89b176f9101d5e998595974b0ba718f,75,75
21735,utt_862e782ed04dddac5f23::p0001-p0002s001,utt_862e782ed04dddac5f23::p0001-p0002s001,c5b424808914e5e37586ec2b00bcd8328b99a4c023a48b6d4ba484abe8031504,c5b424808914e5e37586ec2b00bcd8328b99a4c023a48b6d4ba484abe8031504,148,148
21735,utt_862e782ed04dddac5f23::p0002s002,utt_862e782ed04dddac5f23::p0002s002,69fd2dec18874f38f9a5524076c9e1ec2f7dfc9ed791acd2e008cbc563024c99,69fd2dec18874f38f9a5524076c9e1ec2f7dfc9ed791acd2e008cbc563024c99,73,73
21735,utt_862e782ed04dddac5f23::p0003,utt_862e782ed04dddac5f23::p0003,8b782f4f96071d6138f27182c4c6713f878560f0863b3f0538d5fa672162a44c,8b782f4f96071d6138f27182c4c6713f878560f0863b3f0538d5fa672162a44c,78,78
21735,utt_862e782ed04dddac5f23::p0004,utt_862e782ed04dddac5f23::p0004,b7b74e9fe1e029b2016284ba5617e2fb7c9897cabf2f48126e65bfa90e924161,b7b74e9fe1e029b2016284ba5617e2fb7c9897cabf2f48126e65bfa90e924161,119,119
21735,utt_862e782ed04dddac5f23::p0005-p0007,utt_862e782ed04dddac5f23::p0005-p0007,631a6bc20acb33cf017b754a678bdab6ae365d7dae9fceb586803d0d27390eda,631a6bc20acb33cf017b754a678bdab6ae365d7dae9fceb586803d0d27390eda,101,101
21735,utt_63e75483be008541d76e::p0001-p0004,utt_63e75483be008541d76e::p0001-p0004,787884685f109f6bd7987a355ad8fd51bf443f30e7f0ac1dfb0c6548ec560321,787884685f109f6bd7987a355ad8fd51bf443f30e7f0ac1dfb0c6548ec560321,132,132
21735,utt_63e75483be008541d76e::p0005,utt_63e75483be008541d76e::p0005-p0006,c5cb925d51ee34a28d90ef1948f557cb2ac5dbf188870f8a02b70615adc03198,7f6b783b6cb5dcbbd4b0819ce020d6b20609917071cae446b559abfe9a493579,41,154
21735,utt_63e75483be008541d76e::p0006,utt_63e75483be008541d76e::p0005-p0006,3f0935d6f617de8fbf8a2bbcbaf744fc899c392d5cfbd97fdd3fd7eb1325c3bf,7f6b783b6cb5dcbbd4b0819ce020d6b20609917071cae446b559abfe9a493579,113,154
21735,utt_63e75483be008541d76e::p0007-p0010,utt_63e75483be008541d76e::p0007-p0010,240adc0bd88817c11aa550b2af8904d1617a85a9a5db28449c099b6c62467945,240adc0bd88817c11aa550b2af8904d1617a85a9a5db28449c099b6c62467945,118,118
21735,utt_962199f074792c195565::p0001-p0002,utt_962199f074792c195565::p0001-p0002,6bd490bc44d070ab31e3d493bbcf9ae6dafd61aed9c0e63ff60c69e28143d7d0,6bd490bc44d070ab31e3d493bbcf9ae6dafd61aed9c0e63ff60c69e28143d7d0,113,113
21735,utt_962199f074792c195565::p0003,utt_962199f074792c195565::p0003,1ecf85647f7873c8f411a92e7746ee3b4f9918feae37dca6bb4836c64d04779d,1ecf85647f7873c8f411a92e7746ee3b4f9918feae37dca6bb4836c64d04779d,110,110
21735,utt_962199f074792c195565::p0004-p0005,utt_962199f074792c195565::p0004-p0005,d2cbba45a80383fee5bd5ec589ad1c0d322c5691605a8f509fd10d6bac8f2b9d,d2cbba45a80383fee5bd5ec589ad1c0d322c5691605a8f509fd10d6bac8f2b9d,147,147
21735,utt_22fd90004234e1219166::p0001-p0002,utt_22fd90004234e1219166::p0001-p0002,885c5db09ff6e8993aa401e36d49e9b0e745b70ca67e6d28ea8a5286fb4f1d12,885c5db09ff6e8993aa401e36d49e9b0e745b70ca67e6d28ea8a5286fb4f1d12,74,74
21735,utt_22fd90004234e1219166::p0003-p0005,utt_22fd90004234e1219166::p0003-p0005,ba9d231079f3e01c7cbb723630e254a68f6e7e7f8460e509e2f07f4097bea43d,ba9d231079f3e01c7cbb723630e254a68f6e7e7f8460e509e2f07f4097bea43d,119,119
21735,utt_22fd90004234e1219166::p0006-p0008,utt_22fd90004234e1219166::p0006-p0008,d26375ea65f7b3d55ece712729257bf2b51ab0355a8909d7c73c2796d60d9c47,d26375ea65f7b3d55ece712729257bf2b51ab0355a8909d7c73c2796d60d9c47,67,67
21735,utt_22fd90004234e1219166::p0009,utt_22fd90004234e1219166::p0009,42ab22d34e7e59ff1b233019348b65f21b0ff53b270c705f916dae93ef971b27,42ab22d34e7e59ff1b233019348b65f21b0ff53b270c705f916dae93ef971b27,93,93
21735,utt_22fd90004234e1219166::p0010,utt_22fd90004234e1219166::p0010,184c3bfffad0974aeebd80248145399bd8a9fbc2b04e4ab047799062de99d016,184c3bfffad0974aeebd80248145399bd8a9fbc2b04e4ab047799062de99d016,59,59
21735,utt_22fd90004234e1219166::p0011-p0012,utt_22fd90004234e1219166::p0011-p0012,303649b055c57cdebff044e3e3d1d8278d977e2c4c9e9264fe4346eddee6e638,303649b055c57cdebff044e3e3d1d8278d977e2c4c9e9264fe4346eddee6e638,129,129
21735,utt_22fd90004234e1219166::p0013-p0014,utt_22fd90004234e1219166::p0013-p0014,da575e009aa0ebd387a6145c6c52c60488eeb81c6a47d44cd242c33d905cd52a,da575e009aa0ebd387a6145c6c52c60488eeb81c6a47d44cd242c33d905cd52a,132,132
21735,utt_22fd90004234e1219166::p0015-p0017,utt_22fd90004234e1219166::p0015-p0017,85c3a0a4141683ba12e5ed9e25d686d5c416f0e5c0408c3ab680099e6bb8bc3f,85c3a0a4141683ba12e5ed9e25d686d5c416f0e5c0408c3ab680099e6bb8bc3f,140,140
21735,utt_22fd90004234e1219166::p0018,utt_22fd90004234e1219166::p0018,3cd3306981319a7c581da90b43f2d3c16507ced431172822fe8a4d17c406d847,3cd3306981319a7c581da90b43f2d3c16507ced431172822fe8a4d17c406d847,53,53
21735,utt_22fd90004234e1219166::p0019-p0020,utt_22fd90004234e1219166::p0019-p0020,92144e37588030dd1ac0d4eda984dd06d39eb938f646c7c91b0a3d94b228f47a,92144e37588030dd1ac0d4eda984dd06d39eb938f646c7c91b0a3d94b228f47a,126,126
21735,utt_22fd90004234e1219166::p0021-p0022,utt_22fd90004234e1219166::p0021-p0022,ab78696046c5cde3006c36fc2470009c6e271923191a707736b746066c9f6678,ab78696046c5cde3006c36fc2470009c6e271923191a707736b746066c9f6678,117,117
21735,utt_22fd90004234e1219166::p0023,utt_22fd90004234e1219166::p0023,28fc91e751349759cc7a4de751229c2a4272a0facf3fa2c4df59b00a0fb396b5,28fc91e751349759cc7a4de751229c2a4272a0facf3fa2c4df59b00a0fb396b5,71,71
21735,utt_22fd90004234e1219166::p0024,utt_22fd90004234e1219166::p0024,b9cedfdd34abb27d45396b2e4ff6230681fbd2f8adc2b7971cc0b703c700f88f,b9cedfdd34abb27d45396b2e4ff6230681fbd2f8adc2b7971cc0b703c700f88f,87,87
21735,utt_22fd90004234e1219166::p0025,utt_22fd90004234e1219166::p0025,4ef1d97a85eb4742f8e6434f6d075ea3794605bb13e478544565e721bc92406a,4ef1d97a85eb4742f8e6434f6d075ea3794605bb13e478544565e721bc92406a,82,82
21735,utt_22fd90004234e1219166::p0026,utt_22fd90004234e1219166::p0026,1deb3c122a9fb9bf6779556189428e86db20bbb7d8a6f784bf9ad8dd542f2166,1deb3c122a9fb9bf6779556189428e86db20bbb7d8a6f784bf9ad8dd542f2166,50,50
21735,utt_22fd90004234e1219166::p0027,utt_22fd90004234e1219166::p0027,7148b94d2039bc8fcdc3e124acb898c27f2eaaf209d772b65c35423c18299b60,7148b94d2039bc8fcdc3e124acb898c27f2eaaf209d772b65c35423c18299b60,99,99
21735,utt_22fd90004234e1219166::p0028,utt_22fd90004234e1219166::p0028,150891222708ec21b452958aeed76d1c3fa0e8f7f8c78ca2cd902f507d71e7e7,150891222708ec21b452958aeed76d1c3fa0e8f7f8c78ca2cd902f507d71e7e7,76,76
21735,utt_22fd90004234e1219166::p0029,utt_22fd90004234e1219166::p0029,52fd3cc558db697e8bfaa33484eb6f4775b491bcb128196b789fa453c111d526,52fd3cc558db697e8bfaa33484eb6f4775b491bcb128196b789fa453c111d526,117,117
21735,utt_22fd90004234e1219166::p0030,utt_22fd90004234e1219166::p0030,13e43a4f7355fc23feed0fef96b6b164d535408dfb0ee399145fbdb00f515ead,13e43a4f7355fc23feed0fef96b6b164d535408dfb0ee399145fbdb00f515ead,99,99
21735,utt_22fd90004234e1219166::p0031-p0033,utt_22fd90004234e1219166::p0031-p0033,9de6ce5cd8040c8e0bacf605bbfc378f290745b21cc4d367563da3670d8d0bcc,9de6ce5cd8040c8e0bacf605bbfc378f290745b21cc4d367563da3670d8d0bcc,147,147
21735,utt_4b1364d7dac7f7728cc6::p0001-p0003,utt_4b1364d7dac7f7728cc6::p0001-p0003,5caef53e85c982ff1e9468bf45d77ac9227bec3568583aaf310be41580710bb4,5caef53e85c982ff1e9468bf45d77ac9227bec3568583aaf310be41580710bb4,140,140
21735,utt_4b1364d7dac7f7728cc6::p0004-p0005,utt_4b1364d7dac7f7728cc6::p0004-p0005,1381f7aaf4b0f9e74c3d295e4778653c4670d59346d653eb7d8f2331046225e8,1381f7aaf4b0f9e74c3d295e4778653c4670d59346d653eb7d8f2331046225e8,69,69
21735,utt_4b1364d7dac7f7728cc6::p0006,utt_4b1364d7dac7f7728cc6::p0006,49105caa242f3dadd0cccee8c0560b62f0c341d1263d50f9164df3bf107a5d75,49105caa242f3dadd0cccee8c0560b62f0c341d1263d50f9164df3bf107a5d75,85,85
21735,utt_4b1364d7dac7f7728cc6::p0007,utt_4b1364d7dac7f7728cc6::p0007,0c38c0f6117821c0d4c4c5e46c6b5edaca022ec9a89da2f37bab21c4faf0cc67,0c38c0f6117821c0d4c4c5e46c6b5edaca022ec9a89da2f37bab21c4faf0cc67,116,116
21735,utt_4b1364d7dac7f7728cc6::p0008,utt_4b1364d7dac7f7728cc6::p0008,89344e5f3d93b110217385cd7f24b537e946674a20b66fbef7d7b5b640f29aa1,89344e5f3d93b110217385cd7f24b537e946674a20b66fbef7d7b5b640f29aa1,118,118
21735,utt_4b1364d7dac7f7728cc6::p0009,utt_4b1364d7dac7f7728cc6::p0009,51c6500befb2f8c9a2a988ac776e1b25ee10f53b40cf5e763c294029c3ffd720,51c6500befb2f8c9a2a988ac776e1b25ee10f53b40cf5e763c294029c3ffd720,108,108
21735,utt_4b1364d7dac7f7728cc6::p0010-p0011,utt_4b1364d7dac7f7728cc6::p0010-p0011,eacdbda0a709efe5c03e77c6817512fe3dbd80b5d23600920f28de36150ebca2,eacdbda0a709efe5c03e77c6817512fe3dbd80b5d23600920f28de36150ebca2,147,147
21735,utt_4b1364d7dac7f7728cc6::p0012,utt_4b1364d7dac7f7728cc6::p0012,b3f39c867bd1023a381ccfcf6f84bc967feae6b2d9eb72cd4723d94d3ad8171a,b3f39c867bd1023a381ccfcf6f84bc967feae6b2d9eb72cd4723d94d3ad8171a,87,87
21735,utt_4b1364d7dac7f7728cc6::p0013,utt_4b1364d7dac7f7728cc6::p0013,2be4b311e1fc5c68e9d1faa47df1734591165ed194c8acadd936d41a3ed76ec8,2be4b311e1fc5c68e9d1faa47df1734591165ed194c8acadd936d41a3ed76ec8,120,120
21735,utt_4b1364d7dac7f7728cc6::p0014-p0016,utt_4b1364d7dac7f7728cc6::p0014-p0016,5d0e3ca0a87cf1135e6291743d6f5be6f09e8102df52e055c49299bedfc1ee61,5d0e3ca0a87cf1135e6291743d6f5be6f09e8102df52e055c49299bedfc1ee61,110,110
