sample_index,unit_id,utterance_id,law_number,document_uri,annotation_id,concept_status,concept_id,proposed_concept,stance,start_char,end_char,evidence_text,justification
2,utt_826958a471b195e53f39::p0006-p0011,utt_826958a471b195e53f39,21419,http://datos.bcn.cl/recurso/cl/documento/696951,llm_000,in_codebook,igualdad_universalismo,,support,0,192,El objetivo del proyecto es mejorar las pensiones de las y los actuales pensionadas y pensionados mediante la creación de una pensión garantizada universal de un monto máximo de 185 mil pesos.,"{""alternatives"":[{""concept_id"":""necesidad_material"",""reason"":""Aunque el bloque fija límites de ingresos y de pensión, la cita seleccionada no presenta carencia o vulnerabilidad como fundamento, sino la universalidad del beneficio.""}],""coding"":""La cita presenta como objetivo la creación de una pensión garantizada universal, formulando la cobertura universal como mecanismo para mejorar la protección previsional."",""context_evidence"":[],""criterion_reference"":""include:1"",""stance"":""Apoya que la protección previsional se otorgue con alcance universal."",""uncertainty"":""La denominación «universal» coexiste en el mismo bloque con requisitos de edad, residencia, ingreso y monto de pensión; podría referirse a la universalidad del beneficio entre quienes cumplen las condiciones, no a un acceso irrestricto.""}"
4,utt_826958a471b195e53f39::p0018-p0020,utt_826958a471b195e53f39,21419,http://datos.bcn.cl/recurso/cl/documento/696951,llm_000,in_codebook,igualdad_universalismo,,support,426,507,"Podrán acceder al beneficio pensionados bajo cualquier modalidad, sin distinción.","{""alternatives"":[],""coding"":""La cláusula «sin distinción» establece una regla de igualdad de acceso y de trato entre pensionados de distintas modalidades."",""context_evidence"":[],""criterion_reference"":""include:2"",""stance"":""La cita apoya que la protección previsional se otorgue de manera igual, con independencia de la modalidad de pensión."",""uncertainty"":""El pasaje presenta la regla como parte de la descripción del beneficio y no explicita la igualdad como su fundamento; la codificación se basa en la regla expresa de acceso sin distinción.""}"
4,utt_826958a471b195e53f39::p0018-p0020,utt_826958a471b195e53f39,21419,http://datos.bcn.cl/recurso/cl/documento/696951,llm_001,in_codebook,necesidad_material,,support,721,839,se incorpora a 56 mil nuevos beneficiarios mediante la ampliación de cobertura del 60 al 80 por ciento más vulnerable.,"{""alternatives"":[{""concept_id"":""igualdad_universalismo"",""reason"":""Aunque se amplía la cobertura, el criterio explícito es la vulnerabilidad material del grupo beneficiario y no la igualdad o universalidad del acceso.""}],""coding"":""La ampliación de cobertura se dirige explícitamente al grupo definido como «más vulnerable», usando la vulnerabilidad como criterio de asignación de protección."",""context_evidence"":[],""criterion_reference"":""include:1"",""stance"":""La cita apoya que quienes enfrentan mayores necesidades materiales reciban mayor cobertura previsional."",""uncertainty"":""No se especifica cómo se mide la vulnerabilidad, aunque el texto la usa expresamente para justificar la ampliación de cobertura.""}"
10,utt_826958a471b195e53f39::p0034-p0035,utt_826958a471b195e53f39,21419,http://datos.bcn.cl/recurso/cl/documento/696951,llm_000,in_codebook,acuerdos_moderacion,,support,0,235,"Todo esto permitió un trabajo eficiente, colaborativo, que hizo posible mejorar sustantivamente no solo el proyecto de la PGU en la Comisión del Trabajo, y de su complemento, en la de Hacienda, sino también el de exenciones tributarias","{""alternatives"":[],""coding"":""La cita presenta el trabajo colaborativo como un instrumento que permitió mejorar sustantivamente la reforma previsional, otorgándole un valor positivo como forma de desarrollar la reforma."",""context_evidence"":[{""source"":""previous_context"",""text"":""A las reuniones formales les antecedieron en forma previa otras informales de los colegas de las Comisiones de Hacienda y del Trabajo con los equipos del Ministerio de Hacienda y del Presidente electo, Gabriel Boric, más Diputadas y Diputados.""}],""criterion_reference"":""include:1"",""stance"":""Al valorar la colaboración como medio eficaz para mejorar la reforma, respalda la orientación de que la cooperación y los acuerdos contribuyen a una solución previsional legítima y viable."",""uncertainty"":""La cita no menciona expresamente acuerdos, consenso, moderación ni posiciones contrapuestas; se interpreta «colaborativo» como una valoración del procedimiento cooperativo y requiere revisión humana.""}"
10,utt_826958a471b195e53f39::p0034-p0035,utt_826958a471b195e53f39,21419,http://datos.bcn.cl/recurso/cl/documento/696951,llm_001,in_codebook,conciencia_costos,,oppose,207,278,"el de exenciones tributarias, que dará financiamiento a dicho beneficio","{""alternatives"":[],""coding"":""La cita afirma explícitamente que el proyecto de exenciones tributarias dará financiamiento al beneficio, presentándolo como una reforma con una fuente de financiamiento."",""context_evidence"":[],""criterion_reference"":""include:4"",""stance"":""Al afirmar que el beneficio contará con financiamiento, rechaza la proposición de que la reforma carezca de financiamiento o exceda la capacidad fiscal."",""uncertainty"":""No se afirma expresamente que el financiamiento sea sostenible en el largo plazo ni se cuantifica su suficiencia; la codificación se basa en la afirmación explícita de que el beneficio será financiado.""}"
14,utt_f5d978e1dc5bc3628dcc::p0007,utt_f5d978e1dc5bc3628dcc,21419,http://datos.bcn.cl/recurso/cl/documento/696951,llm_000,in_codebook,conciencia_costos,,support,0,292,"No me gustan las alzas de impuestos, menos aquellas que van a perjudicar siempre a la maltrecha clase media. Pero, en medio de la crisis que ha producido la pandemia y el estallido delictual, no se ve otra forma de avanzar con este proyecto para que pueda sostenerse en el hoy y en el futuro.","{""alternatives"":[],""coding"":""Las alzas de impuestos se presentan como el único medio visible para que el proyecto pueda sostenerse en el presente y el futuro, vinculando su financiamiento con una condición de viabilidad financiera."",""context_evidence"":[],""criterion_reference"":""include:3"",""stance"":""Apoya la idea de que la sostenibilidad financiera constituye una restricción relevante del proyecto, aunque acepte las alzas de impuestos como respuesta a ella."",""uncertainty"":""La expresión «sostenerse» no cuantifica el costo ni especifica si se refiere exclusivamente a sostenibilidad fiscal, pero el vínculo inmediato con las alzas de impuestos permite interpretarla como una referencia al financiamiento.""}"
15,utt_f5d978e1dc5bc3628dcc::p0008,utt_f5d978e1dc5bc3628dcc,21419,http://datos.bcn.cl/recurso/cl/documento/696951,llm_000,in_codebook,necesidad_material,,support,169,363,"para otros representa un ingreso nuevo, que va a permitir que ningún adulto mayor esté por debajo de la línea de la pobreza, lo que en sí mismo se traduce en una diferencia fundamental, esencial","{""alternatives"":[{""concept_id"":""igualdad_universalismo"",""reason"":""El cuantificador «ningún» permite una lectura universal, pero este código identifica específicamente la pobreza como fundamento material de la respuesta; el alcance universal se codifica por separado.""}],""coding"":""La cita usa la pobreza y la carencia de ingresos como razón para valorar positivamente una respuesta previsional: el nuevo ingreso evitaría que los adultos mayores permanezcan bajo la línea de pobreza."",""context_evidence"":[],""criterion_reference"":""include:1"",""stance"":""Apoya que quienes enfrentan una privación material reciban mayor protección previsional."",""uncertainty"":""El efecto se formula como resultado esperado del proyecto, pero se lo valora explícitamente como una diferencia fundamental, por lo que funciona como justificación y no solo como descripción.""}"
15,utt_f5d978e1dc5bc3628dcc::p0008,utt_f5d978e1dc5bc3628dcc,21419,http://datos.bcn.cl/recurso/cl/documento/696951,llm_001,in_codebook,igualdad_universalismo,,support,169,363,"para otros representa un ingreso nuevo, que va a permitir que ningún adulto mayor esté por debajo de la línea de la pobreza, lo que en sí mismo se traduce en una diferencia fundamental, esencial","{""alternatives"":[{""concept_id"":""necesidad_material"",""reason"":""La línea de pobreza también activa necesidad_material, pero esa lectura explica la carencia atendida; este código recoge adicionalmente que el piso se plantea para toda la categoría de adultos mayores.""}],""coding"":""La expresión «ningún adulto mayor» formula un piso de protección para toda la población mayor y presenta ese alcance general como una diferencia fundamental del proyecto."",""context_evidence"":[],""criterion_reference"":""include:1"",""stance"":""Apoya una protección previsional universal, sin dejar a ningún adulto mayor bajo el nivel mínimo señalado."",""uncertainty"":""La universalidad se infiere del cuantificador «ningún adulto mayor»; el texto no utiliza literalmente «universal» ni formula el beneficio como un derecho.""}"
15,utt_f5d978e1dc5bc3628dcc::p0008,utt_f5d978e1dc5bc3628dcc,21419,http://datos.bcn.cl/recurso/cl/documento/696951,llm_002,in_codebook,identidad,,support,294,461,"lo que en sí mismo se traduce en una diferencia fundamental, esencial y, por supuesto, en un cambio en el paradigma de cómo vemos y tratamos a nuestros adultos mayores","{""alternatives"":[{""concept_id"":""igualdad_universalismo"",""reason"":""El alcance general de la medida podría sugerir igualdad, pero esta cita fundamenta su valor en el trato a «nuestros» adultos mayores, no en la igualdad de acceso o de beneficios.""}],""coding"":""La referencia a «nuestros adultos mayores» presenta a las personas mayores como una comunidad propia y valora el cambio en su trato como una razón para considerar fundamental la medida previsional."",""context_evidence"":[],""criterion_reference"":""include:1"",""stance"":""Apoya que la pertenencia a la comunidad de adultos mayores justifique una protección y un trato diferenciados."",""uncertainty"":""«Nuestros» puede ser un posesivo retórico y el texto no explicita una comparación con personas externas, aunque sí vincula el proyecto con un cambio valorado en el trato a ese grupo.""}"
16,utt_f5d978e1dc5bc3628dcc::p0009-p0010,utt_f5d978e1dc5bc3628dcc,21419,http://datos.bcn.cl/recurso/cl/documento/696951,llm_000,in_codebook,necesidad_material,,support,28,220,siempre vamos a preferir que las platas del Fisco se usen para favorecer a los más desposeídos y no en plataformas que no discriminen entre los que tienen más y aquellos que tienen poco o nada,"{""alternatives"":[{""concept_id"":""igualdad_universalismo"",""reason"":""El contraste con plataformas que no discriminan también puede aludir al trato igual, pero la razón distributiva principal de este código es priorizar a las personas con menos recursos; la oposición al trato uniforme se codifica por separado.""}],""coding"":""La preferencia por usar recursos fiscales para favorecer a los más desposeídos convierte la menor disponibilidad económica en un criterio de prioridad para la protección previsional."",""context_evidence"":[],""criterion_reference"":""include:2"",""stance"":""Apoya que quienes enfrentan mayores necesidades materiales reciban mayor protección previsional."",""uncertainty"":""""}"
16,utt_f5d978e1dc5bc3628dcc::p0009-p0010,utt_f5d978e1dc5bc3628dcc,21419,http://datos.bcn.cl/recurso/cl/documento/696951,llm_001,in_codebook,igualdad_universalismo,,oppose,28,220,siempre vamos a preferir que las platas del Fisco se usen para favorecer a los más desposeídos y no en plataformas que no discriminen entre los que tienen más y aquellos que tienen poco o nada,"{""alternatives"":[{""concept_id"":""necesidad_material"",""reason"":""El pasaje también prioriza a los más desposeídos por su carencia económica, pero esta anotación captura específicamente el rechazo al trato igual entre personas con distintos recursos.""}],""coding"":""La preferencia por no financiar plataformas que tratan de la misma manera a quienes tienen más y a quienes tienen poco o nada rechaza explícitamente el trato no diferenciado como regla de asignación."",""context_evidence"":[],""criterion_reference"":""include:2"",""stance"":""Se opone a que la protección previsional se otorgue igual o universalmente con independencia del estatus económico."",""uncertainty"":""“Plataformas que no discriminen” no nombra literalmente la universalidad, aunque formula un rechazo explícito de la asignación uniforme entre niveles de recursos.""}"
16,utt_f5d978e1dc5bc3628dcc::p0009-p0010,utt_f5d978e1dc5bc3628dcc,21419,http://datos.bcn.cl/recurso/cl/documento/696951,llm_002,in_codebook,conciencia_costos,,support,28,316,"siempre vamos a preferir que las platas del Fisco se usen para favorecer a los más desposeídos y no en plataformas que no discriminen entre los que tienen más y aquellos que tienen poco o nada, porque tenemos claro que las necesidades son infinitas, pero los recursos siempre son escasos.","{""alternatives"":[{""concept_id"":""necesidad_material"",""reason"":""Aunque aparece la palabra “necesidades”, el fundamento de este código es que los recursos son escasos y, por ello, debe limitarse o focalizarse el gasto; no quién presenta la mayor carencia.""}],""coding"":""La escasez de recursos se invoca causalmente para preferir una asignación focalizada en los más desposeídos y rechazar una plataforma sin diferenciación económica."",""context_evidence"":[],""criterion_reference"":""include:2"",""stance"":""Apoya que la escasez y la capacidad fiscal restrinjan o focalicen la expansión de la protección previsional."",""uncertainty"":""El texto no cuantifica el costo ni afirma que la reforma sea inviable, pero vincula explícitamente los recursos escasos con la focalización del gasto.""}"
18,utt_f5d978e1dc5bc3628dcc::p0013-p0016,utt_f5d978e1dc5bc3628dcc,21419,http://datos.bcn.cl/recurso/cl/documento/696951,llm_000,in_codebook,reciprocidad_contributiva,,support,93,169,el objetivo final: una vejez digna y acompañada para quienes han dado tanto.,"{""alternatives"":[{""concept_id"":""capitalizacion_individual"",""reason"":""No se afirma que las cotizaciones ingresen a una cuenta individual ni que financien la pensión de su titular.""},{""concept_id"":""necesidad_material"",""reason"":""No se invocan pobreza, carencia económica o vulnerabilidad; el fundamento es lo que las personas han dado previamente.""}],""coding"":""La vejez digna y acompañada se presenta como un objetivo para quienes han dado tanto, usando ese aporte o esfuerzo previo como razón para recibir protección previsional."",""context_evidence"":[],""criterion_reference"":""include:2"",""stance"":""Apoya la proposición de que el esfuerzo contributivo previo genera un título moral a recibir protección."",""uncertainty"":""La expresión «han dado tanto» no especifica si se refiere a trabajo, cotizaciones o esfuerzo contributivo; la asignación a reciprocidad es plausible, pero requiere revisión.""}"
18,utt_f5d978e1dc5bc3628dcc::p0013-p0016,utt_f5d978e1dc5bc3628dcc,21419,http://datos.bcn.cl/recurso/cl/documento/696951,llm_001,in_codebook,ilegitimidad_origen_dictatorial,,oppose,219,435,ya está bueno que le echemos la culpa de todo lo que ha pasado durante estos treinta años al Gobierno militar. ¡Porque al sistema previsional chileno lo legitimó la misma Concertación y la Nueva Mayoría en el pasado!,"{""alternatives"":[{""concept_id"":""acuerdos_moderacion"",""reason"":""La Concertación y la Nueva Mayoría aparecen como actores que legitimaron el sistema, no como un acuerdo, compromiso o moderación valorados normativamente.""}],""coding"":""La frase rechaza seguir atribuyendo responsabilidad al Gobierno militar y fundamenta ese rechazo en que la Concertación y la Nueva Mayoría legitimaron posteriormente el sistema previsional, refutando que su origen militar siga debilitando su legitimidad."",""context_evidence"":[],""criterion_reference"":""include:4"",""stance"":""Se opone a la proposición de que el origen dictatorial debilite la legitimidad actual del sistema."",""uncertainty"":""El texto habla de responsabilidad histórica y legitimación posterior, sin declarar literalmente que el origen dictatorial carezca de efectos sobre la legitimidad actual; esa conexión es interpretativa, aunque está respaldada por el contraste entre ambas ideas.""}"
23,utt_3fa28e82f6041a105003::p0005,utt_3fa28e82f6041a105003,21419,http://datos.bcn.cl/recurso/cl/documento/696951,llm_000,in_codebook,acuerdos_moderacion,,support,293,320,cedimos para lograr avanzar,"{""alternatives"":[],""coding"":""La concesión frente a otra posición se presenta explícitamente como un medio para destrabar y hacer avanzar la reforma, lo que atribuye valor instrumental al compromiso entre posiciones contrapuestas."",""context_evidence"":[],""criterion_reference"":""include:1"",""stance"":""Apoya que la moderación y el compromiso sean mecanismos válidos o necesarios para alcanzar una reforma previsional."",""uncertainty"":""La frase podría leerse como una descripción estratégica de la negociación y no como una defensa explícita del acuerdo; se codifica porque el propósito «para lograr avanzar» funciona como justificación de la concesión.""}"
27,utt_3fa28e82f6041a105003::p0011,utt_3fa28e82f6041a105003,21419,http://datos.bcn.cl/recurso/cl/documento/696951,llm_000,in_codebook,propiedad_individual_fondos,,support,230,335,estos fondos eran de propiedad de las personas. Y han presentado proyectos para nacionalizar estos fondos,"{""alternatives"":[{""concept_id"":""capitalizacion_individual"",""reason"":""Aunque se menciona previamente la capitalización individual, la razón expresada aquí es la propiedad de los fondos, no que cada persona deba financiar su pensión principalmente con su propio ahorro.""}],""coding"":""La cita afirma la propiedad individual de los fondos y la contrapone a proyectos de nacionalización, usando la titularidad como razón para cuestionar una transferencia a terceros."",""context_evidence"":[],""criterion_reference"":""include:1"",""stance"":""La afirmación se alinea con que los fondos previsionales pertenecen individualmente al cotizante y que ese derecho debe prevalecer frente a su nacionalización."",""uncertainty"":""La propiedad aparece como una afirmación atribuida a lo que se decía durante la campaña y el orador no formula literalmente que deba respetarse; la contraposición explícita con la nacionalización permite interpretarla como fundamento de la objeción.""}"
32,utt_289b0fb559ca74901faf::p0004-p0005,utt_289b0fb559ca74901faf,21419,http://datos.bcn.cl/recurso/cl/documento/696951,llm_000,review,,Deliberación legislativa diferenciada: los cambios a beneficios vinculados a situaciones graves deben tramitarse mediante un debate profundo y un tratamiento particular y separado.,support,44,320,esa discusión debe plantearse en el seno de un escenario mucho más profundo y no aprovechar el marco de esta iniciativa para realizar una modificación a aquellos beneficios que se otorgan a quienes están incorporados al sistema en el marco de la Ley Valech o de la Ley Rettig.,"{""alternatives"":[{""concept_id"":""acuerdos_moderacion"",""reason"":""Aunque se refiere al procedimiento legislativo, no invoca acuerdos amplios, compromiso, consenso ni moderación entre posiciones contrapuestas.""}],""coding"":""La cita formula una exigencia procedimental explícita: la discusión debe desarrollarse en un escenario más profundo y no utilizar la iniciativa en curso para modificar esos beneficios. El libro no contempla un código específico para exigir una deliberación legislativa diferenciada."",""context_evidence"":[],""criterion_reference"":""new_concept"",""stance"":""Apoya la proposición de que estos cambios deben tramitarse mediante una deliberación profunda y separada."",""uncertainty"":""El texto no precisa qué características harían más profundo el escenario legislativo; la exigencia de un marco separado sí es explícita.""}"
32,utt_289b0fb559ca74901faf::p0004-p0005,utt_289b0fb559ca74901faf,21419,http://datos.bcn.cl/recurso/cl/documento/696951,llm_001,review,,Deliberación legislativa diferenciada: los cambios a beneficios vinculados a situaciones graves deben tramitarse mediante un debate profundo y un tratamiento particular y separado.,support,360,476,"por la gravedad de las circunstancias, el caso amerita un tratamiento absolutamente particular, distinto y separado.","{""alternatives"":[{""concept_id"":""acuerdos_moderacion"",""reason"":""No se defiende una solución de compromiso ni la moderación entre posiciones; se exige un tratamiento diferenciado por la gravedad del caso.""}],""coding"":""La gravedad de las circunstancias se presenta como razón normativa para otorgar al caso un tratamiento particular, distinto y separado, lo que constituye una justificación procedimental ausente del libro de códigos."",""context_evidence"":[],""criterion_reference"":""new_concept"",""stance"":""Apoya la proposición de que la gravedad del caso justifica una tramitación legislativa específica y separada."",""uncertainty"":""La naturaleza exacta de la gravedad invocada no se especifica, aunque su uso como fundamento del tratamiento separado es claro.""}"
33,utt_289b0fb559ca74901faf::p0006-p0008,utt_289b0fb559ca74901faf,21419,http://datos.bcn.cl/recurso/cl/documento/696951,llm_000,review,,Tratamiento legislativo específico y separado: los casos previsionales excepcionales deben ser objeto de una discusión profunda en una ley especialmente diseñada para ese propósito y separada de la normativa general.,support,586,816,"el contexto de las leyes Valech y Rettig creemos francamente que amerita una discusión profunda, desarrollada en el marco de una ley especialmente diseñada para ese propósito y no incorporada en el ámbito de la presente normativa.","{""alternatives"":[{""concept_id"":""acuerdos_moderacion"",""reason"":""Aunque se alude a una discusión legislativa, no se invocan acuerdos amplios, compromiso entre posiciones contrapuestas ni moderación.""}],""coding"":""La cita sostiene que estos casos ameritan una discusión profunda y una ley especialmente diseñada, separada de la normativa vigente. Esto formula una justificación procedimental sobre el tratamiento legislativo que no está contemplada por los conceptos del libro."",""context_evidence"":[],""criterion_reference"":""new_concept"",""stance"":""Apoya la proposición de que los casos de exonerados deben discutirse y regularse mediante una ley especial separada, en lugar de incorporarse a la normativa general."",""uncertainty"":""El pasaje prescribe el marco y la separación del tratamiento legislativo, pero no especifica el contenido sustantivo de la ley especial.""}"
34,utt_289b0fb559ca74901faf::p0009-p0013,utt_289b0fb559ca74901faf,21419,http://datos.bcn.cl/recurso/cl/documento/696951,llm_000,review,,"Deliberación legislativa diferenciada por gravedad: los asuntos previsionales de especial gravedad o distinta naturaleza deben recibir una discusión separada, estructural y más profunda que la posible dentro de una ley de Pensión Garantizada Universal.",support,22,280,"la gravedad de los hechos que terminaron por convocar estos dos esquemas jurídicos: Valech y Rettig , amerita una discusión distinta, estructural y mucho más profunda que la que se pueda dar en el marco de una ley que crea esta Pensión Garantizada Universal.","{""alternatives"":[{""concept_id"":""acuerdos_moderacion"",""reason"":""Aunque se menciona una discusión, no se la justifica por acuerdos, compromiso, consenso o moderación entre posiciones contrapuestas.""}],""coding"":""La gravedad de los hechos se presenta como razón para exigir una discusión legislativa distinta, estructural y más profunda que la disponible en la ley de PGU. Es una justificación procedimental explícita que no corresponde a un concepto existente del libro."",""context_evidence"":[],""criterion_reference"":""new_concept"",""stance"":""La cita apoya la proposición de que asuntos previsionales especialmente graves o de distinta naturaleza deben debatirse mediante una instancia legislativa diferenciada."",""uncertainty"":""El pasaje puede entenderse como una objeción al alcance y trámite de la ley más que como una regla sustantiva sobre el sistema previsional; por eso se propone como concepto nuevo para revisión.""}"
35,utt_5164f57b16a245992f1a::p0001-p0002,utt_5164f57b16a245992f1a,21419,http://datos.bcn.cl/recurso/cl/documento/696951,llm_000,in_codebook,igualdad_universalismo,,support,250,489,"Yo mañana puedo recurrir, si es que esta norma se aprueba, al Tribunal Constitucional por la igualdad ante la ley. Lo que no me pueden decir es que si las personas señaladas se eliminan de este artículo están fuera de norma constitucional.","{""alternatives"":[{""concept_id"":""conciencia_costos"",""reason"":""Aunque el bloque menciona los costos, los usa para defender la facultad de votar y no para afirmar que la reforma sea fiscalmente inviable, insostenible o demasiado costosa.""}],""coding"":""La igualdad ante la ley se invoca como parámetro constitucional para impugnar la norma y cuestionar la exclusión de las personas señaladas, lo que formula una exigencia de igualdad de trato en las reglas previsionales."",""context_evidence"":[],""criterion_reference"":""include:2"",""stance"":""Apoya que las personas afectadas sean tratadas bajo reglas previsionales compatibles con la igualdad, pues esa igualdad se presenta como motivo para recurrir contra la norma."",""uncertainty"":""La igualdad se formula en términos constitucionales generales y no se especifica el alcance del beneficio ni la diferencia concreta entre las personas; la conexión previsional depende de la norma y el artículo discutidos.""}"
36,utt_5164f57b16a245992f1a::p0003-p0004,utt_5164f57b16a245992f1a,21419,http://datos.bcn.cl/recurso/cl/documento/696951,llm_000,in_codebook,igualdad_universalismo,,support,331,416,es nuestro derecho constitucional no ser partícipes de una situación discriminatoria.,"{""alternatives"":[],""coding"":""La cita invoca un derecho constitucional para rechazar una situación discriminatoria, formulando la igualdad de trato como razón normativa para oponerse a la disposición previsional."",""context_evidence"":[{""source"":""previous_context"",""text"":""Yo mañana puedo recurrir, si es que esta norma se aprueba, al Tribunal Constitucional por la igualdad ante la ley.""}],""criterion_reference"":""include:2"",""stance"":""Apoya que la protección previsional y sus reglas respeten la igualdad de trato y no produzcan discriminación."",""uncertainty"":""No se especifica en la cita qué grupo o trato concreto sería discriminado, pero la apelación explícita a la igualdad permite aplicar el concepto.""}"
42,utt_e83df4d71a02276035ec::p0001-p0007,utt_e83df4d71a02276035ec,21419,http://datos.bcn.cl/recurso/cl/documento/696951,llm_000,in_codebook,igualdad_universalismo,,support,102,167,nos habíamos hecho la ilusión de que esta vez sí fuera universal.,"{""alternatives"":[{""concept_id"":""necesidad_material"",""reason"":""El bloque menciona pensiones que se deterioran y desempleo prolongado, pero no formula la carencia material como el criterio que debe determinar la asignación; la proposición codificada se funda en la universalidad.""},{""concept_id"":""identidad"",""reason"":""La referencia a 'nuestros amigos y amigas' no presenta la pertenencia a ese grupo como razón distributiva.""}],""coding"":""La expectativa explícita de que la Pensión Garantizada Universal fuera universal presenta la cobertura universal de un beneficio previsional como el diseño deseado, y no solo como una descripción técnica."",""context_evidence"":[],""criterion_reference"":""include:1"",""stance"":""El hablante lamenta que la promesa de universalidad no se haya cumplido y, por tanto, apoya que la protección previsional tenga alcance universal."",""uncertainty"":""La justificación se expresa como una expectativa o ilusión, no mediante un deber explícito; su carácter normativo se refuerza por la lamentación posterior ante la exclusión dentro del mismo bloque.""}"
47,utt_4c53b710b40430edbd03::p0006,utt_4c53b710b40430edbd03,21419,http://datos.bcn.cl/recurso/cl/documento/696951,llm_000,in_codebook,identidad,,support,157,273,"Acá hay de verdad una total indiferencia respecto de, por ejemplo, personas que vivieron prisión política y tortura.","{""alternatives"":[{""concept_id"":""ilegitimidad_origen_dictatorial"",""reason"":""Aunque se menciona la prisión política y la tortura, la cita no afirma que el sistema previsional haya sido impuesto durante la dictadura ni que ese origen debilite su legitimidad.""}],""coding"":""La cita identifica a las personas que vivieron prisión política y tortura como un grupo cuyo trato previsional está siendo cuestionado por una supuesta indiferencia; la pertenencia a ese grupo opera como razón para reclamar reconocimiento o protección diferenciada."",""context_evidence"":[{""source"":""next_context"",""text"":""Los colocamos a todos ahí, pero acá no hay un reconocimiento.""}],""criterion_reference"":""include:2"",""stance"":""Al rechazar la indiferencia hacia ese grupo, la cita apoya que su pertenencia o experiencia compartida justifique un trato previsional distinto o una mayor protección."",""uncertainty"":""El objetivo no especifica qué beneficio o reconocimiento concreto debería otorgarse; la interpretación distributiva depende del contexto inmediato sobre la falta de reconocimiento.""}"
48,utt_4c53b710b40430edbd03::p0007-p0009,utt_4c53b710b40430edbd03,21419,http://datos.bcn.cl/recurso/cl/documento/696951,llm_000,review,,Reconocimiento y no revictimización de víctimas de prisión política y tortura: la protección previsional debe reconocer su condición y evitar revictimizarlas.,support,148,234,"Los colocamos a todos ahí, pero acá no hay un reconocimiento. Creo que se revictimiza.","{""alternatives"":[{""concept_id"":""necesidad_material"",""reason"":""La referencia a una pensión básica y a la edad no afirma carencia económica, vulnerabilidad material ni priorización por recursos.""},{""concept_id"":""identidad"",""reason"":""Aunque se identifica un grupo, el argumento apela a su condición de víctimas y a su reconocimiento, no a pertenencia o cercanía a una comunidad propia.""}],""coding"":""La cita critica que la indicación ubique a estas personas en la lógica de la pensión básica solidaria sin reconocimiento y afirma que esa forma de tratarlas las revictimiza. Esto justifica una protección previsional que reconozca su condición y evite su revictimización, un criterio normativo ausente del libro de códigos."",""context_evidence"":[{""source"":""previous_context"",""text"":""Acá hay de verdad una total indiferencia respecto de, por ejemplo, personas que vivieron prisión política y tortura.""}],""criterion_reference"":""new_concept"",""stance"":""Al denunciar la falta de reconocimiento y la revictimización, el hablante respalda la proposición de que la política previsional debe reconocer a este grupo y evitar ese trato."",""uncertainty"":""El referente de «todos» se precisa mediante el contexto previo de la misma intervención; el texto objetivo no describe el contenido concreto de la indicación.""}"
49,utt_5936a765677a1e5b9dc6::p0001-p0004,utt_5936a765677a1e5b9dc6,21419,http://datos.bcn.cl/recurso/cl/documento/696951,llm_000,in_codebook,acuerdos_moderacion,,support,251,375,"A mí me habría gustado ver, de parte del Gobierno, una actitud más flexible y haber acogido, en parte, nuestro planteamiento","{""alternatives"":[{""concept_id"":""actitud"",""reason"":""Aunque se usa la palabra 'actitud', la evaluación se dirige al Gobierno y no a la actitud de beneficiarios; el contenido normativo relevante es la flexibilidad como forma de compromiso.""}],""coding"":""La preferencia por una actitud flexible y por acoger parcialmente el planteamiento opositor expresa una disposición al compromiso y a una solución no maximalista en la reforma."",""context_evidence"":[],""criterion_reference"":""definition"",""stance"":""El hablante respalda la flexibilidad y la acogida parcial, por lo que apoya el valor de los acuerdos y la moderación, aunque critique al Gobierno por no aplicarlos."",""uncertainty"":""La cita no usa literalmente 'acuerdo' o 'compromiso'; la codificación se basa en la flexibilidad y la acogida parcial como señales explícitas de moderación.""}"
49,utt_5936a765677a1e5b9dc6::p0001-p0004,utt_5936a765677a1e5b9dc6,21419,http://datos.bcn.cl/recurso/cl/documento/696951,llm_001,review,,reparación como finalidad de la protección previsional: las políticas previsionales deben cumplir una función de reparación pública.,support,434,500,lo que creemos que deben ser las políticas públicas de reparación.,"{""alternatives"":[{""concept_id"":""identidad"",""reason"":""La referencia a 'nuestra identidad' podría sugerir identidad, pero la pertenencia no se usa aquí como criterio para distribuir protección; la razón expresada es la finalidad reparativa.""}],""coding"":""La cita presenta como normativa la idea de lo que deben ser las políticas públicas de reparación y vincula el tema previsional con esa finalidad, que no está contemplada por los conceptos existentes."",""context_evidence"":[],""criterion_reference"":""new_concept"",""stance"":""El hablante se adscribe a 'lo que creemos' que deben ser esas políticas y, por tanto, respalda una orientación reparativa."",""uncertainty"":""La formulación es elíptica: no precisa qué daño se repara ni qué diseño o distribución previsional se deriva de esa finalidad, por lo que requiere revisión humana.""}"
52,utt_5936a765677a1e5b9dc6::p0009-p0011,utt_5936a765677a1e5b9dc6,21419,http://datos.bcn.cl/recurso/cl/documento/696951,llm_000,in_codebook,acuerdos_moderacion,,support,476,638,"¡Si los que debieran generar las condiciones para una aprobación con amplias mayorías son los que fueron elegidos para gobernar, no los que están en la Oposición!","{""alternatives"":[{""concept_id"":""control_responsabilidad_individual"",""reason"":""Aunque el pasaje atribuye responsabilidad a actores políticos, no se refiere al control de personas sobre su situación previsional ni deriva consecuencias distributivas para beneficiarios; además, el libro excluye este uso institucional de la responsabilidad.""}],""coding"":""La cita exige que quienes gobiernan generen condiciones para una aprobación con amplias mayorías y presenta esa búsqueda de respaldo amplio como una obligación procedimental para sacar adelante la iniciativa."",""context_evidence"":[],""criterion_reference"":""include:1"",""stance"":""Apoya el valor de los acuerdos amplios porque atribuye a quienes gobiernan el deber de facilitar una aprobación amplia, en vez de aceptar la falta de convergencia."",""uncertainty"":""La cita no utiliza literalmente los términos acuerdo, compromiso o moderación; la codificación se basa en la exigencia explícita de una aprobación con amplias mayorías. La frontera con una mera crítica al trámite legislativo requiere revisión.""}"
54,utt_5936a765677a1e5b9dc6::p0013-p0016,utt_5936a765677a1e5b9dc6,21419,http://datos.bcn.cl/recurso/cl/documento/696951,llm_000,in_codebook,conciencia_costos,,support,396,432,ni siquiera está del todo financiado,"{""alternatives"":[],""coding"":""La afirmación enfática de que el proyecto no está completamente financiado presenta una carencia de financiamiento como un defecto relevante de la reforma, compatible con la preocupación por su viabilidad financiera."",""context_evidence"":[],""criterion_reference"":""orientation_anchor"",""stance"":""La cita respalda la proposición de que una reforma sin financiamiento sostenible no es financieramente viable; el hablante no la presenta como financiada o sostenible."",""uncertainty"":""La cita no explicita una consecuencia concreta como rechazar, reducir o postergar el proyecto; la relación entre la falta de financiamiento y la exigencia de responsabilidad política aparece de forma implícita en el pasaje.""}"
59,utt_6832b5e4cbc5440edce3::p0011-p0014,utt_6832b5e4cbc5440edce3,21419,http://datos.bcn.cl/recurso/cl/documento/696951,llm_000,in_codebook,igualdad_universalismo,,support,122,238,hay un complemento igual en esta ley -que quede claro- al esquema de otras normas o escenarios que son equivalentes.,"{""alternatives"":[],""coding"":""La cita establece un mismo complemento para normas o escenarios equivalentes, usando la comparabilidad como criterio de igualdad del beneficio."",""context_evidence"":[],""criterion_reference"":""include:2"",""stance"":""Apoya que situaciones previsionales comparables reciban igual trato y nivel de protección."",""uncertainty"":""""}"
59,utt_6832b5e4cbc5440edce3::p0011-p0014,utt_6832b5e4cbc5440edce3,21419,http://datos.bcn.cl/recurso/cl/documento/696951,llm_001,in_codebook,igualdad_universalismo,,support,301,517,"Pero también uno tiene que ver qué pasa, por ejemplo, con el mundo de la invalidez. ¿No tiene un elemento similar? ¿Van a quedar separados de lo que se pueda hacer con respecto a las pensiones Valech , Rettig u otra?","{""alternatives"":[{""concept_id"":""necesidad_material"",""reason"":""La invalidez puede asociarse a vulnerabilidad, pero el fragmento no menciona carencia económica ni necesidades básicas; la razón expresada es el trato similar.""}],""coding"":""Las preguntas retóricas cuestionan que el grupo en situación de invalidez quede excluido de un elemento similar al previsto para pensiones comparables, apelando a la igualdad de trato."",""context_evidence"":[],""criterion_reference"":""include:2"",""stance"":""Apoya extender un tratamiento equivalente y rechaza una separación basada únicamente en la categoría del grupo."",""uncertainty"":""La orientación igualitaria se formula mediante preguntas retóricas y no mediante una obligación expresamente formulada.""}"
61,utt_6832b5e4cbc5440edce3::p0016-p0019,utt_6832b5e4cbc5440edce3,21419,http://datos.bcn.cl/recurso/cl/documento/696951,llm_000,in_codebook,igualdad_universalismo,,support,99,312,"Espero que haya un escenario donde podamos enfrentar esto, pero globalmente: con todas las personas que reciben algún tipo de ayuda del Estado, en términos de generar un equivalente, pero no de forma parcializada.","{""alternatives"":[],""coding"":""La cita propone abordar la medida globalmente, incluyendo a todas las personas que reciben ayuda estatal y generando un equivalente, en lugar de aplicarla de forma parcializada. Esto justifica un alcance universal o una regla común de protección."",""context_evidence"":[],""criterion_reference"":""include:1"",""stance"":""El hablante apoya que la protección se otorgue de manera igual o universal, sin limitarla parcialmente entre las personas destinatarias."",""uncertainty"":""El referente de «esto» y el contenido exacto de «generar un equivalente» no se especifican por completo; la codificación se basa en la exigencia explícita de incluir a todas las personas y evitar la parcialización.""}"
62,utt_6832b5e4cbc5440edce3::p0020-p0023,utt_6832b5e4cbc5440edce3,21419,http://datos.bcn.cl/recurso/cl/documento/696951,llm_000,in_codebook,acuerdos_moderacion,,support,447,506,"se podrá resolver hacia delante, de forma mancomunada ojalá","{""alternatives"":[{""concept_id"":""igualdad_universalismo"",""reason"":""La inclusión de todos los sectores aparece en otra parte de la oración; este fragmento fundamenta la forma conjunta de resolver, no la extensión de la cobertura.""}],""coding"":""La preferencia por resolver el asunto de forma mancomunada, reforzada por «ojalá», presenta la actuación conjunta como una vía deseable para alcanzar la solución previsional."",""context_evidence"":[],""criterion_reference"":""include:1"",""stance"":""Apoya la proposición de que la concertación y la resolución conjunta otorgan valor o legitimidad a la solución."",""uncertainty"":""«Mancomunada» no explicita por sí sola un acuerdo amplio, compromiso o moderación entre posiciones contrapuestas; se interpreta provisionalmente como una defensa de la resolución conjunta.""}"
62,utt_6832b5e4cbc5440edce3::p0020-p0023,utt_6832b5e4cbc5440edce3,21419,http://datos.bcn.cl/recurso/cl/documento/696951,llm_001,in_codebook,igualdad_universalismo,,support,431,581,"Distinto es que se podrá resolver hacia delante, de forma mancomunada ojalá, pero incluyendo a todos los sectores que reciben alguna ayuda del Estado.","{""alternatives"":[{""concept_id"":""acuerdos_moderacion"",""reason"":""Aunque la oración también menciona una resolución mancomunada, el fundamento de esta codificación es incluir a todos los sectores, no el valor procedimental del acuerdo.""},{""concept_id"":""necesidad_material"",""reason"":""Los receptores de ayuda podrían ser personas vulnerables, pero el enunciado no prioriza a quienes tienen mayor carencia; exige incluir a todo el conjunto mencionado.""}],""coding"":""La exigencia de incluir a todos los sectores que reciben ayuda estatal formula una regla de cobertura amplia y no parcializada. El contexto inmediato aclara que se busca generar un equivalente para todas las personas receptoras de ayuda."",""context_evidence"":[{""source"":""previous_context"",""text"":""Espero que haya un escenario donde podamos enfrentar esto, pero globalmente: con todas las personas que reciben algún tipo de ayuda del Estado, en términos de generar un equivalente, pero no de forma parcializada.""}],""criterion_reference"":""include:1"",""stance"":""Apoya la proposición de extender la protección de manera igual o universal dentro del conjunto de personas que reciben ayuda estatal."",""uncertainty"":""La referencia a todos los sectores no usa literalmente lenguaje de derecho universal o igualdad de trato, aunque la inclusión del conjunto y el rechazo de la parcialización permiten esta codificación provisional.""}"
64,utt_bde4e376c13333198b6a::p0002-p0003,utt_bde4e376c13333198b6a,21419,http://datos.bcn.cl/recurso/cl/documento/697505,llm_000,in_codebook,igualdad_universalismo,,support,441,726,"La idea fundamental de la iniciativa, modificada mediante indicación del Ejecutivo, apunta a generar un efectivo e inmediato aumento de las pensiones de las personas adultas mayores, mediante la creación de una pensión garantizada universal en reemplazo de la pensión básica universal.","{""alternatives"":[],""coding"":""La cita presenta la creación de una pensión explícitamente universal como el mecanismo central para organizar la protección previsional, lo que respalda una cobertura universal del beneficio."",""context_evidence"":[],""criterion_reference"":""include:1"",""stance"":""La afirmación apoya que la protección previsional se otorgue mediante un beneficio de alcance universal."",""uncertainty"":""""}"
65,utt_bde4e376c13333198b6a::p0004,utt_bde4e376c13333198b6a,21419,http://datos.bcn.cl/recurso/cl/documento/697505,llm_000,in_codebook,necesidad_material,,support,146,265,"proponía aumentar la cobertura del pilar solidario, pasando del 60 al 80 por ciento de la población de menores recursos","{""alternatives"":[{""concept_id"":""solidaridad_intergeneracional"",""reason"":""Aunque se menciona el pilar solidario, no se explicita una transferencia de recursos o distribución de riesgos entre generaciones.""},{""concept_id"":""igualdad_universalismo"",""reason"":""Se menciona la cobertura, pero la regla no se justifica por igualdad o universalidad, sino por la focalización en personas de menores recursos.""}],""coding"":""La propuesta focaliza la ampliación de cobertura en la población de menores recursos, usando la carencia económica como criterio de asignación de mayor protección previsional."",""context_evidence"":[],""criterion_reference"":""include:2"",""stance"":""La focalización y expansión de la cobertura para personas con menores recursos respalda la proposición de que quienes enfrentan mayores necesidades materiales deben recibir mayor protección."",""uncertainty"":""""}"
66,utt_bde4e376c13333198b6a::p0005-p0006,utt_bde4e376c13333198b6a,21419,http://datos.bcn.cl/recurso/cl/documento/697505,llm_000,in_codebook,necesidad_material,,support,482,720,"El objetivo de esas modificaciones apuntó a mejorar el proyecto inicial, con el fin de aumentar las pensiones de los actuales y futuros pensionados mayores de 65 años de edad pertenecientes al 90 por ciento más vulnerable de la población.","{""alternatives"":[],""coding"":""La cita justifica aumentar las pensiones focalizando la protección en el 90 por ciento más vulnerable de la población; la vulnerabilidad se usa como criterio distributivo."",""context_evidence"":[],""criterion_reference"":""include:1"",""stance"":""La orientación de la cita apoya que quienes enfrentan mayores necesidades materiales reciban mayor protección previsional."",""uncertainty"":""""}"
69,utt_bde4e376c13333198b6a::p0011-p0013,utt_bde4e376c13333198b6a,21419,http://datos.bcn.cl/recurso/cl/documento/697505,llm_000,in_codebook,igualdad_universalismo,,support,550,665,para obtener la pensión garantizada universal no se requerirá estar pensionado ni afiliado a un sistema previsional,"{""alternatives"":[],""coding"":""La eliminación expresa de los requisitos de estar pensionado o afiliado establece acceso a la prestación con independencia del estatus previsional, operacionalizando una cobertura universal."",""context_evidence"":[],""criterion_reference"":""include:1"",""stance"":""La regla apoya que la protección previsional se otorgue universalmente y sin depender de la pertenencia previa a un sistema previsional."",""uncertainty"":""El pasaje presenta una regla legal más que una defensa valorativa explícita del universalismo; se codifica porque la eliminación de ambos requisitos hace operativo el acceso universal.""}"
72,utt_bde4e376c13333198b6a::p0021-p0023,utt_bde4e376c13333198b6a,21419,http://datos.bcn.cl/recurso/cl/documento/697505,llm_000,in_codebook,conciencia_costos,,oppose,30,438,"el mayor gasto que represente la aplicación de esta ley en proyecto en el mediano plazo se financiará con la eliminación o modificación de exenciones tributarias, con la provisión contenida en la Ley de Presupuestos del Sector Público año 2022 para el proyecto de reforma de pensiones, actualmente en tramitación en el Senado, y con la reducción del aporte anual obligatorio al Fondo de Reserva de Pensiones.","{""alternatives"":[],""coding"":""La cita afirma que el mayor gasto de la reforma contará con fuentes tributarias, presupuestarias y del Fondo de Reserva, presentándola como una expansión con financiamiento previsto."",""context_evidence"":[],""criterion_reference"":""include:4"",""stance"":""Se opone a la afirmación de que la reforma carece de financiamiento sostenible o excede la capacidad fiscal, porque identifica fuentes destinadas a cubrir su mayor gasto."",""uncertainty"":""La oración no califica expresamente las fuentes como sostenibles ni formula un deber; podría leerse como una descripción técnica, aunque afirma explícitamente que el gasto será financiado.""}"
74,utt_3e385b0c423b7ec5cae7::p0001-p0002,utt_3e385b0c423b7ec5cae7,21419,http://datos.bcn.cl/recurso/cl/documento/697505,llm_000,review,,Solidaridad previsional: la protección previsional debe incorporar la solidaridad como principio de organización.,support,198,423,"Qué duda cabe de que, cuando la Presidenta Bachelet creó el pilar solidario, iba a ser una tremenda reforma y que iba a poner sobre la mesa algo que le falta a este sistema actual de capitalización individual: la solidaridad.","{""alternatives"":[{""concept_id"":""solidaridad_intergeneracional"",""reason"":""No se aplica porque el objetivo no identifica generaciones activas y jubiladas ni transferencias o distribución de recursos o riesgos entre cohortes; la sola mención de solidaridad está excluida por el código.""},{""concept_id"":""capitalizacion_individual"",""reason"":""La referencia a la capitalización individual funciona como contraste con la solidaridad, pero no afirma que el ahorro propio produzca pensiones insuficientes o desigualdades ni defiende o critica el destino individual de las cotizaciones conforme a los criterios de inclusión.""}],""coding"":""La cita califica positivamente el pilar solidario como una “tremenda reforma” porque incorpora “la solidaridad”, presentada como una carencia del sistema de capitalización individual. Esto formula una justificación normativa a favor de organizar la protección previsional con solidaridad, pero sin especificar una relación entre generaciones."",""context_evidence"":[],""criterion_reference"":""new_concept"",""stance"":""El hablante respalda que la protección previsional incorpore solidaridad como componente de la reforma."",""uncertainty"":""El alcance de “solidaridad” no se especifica y podría referirse a solidaridad intergeneracional, pero el objetivo no lo expresa. Se propone un concepto nuevo para no inferir esa relación.""}"
76,utt_3e385b0c423b7ec5cae7::p0005-p0006,utt_3e385b0c423b7ec5cae7,21419,http://datos.bcn.cl/recurso/cl/documento/697505,llm_000,in_codebook,necesidad_material,,support,9,99,no queda otra opción que hacerse cargo de la grave situación que viven nuestros jubilados.,"{""alternatives"":[],""coding"":""La grave situación de los jubilados se presenta como una carencia o vulnerabilidad que obliga a hacerse cargo de ellos mediante protección previsional."",""context_evidence"":[],""criterion_reference"":""include:1"",""stance"":""Apoya que quienes enfrentan mayores necesidades materiales deben recibir mayor protección previsional."",""uncertainty"":""La expresión es general y no especifica la carencia económica concreta, aunque la presenta explícitamente como fundamento para una respuesta previsional.""}"
78,utt_efe6539eeb00b9a4cdd8::p0001-p0003,utt_efe6539eeb00b9a4cdd8,21419,http://datos.bcn.cl/recurso/cl/documento/697505,llm_000,in_codebook,necesidad_material,,support,521,820,"el objetivo fundamental de este proyecto es la creación de la pensión garantizada universal por un monto máximo de 185.000 pesos. Esa cifra corresponde a la línea de la pobreza establecida por el Ministerio de Desarrollo Social en su informe del mes pasado, que es de 184.900 pesos, aproximadamente.","{""alternatives"":[{""concept_id"":""igualdad_universalismo"",""reason"":""Aunque se menciona una pensión 'universal', el fundamento explícito del monto es la línea de pobreza y la suficiencia material, no la igualdad de acceso o trato como razón independiente.""}],""coding"":""El monto objetivo de la pensión se fundamenta explícitamente en la línea de la pobreza, que se usa como umbral material para diseñar la protección previsional."",""context_evidence"":[],""criterion_reference"":""include:1"",""stance"":""La cita apoya otorgar una garantía previsional para evitar la privación material asociada a pensiones inferiores a la línea de pobreza."",""uncertainty"":""""}"
79,utt_efe6539eeb00b9a4cdd8::p0004-p0005,utt_efe6539eeb00b9a4cdd8,21419,http://datos.bcn.cl/recurso/cl/documento/697505,llm_000,in_codebook,igualdad_universalismo,,support,13,166,"se pone como requisito que sea para todos los mayores de 65 años de edad, salvo los que se encuentren en el 10 por ciento más rico de la población mayor.","{""alternatives"":[{""concept_id"":""necesidad_material"",""reason"":""La exclusión del 10 por ciento más rico podría sugerir focalización, pero el fragmento no invoca carencia, vulnerabilidad o necesidad económica como fundamento.""}],""coding"":""La cita establece una regla de cobertura previsional para todos los mayores de 65 años, lo que expresa un criterio de acceso amplio o universal, aunque delimita la cobertura excluyendo al 10 por ciento más rico."",""context_evidence"":[{""source"":""previous_context"",""text"":""Como ya se ha dicho, el objetivo fundamental de este proyecto es la creación de la pensión garantizada universal por un monto máximo de 185.000 pesos.""}],""criterion_reference"":""include:1"",""stance"":""Apoya la universalización de la protección previsional para la población mayor, con la excepción explícita indicada."",""uncertainty"":""La cita no explica el fundamento de excluir al 10 por ciento más rico; por ello se codifica el componente explícito de cobertura amplia, no una justificación basada en necesidad material.""}"
80,utt_efe6539eeb00b9a4cdd8::p0006,utt_efe6539eeb00b9a4cdd8,21419,http://datos.bcn.cl/recurso/cl/documento/697505,llm_000,in_codebook,igualdad_universalismo,,support,149,521,"Este es un cambio muy importante, porque el pilar solidario solamente beneficia a quienes están jubilados o pensionados, en cambio este proyecto de ley otorga el beneficio también a aquellos mayores de 65 años de edad que no estén aún jubilados, pero a los cuales se les podrá calcular su pensión a los 65 años y podrán cobrarla independiente de que estén o no trabajando.","{""alternatives"":[{""concept_id"":""control_responsabilidad_individual"",""reason"":""Aunque se menciona si las personas están trabajando, no se atribuye responsabilidad o control sobre la situación previsional ni se usa el trabajo para establecer merecimiento o restricción; se destaca, por el contrario, que no debe operar como condición de acceso.""}],""coding"":""La cita valora como muy importante que el beneficio alcance también a mayores de 65 años no jubilados y que pueda cobrarse estén o no trabajando. Esto presenta una regla de acceso independiente de la situación laboral, compatible con la igualdad de trato entre personas mayores comparables."",""context_evidence"":[],""criterion_reference"":""include:2"",""stance"":""El hablante apoya la ampliación del acceso y la eliminación de la situación laboral como condición para cobrar el beneficio, al calificarla de cambio muy importante."",""uncertainty"":""La cita también puede leerse como una descripción de elegibilidad y no utiliza literalmente los términos igualdad o universalidad. La valoración del cambio y la referencia a cobrar independientemente de trabajar permiten, no obstante, interpretarla como apoyo a la igualdad de acceso.""}"
87,utt_efe6539eeb00b9a4cdd8::p0015,utt_efe6539eeb00b9a4cdd8,21419,http://datos.bcn.cl/recurso/cl/documento/697505,llm_000,in_codebook,necesidad_material,,support,26,304,"el instrumento de focalización es el monto de la pensión. Por eso hemos señalado que las personas con pensiones desde 0 a 630.000 pesos recibirán los beneficios; desde 630.000 pesos a 900.000 pesos recibirán, gradualmente, menos, y por sobre 1 millón de pesos no recibirán nada.","{""alternatives"":[{""concept_id"":""conciencia_costos"",""reason"":""Aunque hay umbrales que limitan el acceso, la cita no atribuye esa limitación a costos fiscales, falta de financiamiento o sostenibilidad presupuestaria.""}],""coding"":""La cita establece una regla distributiva graduada que prioriza a quienes tienen pensiones más bajas: reciben mayor protección, mientras que las pensiones más altas reciben menos o ningún beneficio."",""context_evidence"":[{""source"":""next_context"",""text"":""de forma tal de no generar una injusticia en la que una persona con un alto patrimonio reciba el beneficio de una pensión del Estado.""}],""criterion_reference"":""include:2"",""stance"":""La regla apoya que las personas con menores recursos previsionales reciban una protección mayor, en línea con el ancla de necesidad material."",""uncertainty"":""El objetivo no explicita que una pensión baja constituya carencia o necesidad material; esa lectura se basa en la priorización explícita de las pensiones más bajas y se ve aclarada por el contexto inmediato.""}"
88,utt_efe6539eeb00b9a4cdd8::p0016,utt_efe6539eeb00b9a4cdd8,21419,http://datos.bcn.cl/recurso/cl/documento/697505,llm_000,in_codebook,necesidad_material,,support,308,441,de forma tal de no generar una injusticia en la que una persona con un alto patrimonio reciba el beneficio de una pensión del Estado.,"{""alternatives"":[{""concept_id"":""reciprocidad_contributiva"",""reason"":""Aunque se menciona que la persona cotizó poco, la cita no sostiene que las cotizaciones generen o nieguen un título moral sobre el beneficio; la razón normativa explícita es el alto patrimonio.""}],""coding"":""La cita propone excluir del beneficio estatal a quien, pese a tener una pensión baja, dispone de un alto patrimonio. El patrimonio opera como criterio de asignación que reserva la protección a personas con menores recursos o mayores necesidades materiales."",""context_evidence"":[],""criterion_reference"":""include:2"",""stance"":""Apoya la idea de que la protección previsional debe priorizar a quienes enfrentan mayores necesidades materiales, al rechazar que una persona rica reciba el beneficio."",""uncertainty"":""La referencia a haber cotizado poco se interpreta como explicación de la baja pensión, no como un criterio normativo independiente de merecimiento contributivo.""}"
94,utt_efe6539eeb00b9a4cdd8::p0023s001,utt_efe6539eeb00b9a4cdd8,21419,http://datos.bcn.cl/recurso/cl/documento/697505,llm_000,in_codebook,igualdad_universalismo,,support,438,551,"La gracia es que la pensión garantizada no cae en la medida en que la pensión base aumenta, sino que se mantiene.","{""alternatives"":[{""concept_id"":""capitalizacion_individual"",""reason"":""Aunque el objetivo menciona una pensión autofinanciada, la cita no defiende que las cotizaciones financien individualmente la pensión; solo valora que la garantía no disminuya.""},{""concept_id"":""reciprocidad_contributiva"",""reason"":""No se presenta el trabajo o las cotizaciones como título moral para recibir el beneficio, por lo que la razón central es la uniformidad de la garantía y no la contraprestación contributiva.""}],""coding"":""La expresión valorativa «La gracia» presenta como ventaja distributiva que el beneficio garantizado mantenga el mismo nivel aunque aumente la pensión base, formulando una regla uniforme de protección entre personas con bases distintas."",""context_evidence"":[],""criterion_reference"":""include:2"",""stance"":""Apoya que la protección previsional se otorgue con igualdad de trato o nivel de beneficio, sin reducir la garantía según la pensión base."",""uncertainty"":""La afirmación describe una característica del diseño, pero «La gracia» la presenta explícitamente como una ventaja normativa; esa frontera entre descripción y justificación requiere revisión humana.""}"
97,utt_efe6539eeb00b9a4cdd8::p0027-p0028,utt_efe6539eeb00b9a4cdd8,21419,http://datos.bcn.cl/recurso/cl/documento/697505,llm_000,in_codebook,igualdad_universalismo,,support,235,310,esta es una pensión garantizada de vejez para todos los mayores de 65 años.,"{""alternatives"":[],""coding"":""La afirmación presenta la pensión como una garantía dirigida a todas las personas mayores de 65 años, formulando un criterio explícito de cobertura universal."",""context_evidence"":[],""criterion_reference"":""include:1"",""stance"":""Apoya que la protección previsional se otorgue universalmente a quienes cumplen el umbral etario."",""uncertainty"":""""}"
97,utt_efe6539eeb00b9a4cdd8::p0027-p0028,utt_efe6539eeb00b9a4cdd8,21419,http://datos.bcn.cl/recurso/cl/documento/697505,llm_001,in_codebook,igualdad_universalismo,,support,329,430,los pensionados de invalidez a los 65 años van a entrar al mismo régimen que el resto de los chilenos,"{""alternatives"":[{""concept_id"":""identidad"",""reason"":""Aunque se menciona al resto de los chilenos, la pertenencia nacional no se usa para otorgar prioridad; la proposición central es la igualdad de régimen.""}],""coding"":""La cita establece que los pensionados de invalidez recibirán el mismo régimen que las demás personas al cumplir 65 años, expresando una regla de igualdad de trato."",""context_evidence"":[],""criterion_reference"":""include:2"",""stance"":""Apoya la igualdad de reglas y protección previsional entre personas en condiciones comparables."",""uncertainty"":""""}"
98,utt_efe6539eeb00b9a4cdd8::p0029,utt_efe6539eeb00b9a4cdd8,21419,http://datos.bcn.cl/recurso/cl/documento/697505,llm_000,in_codebook,igualdad_universalismo,,support,205,383,"Cualquiera sea la pensión, siempre y cuando esté bajo el millón de pesos, sea vitalicia o pactada, el pensionado va a recibir el complemento de los 185.000 pesos que he señalado.","{""alternatives"":[{""concept_id"":""necesidad_material"",""reason"":""El límite de un millón de pesos funciona como condición de elegibilidad, pero la cita no lo justifica por pobreza, carencia o vulnerabilidad.""}],""coding"":""La cita establece que, bajo la misma condición de ingreso, la modalidad de pensión —vitalicia o pactada— no altera el acceso al complemento, lo que expresa igualdad de trato entre personas comparables."",""context_evidence"":[],""criterion_reference"":""include:2"",""stance"":""Apoya que la protección previsional se otorgue de manera igual con independencia de la modalidad de pensión."",""uncertainty"":""El pasaje formula directamente una regla del proyecto y no desarrolla la igualdad como principio abstracto; se codifica porque la no distinción entre modalidades y el acceso al mismo beneficio son explícitos.""}"
103,utt_f341957cdb85912bc40f::p0001-p0002,utt_f341957cdb85912bc40f,21419,http://datos.bcn.cl/recurso/cl/documento/697505,llm_000,in_codebook,conciencia_costos,,support,45,271,"ingresamos una indicación que vincula la entrada en vigencia de la PGU con la de exenciones tributarias, de manera tal que nuestras pensionadas y pensionados tengan asegurada su pensión con ingresos permanentes para el Estado.","{""alternatives"":[],""coding"":""La indicación condiciona la entrada en vigencia de la PGU a una fuente de ingresos permanentes para el Estado; la exigencia de financiamiento sostenible se usa como razón para regular el despliegue de esta expansión previsional."",""context_evidence"":[],""criterion_reference"":""include:3"",""stance"":""La cita apoya la orientación de que la expansión previsional debe contar con financiamiento fiscal sostenible, pues presenta los ingresos permanentes como condición para asegurarla."",""uncertainty"":""No se afirma literalmente que la PGU sea demasiado costosa o fiscalmente inviable; el código depende de interpretar la exigencia de ingresos permanentes como una condición de sostenibilidad financiera.""}"
104,utt_f341957cdb85912bc40f::p0003,utt_f341957cdb85912bc40f,21419,http://datos.bcn.cl/recurso/cl/documento/697505,llm_000,review,,"Autonomía legislativa frente a atribuciones presidenciales: las competencias exclusivas del Presidente deben interpretarse restrictivamente, dejando al legislador la regulación de los plazos de entrada en vigencia de las leyes previsionales.",support,102,356,"las atribuciones exclusivas del Presidente son una limitación excepcional del proceso de formación de la ley, debiéndose interpretar las atribuciones exclusivas de manera restrictiva, no incluyendo, por tanto, los plazos de entrada en vigencia de la ley.","{""alternatives"":[{""concept_id"":""acuerdos_moderacion"",""reason"":""Es el código procedimental más cercano, pero la cita no invoca acuerdos amplios, compromiso, consenso ni moderación entre posiciones contrapuestas.""}],""coding"":""La cita establece una regla normativa de interpretación constitucional: las atribuciones presidenciales exclusivas son excepcionales y deben interpretarse restrictivamente, regla que se usa para sostener la admisibilidad de una indicación sobre la entrada en vigencia. El libro no contempla la autonomía legislativa ni los límites interpretativos de las competencias presidenciales."",""context_evidence"":[{""source"":""previous_context"",""text"":""Señor Presidente, en la Comisión de Hacienda ingresamos una indicación que vincula la entrada en vigencia de la PGU con la de exenciones tributarias, de manera tal que nuestras pensionadas y pensionados tengan asegurada su pensión con ingresos permanentes para el Estado.""}],""criterion_reference"":""new_concept"",""stance"":""El hablante apoya que el legislador conserve competencia para regular esos plazos, al sostener que no están comprendidos en las atribuciones exclusivas del Presidente."",""uncertainty"":""La propuesta depende de considerar una regla constitucional de admisibilidad como una justificación de la gobernanza previsional; el contexto se usa únicamente para identificar la referencia de «esta indicación».""}"
105,utt_f341957cdb85912bc40f::p0004-p0008,utt_f341957cdb85912bc40f,21419,http://datos.bcn.cl/recurso/cl/documento/697505,llm_000,in_codebook,conciencia_costos,,support,454,573,es incomprensible que algo que tiene gasto permanente en el tiempo no tenga asegurado su financiamiento en el proyecto.,"{""alternatives"":[],""coding"":""La cita vincula el gasto permanente con la exigencia de contar con financiamiento asegurado y presenta su ausencia como un problema de viabilidad financiera."",""context_evidence"":[],""criterion_reference"":""include:3"",""stance"":""Apoya el ancla porque afirma que el proyecto carece de financiamiento asegurado y que esa carencia es inaceptable, en vez de tratarla como un dato neutro."",""uncertainty"":""""}"
108,utt_b9341b57a7bc037f529c::p0003-p0004,utt_b9341b57a7bc037f529c,21419,http://datos.bcn.cl/recurso/cl/documento/698998,llm_000,in_codebook,acuerdos_moderacion,,support,356,513,"hoy podemos decir, con mucho agradecimiento, con mucha fuerza y con mucha convicción, que esta vez sí contamos con una oposición constructiva y colaboradora.","{""alternatives"":[{""concept_id"":""actitud"",""reason"":""Aunque se califica la conducta de la oposición, el pasaje no distribuye protección según la actitud de beneficiarios; la razón invocada es la colaboración procedimental entre actores políticos.""}],""coding"":""La colaboración de la oposición se valora explícitamente mediante el agradecimiento y las calificaciones “constructiva” y “colaboradora”, presentándola como una vía positiva para concretar la reforma previsional."",""context_evidence"":[],""criterion_reference"":""include:1"",""stance"":""Apoya la proposición de que la colaboración entre posiciones contrapuestas otorga valor y viabilidad al proceso de reforma."",""uncertainty"":""La cita valora claramente la colaboración, pero no afirma de forma literal que el acuerdo otorgue legitimidad democrática; la conexión con acuerdos y viabilidad de la reforma es implícita.""}"
111,utt_b9341b57a7bc037f529c::p0007-p0009,utt_b9341b57a7bc037f529c,21419,http://datos.bcn.cl/recurso/cl/documento/698998,llm_000,in_codebook,acuerdos_moderacion,,support,240,383,"una oposición que no pretenderá obstruir con tal de ganar poder, sino que velaremos siempre por el bienestar de los chilenos y de las chilenas.","{""alternatives"":[{""concept_id"":""identidad"",""reason"":""Aunque se menciona el bienestar de los chilenos y las chilenas, la pertenencia nacional no se usa como criterio de prioridad o acceso previsional; el fundamento central es la conducta parlamentaria.""}],""coding"":""La cita compromete a la futura oposición a no obstruir por interés de poder y a contribuir priorizando el bienestar público. Esto presenta una conducta cooperativa y moderada como forma válida de tramitar la reforma previsional."",""context_evidence"":[{""source"":""previous_context"",""text"":""la clase política no era capaz de ponerse de acuerdo en algo tan básico y tan relevante como es el velar por nuestros abuelos y por nuestras abuelas""}],""criterion_reference"":""include:1"",""stance"":""Apoya la orientación del concepto porque rechaza la obstrucción partidista y favorece la contribución de la oposición, en lugar de una estrategia de confrontación por poder."",""uncertainty"":""La cita no emplea literalmente los términos «acuerdo» o «moderación»; la codificación se basa en el compromiso explícito de no obstruir y contribuir, interpretado en el contexto inmediato de una reforma cuyo trámite se vincula con alcanzar acuerdos.""}"
121,utt_c7e697eae3fb40d7e0d7::p0006-p0009,utt_c7e697eae3fb40d7e0d7,21538,http://datos.bcn.cl/recurso/cl/documento/700181,llm_000,review,,Adecuación del cálculo a la pensión efectiva: la PGU debe calcularse mediante un instrumento adecuado a su finalidad para evitar distorsiones en la asignación.,support,0,147,La PAFE es un instrumento de referencia diseñado para otro objetivo. Por esa razón es inconveniente que la PGU dependa directamente de ese cálculo.,"{""alternatives"":[{""concept_id"":""igualdad_universalismo"",""reason"":""La cita cuestiona la adecuación del instrumento de cálculo, pero no invoca explícitamente igualdad o universalidad del acceso.""}],""coding"":""La cita considera inconveniente que la PGU dependa de la PAFE porque esta fue diseñada para otro objetivo; así, justifica que el instrumento de cálculo sea adecuado a la finalidad previsional."",""context_evidence"":[],""criterion_reference"":""new_concept"",""stance"":""Apoya la proposición de que el cálculo de la PGU debe adecuarse a su finalidad y no depender de un parámetro que la distorsiona."",""uncertainty"":""El libro no contiene un código específico para la adecuación del parámetro de cálculo al objetivo del beneficio.""}"
121,utt_c7e697eae3fb40d7e0d7::p0006-p0009,utt_c7e697eae3fb40d7e0d7,21538,http://datos.bcn.cl/recurso/cl/documento/700181,llm_001,review,,Adecuación del cálculo a la pensión efectiva: la PGU debe otorgarse y calcularse con base en el monto que cada pensionado recibe efectivamente para evitar distorsiones de asignación y acceso.,support,535,746,"la PGU debe otorgarse y calcularse según el monto de la pensión que efectivamente recibe cada pensionado y no conforme al instrumento denominado PAFE, pues distorsiona la realidad previsional de los pensionados.","{""alternatives"":[{""concept_id"":""igualdad_universalismo"",""reason"":""Aunque la regla puede ampliar el acceso, su fundamento explícito es corregir el criterio de cálculo y la distorsión, no establecer igualdad o universalidad.""},{""concept_id"":""necesidad_material"",""reason"":""Se mencionan montos menores y falta de acceso, pero no se invoca pobreza, vulnerabilidad o carencia material como razón distributiva.""}],""coding"":""La cita prescribe expresamente usar la pensión efectivamente recibida como base para otorgar y calcular la PGU, y justifica esa regla porque la PAFE distorsiona la realidad previsional."",""context_evidence"":[],""criterion_reference"":""new_concept"",""stance"":""Apoya la proposición de que la pensión efectiva debe ser el criterio de cálculo de la PGU."",""uncertainty"":""La cita no especifica un principio distributivo existente que explique por qué la pensión efectiva debe prevalecer sobre la PAFE.""}"
121,utt_c7e697eae3fb40d7e0d7::p0006-p0009,utt_c7e697eae3fb40d7e0d7,21538,http://datos.bcn.cl/recurso/cl/documento/700181,llm_002,in_codebook,igualdad_universalismo,,support,885,987,"a fin de permitir que más beneficiarios tengan acceso, en especial quienes al día de hoy no lo tienen.","{""alternatives"":[],""coding"":""La finalidad declarada de la iniciativa es ampliar el acceso a la PGU, especialmente para quienes actualmente quedan fuera, lo que presenta la cobertura como razón para el diseño de la política."",""context_evidence"":[],""criterion_reference"":""include:1"",""stance"":""Apoya una protección previsional de acceso más amplio y universal."",""uncertainty"":""La cita no utiliza expresamente las palabras «universal» o «igualdad»; la codificación depende de interpretar la ampliación del acceso a personas excluidas como una apelación a la cobertura universal.""}"
127,utt_50b5d9f8c3d8b247ce23::p0008-p0010,utt_50b5d9f8c3d8b247ce23,21538,http://datos.bcn.cl/recurso/cl/documento/700181,llm_000,in_codebook,igualdad_universalismo,,support,146,208,son necesarias para que podamos incorporar a más beneficiarios,"{""alternatives"":[{""concept_id"":""necesidad_material"",""reason"":""No se mencionan pobreza, vulnerabilidad, carencia económica ni necesidades básicas; el argumento se refiere al alcance de la cobertura.""}],""coding"":""La cita presenta como necesaria una medida que permita incorporar a más beneficiarios, justificando así una ampliación del acceso o la cobertura previsional."",""context_evidence"":[],""criterion_reference"":""definition"",""stance"":""Apoya extender la protección previsional a más personas, en línea con una orientación de cobertura más amplia."",""uncertainty"":""No se explicita que el acceso deba ser universal o igual para todas las personas ni se identifica a los nuevos beneficiarios; la codificación interpreta “más beneficiarios” como una expansión de cobertura.""}"
128,utt_cbd165e541e063cf008c::p0001-p0004,utt_cbd165e541e063cf008c,21538,http://datos.bcn.cl/recurso/cl/documento/700181,llm_000,in_codebook,igualdad_universalismo,,support,101,323,"Estos son los debates que vale la pena dar en este Congreso: ampliar el universo de beneficiarios y beneficiarias de la PGU, pasando al criterio de focalización del 10 por ciento de exclusión de toda la población del país.","{""alternatives"":[{""concept_id"":""necesidad_material"",""reason"":""Aunque se menciona la focalización, no se invocan pobreza, vulnerabilidad o carencias como criterio de asignación; la razón explícita es ampliar la cobertura.""}],""coding"":""La ampliación del universo de beneficiarios hasta cubrir a toda la población salvo el 10 por ciento se presenta como una propuesta valiosa, lo que fundamenta una orientación de cobertura previsional amplia o casi universal."",""context_evidence"":[],""criterion_reference"":""include:1"",""stance"":""Apoya que la protección previsional tenga un alcance igual o universal, al promover una cobertura poblacional extensa en lugar de una focalización estrecha."",""uncertainty"":""El texto no usa literalmente la palabra «universal», pero la referencia a toda la población y a excluir solo al 10 por ciento sostiene la lectura de cobertura casi universal.""}"
128,utt_cbd165e541e063cf008c::p0001-p0004,utt_cbd165e541e063cf008c,21538,http://datos.bcn.cl/recurso/cl/documento/700181,llm_001,in_codebook,acuerdos_moderacion,,support,478,682,"las y los diputados de la vereda de enfrente nos han tenido en debates espurios, y lo que ofrecen a la ciudadanía son acusaciones constitucionales sin fundamento y restarse de la construcción de acuerdos.","{""alternatives"":[],""coding"":""La construcción de acuerdos se presenta como alternativa valiosa frente a debates calificados de espurios y a la abstención de los adversarios; el pasaje defiende los acuerdos como instrumento para una reforma previsional aprobable."",""context_evidence"":[],""criterion_reference"":""include:1"",""stance"":""Apoya la orientación según la cual los acuerdos amplios y la convergencia entre posiciones otorgan valor y viabilidad democrática a la reforma."",""uncertainty"":""La defensa de los acuerdos se formula implícitamente mediante la crítica a quienes se restan de construirlos.""}"
130,utt_cbd165e541e063cf008c::p0007-p0008,utt_cbd165e541e063cf008c,21538,http://datos.bcn.cl/recurso/cl/documento/700181,llm_000,in_codebook,prevision_como_mercado,,oppose,347,643,"Si los grandes capitales de este país y los sectores políticos que los representan en este Congreso Nacional no entienden que es necesario dejar de bloquear los cambios para tener servicios públicos de calidad y, por ejemplo, un buen sistema de pensiones, vamos a seguir fracasando como sociedad.","{""alternatives"":[{""concept_id"":""acuerdos_moderacion"",""reason"":""Aunque se pide dejar de bloquear cambios, la cita no valora acuerdos, compromiso o moderación entre posiciones contrapuestas; el fundamento es la obstrucción atribuida a grandes intereses económicos.""}],""coding"":""La cita atribuye a los grandes capitales y a los sectores políticos que los representan el bloqueo de cambios necesarios para contar con un buen sistema de pensiones. Esto critica la anteposición de intereses económicos o empresariales al derecho social previsional."",""context_evidence"":[],""criterion_reference"":""include:3"",""stance"":""Rechaza que los intereses empresariales o del gran capital obstaculicen la protección previsional, por lo que se opone a su captura o primacía en la organización del sistema."",""uncertainty"":""La cita no menciona expresamente el mercado previsional, las AFP, el lucro ni la administración privada; el código depende de interpretar el bloqueo por grandes capitales como anteposición o captura de intereses empresariales en la previsión.""}"
131,utt_cbd165e541e063cf008c::p0009,utt_cbd165e541e063cf008c,21538,http://datos.bcn.cl/recurso/cl/documento/700181,llm_000,in_codebook,acuerdos_moderacion,,support,0,116,"Para que la PGU se amplíe y las pensiones en Chile suban hay que cambiar las cosas, hay que dejar la intransigencia.","{""alternatives"":[],""coding"":""La cita llama a abandonar la intransigencia como condición para avanzar en una reforma que amplíe la PGU y eleve las pensiones, valorando la moderación frente a posiciones intransigentes."",""context_evidence"":[],""criterion_reference"":""include:2"",""stance"":""Apoya que dejar la intransigencia y converger hacia una solución menos extrema otorga legitimidad y viabilidad a la reforma previsional."",""uncertainty"":""""}"
131,utt_cbd165e541e063cf008c::p0009,utt_cbd165e541e063cf008c,21538,http://datos.bcn.cl/recurso/cl/documento/700181,llm_001,in_codebook,acuerdos_moderacion,,support,117,283,"Así como nuestro sector concurrió al acuerdo con el gobierno anterior para sacar adelante la PGU, tenemos el deber de aprobar la reforma de pensiones y la tributaria.","{""alternatives"":[],""coding"":""La aprobación de la reforma se presenta como un deber fundado en la participación previa en un acuerdo para sacar adelante la PGU; el acuerdo funciona como fundamento procedimental de la reforma previsional."",""context_evidence"":[],""criterion_reference"":""include:1"",""stance"":""Apoya la política de acuerdos como base válida para aprobar una reforma previsional."",""uncertainty"":""La cita no detalla el contenido del acuerdo previo, pero lo invoca explícitamente como fundamento del deber de aprobar la reforma.""}"
140,utt_e4905a4527b414754f30::p0002-p0004,utt_e4905a4527b414754f30,21538,http://datos.bcn.cl/recurso/cl/documento/700181,llm_000,review,,Competencia constitucional del Ejecutivo sobre el gasto previsional: las indicaciones previsionales que irrogan gasto deben ser presentadas por el Ejecutivo para ser constitucionalmente admisibles.,support,52,246,"Importante hubiera sido que la indicación que está reponiendo la diputada Ossandón la hubiese presentado el Ejecutivo, quien no solo tiene el deber, sino que, además, tiene el control del gasto.","{""alternatives"":[{""concept_id"":""conciencia_costos"",""reason"":""Aunque se mencionan el control y la generación de gasto, no se afirma que la indicación sea demasiado cara, carezca de financiamiento sostenible o exceda la capacidad fiscal; el fundamento principal es la competencia constitucional para iniciar gasto.""}],""coding"":""La cita formula un deber del Ejecutivo y vincula la presentación de la indicación con su control constitucional del gasto; el bloque usa la falta de esa vía para considerar la indicación inconstitucional y rechazarla."",""context_evidence"":[],""criterion_reference"":""new_concept"",""stance"":""El hablante respalda la proposición propuesta, pues considera que la indicación debió ser presentada por el Ejecutivo y vota en contra de la vía que no cumplió ese requisito."",""uncertainty"":""La referencia a que la indicación irroga gastos podría interpretarse como una restricción fiscal, pero el objetivo no desarrolla una evaluación de magnitud, financiamiento o sostenibilidad del gasto.""}"
141,utt_e1a3192cd687754b80cb::p0001-p0002,utt_e1a3192cd687754b80cb,21538,http://datos.bcn.cl/recurso/cl/documento/700224,llm_000,in_codebook,ineficiencia_estado,,support,299,431,"por qué ha habido tanta complejidad del Estado para hacerse cargo de personas que, teniendo derecho, no han podido acceder a la PGU.","{""alternatives"":[{""concept_id"":""igualdad_universalismo"",""reason"":""La referencia a personas con derecho y sin acceso puede sugerir un fundamento de acceso igualitario, pero el juicio explícito de este fragmento recae en la complejidad y capacidad del Estado.""}],""coding"":""La cita atribuye al Estado una complejidad que impide o dificulta que personas titulares de un derecho accedan a la PGU, evaluando negativamente su capacidad administrativa."",""context_evidence"":[],""criterion_reference"":""include:2"",""stance"":""La evaluación respalda la proposición de que una administración estatal ineficiente puede amenazar el resguardo efectivo de la protección previsional."",""uncertainty"":""La formulación es interrogativa y no pide explícitamente excluir la administración estatal; se interpreta la complejidad como una crítica normativa a su capacidad administrativa.""}"
141,utt_e1a3192cd687754b80cb::p0001-p0002,utt_e1a3192cd687754b80cb,21538,http://datos.bcn.cl/recurso/cl/documento/700224,llm_001,in_codebook,igualdad_universalismo,,support,368,431,"personas que, teniendo derecho, no han podido acceder a la PGU.","{""alternatives"":[{""concept_id"":""ineficiencia_estado"",""reason"":""La barrera también se vincula con la complejidad estatal, pero este fragmento se codifica por el fundamento de acceso basado en un derecho; la crítica a la capacidad del Estado se codifica separadamente.""}],""coding"":""La cita contrapone la titularidad de un derecho previsional con la falta de acceso a la PGU, presentando la realización del acceso como fundamento para la norma."",""context_evidence"":[],""criterion_reference"":""include:1"",""stance"":""Respalda que el beneficio debe hacerse efectivo para quienes tienen el derecho, de manera coherente con un acceso previsional entendido como derecho."",""uncertainty"":""No se formula literalmente universalidad o igualdad de trato para toda la población; el código depende de interpretar «teniendo derecho» como fundamento normativo del acceso y no solo como requisito legal.""}"
145,utt_e1a3192cd687754b80cb::p0007,utt_e1a3192cd687754b80cb,21538,http://datos.bcn.cl/recurso/cl/documento/700224,llm_000,review,,La elaboración de proyectos previsionales debe consultar previamente a los organismos consultivos relevantes.,support,216,372,"en proyectos futuros de esta naturaleza hay que escuchar antes a este organismo, porque ese es el sentido -si me da un minuto más, Presidente - de la norma.","{""alternatives"":[{""concept_id"":""acuerdos_moderacion"",""reason"":""Aunque se trata de una regla procedimental, la cita no invoca acuerdos amplios, compromiso entre posiciones contrapuestas ni moderación.""}],""coding"":""La cita formula explícitamente una regla sobre cómo deben elaborarse futuros proyectos previsionales: escuchar previamente al organismo consultivo, justificándolo como el sentido de la norma."",""context_evidence"":[],""criterion_reference"":""new_concept"",""stance"":""El hablante apoya la consulta previa mediante la expresión “hay que escuchar antes”."",""uncertainty"":""""}"
147,utt_e1a3192cd687754b80cb::p0011-p0013,utt_e1a3192cd687754b80cb,21538,http://datos.bcn.cl/recurso/cl/documento/700224,llm_000,review,,Claridad explicativa en la administración previsional: las medidas previsionales deben explicarse de manera clara y didáctica.,support,304,397,"La idea es tratar de explicar, porque hay que ser didácticos también en cuanto a esta medida.","{""alternatives"":[],""coding"":""La expresión «hay que ser didácticos» formula una obligación de explicar la medida de forma comprensible, y no una mera descripción. Este criterio de claridad comunicativa no está incluido en los conceptos del libro."",""context_evidence"":[],""criterion_reference"":""new_concept"",""stance"":""La cita apoya la proposición nueva porque presenta la explicación didáctica como una exigencia normativa."",""uncertainty"":""El alcance de la exigencia se limita a la comunicación de esta medida; el texto no establece un estándar más amplio de transparencia.""}"
150,utt_5887570a9b49e010e389::p0005-p0006,utt_5887570a9b49e010e389,21538,http://datos.bcn.cl/recurso/cl/documento/700224,llm_000,in_codebook,igualdad_universalismo,,support,31,121,"como modelo a seguir hacia delante, la pensión garantizada universal es la línea indicada.","{""alternatives"":[],""coding"":""La cita recomienda explícitamente una pensión garantizada universal como modelo de política previsional, respaldando el carácter universal de la protección."",""context_evidence"":[],""criterion_reference"":""include:1"",""stance"":""Apoya que la protección previsional se organice con alcance universal."",""uncertainty"":""""}"
151,utt_7cd26b17943d4ba3d750::p0001-p0003,utt_7cd26b17943d4ba3d750,21735,http://datos.bcn.cl/recurso/cl/documento/704058,llm_000,review,,Cumplimiento de promesas públicas: las promesas de mejorar las pensiones deben cumplirse.,support,629,744,"debemos ser capaces de cumplir con la promesa que les hacemos, que es mejorar las pensiones de chilenas y chilenos.","{""alternatives"":[{""concept_id"":""identidad"",""reason"":""Aunque «chilenas y chilenos» identifica a los destinatarios, la pertenencia nacional no se presenta como razón para priorizar su protección; el fundamento explícito es cumplir una promesa.""}],""coding"":""La expresión «debemos» formula un deber y vincula el mejoramiento de las pensiones con el cumplimiento de una promesa pública. El libro no contempla el cumplimiento de promesas como fundamento normativo autónomo."",""context_evidence"":[],""criterion_reference"":""new_concept"",""stance"":""El hablante apoya que las promesas de mejorar las pensiones deben cumplirse."",""uncertainty"":""La cita no especifica el mecanismo de la reforma ni una regla distributiva adicional; el concepto propuesto requiere revisión humana.""}"
156,utt_51df79529d233ae27220::p0001-p0003,utt_51df79529d233ae27220,21735,http://datos.bcn.cl/recurso/cl/documento/704058,llm_000,in_codebook,conciencia_costos,,support,316,418,"De nosotros depende que no se repita la historia, porque los costos no los puede seguir pagando Chile.","{""alternatives"":[],""coding"":""La oración usa la imposibilidad de que Chile siga asumiendo los costos como razón para evitar repetir reformas; convierte el costo de la reforma en una restricción normativa, no en una mera mención."",""context_evidence"":[],""criterion_reference"":""include:1"",""stance"":""El hablante respalda limitar o impedir una reforma cuya carga de costos recaería nuevamente en Chile, por lo que apoya la idea de que la expansión evaluada es demasiado costosa."",""uncertainty"":""No se especifica si los costos son fiscales o administrativos ni se afirma directamente qué componente de la reforma actual los genera; la referencia también puede aludir a consecuencias generales de reformas anteriores.""}"
159,utt_51df79529d233ae27220::p0006-p0008,utt_51df79529d233ae27220,21735,http://datos.bcn.cl/recurso/cl/documento/704058,llm_000,in_codebook,igualdad_universalismo,,support,0,120,"Hoy existe un castigo a la maternidad que urge corregir, pero de verdad y no con la letra chica que propone el gobierno.","{""alternatives"":[{""concept_id"":""identidad"",""reason"":""Aunque se refiere a las mujeres, la razón no es priorizar a un grupo por pertenencia, sino corregir una desigualdad de género.""}],""coding"":""La cita identifica una penalización asociada a la maternidad y exige corregirla, tratándola como una brecha de género que debe ser abordada por la política previsional."",""context_evidence"":[],""criterion_reference"":""include:3"",""stance"":""Apoya que la protección corrija brechas de género y se otorgue de manera igualitaria, conforme al ancla del concepto."",""uncertainty"":""La cita no utiliza literalmente la palabra igualdad; la codificación depende de interpretar el castigo a la maternidad como una brecha de género y no como una mera descripción.""}"
159,utt_51df79529d233ae27220::p0006-p0008,utt_51df79529d233ae27220,21735,http://datos.bcn.cl/recurso/cl/documento/704058,llm_001,in_codebook,ineficiencia_estado,,support,347,387,Un inversor estatal genera desconfianza.,"{""alternatives"":[{""concept_id"":""prevision_como_mercado"",""reason"":""El fragmento rechaza la administración estatal, pero la razón explícita es la desconfianza en el Estado, no una defensa de la competencia, la gestión privada o el lucro.""}],""coding"":""La desconfianza en un inversor estatal se utiliza como razón para cuestionar que el Estado administre los fondos previsionales."",""context_evidence"":[],""criterion_reference"":""include:2"",""stance"":""Apoya el ancla de que la administración estatal amenaza el resguardo legítimo de las cotizaciones por riesgos de capacidad o independencia política."",""uncertainty"":""""}"
159,utt_51df79529d233ae27220::p0006-p0008,utt_51df79529d233ae27220,21735,http://datos.bcn.cl/recurso/cl/documento/704058,llm_002,in_codebook,prevision_como_mercado,,support,684,799,"Licitar por comisión sin considerar la rentabilidad, ¿ayuda a mejorar la rentabilidad de los fondos? ¡Claro que no!","{""alternatives"":[{""concept_id"":""conciencia_costos"",""reason"":""Aunque se menciona la comisión, no se afirma que su costo limite o haga inviable la reforma; la crítica se centra en que se ignore la rentabilidad.""}],""coding"":""La respuesta enfática rechaza una licitación basada solo en la comisión cuando no considera la rentabilidad y presenta la rentabilidad financiera como un criterio necesario para organizar la gestión de los fondos."",""context_evidence"":[],""criterion_reference"":""include:1"",""stance"":""Apoya el ancla que reconoce la inversión financiera y la rentabilidad como mecanismos o criterios legítimos de organización previsional, aunque no aprueba necesariamente esta licitación concreta."",""uncertainty"":""El fragmento no formula expresamente una defensa general de la competencia ni de la administración privada; la codificación se basa en la valoración normativa de la rentabilidad financiera.""}"
168,utt_1425f080c69204b49cb8::p0001,utt_1425f080c69204b49cb8,21735,http://datos.bcn.cl/recurso/cl/documento/704058,llm_000,in_codebook,prevision_como_mercado,,oppose,150,357,"Valoro que un diputado haya tenido la decencia de decir que hay que cuidar el mercado de capitales, que hay que cuidar la banca y que no hay que afectarlos. Ese es el centro de la injusticia en nuestro país.","{""alternatives"":[],""coding"":""La defensa de cuidar el mercado de capitales y la banca es presentada como el centro de la injusticia, lo que critica anteponer intereses financieros o empresariales a la dignidad y finalidad social de la protección previsional."",""context_evidence"":[],""criterion_reference"":""include:3"",""stance"":""El hablante rechaza que la protección previsional se oriente principalmente por la defensa del mercado financiero y la banca; la expresión «centro de la injusticia» fija una oposición al ancla del concepto."",""uncertainty"":""La expresión «Valoro...» puede parecer un respaldo literal del contenido, pero la oración final lo califica como injusticia. Se interpreta como reconocimiento de la franqueza del diputado, no como adhesión a esa orientación.""}"
169,utt_1425f080c69204b49cb8::p0002-p0005,utt_1425f080c69204b49cb8,21735,http://datos.bcn.cl/recurso/cl/documento/704058,llm_000,in_codebook,necesidad_material,,support,560,780,"Invito a este Congreso Nacional a que vote pensando en los pensionados que vemos trabajando en los parques, en los jardines, en las plazas, barriendo las calles, para poder suplementar las pensiones de hambre que tienen.","{""alternatives"":[{""concept_id"":""reciprocidad_contributiva"",""reason"":""Aunque se menciona que los pensionados trabajan, ese trabajo aparece como respuesta a pensiones insuficientes y no como título moral derivado de aportes previos.""}],""coding"":""La exhortación a votar pensando en pensionados que deben trabajar para complementar pensiones calificadas de hambre usa la privación económica como razón para una respuesta previsional."",""context_evidence"":[],""criterion_reference"":""include:3"",""stance"":""Apoya que quienes enfrentan mayores carencias materiales reciban prioridad o mayor protección previsional."",""uncertainty"":""""}"
169,utt_1425f080c69204b49cb8::p0002-p0005,utt_1425f080c69204b49cb8,21735,http://datos.bcn.cl/recurso/cl/documento/704058,llm_001,in_codebook,prevision_como_mercado,,oppose,897,971,tuve la decencia de votar por esa gente y no por los intereses de las AFP.,"{""alternatives"":[],""coding"":""La contraposición entre votar por los pensionados y no por los intereses de las AFP rechaza anteponer intereses empresariales privados a la protección social; el contexto inmediato vincula esos intereses con el mercado de capitales y la banca."",""context_evidence"":[{""source"":""previous_context"",""text"":""Y la discusión es más profunda aún: ¿están defendiendo la dignidad de los chilenos y chilenas o están defendiendo el mercado de capitales y la banca?""}],""criterion_reference"":""include:3"",""stance"":""Se opone a orientar legítimamente la previsión en función de intereses empresariales privados o del negocio de las AFP."",""uncertainty"":""""}"
210,utt_aeb935d2a93de15b300b::p0001,utt_aeb935d2a93de15b300b,21735,http://datos.bcn.cl/recurso/cl/documento/704142,llm_000,in_codebook,necesidad_material,,support,558,783,"hemos estado más de una década tratando de hacernos cargo de la insuficiencia de un sistema de pensiones que tiene a la mayoría de los pensionados del país viviendo en condiciones muy precarias, de mucha necesidad y angustia.","{""alternatives"":[],""coding"":""La precariedad, necesidad y angustia de la mayoría de los pensionados se presentan como la privación que motiva hacerse cargo de la insuficiencia del sistema; la necesidad material funciona así como razón para una respuesta previsional."",""context_evidence"":[],""criterion_reference"":""include:1"",""stance"":""La cita respalda que quienes enfrentan mayores necesidades materiales deben recibir una respuesta o mayor protección previsional."",""uncertainty"":""La cita no especifica el mecanismo ni una regla explícita de priorización; el código depende de interpretar «hacernos cargo» como una respuesta normativa a la privación descrita.""}"
211,utt_aeb935d2a93de15b300b::p0002-p0003,utt_aeb935d2a93de15b300b,21735,http://datos.bcn.cl/recurso/cl/documento/704142,llm_000,in_codebook,necesidad_material,,support,0,215,"Ellos deberían ser el objetivo principal de las reformas legales que hagamos y de las políticas públicas, como foco de atención de lo que nos debe motivar en el servicio público, en el bien común hacia nuestro país.","{""alternatives"":[{""concept_id"":""identidad"",""reason"":""Aunque el referente es un grupo de pensionados, la prioridad no se justifica por su pertenencia grupal, sino por sus condiciones precarias y su necesidad material.""}],""coding"":""La cita establece que el grupo referido debe ser la prioridad principal de las reformas y políticas públicas. El contexto inmediato identifica a ese grupo como pensionados que viven en condiciones precarias y de necesidad, por lo que la prioridad se funda en una mayor necesidad material."",""context_evidence"":[{""source"":""previous_context"",""text"":""la mayoría de los pensionados del país viviendo en condiciones muy precarias, de mucha necesidad y angustia.""}],""criterion_reference"":""include:2"",""stance"":""Apoya que quienes enfrentan mayores necesidades materiales reciban mayor protección previsional, al convertirlos en el objetivo principal de las reformas."",""uncertainty"":""La necesidad material se explicita en el contexto anterior y no se repite literalmente en el bloque objetivo; el contexto permite resolver el referente de «Ellos».""}"
212,utt_aeb935d2a93de15b300b::p0004,utt_aeb935d2a93de15b300b,21735,http://datos.bcn.cl/recurso/cl/documento/704142,llm_000,review,,Protección colectiva frente a contingencias: las sociedades deben organizar sistemas previsionales para abordar las contingencias que las personas no pueden resolver individualmente.,support,0,318,"Los sistemas de pensiones no surgen sin un marco, sin un contexto que los hace necesarios. Se trata precisamente de la forma que han tenido las sociedades de abordar las distintas contingencias que enfrentan las personas en un país, en una comunidad, y que individualmente, es decir, por sí mismas, no pueden resolver.","{""alternatives"":[{""concept_id"":""necesidad_material"",""reason"":""El pasaje alude a contingencias e incapacidad individual, pero no especifica carencia económica, necesidades básicas, vulnerabilidad material ni una priorización de quienes tienen mayores necesidades.""},{""concept_id"":""solidaridad_intergeneracional"",""reason"":""No se mencionan generaciones activas o jubiladas, transferencias entre cohortes ni riesgos compartidos entre generaciones.""},{""concept_id"":""control_responsabilidad_individual"",""reason"":""Aunque se menciona la insuficiencia de la acción individual, no se atribuyen consecuencias previsionales a conductas controlables ni se deriva una regla según la responsabilidad personal.""}],""coding"":""La cita presenta la incapacidad de las personas para resolver individualmente ciertas contingencias como razón de que existan sistemas de pensiones y de que la sociedad las aborde colectivamente. Esta justificación de protección social colectiva no está recogida por un identificador específico del libro."",""context_evidence"":[],""criterion_reference"":""new_concept"",""stance"":""La afirmación apoya que la protección previsional se organice socialmente cuando las personas no pueden resolver por sí solas las contingencias."",""uncertainty"":""El término «contingencias» es amplio y el bloque no precisa si se refiere a necesidades materiales ni qué mecanismo colectivo debería utilizarse; la codificación depende de tratar la afirmación de necesidad de los sistemas como una justificación normativa emergente.""}"
213,utt_aeb935d2a93de15b300b::p0005,utt_aeb935d2a93de15b300b,21735,http://datos.bcn.cl/recurso/cl/documento/704142,llm_000,in_codebook,necesidad_material,,support,213,357,"la idea fue creciendo como una ola de protección a los más débiles, como la respuesta a una necesidad que permitió una mejor convivencia social.","{""alternatives"":[],""coding"":""La cita presenta la protección de «los más débiles» como una respuesta a una necesidad; la vulnerabilidad y la necesidad se usan como razones para otorgar protección."",""context_evidence"":[],""criterion_reference"":""include:1"",""stance"":""Apoya que quienes enfrentan mayores necesidades materiales o vulnerabilidad reciban mayor protección previsional."",""uncertainty"":""«Necesidad» no se especifica como económica, pero la referencia explícita a «los más débiles» expresa vulnerabilidad, incluida en este criterio.""}"
214,utt_aeb935d2a93de15b300b::p0006-p0007,utt_aeb935d2a93de15b300b,21735,http://datos.bcn.cl/recurso/cl/documento/704142,llm_000,review,,Seguro previsional solidario y suficiente: la protección previsional debe organizarse mediante reparto solidario con cotización del empleador y entregar prestaciones suficientes.,support,10,249,"tenemos la ley sobre accidentes del trabajo y enfermedades profesionales, que rige desde la década del 60 y que constituye un buen seguro: de reparto, solidario, en el que el empleador también cotiza y que entrega prestaciones suficientes.","{""alternatives"":[{""concept_id"":""solidaridad_intergeneracional"",""reason"":""Aunque se mencionan reparto y solidaridad, no se identifica una relación entre generaciones activas y jubiladas, requisito explícito de este concepto.""},{""concept_id"":""reciprocidad_contributiva"",""reason"":""Se menciona la cotización del empleador, pero no se afirma que las contribuciones generen un título moral a recibir, conservar o controlar beneficios.""}],""coding"":""La expresión evaluativa «constituye un buen seguro» valora positivamente una organización basada en reparto, solidaridad, aporte del empleador y prestaciones suficientes. Esa combinación normativa no está cubierta íntegramente por un concepto existente."",""context_evidence"":[],""criterion_reference"":""new_concept"",""stance"":""El hablante apoya que la protección previsional se organice de ese modo."",""uncertainty"":""No se especifica si el reparto aludido es intergeneracional; por ello se propone un concepto nuevo en lugar de inferir solidaridad intergeneracional.""}"
214,utt_aeb935d2a93de15b300b::p0006-p0007,utt_aeb935d2a93de15b300b,21735,http://datos.bcn.cl/recurso/cl/documento/704142,llm_001,in_codebook,capitalizacion_individual,,oppose,634,834,"tenemos un extremo: el sistema de pensiones, en el que solo de manera individual las personas deben resolver su vida. Pero los datos nos dicen que la forma de resolver esa vida es realmente dramática.","{""alternatives"":[{""concept_id"":""control_responsabilidad_individual"",""reason"":""La cita usa la idea de que las personas deben resolver individualmente su vida, pero no establece que los beneficios deban variar según conductas controlables ni atribuye la situación a una responsabilidad individual específica.""}],""coding"":""La cita califica como «extremo» que las personas deban resolver individualmente su vida previsional y vincula ese diseño con un resultado «realmente dramático». El contexto inmediato precisa que se trata de pensiones contributivas que no alcanzan la subsistencia, lo que permite interpretar la afirmación como una crítica al autofinanciamiento individual."",""context_evidence"":[{""source"":""next_context"",""text"":""que, en su vertiente contributiva, en la que se cotiza, genera pensiones que no alcanzan ni para la más mínima subsistencia.""}],""criterion_reference"":""include:3"",""stance"":""Rechaza que las cotizaciones y la protección previsional dependan principalmente del financiamiento individual de cada titular."",""uncertainty"":""No se menciona literalmente la cuenta individual; la codificación se basa en la referencia a resolver la vida previsional «solo de manera individual» y en su evaluación negativa por producir resultados dramáticos.""}"
216,utt_aeb935d2a93de15b300b::p0009,utt_aeb935d2a93de15b300b,21735,http://datos.bcn.cl/recurso/cl/documento/704142,llm_000,in_codebook,capitalizacion_individual,,oppose,0,216,"Es el pilar solidario, el no contributivo, el que desde fuera vino a subsidiar el drama de las pensiones que se otorgan a partir de la implementación del sistema de capitalización individual administrado por las AFP.","{""alternatives"":[{""concept_id"":""propiedad_individual_fondos"",""reason"":""No se afirma que los saldos sean propiedad del cotizante, heredables o protegidos frente a expropiación.""},{""concept_id"":""prevision_como_mercado"",""reason"":""La mención de las AFP no contiene una evaluación de la competencia, el lucro, la inversión o el mercado como mecanismos previsionales.""}],""coding"":""La cita vincula el 'drama' y la necesidad de subsidio con las pensiones derivadas de la implementación de la capitalización individual, presentándola como insuficiente para financiar adecuadamente la protección previsional."",""context_evidence"":[],""criterion_reference"":""include:3"",""stance"":""Al describir como un drama las pensiones producidas por la capitalización individual y como necesaria una ayuda externa, rechaza que ese mecanismo sea suficiente como regla de autofinanciamiento."",""uncertainty"":""La crítica se formula mediante la atribución de un resultado negativo y no como un llamado explícito a abolir el sistema; el criterio también incluye críticas a sus pensiones insuficientes.""}"
216,utt_aeb935d2a93de15b300b::p0009,utt_aeb935d2a93de15b300b,21735,http://datos.bcn.cl/recurso/cl/documento/704142,llm_001,in_codebook,necesidad_material,,support,0,216,"Es el pilar solidario, el no contributivo, el que desde fuera vino a subsidiar el drama de las pensiones que se otorgan a partir de la implementación del sistema de capitalización individual administrado por las AFP.","{""alternatives"":[{""concept_id"":""solidaridad_intergeneracional"",""reason"":""Aunque se usa la expresión 'pilar solidario', no se identifican transferencias ni riesgos compartidos entre generaciones activas y jubiladas.""}],""coding"":""La insuficiencia material de las pensiones es presentada como un 'drama' que justifica una respuesta distributiva concreta: el subsidio mediante un pilar solidario no contributivo."",""context_evidence"":[],""criterion_reference"":""include:3"",""stance"":""Apoya que quienes reciben pensiones insuficientes obtengan protección adicional debido a su necesidad material."",""uncertainty"":""La regla distributiva se expresa indirectamente a través de la función subsidiaria del pilar y del lenguaje de insuficiencia, sin formular literalmente un deber de focalización.""}"
219,utt_aeb935d2a93de15b300b::p0015,utt_aeb935d2a93de15b300b,21735,http://datos.bcn.cl/recurso/cl/documento/704142,llm_000,in_codebook,acuerdos_moderacion,,support,0,175,"El Parlamento es muy diverso y nadie puede construir una salida previsional si no cuenta con mayoría. Por eso, estos 14 meses hemos tratado de encontrar un espacio de acuerdo.","{""alternatives"":[],""coding"":""La cita presenta la búsqueda de un espacio de acuerdo como necesaria para construir una salida previsional en un Parlamento diverso y sin mayoría suficiente, lo que defiende los acuerdos como instrumento válido o necesario para una reforma previsional."",""context_evidence"":[],""criterion_reference"":""include:1"",""stance"":""Apoya la proposición de que los acuerdos y el compromiso entre posiciones parlamentarias otorgan valor y viabilidad a la reforma."",""uncertainty"":""""}"
220,utt_aeb935d2a93de15b300b::p0016-p0017,utt_aeb935d2a93de15b300b,21735,http://datos.bcn.cl/recurso/cl/documento/704142,llm_000,in_codebook,ilegitimidad_origen_dictatorial,,support,351,473,"desde la dictadura en adelante estamos en un extremo donde todo es individual. Esto se impuso, porque no había democracia.","{""alternatives"":[{""concept_id"":""capitalizacion_individual"",""reason"":""Aunque se afirma que todo es individual, no se sostiene que las cotizaciones deban financiar la pensión del titular ni que el ahorro individual produzca un resultado específico; la razón expresada es el origen no democrático.""}],""coding"":""La frase presenta el arreglo pensionario como impuesto desde la dictadura y en ausencia de democracia, satisfaciendo el criterio de imposición sin deliberación democrática."",""context_evidence"":[],""criterion_reference"":""include:1"",""stance"":""Apoya la proposición de que el origen dictatorial o no democrático debilita la legitimidad actual del sistema y fundamenta su modificación."",""uncertainty"":""""}"
220,utt_aeb935d2a93de15b300b::p0016-p0017,utt_aeb935d2a93de15b300b,21735,http://datos.bcn.cl/recurso/cl/documento/704142,llm_001,in_codebook,necesidad_material,,support,596,728,"la reforma de pensiones del 2008 es tan relevante, pues ayudó a muchos adultos mayores a salir de la extrema pobreza y de la pobreza","{""alternatives"":[],""coding"":""La relevancia normativa de la reforma se justifica por haber ayudado a personas a salir de la pobreza, convirtiendo la carencia material en una razón para valorar la protección previsional."",""context_evidence"":[],""criterion_reference"":""include:1"",""stance"":""Apoya la proposición de que las mayores necesidades materiales justifican una mayor protección previsional."",""uncertainty"":""""}"
221,utt_aeb935d2a93de15b300b::p0018,utt_aeb935d2a93de15b300b,21735,http://datos.bcn.cl/recurso/cl/documento/704142,llm_000,in_codebook,acuerdos_moderacion,,support,0,236,"Cuando, de manera pionera, Chile se incorporó a la Organización Internacional del Trabajo (OIT), lo hizo para contribuir, desde el diálogo social tripartito, a buscar una solución a los conflictos de manera pacífica, dialogada y serena.","{""alternatives"":[],""coding"":""La cita presenta el diálogo social y la búsqueda de soluciones pacíficas y dialogadas como una vía valiosa para resolver conflictos; el mismo bloque vincula ese ejercicio con acuerdos parlamentarios destinados a sacar adelante la PGU."",""context_evidence"":[],""criterion_reference"":""include:1"",""stance"":""Apoya que el diálogo, los acuerdos y la moderación otorguen valor y legitimidad a una solución previsional."",""uncertainty"":""La justificación se formula como una finalidad histórica y no mediante un deber explícito; la aplicación previsional se completa con la referencia posterior a los acuerdos sobre la PGU.""}"
222,utt_aeb935d2a93de15b300b::p0019,utt_aeb935d2a93de15b300b,21735,http://datos.bcn.cl/recurso/cl/documento/704142,llm_000,in_codebook,acuerdos_moderacion,,support,0,57,Hoy también tenemos la posibilidad de hacer este acuerdo.,"{""alternatives"":[],""coding"":""La frase presenta la concreción de un acuerdo parlamentario como una vía disponible para abordar la reforma previsional y funciona como un llamado a hacerlo, no como una mera descripción de un acuerdo pasado."",""context_evidence"":[],""criterion_reference"":""include:1"",""stance"":""Apoya la proposición de que alcanzar acuerdos es un instrumento válido para avanzar en una reforma previsional."",""uncertainty"":""El enunciado habla de una posibilidad y no explicita que el acuerdo sea necesario o que otorgue legitimidad; se interpreta el llamado a concretarlo como una defensa implícita.""}"
223,utt_aeb935d2a93de15b300b::p0020,utt_aeb935d2a93de15b300b,21735,http://datos.bcn.cl/recurso/cl/documento/704142,llm_000,in_codebook,igualdad_universalismo,,support,78,198,"Nuestro desafío es universalizarla, vale decir, llegar realmente, como su nombre lo indica, a todos los adultos mayores.","{""alternatives"":[],""coding"":""La propuesta explícita de universalizar la PGU y hacerla llegar a todos los adultos mayores presenta la cobertura universal como objetivo normativo de la protección previsional."",""context_evidence"":[],""criterion_reference"":""include:1"",""stance"":""Apoya la proposición de que la protección previsional debe otorgarse de manera universal, con independencia del estatus de las personas."",""uncertainty"":""""}"
223,utt_aeb935d2a93de15b300b::p0020,utt_aeb935d2a93de15b300b,21735,http://datos.bcn.cl/recurso/cl/documento/704142,llm_001,in_codebook,acuerdos_moderacion,,support,199,520,"El hecho de que se legislara sobre ella, sobre la base de lo que creó la Presidenta Bachelet en 2008, y de que gracias al acuerdo del Parlamento en el último mes del gobierno del Presidente Piñera se convirtiera en ley, fue una buena cosa, pues se ha podido avanzar y dar cobertura a muchas más personas mayores del país.","{""alternatives"":[{""concept_id"":""igualdad_universalismo"",""reason"":""Aunque se menciona una mayor cobertura, la razón normativa central de la cita es la valoración del acuerdo parlamentario, no una exigencia explícita de igualdad o universalidad.""}],""coding"":""La valoración positiva del acuerdo parlamentario y de su capacidad para convertir la medida en ley y ampliar la cobertura defiende el acuerdo como instrumento válido para avanzar en una reforma previsional."",""context_evidence"":[],""criterion_reference"":""include:1"",""stance"":""Apoya que el acuerdo y el compromiso democrático otorguen valor y viabilidad a una reforma previsional."",""uncertainty"":""""}"
224,utt_aeb935d2a93de15b300b::p0021,utt_aeb935d2a93de15b300b,21735,http://datos.bcn.cl/recurso/cl/documento/704142,llm_000,in_codebook,necesidad_material,,support,56,183,"Queremos que las personas mayores salgan de la línea de la pobreza. Por eso, tenemos el compromiso de elevarla a 250.000 pesos.","{""alternatives"":[{""concept_id"":""igualdad_universalismo"",""reason"":""El fundamento explícito es superar la pobreza, no una exigencia de igualdad o universalidad de acceso.""}],""coding"":""La pobreza se presenta como razón para elevar el monto de la protección previsional, por lo que la carencia material funciona como criterio distributivo."",""context_evidence"":[{""source"":""previous_context"",""text"":""Nuestras pensiones tienen dos vías de financiamiento. Una de ellas es la PGU.""}],""criterion_reference"":""include:1"",""stance"":""La cita apoya que las personas mayores en situación de pobreza reciban una protección previsional mayor o suficiente."",""uncertainty"":""El antecedente de «elevarla» se interpreta como la PGU a partir del contexto inmediatamente anterior.""}"
224,utt_aeb935d2a93de15b300b::p0021,utt_aeb935d2a93de15b300b,21735,http://datos.bcn.cl/recurso/cl/documento/704142,llm_001,in_codebook,igualdad_universalismo,,support,184,413,"Además, queremos que en esos 250.000 pesos se incluya a quienes hoy no están considerados. Me refiero a las víctimas de violaciones a los derechos humanos, que injustamente han sido excluidas en razón de recibir una indemnización","{""alternatives"":[{""concept_id"":""necesidad_material"",""reason"":""La inclusión de las víctimas no se funda en pobreza o carencia económica, sino en la exclusión injusta.""},{""concept_id"":""identidad"",""reason"":""Aunque se identifica a las víctimas como un grupo, no se apela a pertenencia o cercanía comunitaria como razón distributiva.""}],""coding"":""La propuesta de incluir a personas actualmente excluidas y la calificación de esa exclusión como injusta presentan la ampliación de la cobertura como una regla de acceso previsional."",""context_evidence"":[{""source"":""previous_context"",""text"":""Nuestro desafío es universalizarla, vale decir, llegar realmente, como su nombre lo indica, a todos los adultos mayores.""}],""criterion_reference"":""include:1"",""stance"":""La cita apoya una protección de cobertura más universal y sin exclusiones injustificadas."",""uncertainty"":""La palabra «universal» no aparece en el bloque objetivo; la lectura como universalismo se apoya en la exigencia explícita de inclusión y en el contexto de universalización.""}"
224,utt_aeb935d2a93de15b300b::p0021,utt_aeb935d2a93de15b300b,21735,http://datos.bcn.cl/recurso/cl/documento/704142,llm_002,in_codebook,necesidad_material,,support,529,764,"También queremos que se incluya al otro 10 por ciento de adultos mayores que no son los superricos, sino personas que también necesitan un piso de protección social que, en definitiva, se haga cargo de poder llegar a los 250.000 pesos.","{""alternatives"":[{""concept_id"":""igualdad_universalismo"",""reason"":""Aunque se solicita incluir a un grupo adicional, la razón expresada es su necesidad material, no una regla de igualdad o universalidad.""}],""coding"":""La inclusión del otro 10 por ciento se justifica porque esas personas necesitan un piso de protección social y alcanzar un monto suficiente."",""context_evidence"":[],""criterion_reference"":""include:1"",""stance"":""La cita apoya priorizar o ampliar la protección para personas con mayores necesidades materiales."",""uncertainty"":""""}"
225,utt_aeb935d2a93de15b300b::p0022,utt_aeb935d2a93de15b300b,21735,http://datos.bcn.cl/recurso/cl/documento/704142,llm_000,in_codebook,conciencia_costos,,support,153,267,"sí tenían diferencias en torno al tema del financiamiento, porque efectivamente faltaban fuentes de financiamiento","{""alternatives"":[{""concept_id"":""acuerdos_moderacion"",""reason"":""El acuerdo sobre avanzar en un piso de protección social se menciona descriptivamente, pero no se atribuye al consenso o a la moderación un valor normativo para legitimar la reforma.""}],""coding"":""La cita vincula causalmente las diferencias sobre el financiamiento de la PGU con la ausencia de fuentes de financiamiento, presentando esa carencia como una restricción de viabilidad para avanzar en la expansión previsional."",""context_evidence"":[],""criterion_reference"":""definition"",""stance"":""La cita respalda la proposición de que la expansión evaluada carece de financiamiento sostenible; no refuta esa restricción."",""uncertainty"":""No se afirma expresamente que la falta de fuentes obligue a rechazar, reducir o postergar el aumento; la codificación depende de interpretar la carencia como una restricción financiera de la expansión.""}"
230,utt_36aeae2e2a5a18015e24::p0003,utt_36aeae2e2a5a18015e24,21735,http://datos.bcn.cl/recurso/cl/documento/704142,llm_000,in_codebook,capitalizacion_individual,,support,243,329,porque necesitan que ese 6 por ciento de cotizaciones vaya a sus cuentas individuales.,"{""alternatives"":[{""concept_id"":""propiedad_individual_fondos"",""reason"":""Aunque se mencionan cuentas individuales, no se afirma propiedad, heredabilidad, control, expropiación ni un derecho adquirido sobre los fondos.""}],""coding"":""La cita defiende que el 6 por ciento de las cotizaciones ingrese a las cuentas individuales de los trabajadores, justificando el rechazo de la reforma si no mantiene ese destino."",""context_evidence"":[],""criterion_reference"":""include:1"",""stance"":""La afirmación apoya que las cotizaciones se acumulen en cuentas individuales y financien la protección previsional de sus titulares."",""uncertainty"":""""}"
235,utt_01d839029b43afc3efb7::p0001s002,utt_01d839029b43afc3efb7,21735,http://datos.bcn.cl/recurso/cl/documento/704142,llm_000,in_codebook,acuerdos_moderacion,,support,249,357,para que presente una indicación sustitutiva en los términos en que obviamente se pueda llegar a un acuerdo.,"{""alternatives"":[],""coding"":""La cita recomienda presentar una indicación sustitutiva en términos que permitan alcanzar un acuerdo, usando el acuerdo como criterio normativo para resolver la reforma previsional."",""context_evidence"":[],""criterion_reference"":""include:1"",""stance"":""Apoya que la búsqueda de un acuerdo sea una vía válida y deseable para una solución previsional."",""uncertainty"":""""}"
237,utt_01d839029b43afc3efb7::p0002s002,utt_01d839029b43afc3efb7,21735,http://datos.bcn.cl/recurso/cl/documento/704142,llm_000,in_codebook,ineficiencia_estado,,support,129,366,"el hecho de que el Estado tenga el control de los fondos de pensiones fortalece a los gobiernos y permite controlar la vida de las personas, lo que es propio de gobiernos de izquierda populistas, que, en general, empobrecen a los países.","{""alternatives"":[{""concept_id"":""prevision_como_mercado"",""reason"":""No se aplica porque el pasaje no defiende la competencia, la administración privada, la inversión financiera, el lucro ni los incentivos de mercado; solo cuestiona el control estatal.""}],""coding"":""La cita vincula el control estatal de los fondos con el fortalecimiento de los gobiernos y el control de la vida de las personas, presentándolo como un riesgo de uso político y como razón para cuestionar que el Estado administre esos fondos."",""context_evidence"":[],""criterion_reference"":""include:2"",""stance"":""La afirmación respalda la proposición de que la administración estatal amenaza el resguardo legítimo de las cotizaciones por uso político o falta de independencia."",""uncertainty"":""La cita no describe robo o dilapidación de fondos ni propone explícitamente una alternativa; la codificación se limita a la dimensión de uso político prevista en el criterio.""}"
240,utt_6f7820b46d73a1324e7f::p0001-p0002,utt_6f7820b46d73a1324e7f,21735,http://datos.bcn.cl/recurso/cl/documento/704142,llm_000,in_codebook,control_responsabilidad_individual,,oppose,19,212,"mi madre, quien no cotizó no porque no quiso o por floja, sino porque nadie, ni siquiera el Estado, reconoció el trabajo que realizó casi toda su vida para criar cinco hijos y, a veces, nietos.","{""alternatives"":[{""concept_id"":""reciprocidad_contributiva"",""reason"":""El trabajo de crianza también fundamenta el reconocimiento previsional y se codifica por separado; esta anotación se concentra en la negación de elección o responsabilidad.""},{""concept_id"":""actitud"",""reason"":""Aunque aparece la expresión «por floja», la actitud se niega expresamente y no se usa para restringir beneficios; el argumento se refiere al control sobre la falta de cotización.""}],""coding"":""La cita rechaza explícitamente atribuir la falta de cotización a una decisión o actitud controlable de la madre y la explica por la falta de reconocimiento de su trabajo de crianza."",""context_evidence"":[],""criterion_reference"":""include:3"",""stance"":""Se opone a que las consecuencias previsionales se basen en una responsabilidad individual imputable cuando la situación no dependió de la persona."",""uncertainty"":""La cita no formula una regla general, pero sí contiene un rechazo explícito de que la falta de cotización sea imputable a una decisión personal.""}"
240,utt_6f7820b46d73a1324e7f::p0001-p0002,utt_6f7820b46d73a1324e7f,21735,http://datos.bcn.cl/recurso/cl/documento/704142,llm_001,in_codebook,reciprocidad_contributiva,,support,89,339,"nadie, ni siquiera el Estado, reconoció el trabajo que realizó casi toda su vida para criar cinco hijos y, a veces, nietos. Solo desde el gobierno de la Presidenta Bachelet , mediante la creación de la pensión básica solidaria, se reconoce esa labor.","{""alternatives"":[{""concept_id"":""control_responsabilidad_individual"",""reason"":""La primera parte del pasaje también niega que la falta de cotización fuera voluntaria, lo que sustenta el código de control en otra anotación; aquí el fundamento central es el trabajo como título a protección.""},{""concept_id"":""capitalizacion_individual"",""reason"":""Se menciona la falta de cotización, pero no se defiende que una cuenta individual deba financiar la pensión ni que el ahorro propio determine su monto.""}],""coding"":""El trabajo realizado durante casi toda la vida para criar hijos y nietos se presenta como la labor que justifica el reconocimiento mediante una pensión; por tanto, el trabajo o esfuerzo previo genera un título moral a protección previsional."",""context_evidence"":[],""criterion_reference"":""include:1"",""stance"":""Apoya que el trabajo previo, aunque no se traduzca en cotizaciones, fundamente el acceso o reconocimiento previsional."",""uncertainty"":""El trabajo invocado es trabajo de crianza y no una cotización formal; se aplica el criterio porque el texto lo presenta explícitamente como la labor que la pensión reconoce.""}"
242,utt_6f7820b46d73a1324e7f::p0004-p0006,utt_6f7820b46d73a1324e7f,21735,http://datos.bcn.cl/recurso/cl/documento/704142,llm_000,in_codebook,necesidad_material,,support,343,557,"Si ello ocurre, no habrá ninguna posibilidad de aumentar la PGU a 250.000 pesos. El egoísmo de quienes voten en contra condenará a las personas mayores, principalmente mujeres, a seguir arreglándoselas como puedan.","{""alternatives"":[{""concept_id"":""actitud"",""reason"":""Aunque se califica de 'egoísmo' a quienes voten en contra, esa actitud se atribuye a actores políticos y no se usa como criterio para asignar protección a los beneficiarios.""},{""concept_id"":""igualdad_universalismo"",""reason"":""La mención de que las afectadas son principalmente mujeres no formula una exigencia de igualdad ni de corrección de una brecha; el fundamento explícito es la dificultad material.""}],""coding"":""La falta de aumento de la PGU se vincula con que las personas mayores, especialmente mujeres, sigan afrontando una situación de dificultad material. Esa privación se presenta como razón para rechazar la no aprobación de la reforma y ampliar la protección previsional."",""context_evidence"":[],""criterion_reference"":""definition"",""stance"":""support: la cita respalda que quienes enfrentan mayores dificultades materiales reciban mayor protección mediante el aumento de la PGU."",""uncertainty"":""La expresión 'seguir arreglándoselas como puedan' es coloquial y no cuantifica la carencia, aunque, en conexión con la falta de aumento de la PGU, presenta una privación material como consecuencia distributivamente relevante.""}"
244,utt_5b072a8761eaaeb69a95::p0001-p0005,utt_5b072a8761eaaeb69a95,21735,http://datos.bcn.cl/recurso/cl/documento/706982,llm_000,in_codebook,igualdad_universalismo,,support,245,411,"considero un acto elemental de justicia el que se hayan igualado las pensiones de hombres y mujeres a similar ahorro previsional, edad de jubilación y grupo familiar.","{""alternatives"":[],""coding"":""La cita presenta como un acto de justicia igualar las pensiones de hombres y mujeres cuando tienen ahorro previsional, edad de jubilación y grupo familiar similares; esto apela explícitamente a la igualdad de trato en condiciones comparables."",""context_evidence"":[],""criterion_reference"":""include:3"",""stance"":""Apoya que la protección previsional se otorgue de manera igual entre hombres y mujeres en condiciones similares."",""uncertainty"":""""}"
244,utt_5b072a8761eaaeb69a95::p0001-p0005,utt_5b072a8761eaaeb69a95,21735,http://datos.bcn.cl/recurso/cl/documento/706982,llm_001,in_codebook,necesidad_material,,support,413,635,"Se estima que va a operar sobre la base de un alza promedio que se sitúa, más o menos, en 11 por ciento de la pensión autofinanciada, con un piso aproximado de 10 mil pesos, ya que algunas mujeres reciben montos muy bajos.","{""alternatives"":[{""concept_id"":""igualdad_universalismo"",""reason"":""Aunque la medida beneficia a mujeres, la razón expresada para establecer el piso es la insuficiencia de los montos, no la igualdad de trato.""}],""coding"":""El piso de la compensación se vincula explícitamente con que algunas mujeres reciben montos muy bajos; una pensión baja se usa como razón para establecer una respuesta distributiva mínima."",""context_evidence"":[],""criterion_reference"":""include:3"",""stance"":""Apoya otorgar mayor protección a quienes enfrentan pensiones insuficientes."",""uncertainty"":""""}"
246,utt_4389d9d793ea3e8c57b1::p0001-p0003,utt_4389d9d793ea3e8c57b1,21735,http://datos.bcn.cl/recurso/cl/documento/706982,llm_000,in_codebook,conciencia_costos,,support,387,514,"hay situaciones en que el Estado ha pagado, y eso está muy bien, pero siempre va a depender de cómo estén las cuentas fiscales.","{""alternatives"":[{""concept_id"":""ineficiencia_estado"",""reason"":""No se atribuyen al Estado ineficiencia, apropiación, dilapidación o incapacidad administrativa; el fundamento expreso es la situación de las cuentas fiscales.""}],""coding"":""La cita vincula la posibilidad de pagos estatales con la situación de las cuentas fiscales, presentando la capacidad fiscal y el riesgo de deuda como restricciones relevantes para financiar el esquema previsional."",""context_evidence"":[],""criterion_reference"":""include:3"",""stance"":""La advertencia respalda, en lugar de refutar, que la reforma puede carecer de financiamiento sostenible o quedar limitada por la capacidad fiscal del Estado."",""uncertainty"":""La cita no formula literalmente una medida de rechazo o reducción del proyecto; la codificación se basa en la advertencia explícita sobre la dependencia de los pagos respecto de las cuentas fiscales y su conexión inmediata con la deuda estatal.""}"
247,utt_4389d9d793ea3e8c57b1::p0004,utt_4389d9d793ea3e8c57b1,21735,http://datos.bcn.cl/recurso/cl/documento/706982,llm_000,in_codebook,ineficiencia_estado,,support,17,474,"este proyecto de ley sin duda les pide a todos los trabajadores que se metan la mano al bolsillo y aporten por muchos meses parte de su sueldo al Estado, al Gobierno de turno -que no necesariamente va a ser este ni otro, sino los que sigan-, para que, financiando con este dinero el sistema de pensiones, pueda destinar una suma equivalente al gasto público, remuneraciones incluidas, en circunstancias de que conocemos bien lo ineficiente que es el Estado.","{""alternatives"":[{""concept_id"":""conciencia_costos"",""reason"":""Aunque se mencionan aportes salariales y gasto público, no se afirma que la reforma sea demasiado costosa, fiscalmente inviable o insostenible; el fundamento explícito es la ineficiencia estatal.""}],""coding"":""La cita presenta la ineficiencia del Estado como una razón para cuestionar que el Estado o el gobierno de turno reciba y administre aportes destinados al sistema de pensiones."",""context_evidence"":[],""criterion_reference"":""include:2"",""stance"":""La afirmación apoya el ancla de que la administración estatal amenaza el resguardo legítimo de las cotizaciones por su ineficiencia."",""uncertainty"":""""}"
248,utt_4389d9d793ea3e8c57b1::p0005,utt_4389d9d793ea3e8c57b1,21735,http://datos.bcn.cl/recurso/cl/documento/706982,llm_000,review,,"Adecuación al contexto laboral: las reformas previsionales deben considerar la realidad del mercado del trabajo, incluida la informalidad.",support,0,106,"Nada dice esta reforma de la realidad del mercado del trabajo, caracterizada por una altísima informalidad","{""alternatives"":[{""concept_id"":""prevision_como_mercado"",""reason"":""La palabra «mercado» alude al mercado laboral como contexto, pero no hay una defensa o crítica de la competencia, la administración privada, la rentabilidad o los incentivos de la previsión.""},{""concept_id"":""conciencia_costos"",""reason"":""La informalidad no se vincula explícitamente con costos fiscales, financiamiento, deuda o capacidad fiscal que restrinjan la reforma.""}],""coding"":""La expresión «Nada dice» presenta como una deficiencia normativa que la reforma omita la realidad laboral y la alta informalidad; no es solo una mención descriptiva de esas condiciones."",""context_evidence"":[],""criterion_reference"":""new_concept"",""stance"":""Al criticar que la reforma no considere esa realidad, el hablante respalda la exigencia de incorporarla. El support se refiere a esa exigencia, no a la aprobación de la reforma."",""uncertainty"":""La exigencia de considerar la informalidad está implícita en la crítica por omisión y el fragmento no especifica qué medida o diseño previsional alternativo debería adoptarse.""}"
252,utt_4389d9d793ea3e8c57b1::p0016-p0018,utt_4389d9d793ea3e8c57b1,21735,http://datos.bcn.cl/recurso/cl/documento/706982,llm_000,in_codebook,capitalizacion_individual,,support,404,603,"todos los descuentos que mes a mes se realizan en la remuneración de los trabajadores deben ir íntegramente a las cuentas de capitalización individual, esto es, a mejorar las pensiones del trabajador","{""alternatives"":[{""concept_id"":""propiedad_individual_fondos"",""reason"":""Aunque menciona cuentas individuales, este fragmento justifica el destino de las cotizaciones para financiar la pensión del trabajador, sin afirmar propiedad, heredabilidad o un derecho contra la transferencia de los fondos.""}],""coding"":""La cita establece que la totalidad de los descuentos previsionales debe ingresar a cuentas individuales y destinarse a mejorar la pensión del propio trabajador."",""context_evidence"":[],""criterion_reference"":""include:1"",""stance"":""Apoya la proposición de que las cotizaciones deben financiar la pensión de su titular mediante capitalización individual."",""uncertainty"":""""}"
252,utt_4389d9d793ea3e8c57b1::p0016-p0018,utt_4389d9d793ea3e8c57b1,21735,http://datos.bcn.cl/recurso/cl/documento/706982,llm_001,in_codebook,propiedad_individual_fondos,,support,605,684,son sus ahorros y ni el Estado ni nadie tiene derecho a quitarle esos recursos.,"{""alternatives"":[{""concept_id"":""capitalizacion_individual"",""reason"":""La razón específica de este fragmento es la titularidad y la prohibición de quitar los fondos; no formula aquí la regla de que las cotizaciones deban financiar la pensión individual, que aparece en el fragmento anterior.""},{""concept_id"":""reciprocidad_contributiva"",""reason"":""No presenta el trabajo o las cotizaciones como mérito para recibir una contraprestación; fundamenta la pretensión en la propiedad de los ahorros.""}],""coding"":""La cita presenta los recursos como ahorros del trabajador y niega que el Estado o cualquier tercero tenga derecho a quitarlos, formulando un título individual sobre los fondos y protección frente a su transferencia."",""context_evidence"":[],""criterion_reference"":""include:1"",""stance"":""Apoya la proposición de que los fondos previsionales son propiedad individual del cotizante y que ese derecho debe prevalecer."",""uncertainty"":""""}"
257,utt_b51055534a89e5644eaf::p0001-p0004,utt_b51055534a89e5644eaf,21735,http://datos.bcn.cl/recurso/cl/documento/706982,llm_000,in_codebook,acuerdos_moderacion,,support,149,267,"Por lo tanto, para sacar adelante proyectos que son de real importancia para la ciudadanía, hay que llegar a acuerdos.","{""alternatives"":[],""coding"":""La cita presenta llegar a acuerdos como una condición necesaria para sacar adelante proyectos importantes para la ciudadanía, lo que defiende los acuerdos como instrumento procedimental."",""context_evidence"":[],""criterion_reference"":""include:1"",""stance"":""Apoya que los acuerdos sean necesarios y valiosos para avanzar una reforma previsional."",""uncertainty"":""""}"
257,utt_b51055534a89e5644eaf::p0001-p0004,utt_b51055534a89e5644eaf,21735,http://datos.bcn.cl/recurso/cl/documento/706982,llm_001,in_codebook,necesidad_material,,support,269,531,"No creo que en Chile exista alguien que no sepa o no crea que las actuales pensiones deben modificarse, que son indignas y que no permiten a los pensionados, sobre todo a los más vulnerables, pasar el mes con tranquilidad.

Por eso esta reforma es tan necesaria.","{""alternatives"":[],""coding"":""La insuficiencia de las pensiones se vincula explícitamente con la imposibilidad de los pensionados, especialmente los más vulnerables, de pasar el mes con tranquilidad, y esa privación material se usa para justificar la necesidad de la reforma."",""context_evidence"":[],""criterion_reference"":""include:3"",""stance"":""Apoya que las personas que enfrentan mayores necesidades materiales reciban mayor protección previsional mediante una reforma."",""uncertainty"":""""}"
263,utt_b51055534a89e5644eaf::p0016-p0017,utt_b51055534a89e5644eaf,21735,http://datos.bcn.cl/recurso/cl/documento/706982,llm_000,in_codebook,igualdad_universalismo,,support,303,608,"Por consiguiente, nos parece de toda justicia que hoy día, a través del ""bono tabla"", se asegure que mujeres y hombres reciban la misma pensión, con la misma edad de jubilación (que ambos jubilen a los sesenta y cinco años, que ambos jubilen a los sesenta y seis, etcétera) y con igual cantidad de ahorro.","{""alternatives"":[{""concept_id"":""capitalizacion_individual"",""reason"":""Aunque se menciona la cantidad de ahorro, no se afirma que cada persona deba financiar individualmente su pensión; el ahorro funciona como condición de comparación.""},{""concept_id"":""reciprocidad_contributiva"",""reason"":""La cita no presenta el ahorro o las cotizaciones como un título moral derivado del esfuerzo previo, sino como una condición para exigir igualdad de pensión.""},{""concept_id"":""identidad"",""reason"":""Aunque distingue grupos por sexo, no justifica una prioridad por pertenencia grupal; busca igualar el trato y corregir una brecha de género.""}],""coding"":""La cita propone corregir explícitamente la brecha entre mujeres y hombres mediante igual pensión, edad de jubilación y ahorro comparable; esto constituye una corrección de desigualdad de género basada en igualdad de trato."",""context_evidence"":[],""criterion_reference"":""include:3"",""stance"":""Apoya que la protección previsional se otorgue de manera igual entre mujeres y hombres."",""uncertainty"":""""}"
263,utt_b51055534a89e5644eaf::p0016-p0017,utt_b51055534a89e5644eaf,21735,http://datos.bcn.cl/recurso/cl/documento/706982,llm_001,in_codebook,prevision_como_mercado,,support,611,670,Mejorar la regulación de las AFP aumentando la competencia.,"{""alternatives"":[],""coding"":""La formulación recomienda utilizar el aumento de la competencia como mecanismo para mejorar la regulación de las AFP, presentando la competencia de mercado como una forma legítima de organizar la previsión."",""context_evidence"":[],""criterion_reference"":""include:1"",""stance"":""Apoya organizar la protección previsional mediante competencia de mercado."",""uncertainty"":""""}"
264,utt_b51055534a89e5644eaf::p0018,utt_b51055534a89e5644eaf,21735,http://datos.bcn.cl/recurso/cl/documento/706982,llm_000,in_codebook,prevision_como_mercado,,support,12,388,"era importante aumentar la competencia de la industria. Ello se hace en la propuesta de reforma que hoy estamos votando, particularmente con la licitación del stock a razón del 10 por ciento de los afiliados cada dos años, para buscar, a través de esto, mejorar la competitividad o competencia en la industria y, de esta manera, bajar las comisiones que se cobran actualmente.","{""alternatives"":[],""coding"":""La cita defiende aumentar la competencia y presenta la licitación como un mecanismo para mejorarla y reducir las comisiones dentro de la industria previsional."",""context_evidence"":[],""criterion_reference"":""include:1"",""stance"":""Apoya la proposición de que la competencia de mercado es un mecanismo legítimo para organizar y mejorar la protección previsional."",""uncertainty"":""""}"
268,utt_b51055534a89e5644eaf::p0025-p0028,utt_b51055534a89e5644eaf,21735,http://datos.bcn.cl/recurso/cl/documento/706982,llm_000,in_codebook,ineficiencia_estado,,oppose,78,165,"al tener todos el mismo representante (la Tesorería), esto tendería a ser más eficiente","{""alternatives"":[],""coding"":""La cita valora la representación común por la Tesorería como más eficiente y la presenta como fundamento para organizar la cobranza de juicios previsionales, lo que funciona como una refutación del riesgo de ineficiencia estatal."",""context_evidence"":[],""criterion_reference"":""include:3"",""stance"":""La afirmación rechaza la orientación según la cual la administración estatal amenaza el resguardo de las cotizaciones por ineficiencia; por ello corresponde oppose."",""uncertainty"":""La cita se refiere a la eficiencia de la Tesorería como representante en juicios de cobranza, no expresamente a la administración de los fondos previsionales; el alcance de este ajuste al concepto requiere revisión.""}"
269,utt_b51055534a89e5644eaf::p0029-p0030,utt_b51055534a89e5644eaf,21735,http://datos.bcn.cl/recurso/cl/documento/706982,llm_000,in_codebook,ineficiencia_estado,,oppose,467,825,"que se trata de un órgano autónomo con personalidad jurídica y patrimonio propio; que tiene un gobierno corporativo igual al del Banco Central, el cual hoy día nos da plena tranquilidad a todos y cada uno de los que estamos acá, porque siempre ha demostrado su independencia y estar fuera del Gobierno de turno, al tener una forma de funcionar independiente.","{""alternatives"":[{""concept_id"":""propiedad_individual_fondos"",""reason"":""La cita no atribuye propiedad, heredabilidad ni destino exclusivo de los fondos a los cotizantes; el argumento se refiere al resguardo institucional de la administración.""}],""coding"":""La autonomía, el gobierno corporativo comparable al del Banco Central y la independencia respecto del Gobierno de turno se presentan como razones de tranquilidad sobre la administración del FAPP, es decir, como salvaguardas frente al uso político o la apropiación de los fondos."",""context_evidence"":[],""criterion_reference"":""include:3"",""stance"":""La cita rechaza que la administración vinculada al Estado amenace el resguardo de los fondos, pues presenta la independencia institucional como una garantía."",""uncertainty"":""""}"
271,utt_b51055534a89e5644eaf::p0039-p0042,utt_b51055534a89e5644eaf,21735,http://datos.bcn.cl/recurso/cl/documento/706982,llm_000,in_codebook,acuerdos_moderacion,,support,63,220,"Los acuerdos deben fortalecerse, y la forma de hacer esto es respetarlos; que respecto de aquello a lo que no se llegó a consenso no se abra un nuevo flanco.","{""alternatives"":[],""coding"":""La cita defiende fortalecer y respetar los acuerdos como regla para conducir la reforma, y rechaza reabrir asuntos sin consenso."",""context_evidence"":[],""criterion_reference"":""include:1"",""stance"":""Apoya que los acuerdos amplios y el compromiso otorguen legitimidad y valor a la solución previsional."",""uncertainty"":""""}"
272,utt_1e20d255a664c285e17d::p0001-p0005,utt_1e20d255a664c285e17d,21735,http://datos.bcn.cl/recurso/cl/documento/706982,llm_000,review,,Financiamiento íntegro del seguro social: el 6 por ciento debe destinarse a un seguro social fortalecido para permitir la entrega de los beneficios y garantías previsionales diseñados.,support,263,441,Nosotros queríamos que el 6 por ciento completo fuera a un seguro social para hacerlo potente y que nos permitiera entregar los beneficios y las garantías que se habían diseñado.,"{""alternatives"":[{""concept_id"":""solidaridad_intergeneracional"",""reason"":""Aunque el seguro social puede sugerir un esquema colectivo, la cita no identifica generaciones activas y jubiladas ni una transferencia o responsabilidad entre cohortes.""},{""concept_id"":""capitalizacion_individual"",""reason"":""No se menciona una cuenta individual, el ahorro propio ni que cada persona financie su propia pensión, requisitos del concepto.""}],""coding"":""La cita propone destinar íntegramente el 6 por ciento a un seguro social y justifica esa organización por el objetivo de fortalecerlo y permitir la entrega de beneficios y garantías. Esa combinación de regla de financiamiento colectivo y finalidad instrumental no está formulada por un concepto existente del libro."",""context_evidence"":[],""criterion_reference"":""new_concept"",""stance"":""El hablante expresa apoyo a que el 6 por ciento se destine completamente al seguro social, por lo que apoya la proposición propuesta."",""uncertainty"":""No se especifica si el seguro social redistribuye entre generaciones, si es universal ni cuál es el criterio distributivo de los beneficios; por ello se propone un concepto nuevo para revisión.""}"
272,utt_1e20d255a664c285e17d::p0001-p0005,utt_1e20d255a664c285e17d,21735,http://datos.bcn.cl/recurso/cl/documento/706982,llm_001,in_codebook,prevision_como_mercado,,oppose,442,618,"Pretendíamos la separación de la industria, sin duda, porque para nosotros era importante que existiera un inversor estatal, que termináramos con el poder de las AFP, etcétera.","{""alternatives"":[{""concept_id"":""ineficiencia_estado"",""reason"":""La cita favorece la existencia de un inversor estatal, pero no afirma que el Estado sea eficiente, transparente o seguro ni justifica la propuesta mediante riesgos de ineficiencia estatal.""}],""coding"":""La cita no solo describe a las AFP: formula el objetivo de separar la industria, establecer un inversor estatal y terminar con el poder de las AFP. Esto constituye una crítica al predominio de la industria empresarial en la organización previsional."",""context_evidence"":[],""criterion_reference"":""include:3"",""stance"":""La propuesta rechaza que la protección previsional quede organizada bajo el poder de la industria de las AFP y, por tanto, se opone al ancla que legitima la actividad empresarial privada como mecanismo previsional."",""uncertainty"":""No se mencionan expresamente mercado, lucro o competencia; el encaje depende de interpretar la referencia a la industria y al poder de las AFP como una crítica a la organización empresarial de la previsión.""}"
272,utt_1e20d255a664c285e17d::p0001-p0005,utt_1e20d255a664c285e17d,21735,http://datos.bcn.cl/recurso/cl/documento/706982,llm_002,in_codebook,acuerdos_moderacion,,support,689,797,"Y a partir de la posición antagónica que sustentaba la oposición, y es bueno decirlo, tuvimos que construir.","{""alternatives"":[],""coding"":""La frase presenta como necesaria la construcción de una propuesta a partir de una posición antagónica. El contexto inmediato de la misma intervención aclara que se trata de construir una propuesta general y llegar a un acuerdo, lo que convierte el acuerdo entre posiciones contrapuestas en un procedimiento valorado."",""context_evidence"":[{""source"":""next_context"",""text"":""mediante la entrega de la mejor propuesta de cada uno para poder construir una nueva propuesta general.""},{""source"":""next_context"",""text"":""Avanzar \""en la medida de lo posible\"", en la medida de las posibilidades que existen para llegar a un acuerdo.""}],""criterion_reference"":""include:1"",""stance"":""El hablante apoya la necesidad de construir una solución desde posiciones enfrentadas y, por tanto, respalda el valor procedimental del acuerdo y la convergencia."",""uncertainty"":""El objeto de 'construir' queda implícito en el bloque objetivo; se resuelve mediante el contexto siguiente, que pertenece a la misma intervención y explicita la propuesta general y el acuerdo.""}"
275,utt_7d0171f117b7fc1b127b::p0004,utt_7d0171f117b7fc1b127b,21735,http://datos.bcn.cl/recurso/cl/documento/706982,llm_000,in_codebook,acuerdos_moderacion,,support,240,381,"llegar del diagnóstico a una propuesta común es lo que nos ha costado todos estos años, y esperamos que hoy día se pueda avanzar al respecto.","{""alternatives"":[],""coding"":""El pasaje expresa la expectativa de avanzar hacia una propuesta común, presentando la convergencia como el objetivo procedimental de la reforma."",""context_evidence"":[],""criterion_reference"":""include:1"",""stance"":""Apoya la búsqueda de acuerdos como criterio para avanzar, pues formula como deseable alcanzar una propuesta común."",""uncertainty"":""“Propuesta común” sugiere consenso, pero el pasaje no explicita posiciones contrapuestas ni desarrolla por qué ese consenso sería legítimo; la correspondencia con acuerdos y moderación se infiere de esa formulación.""}"
276,utt_7d0171f117b7fc1b127b::p0005,utt_7d0171f117b7fc1b127b,21735,http://datos.bcn.cl/recurso/cl/documento/706982,llm_000,review,,Transparencia y certeza informativa: las reformas previsionales deben comunicar con claridad qué cambia y qué no cambia para que las personas tengan certeza.,support,237,423,"hay muchas fake news circulando en los medios, por lo que resulta importante que las personas tengan certeza de los cambios que trae el proyecto y de aquellos aspectos en que no los hay.","{""alternatives"":[{""concept_id"":""acuerdos_moderacion"",""reason"":""Aunque la afirmación tiene una dimensión procedimental, no fundamenta la reforma en acuerdos, compromiso ni moderación entre posiciones contrapuestas.""}],""coding"":""La cita convierte en una razón normativa la importancia de que las personas conozcan con certeza los cambios y no cambios de la reforma, a partir de la circulación de información falsa. El libro no contiene un concepto de transparencia o certeza informativa."",""context_evidence"":[],""criterion_reference"":""new_concept"",""stance"":""El hablante apoya que una reforma previsional comunique claramente su alcance para asegurar la certeza de las personas."",""uncertainty"":""La frase puede ser una razón comunicativa puntual para aclarar el proyecto, y no una regla general sobre la gobernanza previsional; por ello se propone como concepto nuevo para revisión.""}"
279,utt_7d0171f117b7fc1b127b::p0009,utt_7d0171f117b7fc1b127b,21735,http://datos.bcn.cl/recurso/cl/documento/706982,llm_000,review,,La protección previsional debe implementarse oportunamente para que las personas accedan antes a sus beneficios.,support,208,313,"hay que tratar de sacar pronto esta normativa, porque de esa manera podrán llegar antes a los beneficios.","{""alternatives"":[],""coding"":""La cita formula una obligación de tramitar pronto la normativa y la fundamenta en que así las personas accederán antes a los beneficios; esto constituye una justificación normativa de oportunidad de acceso que no está cubierta por los conceptos existentes."",""context_evidence"":[],""criterion_reference"":""new_concept"",""stance"":""La cita apoya que la normativa se apruebe con prontitud para adelantar el acceso a los beneficios previsionales."",""uncertainty"":""No se explicita carencia material, igualdad, solidaridad intergeneracional ni otro criterio del libro; la codificación depende de tratar la oportunidad de acceso como una justificación normativa independiente.""}"
281,utt_7d0171f117b7fc1b127b::p0011,utt_7d0171f117b7fc1b127b,21735,http://datos.bcn.cl/recurso/cl/documento/706982,llm_000,in_codebook,conciencia_costos,,support,377,569,Las razones de esta prolongación en el tiempo para hacer el reajuste básicamente dicen relación con lo que aquí se ha conversado y que tiene que ver con la disponibilidad de recursos fiscales.,"{""alternatives"":[],""coding"":""La disponibilidad de recursos fiscales se presenta como la razón para prolongar en el tiempo el reajuste de la PGU, limitando o postergando la expansión del beneficio."",""context_evidence"":[],""criterion_reference"":""include:2"",""stance"":""La afirmación respalda que los límites de recursos fiscales deben restringir o escalonar una expansión previsional."",""uncertainty"":""""}"
282,utt_7d0171f117b7fc1b127b::p0012-p0014,utt_7d0171f117b7fc1b127b,21735,http://datos.bcn.cl/recurso/cl/documento/706982,llm_000,in_codebook,conciencia_costos,,support,101,302,"Este calendario se redujo a veinticuatro meses, más la carencia de los seis meses iniciales, y está directamente relacionado con disponer de los recursos fiscales que nos permitan hacer estos aumentos.","{""alternatives"":[],""coding"":""La reducción y calendarización de los aumentos se justifica por la disponibilidad de recursos fiscales, usando la restricción presupuestaria para limitar o postergar la expansión previsional."",""context_evidence"":[],""criterion_reference"":""include:2"",""stance"":""La afirmación apoya que la capacidad fiscal condiciona el ritmo de la reforma y que los aumentos deben organizarse según los recursos disponibles."",""uncertainty"":""""}"
284,utt_f2b241f4251af4363e28::p0007,utt_f2b241f4251af4363e28,21735,http://datos.bcn.cl/recurso/cl/documento/706982,llm_000,in_codebook,conciencia_costos,,support,103,288,¿es sostenible en el tiempo ese sistema cuando hoy día en la Ley de Presupuestos debemos destinar más plata para el sector pasivo que el sector activo en materia de las Fuerzas Armadas?,"{""alternatives"":[{""concept_id"":""solidaridad_intergeneracional"",""reason"":""La mención de los sectores pasivo y activo podría sugerir una relación entre quienes trabajan y quienes reciben pensiones, pero no se justifica normativamente una transferencia o responsabilidad entre generaciones; el fundamento explícito es la sostenibilidad presupuestaria.""}],""coding"":""La pregunta vincula la sostenibilidad temporal del sistema de reparto con una mayor asignación presupuestaria al sector pasivo que al activo, usando la carga financiera como razón para cuestionar su viabilidad."",""context_evidence"":[],""criterion_reference"":""include:3"",""stance"":""El hablante respalda la preocupación de que el sistema carezca de sostenibilidad financiera, aunque la formule interrogativamente, y no refuta esa preocupación."",""uncertainty"":""La formulación interrogativa expresa una duda y no afirma categóricamente que el sistema sea insostenible; se interpreta como un cuestionamiento retórico basado en su costo presupuestario.""}"
287,utt_f2b241f4251af4363e28::p0013-p0016,utt_f2b241f4251af4363e28,21735,http://datos.bcn.cl/recurso/cl/documento/706982,llm_000,review,,Justicia reparadora previsional: las exclusiones previsionales previas deben corregirse otorgando la PGU completa a las personas que reciben prestaciones reparatorias.,support,77,224,"se hace justicia principalmente al poder otorgar ahora, con estas modificaciones, la PGU completa a personas que reciben prestaciones reparatorias.","{""alternatives"":[{""concept_id"":""igualdad_universalismo"",""reason"":""La corrección de personas previamente no consideradas podría parecer una cuestión de igualdad, pero la cita no invoca explícitamente igualdad de acceso, trato o universalidad.""}],""coding"":""La cita presenta el otorgamiento de la PGU completa a ese grupo como un acto de justicia y, por tanto, como una razón normativa para asignar protección previsional. Esta justificación reparadora o correctiva no está definida en los conceptos del libro."",""context_evidence"":[],""criterion_reference"":""new_concept"",""stance"":""Apoya la proposición de que la protección previsional debe reparar exclusiones previas mediante el otorgamiento de la PGU completa."",""uncertainty"":""No se precisa si la justicia invocada deriva de una exclusión discriminatoria, de una reparación por daño histórico o de otro fundamento.""}"
287,utt_f2b241f4251af4363e28::p0013-p0016,utt_f2b241f4251af4363e28,21735,http://datos.bcn.cl/recurso/cl/documento/706982,llm_001,in_codebook,acuerdos_moderacion,,support,567,627,valoro y destaco el acuerdo político de Gobierno y oposición,"{""alternatives"":[],""coding"":""El hablante expresa una valoración positiva del acuerdo político entre Gobierno y oposición, tratándolo como un elemento valioso de la reforma. Esto encaja con la valoración normativa de acuerdos amplios y compromisos entre posiciones contrapuestas."",""context_evidence"":[],""criterion_reference"":""include:1"",""stance"":""Apoya que el acuerdo y el compromiso entre posiciones contrapuestas otorgan valor o legitimidad a la reforma previsional."",""uncertainty"":""No se explicita el contenido del acuerdo, pero su valoración y su carácter político entre Gobierno y oposición están expresos.""}"
288,utt_77f763d2c27104f56672::p0001-p0004,utt_77f763d2c27104f56672,21735,http://datos.bcn.cl/recurso/cl/documento/706982,llm_000,in_codebook,acuerdos_moderacion,,support,451,550,"Yo siempre digo que en la política la frase ""lo mejor es enemigo de lo bueno"" se aplica plenamente.","{""alternatives"":[],""coding"":""La máxima presenta como válida una solución buena aunque no sea perfecta; el contexto inmediato vincula esa aceptación con conciliar acuerdos y ceder, por lo que justifica una reforma basada en compromiso y moderación."",""context_evidence"":[{""source"":""next_context"",""text"":""Esta iniciativa no es perfecta. No puede serlo. Si fuera perfecta, no habría necesidad de una tarea política y de buscar conciliar acuerdos entre los parlamentarios como los que se han producido.""}],""criterion_reference"":""include:3"",""stance"":""Apoya la idea de que una solución previsional imperfecta pero alcanzable puede ser preferible a perseguir una opción ideal que impida el acuerdo."",""uncertainty"":""La cita del objetivo formula la justificación de manera implícita y no menciona expresamente la reforma ni el acuerdo; la conexión se resuelve mediante el contexto siguiente de la misma intervención.""}"
289,utt_77f763d2c27104f56672::p0005-p0007,utt_77f763d2c27104f56672,21735,http://datos.bcn.cl/recurso/cl/documento/706982,llm_000,in_codebook,acuerdos_moderacion,,support,48,195,"Si fuera perfecta, no habría necesidad de una tarea política y de buscar conciliar acuerdos entre los parlamentarios como los que se han producido.","{""alternatives"":[],""coding"":""La cita presenta la búsqueda de acuerdos entre parlamentarios como una tarea política necesaria frente a una iniciativa imperfecta, defendiendo los acuerdos como instrumento válido para la reforma previsional."",""context_evidence"":[],""criterion_reference"":""include:1"",""stance"":""Apoya que la conciliación y los acuerdos otorguen valor y legitimidad a la reforma."",""uncertainty"":""""}"
289,utt_77f763d2c27104f56672::p0005-p0007,utt_77f763d2c27104f56672,21735,http://datos.bcn.cl/recurso/cl/documento/706982,llm_001,in_codebook,acuerdos_moderacion,,support,228,432,"Es un ejemplo importante de que cuando las cosas son difíciles y la gente exige, porque muchas personas llevan bastante tiempo preguntando por esto, somos capaces de ponernos de acuerdo cediendo en cosas.","{""alternatives"":[],""coding"":""La cita valora como importante alcanzar una solución mediante consenso y concesiones mutuas, incluso ante dificultades y demandas sociales."",""context_evidence"":[],""criterion_reference"":""include:3"",""stance"":""Apoya el compromiso y la moderación como base valiosa para alcanzar una reforma previsional."",""uncertainty"":""""}"
290,utt_77f763d2c27104f56672::p0008,utt_77f763d2c27104f56672,21735,http://datos.bcn.cl/recurso/cl/documento/706982,llm_000,review,,Deliberación legislativa integral: el Congreso debe analizar los asuntos importantes planteados en la reforma previsional.,support,543,672,"todas las cosas que se han planteado acá, que son importantes e interesantes y que este Congreso tiene que analizar forzosamente.","{""alternatives"":[{""concept_id"":""acuerdos_moderacion"",""reason"":""La cita formula una obligación de análisis legislativo, pero no valora acuerdos, compromiso ni moderación entre posiciones contrapuestas.""}],""coding"":""La expresión «tiene que analizar forzosamente», fundada en que los asuntos son importantes e interesantes, prescribe una obligación de examen legislativo integral sobre la reforma."",""context_evidence"":[],""criterion_reference"":""new_concept"",""stance"":""La cita apoya que el Congreso debe realizar ese análisis, en vez de limitarse a las preguntas más simples sobre cuándo y cuánto."",""uncertainty"":""Es una regla procedimental genérica y no especifica cómo deben organizarse, distribuirse o financiarse las prestaciones; se propone como concepto nuevo para revisión.""}"
294,utt_77f763d2c27104f56672::p0016-p0017,utt_77f763d2c27104f56672,21735,http://datos.bcn.cl/recurso/cl/documento/706982,llm_000,in_codebook,necesidad_material,,support,665,705,mejorar las pensiones de los más pobres.,"{""alternatives"":[{""concept_id"":""igualdad_universalismo"",""reason"":""Aunque el bloque menciona una brecha entre las pensiones de mujeres y hombres, la cita seleccionada fundamenta la mejora en la pobreza y no formula explícitamente igualdad, universalidad o igual trato.""}],""coding"":""La cita establece como objetivo mejorar las pensiones de las personas más pobres, usando la menor disponibilidad material como razón para priorizar su protección previsional."",""context_evidence"":[],""criterion_reference"":""include:2"",""stance"":""Apoya que quienes enfrentan mayores necesidades materiales reciban mayor protección previsional."",""uncertainty"":""""}"
298,utt_6b8e3f613d4ddf0eb004::p0004-p0006,utt_6b8e3f613d4ddf0eb004,21735,http://datos.bcn.cl/recurso/cl/documento/706982,llm_000,in_codebook,ilegitimidad_origen_dictatorial,,support,0,237,"No es casual el contexto en que también nacen las AFP, sociedades anónimas que empiezan a administrar los fondos de pensiones de millones de trabajadores y trabajadoras en Chile, porque prácticamente hay un traspaso obligatorio de ellos.","{""alternatives"":[{""concept_id"":""prevision_como_mercado"",""reason"":""Aunque se menciona que las AFP son sociedades anónimas, no se evalúan la competencia, el lucro ni el mercado; la razón explícita es la obligatoriedad del traspaso.""}],""coding"":""La oración presenta como prácticamente obligatorio el traspaso de trabajadores al sistema de AFP, lo que constituye una alegación de incorporación coercitiva en su origen."",""context_evidence"":[],""criterion_reference"":""include:2"",""stance"":""Apoya la proposición de que un origen coercitivo debilita la legitimidad actual del sistema y justifica cuestionarlo o reformarlo."",""uncertainty"":""""}"
298,utt_6b8e3f613d4ddf0eb004::p0004-p0006,utt_6b8e3f613d4ddf0eb004,21735,http://datos.bcn.cl/recurso/cl/documento/706982,llm_001,in_codebook,ilegitimidad_origen_dictatorial,,support,240,315,algo que no ocurrió es parte de las promesas que se señalaron en esa época.,"{""alternatives"":[],""coding"":""La frase afirma que una promesa del período en que nacieron las AFP quedó incumplida, lo que funciona como cuestionamiento de la legitimidad de origen."",""context_evidence"":[],""criterion_reference"":""include:3"",""stance"":""Apoya la proposición de que promesas fundacionales incumplidas debilitan la legitimidad presente del sistema."",""uncertainty"":""No se especifica cuál fue la promesa incumplida; la conexión con el origen se basa en la referencia a «esa época» y en la oración inmediatamente anterior del mismo bloque.""}"
298,utt_6b8e3f613d4ddf0eb004::p0004-p0006,utt_6b8e3f613d4ddf0eb004,21735,http://datos.bcn.cl/recurso/cl/documento/706982,llm_002,in_codebook,necesidad_material,,support,407,558,"aspirar al 70 por ciento en un país donde las tasas de reemplazo son tan bajas, me parece algo que al menos después de cuatro décadas hay que corregir.","{""alternatives"":[{""concept_id"":""conciencia_costos"",""reason"":""La referencia a que una tasa de retorno del 100 por ciento sería inviable no se formula como un límite de costos fiscales, administrativos o de capacidad estatal.""}],""coding"":""Las tasas de reemplazo bajas se presentan como una insuficiencia de la protección previsional y como fundamento explícito para corregirla, no como una mera cifra descriptiva."",""context_evidence"":[],""criterion_reference"":""include:3"",""stance"":""Apoya que la insuficiencia material de las pensiones justifica una respuesta de mayor protección previsional."",""uncertainty"":""Se propone corregir las tasas bajas en general, sin explicitar focalización en quienes tienen mayores recursos o necesidades; el código se aplica porque la insuficiencia de las pensiones se usa como razón para una respuesta distributiva.""}"
299,utt_6b8e3f613d4ddf0eb004::p0007-p0010,utt_6b8e3f613d4ddf0eb004,21735,http://datos.bcn.cl/recurso/cl/documento/706982,llm_000,in_codebook,capitalizacion_individual,,oppose,577,607,Con un 10 por ciento no basta.,"{""alternatives"":[{""concept_id"":""solidaridad_intergeneracional"",""reason"":""La referencia al aporte fiscal podría sugerir solidaridad, pero el bloque no identifica una transferencia de recursos o riesgos entre generaciones activas y jubiladas.""}],""coding"":""La cita presenta como insuficiente el aporte del 10 por ciento asociado al pilar contributivo de cuentas de capitalización individual, cuestionando que el ahorro individual baste para financiar pensiones y justificando su complemento con aportes adicionales."",""context_evidence"":[{""source"":""next_context"",""text"":""Se requería un tercer actor -con 10 por ciento no basta, con el aporte fiscal no es suficiente- y que el empleador se hiciera cargo del aporte para mejores pensiones de los chilenos y las chilenas.""}],""criterion_reference"":""include:3"",""stance"":""Rechaza la autosuficiencia del ahorro individual prevista por el concepto; no necesariamente rechaza toda cuenta individual, pero sí que el aporte individual sea suficiente por sí solo."",""uncertainty"":""La frase no especifica por sí sola que el 10 por ciento corresponda al ahorro en cuentas individuales; esa relación se establece por la continuidad temática del bloque y el contexto siguiente.""}"
306,utt_6b8e3f613d4ddf0eb004::p0025-p0031,utt_6b8e3f613d4ddf0eb004,21735,http://datos.bcn.cl/recurso/cl/documento/706982,llm_000,in_codebook,igualdad_universalismo,,support,327,400,parte de nuestras tareas tiene que ser garantizar mayor equidad de género,"{""alternatives"":[{""concept_id"":""identidad"",""reason"":""Aunque se menciona a las mujeres, la razón distributiva explícita es la equidad de género, no la pertenencia grupal como criterio de prioridad.""}],""coding"":""La cita formula como tarea normativa garantizar una mayor equidad de género, lo que constituye una corrección explícita de desigualdades de género."",""context_evidence"":[],""criterion_reference"":""include:3"",""stance"":""Apoya que la protección previsional se diseñe para corregir desigualdades y avanzar hacia una mayor igualdad de género."",""uncertainty"":""""}"
306,utt_6b8e3f613d4ddf0eb004::p0025-p0031,utt_6b8e3f613d4ddf0eb004,21735,http://datos.bcn.cl/recurso/cl/documento/706982,llm_001,in_codebook,acuerdos_moderacion,,support,705,728,Este es un buen acuerdo,"{""alternatives"":[],""coding"":""La calificación explícitamente positiva del acuerdo lo presenta como un fundamento para respaldar la reforma; el contexto inmediato aclara que se trata de un acuerdo político valorado por su relación con la democracia y la reforma previsional."",""context_evidence"":[{""source"":""previous_context"",""text"":""Y si eso es producto de un acuerdo político, habla bien de la democracia, habla bien del Senado.""}],""criterion_reference"":""include:1"",""stance"":""Apoya que los acuerdos políticos otorguen valor y legitimidad democrática a una reforma previsional."",""uncertainty"":""La cita no explicita por sí sola compromiso entre posiciones o moderación; esa interpretación depende del contexto anterior de la misma intervención.""}"
308,utt_5bf7ef17c6eb14772f4c::p0001-p0003,utt_5bf7ef17c6eb14772f4c,21735,http://datos.bcn.cl/recurso/cl/documento/706982,llm_000,in_codebook,capitalizacion_individual,,support,101,272,"compartimos la idea de que el sistema de capitalización individual fue, probablemente, de las mejores decisiones que se han tomado en materia de pensiones hace muchos años","{""alternatives"":[{""concept_id"":""propiedad_individual_fondos"",""reason"":""No se alegan propiedad, heredabilidad, control ni protección frente a transferencias; la cita valora el mecanismo de capitalización, no la titularidad jurídica de los fondos.""}],""coding"":""La cita valora explícitamente el sistema de capitalización individual como una de las mejores decisiones previsionales, lo que constituye una defensa normativa de organizar la protección mediante capitalización en cuentas individuales."",""context_evidence"":[],""criterion_reference"":""include:1"",""stance"":""La valoración favorable respalda la proposición de que las cotizaciones se acumulen individualmente y financien la pensión de su titular."",""uncertainty"":""La defensa es general y no detalla expresamente el destino de cada cotización; se interpreta a partir de la referencia explícita a la capitalización individual.""}"
308,utt_5bf7ef17c6eb14772f4c::p0001-p0003,utt_5bf7ef17c6eb14772f4c,21735,http://datos.bcn.cl/recurso/cl/documento/706982,llm_001,in_codebook,capitalizacion_individual,,oppose,289,339,"fue insuficiente, ya que se fijó un 10 por ciento.","{""alternatives"":[],""coding"":""En referencia al sistema de capitalización individual mencionado inmediatamente antes, la cita califica su resultado como insuficiente y atribuye esa insuficiencia a una cotización del 10 por ciento, cuestionando que el ahorro individual sea suficiente para financiar la pensión."",""context_evidence"":[],""criterion_reference"":""include:3"",""stance"":""La crítica se opone a la suficiencia del autofinanciamiento individual tal como fue diseñado, aunque no rechaza necesariamente toda cuenta individual."",""uncertainty"":""La crítica puede dirigirse específicamente a la tasa de cotización y no al principio de capitalización individual; esta distinción requiere revisión.""}"
309,utt_5bf7ef17c6eb14772f4c::p0004-p0005,utt_5bf7ef17c6eb14772f4c,21735,http://datos.bcn.cl/recurso/cl/documento/706982,llm_000,in_codebook,capitalizacion_individual,,support,40,114,la capitalización individual es una buena forma de organizar las pensiones,"{""alternatives"":[],""coding"":""La cita no se limita a mencionar la capitalización individual, sino que la valora explícitamente como una buena forma de organizar las pensiones, defendiendo ese arreglo previsional."",""context_evidence"":[],""criterion_reference"":""definition"",""stance"":""La calificación positiva «buena forma» apoya la organización de las pensiones mediante capitalización individual."",""uncertainty"":""La cita no explicita que las cotizaciones ingresen a cuentas individuales ni que financien la pensión del titular; la codificación se basa en la valoración normativa directa de la capitalización individual como forma de organización.""}"
310,utt_5bf7ef17c6eb14772f4c::p0006-p0010,utt_5bf7ef17c6eb14772f4c,21735,http://datos.bcn.cl/recurso/cl/documento/706982,llm_000,in_codebook,capitalizacion_individual,,support,274,360,Habrá un 16 por ciento de ahorro en cuentas de los trabajadores en un cien por ciento.,"{""alternatives"":[{""concept_id"":""propiedad_individual_fondos"",""reason"":""Aunque se mencionan cuentas de los trabajadores, el fragmento no afirma propiedad jurídica, heredabilidad, control ni protección frente a transferencias; su razón central es el destino individual del ahorro.""}],""coding"":""La afirmación presenta como fundamento de la propuesta que la totalidad del 16 por ciento se mantendrá como ahorro en cuentas de los trabajadores, defendiendo que las cotizaciones ingresen a cuentas individuales y no se destinen a un reparto."",""context_evidence"":[],""criterion_reference"":""include:1"",""stance"":""Apoya la regla de que las cotizaciones deben permanecer en cuentas individuales para financiar la protección previsional de sus titulares."",""uncertainty"":""La oración está formulada como una proyección numérica, pero su uso inmediato para negar que la reforma sea un reparto le da una función justificatoria y no meramente descriptiva.""}"
310,utt_5bf7ef17c6eb14772f4c::p0006-p0010,utt_5bf7ef17c6eb14772f4c,21735,http://datos.bcn.cl/recurso/cl/documento/706982,llm_001,in_codebook,propiedad_individual_fondos,,support,596,737,"Un reparto es un impuesto al trabajo, donde efectivamente hay un ""manotazo"" a tus ahorros. Eso es justamente lo opuesto a lo que ocurre aquí.","{""alternatives"":[{""concept_id"":""capitalizacion_individual"",""reason"":""El contraste con el reparto también se relaciona con el ahorro individual, pero este fragmento enfatiza la protección frente al manotazo sobre los fondos, no el mecanismo mediante el cual cada persona financia su pensión.""}],""coding"":""El posesivo tus ahorros individualiza los fondos y la caracterización de un reparto como un manotazo presenta su apropiación o transferencia como algo que la propuesta debe evitar; por contraste, se defiende la protección del título individual sobre esos recursos."",""context_evidence"":[],""criterion_reference"":""include:1"",""stance"":""Apoya que los fondos del cotizante estén protegidos frente a una apropiación o transferencia a terceros."",""uncertainty"":""Manotazo es una metáfora y no explicita propiedad jurídica o heredabilidad; se interpreta como apropiación de fondos individuales por el posesivo y por el contraste con la propuesta.""}"
311,utt_5bf7ef17c6eb14772f4c::p0011-p0014,utt_5bf7ef17c6eb14772f4c,21735,http://datos.bcn.cl/recurso/cl/documento/706982,llm_000,in_codebook,propiedad_individual_fondos,,support,57,362,"¿Expropiación de qué? Si justamente estamos ratificando que aquí todo tiene una seguridad total, porque además de establecerse una gobernanza muy seria, existe una documentación legal, por lo que, incluso, cualquier persona podría demandar al Estado si es que esos recursos se llegaran a tocar alguna vez.","{""alternatives"":[{""concept_id"":""ineficiencia_estado"",""reason"":""La referencia al posible actuar estatal también puede expresar una preocupación por el riesgo estatal, pero en esta anotación el fundamento central es la protección jurídica del saldo frente a la expropiación.""}],""coding"":""La respuesta rechaza la expropiación y presenta los recursos como jurídicamente protegidos frente a que el Estado los toque; el contexto inmediato identifica esos recursos con el ahorro en cuentas de trabajadores."",""context_evidence"":[{""source"":""previous_context"",""text"":""Habrá un 16 por ciento de ahorro en cuentas de los trabajadores en un cien por ciento.""}],""criterion_reference"":""include:1"",""stance"":""Apoya la proposición de que los fondos del cotizante deben estar protegidos frente a apropiaciones o transferencias estatales."",""uncertainty"":""La cita no emplea literalmente los términos propiedad o cotizante; la clasificación se apoya en la referencia explícita a expropiación y en el contexto sobre cuentas de trabajadores.""}"
311,utt_5bf7ef17c6eb14772f4c::p0011-p0014,utt_5bf7ef17c6eb14772f4c,21735,http://datos.bcn.cl/recurso/cl/documento/706982,llm_001,in_codebook,ineficiencia_estado,,oppose,57,362,"¿Expropiación de qué? Si justamente estamos ratificando que aquí todo tiene una seguridad total, porque además de establecerse una gobernanza muy seria, existe una documentación legal, por lo que, incluso, cualquier persona podría demandar al Estado si es que esos recursos se llegaran a tocar alguna vez.","{""alternatives"":[{""concept_id"":""propiedad_individual_fondos"",""reason"":""La expropiación y la protección de los recursos también permiten una lectura de propiedad individual, pero aquí el fundamento específico es la seguridad y el control frente al Estado.""}],""coding"":""La gobernanza seria, la documentación legal y la posibilidad de demandar al Estado se ofrecen como salvaguardas que refutan el riesgo de apropiación o pérdida estatal de los recursos."",""context_evidence"":[{""source"":""previous_context"",""text"":""más un 1,5 por ciento que será administrado por un fondo con la misma gobernanza que el Banco Central.""}],""criterion_reference"":""include:3"",""stance"":""Se opone al ancla de que la administración estatal amenace el resguardo de las cotizaciones, pues sostiene que existen controles y protección jurídica suficientes."",""uncertainty"":""La cita no desarrolla la eficiencia operativa del Estado; la codificación se limita a la refutación explícita del riesgo estatal de apropiación o falta de resguardo.""}"
312,utt_5bf7ef17c6eb14772f4c::p0015,utt_5bf7ef17c6eb14772f4c,21735,http://datos.bcn.cl/recurso/cl/documento/706982,llm_000,in_codebook,prevision_como_mercado,,support,262,313,un buen sistema de pensiones debe tener competencia,"{""alternatives"":[],""coding"":""La competencia se presenta explícitamente como una característica que debe tener un buen sistema de pensiones, legitimándola como mecanismo de organización previsional."",""context_evidence"":[],""criterion_reference"":""include:1"",""stance"":""Apoya la proposición de que la protección previsional puede organizarse legítimamente mediante competencia."",""uncertainty"":""""}"
312,utt_5bf7ef17c6eb14772f4c::p0015,utt_5bf7ef17c6eb14772f4c,21735,http://datos.bcn.cl/recurso/cl/documento/706982,llm_001,in_codebook,capitalizacion_individual,,support,262,333,"un buen sistema de pensiones debe tener competencia, ahorro individual.","{""alternatives"":[{""concept_id"":""propiedad_individual_fondos"",""reason"":""No se afirma propiedad, heredabilidad, control ni destino exclusivo de los fondos; el fundamento es el ahorro individual como forma de financiar la pensión.""}],""coding"":""La afirmación normativa exige que un buen sistema de pensiones incluya ahorro individual, lo que defiende que cada persona financie su pensión mediante ahorro previsional individual."",""context_evidence"":[],""criterion_reference"":""include:2"",""stance"":""Apoya la proposición de que las cotizaciones deben ingresar a cuentas individuales y financiar la pensión de su titular."",""uncertainty"":""""}"
314,utt_5bf7ef17c6eb14772f4c::p0020-p0023,utt_5bf7ef17c6eb14772f4c,21735,http://datos.bcn.cl/recurso/cl/documento/706982,llm_000,review,,"La aprobación de una reforma previsional debe basarse en su diseño y discusión técnica, no en quién gobierna ni en el rédito político de aprobarla.",support,226,654,"Dicen: ""El motivo por el cual no pueden aprobarlo ustedes, señores de derecha, es porque está gobernando el Presidente Boric . Entonces, me da lo mismo la discusión técnica, me da lo mismo si esta cuestión está bien diseñada o no. ¡Simplemente no puedo votar a favor, porque está gobernando el Presidente Boric y va a poder decir que esta reforma se hizo durante su Gobierno!""

Eso es mezquindad. Eso realmente es mala política.","{""alternatives"":[{""concept_id"":""acuerdos_moderacion"",""reason"":""Aunque se critican a \""los extremos\"" y la \""pelea de trinchera\"", no se defienden acuerdos, compromiso, convergencia ni una solución intermedia; el fundamento explícito es la evaluación técnica y no partidista.""}],""coding"":""La cita atribuye a los opositores una decisión motivada por quién gobierna y por el rédito político, mientras desatienden la discusión técnica y el diseño de la reforma. Al calificar esa motivación de \""mezquindad\"" y \""mala política\"", el hablante presenta como criterio legítimo la evaluación técnica y no partidista."",""context_evidence"":[],""criterion_reference"":""new_concept"",""stance"":""El hablante apoya que la reforma se evalúe por su diseño y discusión técnica, y rechaza que la identidad o conveniencia política del gobierno determine el voto."",""uncertainty"":""La proposición se expresa mediante la condena de una motivación atribuida a terceros y no como una regla general literal, por lo que requiere revisión humana.""}"
315,utt_5bf7ef17c6eb14772f4c::p0024-p0027,utt_5bf7ef17c6eb14772f4c,21735,http://datos.bcn.cl/recurso/cl/documento/706982,llm_000,in_codebook,capitalizacion_individual,,support,662,791,"Tengo que cuidar la capitalización individual. Por lo tanto, no puedo ni siquiera permitir que haya un 1,5 por ciento de préstamo","{""alternatives"":[{""concept_id"":""propiedad_individual_fondos"",""reason"":""No se afirma que los fondos sean propiedad del cotizante, ni su heredabilidad, control o protección frente a transferencias; el fundamento explícito es preservar la capitalización individual.""}],""coding"":""La cita formula como deber proteger la capitalización individual y usa esa protección como razón para rechazar el préstamo del 1,5 por ciento, respaldando que las cotizaciones se mantengan organizadas en torno a la cuenta y pensión individual."",""context_evidence"":[],""criterion_reference"":""orientation_anchor"",""stance"":""Apoya la orientación de que las cotizaciones deben ingresar a cuentas individuales y financiar la pensión de su titular."",""uncertainty"":""La cita no explica técnicamente cómo el préstamo afectaría la capitalización individual ni el destino del 1,5 por ciento; se codifica por la defensa normativa explícita de cuidar la capitalización individual.""}"
316,utt_5bf7ef17c6eb14772f4c::p0028-p0032,utt_5bf7ef17c6eb14772f4c,21735,http://datos.bcn.cl/recurso/cl/documento/706982,llm_000,in_codebook,prevision_como_mercado,,support,449,726,"Se hizo algo en este proyecto para tratar de aminorar ese costo laboral, porque sabemos que el aumento del ahorro va a incrementar la inversión; y sabemos que cuando hay más inversión en el país aumenta el mercado de capitales y que, cuando pasa eso, hay crecimiento económico.","{""alternatives"":[{""concept_id"":""capitalizacion_individual"",""reason"":""Aunque se mencionan ahorro y cotizaciones, no se afirma que las cotizaciones ingresen a una cuenta individual ni que financien exclusivamente la pensión de su titular.""},{""concept_id"":""conciencia_costos"",""reason"":""Se menciona un costo laboral, pero no se trata de un costo fiscal o administrativo ni de una falta de viabilidad financiera usada para rechazar, reducir o focalizar la expansión previsional; se afirma que se intenta aminorarlo.""}],""coding"":""La cita presenta el aumento del ahorro previsional como un mecanismo que genera inversión, expande el mercado de capitales y produce crecimiento económico; esa valoración positiva de la inversión y del mercado justifica el diseño del proyecto."",""context_evidence"":[],""criterion_reference"":""include:1"",""stance"":""Apoya la proposición de que la inversión financiera y el mercado de capitales pueden respaldar legítimamente la protección previsional, pues los presenta como efectos beneficiosos y no como riesgos que deban excluirse."",""uncertainty"":""La cita no explicita administración privada o competencia ni dice literalmente que el mercado de capitales organice las pensiones; el código se basa en la valoración de la inversión y del mercado como fundamento positivo del proyecto.""}"
318,utt_5bf7ef17c6eb14772f4c::p0038-p0042,utt_5bf7ef17c6eb14772f4c,21735,http://datos.bcn.cl/recurso/cl/documento/706982,llm_000,in_codebook,acuerdos_moderacion,,support,188,289,el hecho de que se haya llegado a un acuerdo de esta magnitud en el Senado habla bien de la política.,"{""alternatives"":[],""coding"":""El acuerdo legislativo no se presenta solo como un hecho, sino como una razón para valorar positivamente la política; por tanto, se atribuye valor normativo a la construcción de acuerdos."",""context_evidence"":[],""criterion_reference"":""include:1"",""stance"":""La expresión «habla bien de la política» respalda que los acuerdos amplios otorgan valor o legitimidad democrática a la reforma."",""uncertainty"":""""}"
318,utt_5bf7ef17c6eb14772f4c::p0038-p0042,utt_5bf7ef17c6eb14772f4c,21735,http://datos.bcn.cl/recurso/cl/documento/706982,llm_001,in_codebook,acuerdos_moderacion,,support,329,431,"Espero que la Cámara de Diputados siga esta senda de construir acuerdos, porque a todos nos dignifica.","{""alternatives"":[],""coding"":""Se recomienda explícitamente que la Cámara continúe construyendo acuerdos y se justifica esa vía por su valor para todos, no como una mera descripción del trámite legislativo."",""context_evidence"":[],""criterion_reference"":""include:1"",""stance"":""Apoya la proposición de que construir acuerdos otorga valor y legitimidad democrática al avance de la reforma."",""uncertainty"":""""}"
318,utt_5bf7ef17c6eb14772f4c::p0038-p0042,utt_5bf7ef17c6eb14772f4c,21735,http://datos.bcn.cl/recurso/cl/documento/706982,llm_002,review,,Gobernanza técnico-política responsable: la política previsional debe combinar un diseño técnico experto con decisiones políticas al votar y avanzar que reconozcan sus costos.,support,611,821,"La mejor política, la más potente, es cuando se mezcla un buen diseño de política pública hecha por los técnicos con una buena política hecha al momento de votar, al momento de avanzar, sabiendo que hay costos.","{""alternatives"":[{""concept_id"":""acuerdos_moderacion"",""reason"":""La cita valora la combinación entre diseño técnico y decisión política, pero no invoca acuerdos, compromiso o moderación entre posiciones contrapuestas.""},{""concept_id"":""conciencia_costos"",""reason"":""Menciona que deben reconocerse costos, pero no afirma que exista una restricción fiscal ni usa esos costos para limitar, focalizar, postergar o rechazar la reforma.""}],""coding"":""El fragmento define normativamente la política «mejor» mediante la combinación de diseño técnico experto y decisión política consciente de los costos. Esta regla de gobernanza no está contemplada por un concepto existente del libro."",""context_evidence"":[],""criterion_reference"":""new_concept"",""stance"":""La afirmación respalda la proposición propuesta sobre combinar pericia técnica y decisión política responsable."",""uncertainty"":""No se precisa qué tipo de costos se deben reconocer; la cita formula un criterio general de proceso decisorio.""}"
331,utt_2194f4acf78658872aa5::p0004-p0005,utt_2194f4acf78658872aa5,21735,http://datos.bcn.cl/recurso/cl/documento/706988,llm_000,in_codebook,necesidad_material,,support,117,376,"el hecho de que muchos adultos mayores en Chile tengan pensiones que no alcanzan para comprar sus remedios, para satisfacer sus necesidades mensualmente y para vivir en paz los últimos años de su vida debiera ser motivo de escándalo para cada uno de nosotros.","{""alternatives"":[{""concept_id"":""identidad"",""reason"":""Aunque se menciona a los adultos mayores como grupo, la razón invocada es su carencia económica y no su pertenencia o cercanía grupal.""}],""coding"":""La cita presenta pensiones insuficientes para cubrir remedios y necesidades básicas como una razón normativa para exigir una respuesta política, lo que encaja con el uso de la privación derivada de pensiones bajas como fundamento de protección previsional."",""context_evidence"":[],""criterion_reference"":""include:3"",""stance"":""support: la situación de mayor carencia material se presenta como especialmente urgente y merecedora de atención y protección."",""uncertainty"":""La cita no especifica que la respuesta deba consistir en una mayor protección previsional ni define un mecanismo distributivo; esa conexión se formula de manera implícita mediante la apelación al escándalo y a la respuesta política.""}"
334,utt_2194f4acf78658872aa5::p0010-p0011,utt_2194f4acf78658872aa5,21735,http://datos.bcn.cl/recurso/cl/documento/706988,llm_000,in_codebook,necesidad_material,,support,27,70,por eso subiremos el monto de las pensiones,"{""alternatives"":[{""concept_id"":""igualdad_universalismo"",""reason"":""No se invoca igualdad de acceso, trato universal ni un nivel común de beneficios; la razón expresada es la vulnerabilidad material.""}],""coding"":""El anafórico «por eso» presenta el aumento del monto de las pensiones como respuesta a la postergación de sectores vulnerables indicada en el contexto inmediato; la vulnerabilidad funciona como razón distributiva."",""context_evidence"":[{""source"":""previous_context"",""text"":""hay que tener sentido de urgencia frente a la postergación de la clase media y de los sectores vulnerables, y hay que tener compromiso social.""}],""criterion_reference"":""include:2"",""stance"":""El hablante apoya que quienes enfrentan mayores necesidades o vulnerabilidad reciban mayor protección previsional mediante pensiones más altas."",""uncertainty"":""No se precisa si el aumento se focalizará exclusivamente en los sectores vulnerables; la codificación depende de interpretar «por eso» como referencia a esa justificación inmediata.""}"
334,utt_2194f4acf78658872aa5::p0010-p0011,utt_2194f4acf78658872aa5,21735,http://datos.bcn.cl/recurso/cl/documento/706988,llm_001,in_codebook,propiedad_individual_fondos,,support,72,110,protegeremos el ahorro de las personas,"{""alternatives"":[{""concept_id"":""capitalizacion_individual"",""reason"":""La cita no afirma que las cotizaciones deban ingresar a cuentas individuales ni que financien la pensión de su titular mediante ahorro propio.""},{""concept_id"":""reciprocidad_contributiva"",""reason"":""No se invocan trabajo, cotizaciones o esfuerzo previo como fundamento moral para recibir o conservar los recursos.""}],""coding"":""«El ahorro de las personas» individualiza el recurso y «protegeremos» lo presenta como algo cuyo resguardo debe prevalecer, lo que encaja con la protección del título individual sobre los fondos."",""context_evidence"":[],""criterion_reference"":""definition"",""stance"":""El hablante respalda el resguardo de los fondos previsionales individualmente atribuidos a las personas."",""uncertainty"":""La expresión no menciona literalmente propiedad, cotizaciones ni transferencias a terceros; se interpreta como ahorro previsional individual por su proximidad con la referencia al monto de las pensiones.""}"
336,utt_2743b88f123922e43c25::p0003,utt_2743b88f123922e43c25,21735,http://datos.bcn.cl/recurso/cl/documento/706988,llm_000,in_codebook,propiedad_individual_fondos,,support,0,248,"Este proyecto tiene vicios constitucionales, pues si ya el Tribunal Constitucional estableció que la propiedad de los fondos previsionales pertenece a los trabajadores, estos fondos no son del gobierno, ni de las AFP y mucho menos de este Congreso.","{""alternatives"":[{""concept_id"":""capitalizacion_individual"",""reason"":""No se codifica porque la cita no sostiene que las cotizaciones deban financiar la pensión mediante ahorro individual; su fundamento es la titularidad de los fondos.""}],""coding"":""La cita atribuye explícitamente la propiedad de los fondos a los trabajadores y usa esa titularidad para rechazar que el gobierno, las AFP o el Congreso decidan sobre ellos y para cuestionar la constitucionalidad del proyecto."",""context_evidence"":[],""criterion_reference"":""include:1"",""stance"":""La afirmación respalda que los fondos previsionales pertenecen individualmente a los cotizantes y que ese derecho debe prevalecer frente a su asignación o decisión por otras instituciones."",""uncertainty"":""""}"
338,utt_2743b88f123922e43c25::p0006,utt_2743b88f123922e43c25,21735,http://datos.bcn.cl/recurso/cl/documento/706988,llm_000,in_codebook,conciencia_costos,,support,495,618,Por este sobreendeudamiento no pueden recurrir a préstamos en el extranjero. Esa es la razón por la que tienen tanto apuro.,"{""alternatives"":[],""coding"":""Presenta el sobreendeudamiento y la imposibilidad de obtener financiamiento externo como una restricción de recursos vinculada al apuro por tramitar el proyecto previsional."",""context_evidence"":[{""source"":""previous_context"",""text"":""¿Por qué el gobierno insiste en sacar adelante el proyecto con toda rapidez?""},{""source"":""previous_context"",""text"":""No es porque esté interesado en las pensiones, sino porque, como hemos visto en estos días, el gobierno ya no tiene plata.""}],""criterion_reference"":""include:2"",""stance"":""La cita respalda que la capacidad fiscal y el financiamiento disponible limitan la expansión o el avance de la reforma."",""uncertainty"":""La cita no afirma literalmente que la reforma sea demasiado costosa ni que deba rechazarse; su conexión con la reforma y su carácter de objeción fiscal se resuelven mediante el contexto inmediato.""}"
339,utt_2743b88f123922e43c25::p0007-p0009,utt_2743b88f123922e43c25,21735,http://datos.bcn.cl/recurso/cl/documento/706988,llm_000,in_codebook,conciencia_costos,,oppose,281,520,"el Consejo Fiscal Autónomo (CFA) presentó 11 indicaciones que no fueron tomadas en cuenta, especialmente sobre la sustentabilidad o sostenibilidad futura de esta reforma, porque no hay certeza de dónde se va a sacar más plata en el futuro.","{""alternatives"":[],""coding"":""La cita vincula la sostenibilidad futura de la reforma con la falta de certeza sobre su fuente de financiamiento, presentando un riesgo de sostenibilidad financiera como razón para cuestionarla."",""context_evidence"":[],""criterion_reference"":""include:3"",""stance"":""Se opone a la proposición de que la reforma cuenta con financiamiento sostenible, al afirmar que no hay certeza sobre de dónde saldrán los recursos futuros."",""uncertainty"":""""}"
340,utt_2743b88f123922e43c25::p0010-p0013,utt_2743b88f123922e43c25,21735,http://datos.bcn.cl/recurso/cl/documento/706988,llm_000,in_codebook,prevision_como_mercado,,support,257,352,"que las empresas asuman las pérdidas, para que tengan incentivo de rentabilizar nuestro dinero.","{""alternatives"":[{""concept_id"":""capitalizacion_individual"",""reason"":""Aunque se menciona 'nuestro dinero', no se afirma que cada persona deba financiar su propia pensión mediante ahorro o una cuenta individual; el fundamento explícito es el incentivo de las empresas y la rentabilidad.""},{""concept_id"":""propiedad_individual_fondos"",""reason"":""No se invoca titularidad individual, heredabilidad, expropiación ni un destino exclusivo de los fondos; 'nuestro dinero' funciona aquí como objeto de rentabilización.""}],""coding"":""La cita propone que las empresas asuman pérdidas para generar incentivos a rentabilizar el dinero previsional, presentando los incentivos empresariales y la rentabilidad como mecanismos para organizar la protección previsional."",""context_evidence"":[],""criterion_reference"":""include:1"",""stance"":""Apoya la orientación del concepto porque recomienda utilizar incentivos para las empresas y la rentabilidad financiera como medios para mejorar las pensiones."",""uncertainty"":""""}"
346,utt_c6b3b58fa53732ed1db3::p0001,utt_c6b3b58fa53732ed1db3,21735,http://datos.bcn.cl/recurso/cl/documento/706988,llm_000,in_codebook,necesidad_material,,support,88,352,"votar a favor la idea de legislar la reforma a las pensiones, sabiendo que mi región es la más envejecida y pobre del país, porque todos sabemos que las actuales pensiones son miserables, y que ninguna persona puede vivir con una pensión inferior al sueldo mínimo.","{""alternatives"":[{""concept_id"":""identidad"",""reason"":""Aunque se menciona la región del hablante, su condición se usa por ser pobre y envejecida, no para justificar prioridad basada en pertenencia grupal.""}],""coding"":""La insuficiencia de las pensiones y la imposibilidad de vivir con menos del sueldo mínimo se presentan como privación material que justifica votar a favor de una reforma previsional."",""context_evidence"":[],""criterion_reference"":""include:3"",""stance"":""La cita apoya que quienes enfrentan pensiones insuficientes deben recibir mayor protección previsional mediante una respuesta legislativa."",""uncertainty"":""""}"
350,utt_66de3be2334a2c69d13e::p0001-p0002,utt_66de3be2334a2c69d13e,21735,http://datos.bcn.cl/recurso/cl/documento/706988,llm_000,in_codebook,acuerdos_moderacion,,support,18,127,"Chile avanza cuando lo hace con acuerdos, y hay que tener coraje para construir y votar a favor los acuerdos.","{""alternatives"":[],""coding"":""La cita presenta los acuerdos como condición para avanzar y llama normativamente a construirlos y votarlos a favor, lo que defiende los acuerdos como instrumento necesario para una reforma previsional."",""context_evidence"":[],""criterion_reference"":""include:1"",""stance"":""Apoya la proposición de que los acuerdos y la convergencia democrática otorgan valor y legitimidad a la reforma."",""uncertainty"":""""}"
351,utt_66de3be2334a2c69d13e::p0003-p0004,utt_66de3be2334a2c69d13e,21735,http://datos.bcn.cl/recurso/cl/documento/706988,llm_000,in_codebook,acuerdos_moderacion,,support,13,105,"hoy tenemos un acuerdo que permite avanzar y mejorar las pensiones, y eso hay que valorarlo.","{""alternatives"":[],""coding"":""La frase valora explícitamente el acuerdo y lo presenta como un instrumento que permite avanzar en la reforma previsional."",""context_evidence"":[],""criterion_reference"":""include:1"",""stance"":""Apoya que los acuerdos otorguen valor y legitimidad a una reforma previsional."",""uncertainty"":""""}"
351,utt_66de3be2334a2c69d13e::p0003-p0004,utt_66de3be2334a2c69d13e,21735,http://datos.bcn.cl/recurso/cl/documento/706988,llm_001,in_codebook,prevision_como_mercado,,support,215,302,"pasa de 10 a 17 puntos de cotización, pero de forma gradual, para no afectar el empleo.","{""alternatives"":[{""concept_id"":""conciencia_costos"",""reason"":""Aunque se limita gradualmente el aumento de cotizaciones, la razón expresada no es el costo fiscal, administrativo ni la capacidad financiera del Estado.""}],""coding"":""La gradualidad del aumento de cotizaciones se justifica por evitar un efecto negativo sobre el empleo, incorporando un efecto agregado del diseño previsional sobre el trabajo como consideración para organizar la reforma."",""context_evidence"":[],""criterion_reference"":""include:2"",""stance"":""Apoya que los efectos sobre el trabajo y los incentivos laborales sean considerados al organizar la protección previsional."",""uncertainty"":""El texto menciona el empleo, pero no especifica literalmente incentivos, productividad o formalización; la asignación a este código es provisional por su referencia explícita a un efecto laboral agregado.""}"
353,utt_66de3be2334a2c69d13e::p0008-p0011,utt_66de3be2334a2c69d13e,21735,http://datos.bcn.cl/recurso/cl/documento/706988,llm_000,in_codebook,prevision_como_mercado,,support,19,77,"impulsamos dividir la industria de las AFP, por eficiencia","{""alternatives"":[],""coding"":""La cita propone reorganizar explícitamente la industria de las AFP y justifica esa intervención por eficiencia, presentando la organización industrial de la previsión como un mecanismo que puede mejorar su funcionamiento."",""context_evidence"":[],""criterion_reference"":""include:1"",""stance"":""La eficiencia se invoca para respaldar una organización de la previsión basada en la industria de AFP, aunque se proponga reformarla."",""uncertainty"":""El texto no menciona literalmente competencia, inversión o rentabilidad; la codificación depende de interpretar la referencia a la industria de las AFP como una organización de mercado.""}"
353,utt_66de3be2334a2c69d13e::p0008-p0011,utt_66de3be2334a2c69d13e,21735,http://datos.bcn.cl/recurso/cl/documento/706988,llm_001,in_codebook,acuerdos_moderacion,,support,108,182,"hay que tener coraje para los acuerdos, porque uno debe ceder para avanzar","{""alternatives"":[],""coding"":""La cita presenta los acuerdos y la cesión como condiciones necesarias para avanzar, valorando el compromiso entre posiciones contrapuestas como vía de reforma."",""context_evidence"":[],""criterion_reference"":""include:1"",""stance"":""Apoya la proposición de que los acuerdos y la moderación otorgan valor y viabilidad democrática a la reforma."",""uncertainty"":""""}"
353,utt_66de3be2334a2c69d13e::p0008-p0011,utt_66de3be2334a2c69d13e,21735,http://datos.bcn.cl/recurso/cl/documento/706988,llm_002,in_codebook,acuerdos_moderacion,,support,286,333,"Los acuerdos le hacen bien al país, Presidente.","{""alternatives"":[],""coding"":""La afirmación evalúa positivamente los acuerdos y les atribuye un beneficio colectivo, reforzando su valor normativo como base de una solución política."",""context_evidence"":[],""criterion_reference"":""include:1"",""stance"":""Apoya la orientación favorable a los acuerdos como fundamento de una reforma legítima."",""uncertainty"":""La formulación es general y no detalla el diseño previsional, aunque aparece dentro del cierre argumental sobre la reforma.""}"
354,utt_33ca16adf97ab8b8a383::p0001,utt_33ca16adf97ab8b8a383,21735,http://datos.bcn.cl/recurso/cl/documento/706988,llm_000,in_codebook,necesidad_material,,support,144,220,nuestros adultos mayores necesitan con urgencia un aumento en sus pensiones.,"{""alternatives"":[],""coding"":""La necesidad urgente de un aumento en las pensiones se usa como fundamento para ampliar la protección previsional de los adultos mayores, no como una mera descripción."",""context_evidence"":[],""criterion_reference"":""definition"",""stance"":""La cita respalda que quienes enfrentan mayor necesidad material reciban mayor protección previsional, aquí mediante un aumento de pensiones."",""uncertainty"":""No se especifican pobreza, vulnerabilidad o el nivel concreto de las pensiones; la necesidad material se formula como urgencia de un aumento.""}"
354,utt_33ca16adf97ab8b8a383::p0001,utt_33ca16adf97ab8b8a383,21735,http://datos.bcn.cl/recurso/cl/documento/706988,llm_001,in_codebook,identidad,,support,144,220,nuestros adultos mayores necesitan con urgencia un aumento en sus pensiones.,"{""alternatives"":[],""coding"":""El posesivo «nuestros» presenta a los adultos mayores como parte de la comunidad propia y vincula esa pertenencia con una demanda de mayor protección previsional."",""context_evidence"":[],""criterion_reference"":""include:1"",""stance"":""La cita apoya que la pertenencia a la comunidad considerada propia sea una razón para aumentar la protección de sus adultos mayores."",""uncertainty"":""«Nuestros» también puede ser una fórmula de referencia colectiva, y la razón explícita del aumento es la necesidad; por ello, la dimensión identitaria requiere revisión.""}"
354,utt_33ca16adf97ab8b8a383::p0001,utt_33ca16adf97ab8b8a383,21735,http://datos.bcn.cl/recurso/cl/documento/706988,llm_002,review,,Deliberación suficiente y no apresurada: las reformas previsionales de gran magnitud deben contar con tiempo suficiente para deliberarse antes de ser votadas.,support,234,431,no puedo dejar de manifestar mi preocupación por la premura con la que se pretende votar este proyecto; una reforma previsional de esta magnitud que tenderemos que resolver de manera tan inmediata.,"{""alternatives"":[{""concept_id"":""acuerdos_moderacion"",""reason"":""La mención de diferencias y de una votación no valora el compromiso o la moderación ni defiende un acuerdo; por eso no basta para ese código.""}],""coding"":""La preocupación explícita por votar y resolver inmediatamente una reforma de gran magnitud formula una exigencia temporal de deliberación suficiente, que no está contemplada por los conceptos existentes."",""context_evidence"":[],""criterion_reference"":""new_concept"",""stance"":""La cita apoya que una reforma de esta magnitud no se resuelva apresuradamente y cuente con tiempo suficiente de deliberación."",""uncertainty"":""La regla de no apresurar la decisión se expresa mediante una preocupación, más que mediante un deber explícito; la proposición nueva requiere revisión humana.""}"
355,utt_33ca16adf97ab8b8a383::p0002,utt_33ca16adf97ab8b8a383,21735,http://datos.bcn.cl/recurso/cl/documento/706988,llm_000,in_codebook,ineficiencia_estado,,support,8,184,"me inquietan las declaraciones de la ministra, quien insiste en crear la figura de un administrador estatal, sin siquiera dar garantías claras sobre la seguridad de los fondos.","{""alternatives"":[{""concept_id"":""propiedad_individual_fondos"",""reason"":""Aunque se menciona la seguridad de los fondos, no se afirma su propiedad individual ni un derecho de titularidad; el fundamento explícito es el riesgo asociado a la administración estatal.""}],""coding"":""La ausencia de garantías claras sobre la seguridad de los fondos se presenta como una razón de desconfianza frente a la administración estatal."",""context_evidence"":[],""criterion_reference"":""include:2"",""stance"":""La cita respalda que la administración estatal puede amenazar el resguardo legítimo de las cotizaciones cuando no ofrece seguridad suficiente."",""uncertainty"":""No se especifica si el riesgo sería de ineficiencia, apropiación o pérdida, pero la preocupación sí se vincula directamente con la seguridad bajo administración estatal.""}"
355,utt_33ca16adf97ab8b8a383::p0002,utt_33ca16adf97ab8b8a383,21735,http://datos.bcn.cl/recurso/cl/documento/706988,llm_001,in_codebook,propiedad_individual_fondos,,support,195,336,"me preocupan algunas afirmaciones, como la de una diputada que sugiere no devolver el 1,5 por ciento a quienes legítimamente les corresponde.","{""alternatives"":[{""concept_id"":""reciprocidad_contributiva"",""reason"":""La expresión 'les corresponde' podría vincularse con un merecimiento por aportes, pero en este fragmento el fundamento explícito es la titularidad legítima sobre la suma; el trabajo contributivo aparece en la pregunta posterior.""}],""coding"":""La objeción a no devolver una suma a quienes legítimamente les corresponde presenta ese monto como un derecho individual adquirido cuyo destino no debería ser desconocido."",""context_evidence"":[],""criterion_reference"":""include:3"",""stance"":""La cita apoya que los fondos o recursos previsionales deben permanecer asignados a sus titulares legítimos, en vez de ser retenidos o transferidos."",""uncertainty"":""El texto no menciona literalmente propiedad ni cotizaciones, por lo que la codificación se basa en la combinación de 'devolver' y 'legítimamente les corresponde'.""}"
355,utt_33ca16adf97ab8b8a383::p0002,utt_33ca16adf97ab8b8a383,21735,http://datos.bcn.cl/recurso/cl/documento/706988,llm_002,in_codebook,reciprocidad_contributiva,,support,337,447,¿Es eso lo que les estamos diciendo a los chilenos que han trabajado toda su vida esperando una pensión digna?,"{""alternatives"":[{""concept_id"":""necesidad_material"",""reason"":""La pensión digna podría sugerir una preocupación por suficiencia, pero no se describe pobreza, carencia de ingresos o dificultad para satisfacer necesidades básicas; la razón explícita es el trabajo realizado.""},{""concept_id"":""identidad"",""reason"":""Aunque se menciona a 'los chilenos', la pertenencia nacional no se presenta como la razón distributiva; el fundamento es haber trabajado toda la vida.""}],""coding"":""La referencia a haber trabajado toda la vida se usa para cuestionar que esas personas no reciban una pensión digna; el trabajo previo funciona como fundamento de merecimiento de protección previsional."",""context_evidence"":[],""criterion_reference"":""include:2"",""stance"":""La pregunta respalda que el esfuerzo laboral y contributivo previo genera un título moral a recibir o conservar beneficios previsionales."",""uncertainty"":""La justificación está formulada como pregunta retórica, pero relaciona explícitamente el trabajo de toda la vida con la expectativa de una pensión digna.""}"
359,utt_c05f8f8552140d609d43::p0001,utt_c05f8f8552140d609d43,21735,http://datos.bcn.cl/recurso/cl/documento/706988,llm_000,review,,Atrincheramiento constitucional de la orientación política: la Constitución debe reducir el margen de alternativas de futuros gobiernos para dificultar que adopten una orientación contraria a la propia.,support,18,367,"la Constitución debe procurar que, si llegan a gobernar los adversarios, se vean constreñidos a seguir una acción no tan distinta a la que uno mismo anhelaría, porque, valga la metáfora, el margen de alternativas que la cancha imponga de hecho a quienes juegan en ella, sea lo suficientemente reducido para hacer extremadamente difícil lo contrario.","{""alternatives"":[{""concept_id"":""acuerdos_moderacion"",""reason"":""Aunque se busca que las acciones futuras no sean muy distintas, la cita no valora el compromiso, el consenso ni la moderación entre posiciones contrapuestas; propone una limitación constitucional de alternativas.""}],""coding"":""La cita formula explícitamente un deber constitucional de constreñir a futuros gobiernos y justifica esa restricción por reducir el margen de alternativas hasta hacer difícil la opción contraria."",""context_evidence"":[],""criterion_reference"":""new_concept"",""stance"":""El hablante apoya que la Constitución limite el margen de acción de gobiernos adversarios y dificulte cambios contrarios a la orientación que se defiende."",""uncertainty"":""El fragmento no especifica qué medida previsional concreta quedaría constitucionalmente protegida ni el mecanismo de esa restricción.""}"
362,utt_c05f8f8552140d609d43::p0006,utt_c05f8f8552140d609d43,21735,http://datos.bcn.cl/recurso/cl/documento/706988,llm_000,in_codebook,necesidad_material,,support,237,347,"Ese incremento representa, sin duda, un alivio para quienes han esperado por años una mejora en sus pensiones.","{""alternatives"":[],""coding"":""El aumento monetario se valora como un alivio para pensionados que llevan años esperando una mejora, usando una carencia previsional implícita como razón distributiva a favor de la medida."",""context_evidence"":[],""criterion_reference"":""include:3"",""stance"":""La valoración favorece que quienes enfrentan mayores necesidades materiales reciban mayor protección previsional."",""uncertainty"":""La cita no afirma literalmente que las pensiones sean bajas, que exista pobreza ni que la asignación se base en la necesidad; la codificación depende de interpretar «alivio» y «una mejora» como carencia material.""}"
367,utt_675e600283f378cf65c4::p0006-p0009,utt_675e600283f378cf65c4,21735,http://datos.bcn.cl/recurso/cl/documento/706988,llm_000,review,,Seguro social basado en ahorros previsionales: la protección previsional debe avanzar hacia un verdadero seguro social mediante ahorros previsionales.,support,0,107,"Todos estos avances nos ayudarán a ir hacia un verdadero seguro social, mediante los ahorros previsionales.","{""alternatives"":[{""concept_id"":""solidaridad_intergeneracional"",""reason"":""Aunque “seguro social” puede sugerir solidaridad, el bloque no menciona generaciones activas y jubiladas, transferencias entre cohortes ni riesgos compartidos.""},{""concept_id"":""capitalizacion_individual"",""reason"":""La mención de ahorros previsionales no afirma que estén en cuentas individuales ni que financien principalmente la pensión de su titular.""}],""coding"":""La frase valora explícitamente avanzar hacia un “verdadero seguro social” y vincula ese diseño con los ahorros previsionales. Es una orientación normativa sobre la organización de la protección que no especifica suficientemente ninguno de los conceptos existentes."",""context_evidence"":[{""source"":""previous_context"",""text"":""El aumento del volumen de los ahorros y de la densidad de la cotización, gracias al esquema de los fondos generacionales; la pensión garantizada universal y la creación del Fondo Autónomo de Protección Previsional también son aportes.""}],""criterion_reference"":""new_concept"",""stance"":""Apoya la proposición de organizar la protección previsional como un verdadero seguro social mediante ahorros previsionales."",""uncertainty"":""El enunciado no define qué entiende por “verdadero seguro social” ni si los ahorros son individuales o colectivos; la propuesta de concepto requiere revisión.""}"
367,utt_675e600283f378cf65c4::p0006-p0009,utt_675e600283f378cf65c4,21735,http://datos.bcn.cl/recurso/cl/documento/706988,llm_001,in_codebook,prevision_como_mercado,,oppose,187,290,"existen luchas que debemos seguir dando, como acabar con las AFP, ojalá, en el plazo más corto posible.","{""alternatives"":[{""concept_id"":""capitalizacion_individual"",""reason"":""Aunque se mencionan las AFP, la cita no afirma que las cotizaciones deban financiar individualmente la pensión ni critica el destino individual del ahorro.""}],""coding"":""La cita presenta como objetivo normativo terminar con las AFP, lo que puede leerse como un rechazo a mantener una forma empresarial o privada de organizar la previsión, en línea con la crítica a tratarla como negocio o mercado."",""context_evidence"":[],""criterion_reference"":""include:3"",""stance"":""Se opone a la orientación que legitima la administración empresarial privada y los mecanismos de mercado en la protección previsional."",""uncertainty"":""La cita no explicita si la razón para acabar con las AFP es su carácter mercantil, sus resultados u otro motivo; la asignación a este concepto es provisional.""}"
370,utt_26a7e9c16a8e53f39e0f::p0008-p0009,utt_26a7e9c16a8e53f39e0f,21735,http://datos.bcn.cl/recurso/cl/documento/706988,llm_000,in_codebook,igualdad_universalismo,,support,35,333,"se mejorarán las pensiones de las mujeres a través de una compensación por diferencias en las expectativas de vida. Hoy las mujeres son perjudicadas por el sistema, ya que reciben una pensión inferior a la de los hombres, incluso teniendo la misma edad y los mismos ahorros en su cuenta individual.","{""alternatives"":[{""concept_id"":""identidad"",""reason"":""Aunque se identifica a las mujeres como grupo, la razón distributiva no es la pertenencia grupal, sino la corrección de una brecha de pensiones.""},{""concept_id"":""capitalizacion_individual"",""reason"":""La cuenta individual aparece como elemento de comparación; no se defiende ni se critica explícitamente que las cotizaciones deban financiar individualmente la pensión.""}],""coding"":""La compensación se justifica por una brecha de género: las mujeres reciben pensiones menores que los hombres aun con la misma edad y los mismos ahorros. La corrección de esa desigualdad fundamenta una medida previsional diferenciada."",""context_evidence"":[],""criterion_reference"":""include:3"",""stance"":""Apoya que la protección previsional corrija una desigualdad de género y eleve las pensiones de las mujeres para aproximar el nivel de protección entre personas comparables."",""uncertainty"":""La igualdad se expresa mediante la denuncia de una brecha y la propuesta de compensación, pero no se utiliza literalmente la palabra «igualdad».""}"
370,utt_26a7e9c16a8e53f39e0f::p0008-p0009,utt_26a7e9c16a8e53f39e0f,21735,http://datos.bcn.cl/recurso/cl/documento/706988,llm_001,in_codebook,reciprocidad_contributiva,,support,347,610,"considerando el tremendo esfuerzo que se les está pidiendo a los empleadores, en su mayoría a las pymes, se ha dispuesto la rebaja del impuesto de primera categoría del 25 por ciento al 12,5 por ciento, la que se mantendrá durante los primeros años de la reforma.","{""alternatives"":[{""concept_id"":""conciencia_costos"",""reason"":""Aunque se menciona una carga para los empleadores, no se afirma que la reforma sea fiscalmente inviable, demasiado costosa para el Estado o limitada por escasez presupuestaria.""}],""coding"":""La rebaja tributaria se presenta como una compensación vinculada al esfuerzo que la reforma exige a los empleadores y a las pymes: ese esfuerzo se usa como razón para asignarles un beneficio fiscal."",""context_evidence"":[],""criterion_reference"":""include:2"",""stance"":""Apoya que quienes soportan un esfuerzo contributivo asociado a la reforma reciban una compensación o beneficio en consideración a dicho esfuerzo."",""uncertainty"":""El texto no especifica que el esfuerzo sea una cotización previsional ya realizada o previa; podría referirse de manera más general a la carga económica que la reforma impone a los empleadores.""}"
372,utt_26a7e9c16a8e53f39e0f::p0011-p0012,utt_26a7e9c16a8e53f39e0f,21735,http://datos.bcn.cl/recurso/cl/documento/706988,llm_000,in_codebook,propiedad_individual_fondos,,support,60,124,respeta la propiedad de las personas sobre el ahorro previsional,"{""alternatives"":[{""concept_id"":""capitalizacion_individual"",""reason"":""Aunque se menciona el ahorro previsional, no se afirma que las cotizaciones deban ingresar a cuentas individuales ni financiar principalmente la pensión de su titular.""}],""coding"":""La cita afirma que la reforma respeta la titularidad individual de las personas sobre sus ahorros previsionales, presentando esa propiedad como un criterio para resguardar los fondos."",""context_evidence"":[],""criterion_reference"":""include:1"",""stance"":""Apoya la proposición de que los fondos previsionales son propiedad individual del cotizante y que ese derecho debe prevalecer en su asignación."",""uncertainty"":""""}"
372,utt_26a7e9c16a8e53f39e0f::p0011-p0012,utt_26a7e9c16a8e53f39e0f,21735,http://datos.bcn.cl/recurso/cl/documento/706988,llm_001,in_codebook,igualdad_universalismo,,support,202,261,igualará las pensiones de las mujeres con la de los hombres,"{""alternatives"":[{""concept_id"":""identidad"",""reason"":""Se nombran dos grupos, pero la razón expresada es la igualdad entre sus pensiones, no la pertenencia o cercanía a una comunidad considerada propia.""}],""coding"":""La igualación explícita de las pensiones de mujeres y hombres formula la corrección de una desigualdad de género como una característica deseable de la reforma."",""context_evidence"":[],""criterion_reference"":""include:3"",""stance"":""Apoya la proposición de que la protección previsional debe otorgarse con igualdad de trato y nivel entre grupos comparables."",""uncertainty"":""""}"
375,utt_7be2371ab581293dc505::p0001,utt_7be2371ab581293dc505,21735,http://datos.bcn.cl/recurso/cl/documento/706988,llm_000,in_codebook,acuerdos_moderacion,,support,411,519,"tuvimos que entendernos, ministro, con los mismos que despreciaron los acuerdos en los últimos cuarenta años","{""alternatives"":[],""coding"":""«Tuvimos que entendernos» presenta la convergencia con posiciones contrapuestas como una condición necesaria para avanzar, mientras la referencia negativa a quienes «despreciaron los acuerdos» marca el rechazo de esa vía como problemático."",""context_evidence"":[],""criterion_reference"":""include:1"",""stance"":""La cita apoya que los acuerdos y el compromiso son una vía necesaria o valiosa para avanzar en una reforma previsional."",""uncertainty"":""La defensa del acuerdo se formula implícitamente desde la dificultad política y no como una regla general; la codificación se basa en la expresión de necesidad «tuvimos que» y en la crítica a quienes rechazaron los acuerdos.""}"
375,utt_7be2371ab581293dc505::p0001,utt_7be2371ab581293dc505,21735,http://datos.bcn.cl/recurso/cl/documento/706988,llm_001,in_codebook,conciencia_costos,,oppose,356,402,se va a sustentar el sistema en el largo plazo,"{""alternatives"":[],""coding"":""El proyecto se presenta como capaz de sostener el sistema previsional en el largo plazo, lo que funciona como una refutación de que carezca de financiamiento o sostenibilidad suficiente."",""context_evidence"":[],""criterion_reference"":""include:4"",""stance"":""Rechaza la proposición de que la reforma sea financieramente insostenible o exceda la capacidad de sostener el sistema."",""uncertainty"":""No se detalla el mecanismo financiero ni se explicita el costo fiscal; «sustentar» podría ser una afirmación general de viabilidad, aunque se usa para justificar que el proyecto es bueno.""}"
379,utt_7193121ec43992295403::p0001-p0003,utt_7193121ec43992295403,21735,http://datos.bcn.cl/recurso/cl/documento/706988,llm_000,in_codebook,propiedad_individual_fondos,,support,269,426,"ustedes querían cambiarlo todo con ese proceso constituyente fallido, que le quería pegar un manotazo a los fondos de pensiones. ¡Enhorabuena, lo rechazamos!","{""alternatives"":[{""concept_id"":""capitalizacion_individual"",""reason"":""La cita no sostiene que cada persona deba financiar su pensión con ahorro individual ni se refiere al ingreso de cotizaciones a una cuenta; el fundamento es impedir la apropiación de los fondos.""}],""coding"":""La expresión «pegar un manotazo» caracteriza como apropiación o toma indebida los fondos de pensiones, y el rechazo explícito de esa acción presenta su protección como razón normativa."",""context_evidence"":[],""criterion_reference"":""include:1"",""stance"":""Al rechazar la apropiación de los fondos, el hablante respalda que el derecho individual sobre ellos prevalezca frente a su transferencia o toma."",""uncertainty"":""«Manotazo» es una formulación metafórica y no se explicita literalmente la titularidad individual; se interpreta como apropiación por el objeto de la acusación y por su rechazo explícito.""}"
379,utt_7193121ec43992295403::p0001-p0003,utt_7193121ec43992295403,21735,http://datos.bcn.cl/recurso/cl/documento/706988,llm_001,in_codebook,capitalizacion_individual,,support,720,885,"lo más importante de todo es que cuando hablamos de una reforma de pensiones, en la conversación logramos que el sistema de capitalización individual se profundizara","{""alternatives"":[{""concept_id"":""propiedad_individual_fondos"",""reason"":""Aunque se mencionan cuentas de trabajadores en el contexto, no se formula una titularidad jurídica, heredabilidad, expropiación o control de los fondos como derecho de propiedad.""}],""coding"":""La cita presenta como logro y como lo más importante la profundización de la capitalización individual. El contexto inmediato de la misma intervención precisa que esa profundización consiste en dirigir los recursos a las cuentas de los trabajadores."",""context_evidence"":[{""source"":""next_context"",""text"":""Todos los recursos económicos que contempla el proyecto de ley van a ir a las cuentas de los trabajadores, cuestión que es fundamental.""}],""criterion_reference"":""include:1"",""stance"":""El hablante valora positivamente que las cotizaciones o recursos previsionales se dirijan a cuentas individuales, en línea con el autofinanciamiento de la pensión de cada trabajador."",""uncertainty"":""El objetivo no detalla por sí solo qué implica «profundizar» la capitalización; la interpretación depende de la aclaración inmediatamente siguiente, perteneciente a la misma intervención.""}"
380,utt_7193121ec43992295403::p0004,utt_7193121ec43992295403,21735,http://datos.bcn.cl/recurso/cl/documento/706988,llm_000,in_codebook,capitalizacion_individual,,support,361,496,"Todos los recursos económicos que contempla el proyecto de ley van a ir a las cuentas de los trabajadores, cuestión que es fundamental.","{""alternatives"":[{""concept_id"":""propiedad_individual_fondos"",""reason"":""Aunque se mencionan las cuentas de los trabajadores, no se afirma propiedad, heredabilidad, control ni protección frente a transferencias; el fundamento explícito es el destino de los recursos a cuentas individuales.""},{""concept_id"":""solidaridad_intergeneracional"",""reason"":""La mención previa al reparto no desarrolla una relación normativa entre generaciones ni rechaza explícitamente transferencias hacia jubilados; la justificación se centra en las cuentas individuales.""}],""coding"":""La cita defiende que todos los recursos del proyecto se destinen a las cuentas de los trabajadores y califica ese destino como fundamental, lo que respalda el ingreso de las cotizaciones a cuentas individuales."",""context_evidence"":[],""criterion_reference"":""include:1"",""stance"":""Apoya la proposición de que las cotizaciones previsionales deben ingresar a cuentas individuales y financiar la protección de su titular."",""uncertainty"":""""}"
391,utt_22fd90004234e1219166::p0009,utt_22fd90004234e1219166,21735,http://datos.bcn.cl/recurso/cl/documento/706988,llm_000,in_codebook,propiedad_individual_fondos,,oppose,124,498,"No sé si los diputados que han planteado ese argumento han revisado sus cartolas de fondos de pensiones, porque en ellas no encontrarán que son propietarios de un bono de equis empresa, de un bono del gobierno o de un bono del gobierno de Estados Unidos. Lo que van a encontrar es solo una cuota del fondo de pensiones, el cual, desde este punto de vista, es un fondo común.","{""alternatives"":[{""concept_id"":""capitalizacion_individual"",""reason"":""Aunque se contrasta un fondo común con una posición individual, la cita no sostiene ni rechaza que cada persona financie su propia pensión mediante ahorro individual.""},{""concept_id"":""solidaridad_intergeneracional"",""reason"":""La mención de un fondo común no identifica transferencias ni riesgos compartidos entre generaciones.""}],""coding"":""La cita discute la titularidad individual al negar que los cotizantes sean propietarios de los bonos subyacentes y presentar, en cambio, una cuota de un fondo común. Esa caracterización se usa para impugnar que la existencia de un fondo común contradiga necesariamente un derecho de propiedad individual."",""context_evidence"":[],""criterion_reference"":""include:1"",""stance"":""El hablante rechaza que la propiedad individual de los activos subyacentes deba impedir la organización de los recursos en un fondo común; por ello se opone al ancla de que la propiedad individual de los fondos debe prevalecer en su asignación."",""uncertainty"":""El pasaje contiene una descripción técnica de la estructura de las cuotas y no formula literalmente un deber; la codificación depende de interpretar esa descripción como fundamento para rechazar la objeción normativa basada en la propiedad.""}"
393,utt_22fd90004234e1219166::p0011-p0012,utt_22fd90004234e1219166,21735,http://datos.bcn.cl/recurso/cl/documento/706988,llm_000,in_codebook,ineficiencia_estado,,oppose,580,682,En ninguno de esos tres casos ha habido manotazos ni ninguna de las situaciones que se han mencionado.,"{""alternatives"":[{""concept_id"":""propiedad_individual_fondos"",""reason"":""Aunque se habla de fondos, no se afirma titularidad individual, heredabilidad ni un derecho de propiedad; el argumento evalúa el resguardo estatal.""}],""coding"":""La negación de que haya habido manotazos en fondos administrados públicamente refuta explícitamente el riesgo de apropiación o manejo indebido estatal."",""context_evidence"":[],""criterion_reference"":""include:3"",""stance"":""Se opone a la proposición de que la administración estatal amenaza el resguardo de los fondos, pues niega que ese riesgo se haya materializado en los ejemplos invocados."",""uncertainty"":""La refutación utiliza como ejemplos fondos públicos no previsionales, aplicándolos por analogía al riesgo discutido en la reforma previsional.""}"
393,utt_22fd90004234e1219166::p0011-p0012,utt_22fd90004234e1219166,21735,http://datos.bcn.cl/recurso/cl/documento/706988,llm_001,in_codebook,ineficiencia_estado,,oppose,683,833,"Todos han sido administrados con profesionalismo, responsabilidad y transparencia por las instituciones públicas encargadas de resguardar esos fondos.","{""alternatives"":[{""concept_id"":""control_responsabilidad_individual"",""reason"":""La palabra «responsabilidad» califica a instituciones públicas y no atribuye consecuencias previsionales a personas según su control individual.""}],""coding"":""La valoración de las instituciones públicas como profesionales, responsables y transparentes constituye una defensa explícita de su capacidad para administrar y resguardar fondos, refutando el riesgo estatal del criterio."",""context_evidence"":[],""criterion_reference"":""include:3"",""stance"":""Rechaza la proposición de que la administración estatal pone en peligro el resguardo legítimo de las cotizaciones, porque presenta la gestión pública como profesional, transparente y responsable."",""uncertainty"":""La frase describe fondos públicos usados como ejemplos y no afirma directamente una regla de administración para los fondos previsionales, aunque el argumento los emplea para defender el resguardo estatal.""}"
394,utt_22fd90004234e1219166::p0013-p0014,utt_22fd90004234e1219166,21735,http://datos.bcn.cl/recurso/cl/documento/706988,llm_000,in_codebook,ineficiencia_estado,,oppose,10,243,"si, por un lado, entendemos cómo funciona el sistema actual y, por otro, analizamos lo que está escrito y garantizado en este proyecto, creo que no queda más que concluir que efectivamente los fondos estarán debidamente resguardados.","{""alternatives"":[],""coding"":""La cita defiende que los fondos estarán resguardados y, leída junto con la referencia al posible manotazo estatal, refuta el riesgo de apropiación o uso indebido por parte de la administración pública."",""context_evidence"":[{""source"":""previous_context"",""text"":""Se ha dicho que el problema es que, como habrá fondos disponibles, el Estado les dará un manotazo.""},{""source"":""previous_context"",""text"":""Todos han sido administrados con profesionalismo, responsabilidad y transparencia por las instituciones públicas encargadas de resguardar esos fondos.""}],""criterion_reference"":""include:3"",""stance"":""Se opone al ancla de que la administración estatal amenaza el resguardo legítimo de las cotizaciones."",""uncertainty"":""La identificación del riesgo como estatal y del resguardo como defensa de la gestión pública depende del contexto previo.""}"
394,utt_22fd90004234e1219166::p0013-p0014,utt_22fd90004234e1219166,21735,http://datos.bcn.cl/recurso/cl/documento/706988,llm_001,review,,"perspectiva_temporal_de_largo_plazo: Las reformas previsionales deben abordarse con un horizonte temporal de largo plazo, más allá del corto plazo gubernamental.",support,689,790,"esto debemos abordarlo con una perspectiva a largo plazo, porque de eso se trata la seguridad social.","{""alternatives"":[{""concept_id"":""conciencia_costos"",""reason"":""La referencia a la duración y a la rentabilidad podría sugerir sostenibilidad, pero la cita no menciona costos, financiamiento, déficit ni límites fiscales.""}],""coding"":""La cita prescribe explícitamente abordar la reforma con una perspectiva de largo plazo y la fundamenta en la naturaleza de la seguridad social; el libro no contiene un código específico para este horizonte temporal."",""context_evidence"":[],""criterion_reference"":""new_concept"",""stance"":""Apoya la proposición de que la organización de la seguridad social debe considerar un horizonte de largo plazo."",""uncertainty"":""No se especifica si el horizonte largo se justifica por sostenibilidad financiera, continuidad institucional o efectos sobre futuras cohortes.""}"
397,utt_22fd90004234e1219166::p0019-p0020,utt_22fd90004234e1219166,21735,http://datos.bcn.cl/recurso/cl/documento/706988,llm_000,in_codebook,prevision_como_mercado,,support,492,561,Lo que hará la licitación será generar competencia en esta industria.,"{""alternatives"":[],""coding"":""La licitación se presenta como el instrumento que generará competencia dentro de la industria previsional; así, la competencia aparece como un mecanismo para organizar la protección."",""context_evidence"":[],""criterion_reference"":""include:1"",""stance"":""La atribución de ese resultado a la licitación respalda la introducción de competencia de mercado como forma de organizar la previsión."",""uncertainty"":""La oración formula principalmente un efecto esperado y no califica expresamente la competencia como eficiente o legítima; se interpreta como una defensa implícita de la licitación.""}"
398,utt_22fd90004234e1219166::p0021-p0022,utt_22fd90004234e1219166,21735,http://datos.bcn.cl/recurso/cl/documento/706988,llm_000,in_codebook,prevision_como_mercado,,support,0,242,"Con el mecanismo de licitación propuesto en el proyecto, esto se abrirá significativamente y permitirá reducir las comisiones, porque la licitación se realizará sobre la base de las comisiones: se adjudicará a quien ofrezca la menor comisión.","{""alternatives"":[{""concept_id"":""conciencia_costos"",""reason"":""Aunque se menciona reducir comisiones, no se afirma una restricción fiscal ni una incapacidad de financiamiento estatal; la razón expuesta es la competencia.""}],""coding"":""La licitación y la adjudicación a quien ofrezca la menor comisión se presentan como mecanismos para abrir la competencia y reducir las comisiones de la administración previsional."",""context_evidence"":[{""source"":""previous_context"",""text"":""Lo que hará la licitación será generar competencia en esta industria.""}],""criterion_reference"":""include:1"",""stance"":""Apoya que la protección previsional se organice legítimamente mediante competencia de mercado."",""uncertainty"":""El referente de «esto» requiere el contexto inmediato para identificar la apertura competitiva de la industria.""}"
398,utt_22fd90004234e1219166::p0021-p0022,utt_22fd90004234e1219166,21735,http://datos.bcn.cl/recurso/cl/documento/706988,llm_001,in_codebook,prevision_como_mercado,,support,244,332,"Para que la licitación sea posible, sin embargo, se requiere cambiar la base del encaje.","{""alternatives"":[],""coding"":""El cambio de la base del encaje se formula como una condición necesaria para hacer viable la licitación y, con ello, la entrada y competencia entre administradoras."",""context_evidence"":[],""criterion_reference"":""include:1"",""stance"":""Apoya remover una barrera regulatoria para que la competencia organice la administración previsional."",""uncertainty"":""""}"
399,utt_22fd90004234e1219166::p0023,utt_22fd90004234e1219166,21735,http://datos.bcn.cl/recurso/cl/documento/706988,llm_000,in_codebook,prevision_como_mercado,,support,70,319,"si se quiere que haya cooperativas que participen en la administración de fondos de pensiones, o sociedades formadas por cooperativas, no puede mantenerse el encaje, porque, si se mantiene, no serán capaces de reunir esos fondos para poder competir.","{""alternatives"":[],""coding"":""La cita justifica eliminar el encaje para permitir la participación de cooperativas en la administración de fondos y posibilitar la competencia; presenta la competencia como un mecanismo legítimo para organizar la previsión."",""context_evidence"":[],""criterion_reference"":""include:1"",""stance"":""Apoya la organización de la protección previsional mediante competencia y participación de administradores privados."",""uncertainty"":""""}"
400,utt_22fd90004234e1219166::p0024,utt_22fd90004234e1219166,21735,http://datos.bcn.cl/recurso/cl/documento/706988,llm_000,in_codebook,prevision_como_mercado,,support,339,428,ese es el principal mecanismo que tenemos para aumentar la competencia en esta industria.,"{""alternatives"":[],""coding"":""La cita presenta favorablemente el mecanismo de licitaciones como la vía principal para aumentar la competencia en la industria de AFP, defendiendo la competencia como forma de organizar el sistema previsional."",""context_evidence"":[],""criterion_reference"":""include:1"",""stance"":""Apoya la proposición de que la competencia constituye un mecanismo legítimo para organizar la protección previsional."",""uncertainty"":""""}"
404,utt_22fd90004234e1219166::p0028,utt_22fd90004234e1219166,21735,http://datos.bcn.cl/recurso/cl/documento/706988,llm_000,in_codebook,conciencia_costos,,support,174,441,"El mayor riesgo, en este momento, es dejar las cosas como están, esto es, que los aumentos de las pensiones solo se puedan resolver mediante aumentos de la PGU, porque no estará el financiamiento para que solo a través de la PGU se mejoren las pensiones en el futuro.","{""alternatives"":[],""coding"":""La cita presenta la ausencia de financiamiento futuro para aumentar las pensiones exclusivamente mediante la PGU como un riesgo, utilizando una restricción de recursos para cuestionar esa vía de expansión previsional."",""context_evidence"":[],""criterion_reference"":""include:2"",""stance"":""Apoya la proposición de que una expansión previsional debe considerar la disponibilidad de financiamiento sostenible y los límites fiscales."",""uncertainty"":""El pasaje no cuantifica el costo ni precisa la fuente alternativa de financiamiento, pero afirma explícitamente que no habrá financiamiento suficiente para mejorar las pensiones solo mediante la PGU.""}"
406,utt_22fd90004234e1219166::p0030,utt_22fd90004234e1219166,21735,http://datos.bcn.cl/recurso/cl/documento/706988,llm_000,in_codebook,prevision_como_mercado,,support,206,554,"este proyecto marca una diferencia, será un hito en el desarrollo del sistema de pensiones en Chile, será un hito en materia de beneficios para los afiliados; va a cambiar la estructura del sistema, va a crear un pilar nuevo de seguridad social, va a agregar la cotización de los empleadores y generará mayor competencia en la industria de las AFP.","{""alternatives"":[{""concept_id"":""capitalizacion_individual"",""reason"":""La referencia a las AFP no afirma que las cotizaciones deban financiar individualmente la pensión ni que el ahorro propio sea la regla.""}],""coding"":""La mayor competencia en la industria de las AFP aparece dentro de una enumeración que presenta el proyecto como un cambio positivo, un hito y un beneficio para los afiliados. Así, la competencia se presenta favorablemente como un mecanismo de organización de la previsión."",""context_evidence"":[],""criterion_reference"":""include:1"",""stance"":""La cita apoya que una mayor competencia de mercado forme parte de la organización legítima del sistema previsional."",""uncertainty"":""La cita no afirma literalmente que la competencia sea eficiente o legítima; la codificación depende de su encuadre positivo dentro de la defensa del proyecto.""}"
407,utt_22fd90004234e1219166::p0031-p0033,utt_22fd90004234e1219166,21735,http://datos.bcn.cl/recurso/cl/documento/706988,llm_000,in_codebook,acuerdos_moderacion,,support,648,757,"Por eso, creemos que este es un buen proyecto, que viene precedido de un diálogo y de la búsqueda de acuerdos","{""alternatives"":[],""coding"":""La cita vincula la valoración positiva del proyecto con que haya sido precedido por diálogo y búsqueda de acuerdos, presentando el acuerdo como fundamento válido de una reforma previsional."",""context_evidence"":[],""criterion_reference"":""include:1"",""stance"":""Al calificar de buen proyecto uno basado en diálogo y acuerdos, el hablante apoya que estos otorguen valor y legitimidad a la reforma."",""uncertainty"":""La cita no especifica el alcance de los acuerdos, pero sí los presenta explícitamente como un elemento positivo del proyecto.""}"
408,utt_4b1364d7dac7f7728cc6::p0001-p0003,utt_4b1364d7dac7f7728cc6,21735,http://datos.bcn.cl/recurso/cl/documento/706988,llm_000,in_codebook,igualdad_universalismo,,support,223,316,corrigiendo además injusticias de género que han afectado a las mujeres durante largo tiempo.,"{""alternatives"":[{""concept_id"":""necesidad_material"",""reason"":""Aunque se menciona mejorar el bienestar, el fragmento no apela a carencia económica o vulnerabilidad; la razón distributiva explícita es la injusticia de género.""}],""coding"":""La reforma presenta como resultado deseable la corrección de injusticias de género que afectan a las mujeres, formulando una exigencia normativa de corregir una desigualdad y no una mera mención temática."",""context_evidence"":[],""criterion_reference"":""include:3"",""stance"":""Apoya que la protección previsional corrija desigualdades de género, en línea con el principio de igualdad."",""uncertainty"":""No aparece literalmente la palabra «igualdad», pero la calificación de la afectación de género como injusta y su corrección como objetivo permiten vincularla con el criterio de corrección de desigualdades de género.""}"
408,utt_4b1364d7dac7f7728cc6::p0001-p0003,utt_4b1364d7dac7f7728cc6,21735,http://datos.bcn.cl/recurso/cl/documento/706988,llm_001,in_codebook,acuerdos_moderacion,,support,392,672,"hemos estado construyendo una amplia convergencia de voluntades. No ha sido fácil, pero ha primado una conciencia compartida de que no podemos seguir dilatando este tema, una conciencia compartida de que las personas mayores no pueden sufrir los efectos de nuestras desavenencias.","{""alternatives"":[],""coding"":""La construcción de una amplia convergencia se presenta como la vía para no seguir postergando la reforma, porque las desavenencias perjudicarían a las personas mayores. Así, el acuerdo aparece como un medio necesario para avanzar en la reforma previsional."",""context_evidence"":[{""source"":""next_context"",""text"":""Hemos podido construir un camino de acuerdos. Los acuerdos son difíciles de construir en nuestro país, pero hoy abren una ruta, iluminan un camino y nos permiten dar cumplimiento a la tarea de mejorar las condiciones de vida de las personas en la vejez.""}],""criterion_reference"":""include:1"",""stance"":""Apoya los acuerdos amplios como vía legítima y necesaria para avanzar en la reforma."",""uncertainty"":""El objetivo utiliza «convergencia de voluntades» y relata un proceso en curso, sin afirmar literalmente que el acuerdo sea valioso; el contexto siguiente confirma que esa convergencia se refiere a un camino de acuerdos y le atribuye una función para avanzar.""}"
409,utt_4b1364d7dac7f7728cc6::p0004-p0005,utt_4b1364d7dac7f7728cc6,21735,http://datos.bcn.cl/recurso/cl/documento/706988,llm_000,in_codebook,acuerdos_moderacion,,support,46,253,"Los acuerdos son difíciles de construir en nuestro país, pero hoy abren una ruta, iluminan un camino y nos permiten dar cumplimiento a la tarea de mejorar las condiciones de vida de las personas en la vejez.","{""alternatives"":[],""coding"":""La cita atribuye a los acuerdos un valor instrumental para avanzar en una reforma previsional y cumplir la tarea de mejorar la protección en la vejez; no se limita a mencionar que hubo un acuerdo."",""context_evidence"":[],""criterion_reference"":""include:1"",""stance"":""Apoya la proposición de que los acuerdos otorgan valor y legitimidad a una vía de reforma previsional."",""uncertainty"":""""}"
413,utt_4b1364d7dac7f7728cc6::p0009,utt_4b1364d7dac7f7728cc6,21735,http://datos.bcn.cl/recurso/cl/documento/706988,llm_000,in_codebook,prevision_como_mercado,,oppose,549,675,"No puede ser que por una función que ya se está remunerando mediante el sueldo, además se siga pagando una comisión indirecta.","{""alternatives"":[],""coding"":""La cita califica como injustificado el cobro de una comisión indirecta adicional por una función ya remunerada, lo que constituye una crítica a las comisiones de la administración previsional como extracción indebida de recursos de los cotizantes."",""context_evidence"":[],""criterion_reference"":""include:4"",""stance"":""La afirmación rechaza la legitimidad de ese cobro asociado a la actividad empresarial de la previsión, por lo que se opone a la organización previsional mediante comisiones o incentivos de mercado en este caso."",""uncertainty"":""""}"
415,utt_4b1364d7dac7f7728cc6::p0012,utt_4b1364d7dac7f7728cc6,21735,http://datos.bcn.cl/recurso/cl/documento/706988,llm_000,in_codebook,necesidad_material,,support,0,123,"Por eso, la convocatoria que hoy hacemos a esta honorable Cámara de Diputadas y Diputados es a avanzar en seguridad social.","{""alternatives"":[{""concept_id"":""reciprocidad_contributiva"",""reason"":""Aunque el contexto menciona a personas que han cotizado, la cita objetivo no presenta la contribución como título moral para recibir beneficios; la razón central es resolver problemas previsionales asociados a pensiones insuficientes.""}],""coding"":""El conector «Por eso» vincula la convocatoria a avanzar en seguridad social con las pensiones muy insuficientes descritas en el contexto inmediato; esa privación previsional se usa como razón para impulsar una respuesta de protección."",""context_evidence"":[{""source"":""previous_context"",""text"":""En definitiva, esta reforma trae múltiples cambios que nos acercan a la seguridad social, cambios que son fundamentales tanto para la actualidad como para el futuro del país, pero, sobre todo, que tienen a la vista a los sectores medios que, habiendo cotizado, reciben pensiones muy insuficientes.""}],""criterion_reference"":""include:3"",""stance"":""La cita respalda que una situación de privación previsional debe recibir una respuesta de protección, en línea con que quienes enfrentan mayores necesidades materiales reciban mayor protección."",""uncertainty"":""«Problemas» y «Por eso» son referencias parcialmente generales, y la cita no formula literalmente una regla de focalización por necesidad; la interpretación depende del antecedente inmediato.""}"
