source_row_index,document_uri,title,date,local_speaker_id,speaker_href,person_id,speaker_name,name_key,document_person_key,local_id_reused_across_people,stable_person_uses_multiple_local_ids,stable_person_has_name_conflict
1,http://datos.bcn.cl/recurso/cl/documento/704142,1.12. Discusión en Sala,2024-01-23,per116,http://datos.bcn.cl/recurso/persona/5255,5255,jorge guzman zepeda,JORGE GUZMAN ZEPEDA,http://datos.bcn.cl/recurso/cl/documento/704142#per116,True,True,False
1,http://datos.bcn.cl/recurso/cl/documento/704142,1.12. Discusión en Sala,2024-01-23,per21,,,,,http://datos.bcn.cl/recurso/cl/documento/704142#per21,False,False,False
1,http://datos.bcn.cl/recurso/cl/documento/704142,1.12. Discusión en Sala,2024-01-23,per119,http://datos.bcn.cl/recurso/persona/5256,5256,marlene perez cartes,MARLENE PEREZ CARTES,http://datos.bcn.cl/recurso/cl/documento/704142#per119,True,True,False
1,http://datos.bcn.cl/recurso/cl/documento/704142,1.12. Discusión en Sala,2024-01-23,per102,http://datos.bcn.cl/recurso/persona/5253,5253,eric aedo jeldres,ERIC AEDO JELDRES,http://datos.bcn.cl/recurso/cl/documento/704142#per102,True,True,False
1,http://datos.bcn.cl/recurso/cl/documento/704142,1.12. Discusión en Sala,2024-01-23,per57,http://datos.bcn.cl/recurso/persona/1835,1835,david marzan,DAVID MARZAN,http://datos.bcn.cl/recurso/cl/documento/704142#per57,True,True,False
1,http://datos.bcn.cl/recurso/cl/documento/704142,1.12. Discusión en Sala,2024-01-23,per132,http://datos.bcn.cl/recurso/persona/4876,4876,ali manouchehri moghadam kashan lobos,ALI MANOUCHEHRI MOGHADAM KASHAN LOBOS,http://datos.bcn.cl/recurso/cl/documento/704142#per132,True,True,False
1,http://datos.bcn.cl/recurso/cl/documento/704142,1.12. Discusión en Sala,2024-01-23,per89,http://datos.bcn.cl/recurso/persona/5250,5250,agustin matias romero leiva,AGUSTIN MATIAS ROMERO LEIVA,http://datos.bcn.cl/recurso/cl/documento/704142#per89,True,True,False
1,http://datos.bcn.cl/recurso/cl/documento/704142,1.12. Discusión en Sala,2024-01-23,per13,http://datos.bcn.cl/recurso/persona/4583,4583,patricio eduardo rosas barrientos,PATRICIO EDUARDO ROSAS BARRIENTOS,http://datos.bcn.cl/recurso/cl/documento/704142#per13,True,True,False
1,http://datos.bcn.cl/recurso/cl/documento/704142,1.12. Discusión en Sala,2024-01-23,per110,http://datos.bcn.cl/recurso/persona/1978,1978,jaime naranjo ortiz,JAIME NARANJO ORTIZ,http://datos.bcn.cl/recurso/cl/documento/704142#per110,True,True,False
1,http://datos.bcn.cl/recurso/cl/documento/704142,1.12. Discusión en Sala,2024-01-23,per12,http://datos.bcn.cl/recurso/persona/4584,4584,alvaro antonio elizalde soto,ALVARO ANTONIO ELIZALDE SOTO,http://datos.bcn.cl/recurso/cl/documento/704142#per12,True,True,False
1,http://datos.bcn.cl/recurso/cl/documento/704142,1.12. Discusión en Sala,2024-01-23,per120,http://datos.bcn.cl/recurso/persona/5258,5258,sara concha smith,SARA CONCHA SMITH,http://datos.bcn.cl/recurso/cl/documento/704142#per120,True,True,False
1,http://datos.bcn.cl/recurso/cl/documento/704142,1.12. Discusión en Sala,2024-01-23,per29,http://datos.bcn.cl/recurso/persona/3251,3251,javier ricardo hernandez hernandez,JAVIER RICARDO HERNANDEZ HERNANDEZ,http://datos.bcn.cl/recurso/cl/documento/704142#per29,True,False,False
1,http://datos.bcn.cl/recurso/cl/documento/704142,1.12. Discusión en Sala,2024-01-23,per96,http://datos.bcn.cl/recurso/persona/6,6,carlos aldunate errazuriz,CARLOS ALDUNATE ERRAZURIZ,http://datos.bcn.cl/recurso/cl/documento/704142#per96,True,False,False
1,http://datos.bcn.cl/recurso/cl/documento/704142,1.12. Discusión en Sala,2024-01-23,per45,http://datos.bcn.cl/recurso/persona/2064,2064,pedro arnoldo urra veloso,PEDRO ARNOLDO URRA VELOSO,http://datos.bcn.cl/recurso/cl/documento/704142#per45,True,True,False
1,http://datos.bcn.cl/recurso/cl/documento/704142,1.12. Discusión en Sala,2024-01-23,per32,http://datos.bcn.cl/recurso/persona/5194,5194,cristian tapia ramos,CRISTIAN TAPIA RAMOS,http://datos.bcn.cl/recurso/cl/documento/704142#per32,True,True,False
1,http://datos.bcn.cl/recurso/cl/documento/704142,1.12. Discusión en Sala,2024-01-23,per27,http://datos.bcn.cl/recurso/persona/5196,5196,maria jose gatica bertin,MARIA JOSE GATICA BERTIN,http://datos.bcn.cl/recurso/cl/documento/704142#per27,True,True,False
1,http://datos.bcn.cl/recurso/cl/documento/704142,1.12. Discusión en Sala,2024-01-23,per144,http://datos.bcn.cl/recurso/persona/3319,3319,hector enrique campos perez,HECTOR ENRIQUE CAMPOS PEREZ,http://datos.bcn.cl/recurso/cl/documento/704142#per144,True,True,False
1,http://datos.bcn.cl/recurso/cl/documento/704142,1.12. Discusión en Sala,2024-01-23,per38,http://datos.bcn.cl/recurso/persona/5198,5198,marco sulantay olivares,MARCO SULANTAY OLIVARES,http://datos.bcn.cl/recurso/cl/documento/704142#per38,True,True,False
1,http://datos.bcn.cl/recurso/cl/documento/704142,1.12. Discusión en Sala,2024-01-23,per69,http://datos.bcn.cl/recurso/persona/4647,4647,cristian labbe,CRISTIAN LABBE,http://datos.bcn.cl/recurso/cl/documento/704142#per69,True,True,False
1,http://datos.bcn.cl/recurso/cl/documento/704142,1.12. Discusión en Sala,2024-01-23,per122,http://datos.bcn.cl/recurso/persona/3643,3643,osvaldo raul andrade lara,OSVALDO RAUL ANDRADE LARA,http://datos.bcn.cl/recurso/cl/documento/704142#per122,True,True,False
1,http://datos.bcn.cl/recurso/cl/documento/704142,1.12. Discusión en Sala,2024-01-23,per107,http://datos.bcn.cl/recurso/persona/5199,5199,victor pino fuentes,VICTOR PINO FUENTES,http://datos.bcn.cl/recurso/cl/documento/704142#per107,True,True,False
1,http://datos.bcn.cl/recurso/cl/documento/704142,1.12. Discusión en Sala,2024-01-23,per11,http://datos.bcn.cl/recurso/persona/362,362,mario arnello romo,MARIO ARNELLO ROMO,http://datos.bcn.cl/recurso/cl/documento/704142#per11,True,True,False
1,http://datos.bcn.cl/recurso/cl/documento/704142,1.12. Discusión en Sala,2024-01-23,per117,http://datos.bcn.cl/recurso/persona/5266,5266,emilia schneider videla,EMILIA SCHNEIDER VIDELA,http://datos.bcn.cl/recurso/cl/documento/704142#per117,True,True,False
1,http://datos.bcn.cl/recurso/cl/documento/704142,1.12. Discusión en Sala,2024-01-23,per94,http://datos.bcn.cl/recurso/persona/5261,5261,mercedes bulnes nunez,MERCEDES BULNES NUNEZ,http://datos.bcn.cl/recurso/cl/documento/704142#per94,True,True,False
1,http://datos.bcn.cl/recurso/cl/documento/704142,1.12. Discusión en Sala,2024-01-23,per1,http://datos.bcn.cl/recurso/persona/4597,4597,carmen adelaida hertz cadiz,CARMEN ADELAIDA HERTZ CADIZ,http://datos.bcn.cl/recurso/cl/documento/704142#per1,False,False,False
1,http://datos.bcn.cl/recurso/cl/documento/704142,1.12. Discusión en Sala,2024-01-23,per35,http://datos.bcn.cl/recurso/persona/4598,4598,eduardo alfredo duran salinas,EDUARDO ALFREDO DURAN SALINAS,http://datos.bcn.cl/recurso/cl/documento/704142#per35,True,True,False
1,http://datos.bcn.cl/recurso/cl/documento/704142,1.12. Discusión en Sala,2024-01-23,per37,http://datos.bcn.cl/recurso/persona/2208,2208,miguel luis lagos lagos,MIGUEL LUIS LAGOS LAGOS,http://datos.bcn.cl/recurso/cl/documento/704142#per37,True,False,False
1,http://datos.bcn.cl/recurso/cl/documento/704142,1.12. Discusión en Sala,2024-01-23,per4,http://datos.bcn.cl/recurso/persona/4596,4596,camila ruzlay rojas valderrama,CAMILA RUZLAY ROJAS VALDERRAMA,http://datos.bcn.cl/recurso/cl/documento/704142#per4,False,False,False
1,http://datos.bcn.cl/recurso/cl/documento/704142,1.12. Discusión en Sala,2024-01-23,per9,http://datos.bcn.cl/recurso/persona/1782,1782,jaime mulet martinez,JAIME MULET MARTINEZ,http://datos.bcn.cl/recurso/cl/documento/704142#per9,True,True,False
1,http://datos.bcn.cl/recurso/cl/documento/704142,1.12. Discusión en Sala,2024-01-23,per2,http://datos.bcn.cl/recurso/persona/4510,4510,daniella valentina cicardini milla,DANIELLA VALENTINA CICARDINI MILLA,http://datos.bcn.cl/recurso/cl/documento/704142#per2,True,True,False
1,http://datos.bcn.cl/recurso/cl/documento/704142,1.12. Discusión en Sala,2024-01-23,per95,http://datos.bcn.cl/recurso/persona/5270,5270,gustavo benavente vergara,GUSTAVO BENAVENTE VERGARA,http://datos.bcn.cl/recurso/cl/documento/704142#per95,True,True,False
1,http://datos.bcn.cl/recurso/cl/documento/704142,1.12. Discusión en Sala,2024-01-23,per78,http://datos.bcn.cl/recurso/persona/1057,1057,mauricio raul rettig guissen,MAURICIO RAUL RETTIG GUISSEN,http://datos.bcn.cl/recurso/cl/documento/704142#per78,True,True,False
1,http://datos.bcn.cl/recurso/cl/documento/704142,1.12. Discusión en Sala,2024-01-23,per140,http://datos.bcn.cl/recurso/persona/1700,1700,cesar raul fuentes venegas,CESAR RAUL FUENTES VENEGAS,http://datos.bcn.cl/recurso/cl/documento/704142#per140,True,False,False
1,http://datos.bcn.cl/recurso/cl/documento/704142,1.12. Discusión en Sala,2024-01-23,per34,http://datos.bcn.cl/recurso/persona/1646,1646,david sergio sandoval plaza,DAVID SERGIO SANDOVAL PLAZA,http://datos.bcn.cl/recurso/cl/documento/704142#per34,True,True,False
1,http://datos.bcn.cl/recurso/cl/documento/704142,1.12. Discusión en Sala,2024-01-23,per64,http://datos.bcn.cl/recurso/persona/5230,5230,luis alberto cuello pena y lillo,LUIS ALBERTO CUELLO PENA Y LILLO,http://datos.bcn.cl/recurso/cl/documento/704142#per64,True,True,False
1,http://datos.bcn.cl/recurso/cl/documento/704142,1.12. Discusión en Sala,2024-01-23,per70,http://datos.bcn.cl/recurso/persona/5233,5233,henry leal bizama,HENRY LEAL BIZAMA,http://datos.bcn.cl/recurso/cl/documento/704142#per70,True,True,False
1,http://datos.bcn.cl/recurso/cl/documento/704142,1.12. Discusión en Sala,2024-01-23,per39,http://datos.bcn.cl/recurso/persona/5234,5234,miguel becker alvear,MIGUEL BECKER ALVEAR,http://datos.bcn.cl/recurso/cl/documento/704142#per39,True,True,False
1,http://datos.bcn.cl/recurso/cl/documento/704142,1.12. Discusión en Sala,2024-01-23,per111,http://datos.bcn.cl/recurso/persona/5231,5231,andres jouannet valderrama,ANDRES JOUANNET VALDERRAMA,http://datos.bcn.cl/recurso/cl/documento/704142#per111,True,True,False
1,http://datos.bcn.cl/recurso/cl/documento/704142,1.12. Discusión en Sala,2024-01-23,per104,http://datos.bcn.cl/recurso/persona/5232,5232,ruben dario oyarzo figueroa,RUBEN DARIO OYARZO FIGUEROA,http://datos.bcn.cl/recurso/cl/documento/704142#per104,True,True,False
1,http://datos.bcn.cl/recurso/cl/documento/704142,1.12. Discusión en Sala,2024-01-23,per115,http://datos.bcn.cl/recurso/persona/5237,5237,juan beltran silva,JUAN BELTRAN SILVA,http://datos.bcn.cl/recurso/cl/documento/704142#per115,True,True,False
1,http://datos.bcn.cl/recurso/cl/documento/704142,1.12. Discusión en Sala,2024-01-23,per114,http://datos.bcn.cl/recurso/persona/4804,4804,fernando tirado soto,FERNANDO TIRADO SOTO,http://datos.bcn.cl/recurso/cl/documento/704142#per114,True,False,False
1,http://datos.bcn.cl/recurso/cl/documento/704142,1.12. Discusión en Sala,2024-01-23,per56,http://datos.bcn.cl/recurso/persona/4755,4755,amaya alvez marin,AMAYA ALVEZ MARIN,http://datos.bcn.cl/recurso/cl/documento/704142#per56,True,False,False
1,http://datos.bcn.cl/recurso/cl/documento/704142,1.12. Discusión en Sala,2024-01-23,per74,http://datos.bcn.cl/recurso/persona/5066,5066,luis heriberto macias demarchi,LUIS HERIBERTO MACIAS DEMARCHI,http://datos.bcn.cl/recurso/cl/documento/704142#per74,True,True,False
1,http://datos.bcn.cl/recurso/cl/documento/704142,1.12. Discusión en Sala,2024-01-23,per66,http://datos.bcn.cl/recurso/persona/4624,4624,juan ruben santana castillo,JUAN RUBEN SANTANA CASTILLO,http://datos.bcn.cl/recurso/cl/documento/704142#per66,True,True,False
1,http://datos.bcn.cl/recurso/cl/documento/704142,1.12. Discusión en Sala,2024-01-23,per6,http://datos.bcn.cl/recurso/persona/4622,4622,gael fernanda yeomans araya,GAEL FERNANDA YEOMANS ARAYA,http://datos.bcn.cl/recurso/cl/documento/704142#per6,True,True,False
1,http://datos.bcn.cl/recurso/cl/documento/704142,1.12. Discusión en Sala,2024-01-23,per10,http://datos.bcn.cl/recurso/persona/5103,5103,jeannette isabel andrade ruiz,JEANNETTE ISABEL ANDRADE RUIZ,http://datos.bcn.cl/recurso/cl/documento/704142#per10,True,True,False
1,http://datos.bcn.cl/recurso/cl/documento/704142,1.12. Discusión en Sala,2024-01-23,per80,http://datos.bcn.cl/recurso/persona/4222,4222,michelle bachelet jeria,MICHELLE BACHELET JERIA,http://datos.bcn.cl/recurso/cl/documento/704142#per80,True,True,False
1,http://datos.bcn.cl/recurso/cl/documento/704142,1.12. Discusión en Sala,2024-01-23,per105,http://datos.bcn.cl/recurso/persona/5242,5242,karen medina vasquez,KAREN MEDINA VASQUEZ,http://datos.bcn.cl/recurso/cl/documento/704142#per105,True,True,False
1,http://datos.bcn.cl/recurso/cl/documento/704142,1.12. Discusión en Sala,2024-01-23,per101,http://datos.bcn.cl/recurso/persona/246,246,monica beatriz zalaquett said,MONICA BEATRIZ ZALAQUETT SAID,http://datos.bcn.cl/recurso/cl/documento/704142#per101,True,True,False
1,http://datos.bcn.cl/recurso/cl/documento/704142,1.12. Discusión en Sala,2024-01-23,per68,http://datos.bcn.cl/recurso/persona/5245,5245,alberto undurraga vicuna,ALBERTO UNDURRAGA VICUNA,http://datos.bcn.cl/recurso/cl/documento/704142#per68,True,True,False
1,http://datos.bcn.cl/recurso/cl/documento/704142,1.12. Discusión en Sala,2024-01-23,per145,http://datos.bcn.cl/recurso/persona/4880,4880,victor manuel barrera barrera,VICTOR MANUEL BARRERA BARRERA,http://datos.bcn.cl/recurso/cl/documento/704142#per145,True,False,False
1,http://datos.bcn.cl/recurso/cl/documento/704142,1.12. Discusión en Sala,2024-01-23,per86,http://datos.bcn.cl/recurso/persona/5246,5246,marcela riquelme aliaga,MARCELA RIQUELME ALIAGA,http://datos.bcn.cl/recurso/cl/documento/704142#per86,True,True,False
1,http://datos.bcn.cl/recurso/cl/documento/704142,1.12. Discusión en Sala,2024-01-23,per139,http://datos.bcn.cl/recurso/persona/4816,4816,luciano rivas stepke,LUCIANO RIVAS STEPKE,http://datos.bcn.cl/recurso/cl/documento/704142#per139,True,False,False
1,http://datos.bcn.cl/recurso/cl/documento/704142,1.12. Discusión en Sala,2024-01-23,per43,http://datos.bcn.cl/recurso/persona/4748,4748,martin arrau garcia huidobro,MARTIN ARRAU GARCIA HUIDOBRO,http://datos.bcn.cl/recurso/cl/documento/704142#per43,True,False,False
1,http://datos.bcn.cl/recurso/cl/documento/704142,1.12. Discusión en Sala,2024-01-23,per135,http://datos.bcn.cl/recurso/persona/4941,4941,camilo francisco benavente jimenez,CAMILO FRANCISCO BENAVENTE JIMENEZ,http://datos.bcn.cl/recurso/cl/documento/704142#per135,True,False,False
1,http://datos.bcn.cl/recurso/cl/documento/704142,1.12. Discusión en Sala,2024-01-23,per146,http://datos.bcn.cl/recurso/persona/2050,2050,miguel luis amunategui johnson,MIGUEL LUIS AMUNATEGUI JOHNSON,http://datos.bcn.cl/recurso/cl/documento/704142#per146,True,False,False
1,http://datos.bcn.cl/recurso/cl/documento/704142,1.12. Discusión en Sala,2024-01-23,per81,http://datos.bcn.cl/recurso/persona/4536,4536,gabriel boric font,GABRIEL BORIC FONT,http://datos.bcn.cl/recurso/cl/documento/704142#per81,True,True,False
1,http://datos.bcn.cl/recurso/cl/documento/704142,1.12. Discusión en Sala,2024-01-23,per18,http://datos.bcn.cl/recurso/persona/4944,4944,fernando ariel oyarzun macias,FERNANDO ARIEL OYARZUN MACIAS,http://datos.bcn.cl/recurso/cl/documento/704142#per18,True,True,False
1,http://datos.bcn.cl/recurso/cl/documento/704142,1.12. Discusión en Sala,2024-01-23,per90,http://datos.bcn.cl/recurso/persona/4538,4538,camila vallejo dowling,CAMILA VALLEJO DOWLING,http://datos.bcn.cl/recurso/cl/documento/704142#per90,True,True,False
1,http://datos.bcn.cl/recurso/cl/documento/704142,1.12. Discusión en Sala,2024-01-23,per61,http://datos.bcn.cl/recurso/persona/5056,5056,victor gonzalo baraona bezanilla,VICTOR GONZALO BARAONA BEZANILLA,http://datos.bcn.cl/recurso/cl/documento/704142#per61,True,False,False
1,http://datos.bcn.cl/recurso/cl/documento/704142,1.12. Discusión en Sala,2024-01-23,per93,http://datos.bcn.cl/recurso/persona/4632,4632,tomas rene hirsch goldschmidt,TOMAS RENE HIRSCH GOLDSCHMIDT,http://datos.bcn.cl/recurso/cl/documento/704142#per93,True,True,False
1,http://datos.bcn.cl/recurso/cl/documento/704142,1.12. Discusión en Sala,2024-01-23,per130,http://datos.bcn.cl/recurso/persona/5153,5153,camila merino catalan,CAMILA MERINO CATALAN,http://datos.bcn.cl/recurso/cl/documento/704142#per130,True,False,False
1,http://datos.bcn.cl/recurso/cl/documento/704142,1.12. Discusión en Sala,2024-01-23,per15,http://datos.bcn.cl/recurso/persona/4541,4541,kenneth giorgio jackson drago,KENNETH GIORGIO JACKSON DRAGO,http://datos.bcn.cl/recurso/cl/documento/704142#per15,True,True,False
1,http://datos.bcn.cl/recurso/cl/documento/704142,1.12. Discusión en Sala,2024-01-23,per47,http://datos.bcn.cl/recurso/persona/4540,4540,renzo aldo trisotti martinez,RENZO ALDO TRISOTTI MARTINEZ,http://datos.bcn.cl/recurso/cl/documento/704142#per47,True,True,False
1,http://datos.bcn.cl/recurso/cl/documento/704142,1.12. Discusión en Sala,2024-01-23,per84,http://datos.bcn.cl/recurso/persona/4216,4216,mario marcel cullel,MARIO MARCEL CULLEL,http://datos.bcn.cl/recurso/cl/documento/704142#per84,True,True,False
1,http://datos.bcn.cl/recurso/cl/documento/704142,1.12. Discusión en Sala,2024-01-23,per98,http://datos.bcn.cl/recurso/persona/4608,4608,leonidas andres romero saez,LEONIDAS ANDRES ROMERO SAEZ,http://datos.bcn.cl/recurso/cl/documento/704142#per98,True,True,False
1,http://datos.bcn.cl/recurso/cl/documento/704142,1.12. Discusión en Sala,2024-01-23,per77,http://datos.bcn.cl/recurso/persona/1021,1021,victor echaurren valero,VICTOR ECHAURREN VALERO,http://datos.bcn.cl/recurso/cl/documento/704142#per77,True,True,False
1,http://datos.bcn.cl/recurso/cl/documento/704142,1.12. Discusión en Sala,2024-01-23,per123,http://datos.bcn.cl/recurso/persona/4548,4548,claudia nathalie mix jimenez,CLAUDIA NATHALIE MIX JIMENEZ,http://datos.bcn.cl/recurso/cl/documento/704142#per123,True,True,False
1,http://datos.bcn.cl/recurso/cl/documento/704142,1.12. Discusión en Sala,2024-01-23,per17,http://datos.bcn.cl/recurso/persona/4606,4606,juan ignacio latorre riveros,JUAN IGNACIO LATORRE RIVEROS,http://datos.bcn.cl/recurso/cl/documento/704142#per17,True,True,False
1,http://datos.bcn.cl/recurso/cl/documento/704142,1.12. Discusión en Sala,2024-01-23,per133,http://datos.bcn.cl/recurso/persona/3013,3013,juan alberto garcia romero,JUAN ALBERTO GARCIA ROMERO,http://datos.bcn.cl/recurso/cl/documento/704142#per133,True,False,False
1,http://datos.bcn.cl/recurso/cl/documento/704142,1.12. Discusión en Sala,2024-01-23,per60,http://datos.bcn.cl/recurso/persona/4542,4542,paulina andrea nunez urrutia,PAULINA ANDREA NUNEZ URRUTIA,http://datos.bcn.cl/recurso/cl/documento/704142#per60,True,True,False
1,http://datos.bcn.cl/recurso/cl/documento/704142,1.12. Discusión en Sala,2024-01-23,per75,http://datos.bcn.cl/recurso/persona/5293,5293,flavio quezada rodriguez,FLAVIO QUEZADA RODRIGUEZ,http://datos.bcn.cl/recurso/cl/documento/704142#per75,True,False,False
1,http://datos.bcn.cl/recurso/cl/documento/704142,1.12. Discusión en Sala,2024-01-23,per52,http://datos.bcn.cl/recurso/persona/1935,1935,maximiliano poblete cortes,MAXIMILIANO POBLETE CORTES,http://datos.bcn.cl/recurso/cl/documento/704142#per52,True,False,False
1,http://datos.bcn.cl/recurso/cl/documento/704142,1.12. Discusión en Sala,2024-01-23,per88,http://datos.bcn.cl/recurso/persona/5201,5201,daniel manouchehri lobos,DANIEL MANOUCHEHRI LOBOS,http://datos.bcn.cl/recurso/cl/documento/704142#per88,True,True,False
1,http://datos.bcn.cl/recurso/cl/documento/704142,1.12. Discusión en Sala,2024-01-23,per0,http://datos.bcn.cl/recurso/persona/5200,5200,ricardo cifuentes lillo,RICARDO CIFUENTES LILLO,http://datos.bcn.cl/recurso/cl/documento/704142#per0,False,False,False
1,http://datos.bcn.cl/recurso/cl/documento/704142,1.12. Discusión en Sala,2024-01-23,per24,http://datos.bcn.cl/recurso/persona/5351,5351,pilar alejandra gema cuevas mardones,PILAR ALEJANDRA GEMA CUEVAS MARDONES,http://datos.bcn.cl/recurso/cl/documento/704142#per24,True,False,False
1,http://datos.bcn.cl/recurso/cl/documento/704142,1.12. Discusión en Sala,2024-01-23,per36,http://datos.bcn.cl/recurso/persona/1686,1686,silvia costa espinoza,SILVIA COSTA ESPINOZA,http://datos.bcn.cl/recurso/cl/documento/704142#per36,True,True,False
1,http://datos.bcn.cl/recurso/cl/documento/704142,1.12. Discusión en Sala,2024-01-23,per82,http://datos.bcn.cl/recurso/persona/2021,2021,andres chadwick pinera,ANDRES CHADWICK PINERA,http://datos.bcn.cl/recurso/cl/documento/704142#per82,True,True,False
1,http://datos.bcn.cl/recurso/cl/documento/704142,1.12. Discusión en Sala,2024-01-23,per54,http://datos.bcn.cl/recurso/persona/4552,4552,alejandro javier bernales maldonado,ALEJANDRO JAVIER BERNALES MALDONADO,http://datos.bcn.cl/recurso/cl/documento/704142#per54,True,True,False
1,http://datos.bcn.cl/recurso/cl/documento/704142,1.12. Discusión en Sala,2024-01-23,per65,http://datos.bcn.cl/recurso/persona/4551,4551,diego eduardo ibanez cotroneo,DIEGO EDUARDO IBANEZ COTRONEO,http://datos.bcn.cl/recurso/cl/documento/704142#per65,True,True,False
1,http://datos.bcn.cl/recurso/cl/documento/704142,1.12. Discusión en Sala,2024-01-23,per41,http://datos.bcn.cl/recurso/persona/4550,4550,marta carolina marzan pinto,MARTA CAROLINA MARZAN PINTO,http://datos.bcn.cl/recurso/cl/documento/704142#per41,True,True,False
1,http://datos.bcn.cl/recurso/cl/documento/704142,1.12. Discusión en Sala,2024-01-23,per58,http://datos.bcn.cl/recurso/persona/4697,4697,barbara sepulveda hales,BARBARA SEPULVEDA HALES,http://datos.bcn.cl/recurso/cl/documento/704142#per58,True,False,False
1,http://datos.bcn.cl/recurso/cl/documento/704142,1.12. Discusión en Sala,2024-01-23,per44,http://datos.bcn.cl/recurso/persona/5165,5165,dina gonzalez alfaro,DINA GONZALEZ ALFARO,http://datos.bcn.cl/recurso/cl/documento/704142#per44,True,False,False
1,http://datos.bcn.cl/recurso/cl/documento/704142,1.12. Discusión en Sala,2024-01-23,per59,http://datos.bcn.cl/recurso/persona/4721,4721,claudia castro gutierrez,CLAUDIA CASTRO GUTIERREZ,http://datos.bcn.cl/recurso/cl/documento/704142#per59,True,False,False
1,http://datos.bcn.cl/recurso/cl/documento/704142,1.12. Discusión en Sala,2024-01-23,per16,http://datos.bcn.cl/recurso/persona/4559,4559,andres longton herrera,ANDRES LONGTON HERRERA,http://datos.bcn.cl/recurso/cl/documento/704142#per16,True,True,False
1,http://datos.bcn.cl/recurso/cl/documento/704142,1.12. Discusión en Sala,2024-01-23,per40,http://datos.bcn.cl/recurso/persona/4618,4618,maria ximena ossandon irarrazabal,MARIA XIMENA OSSANDON IRARRAZABAL,http://datos.bcn.cl/recurso/cl/documento/704142#per40,True,True,False
1,http://datos.bcn.cl/recurso/cl/documento/704142,1.12. Discusión en Sala,2024-01-23,per136,http://datos.bcn.cl/recurso/persona/819,819,felix ernesto iglesias cortes,FELIX ERNESTO IGLESIAS CORTES,http://datos.bcn.cl/recurso/cl/documento/704142#per136,True,False,False
1,http://datos.bcn.cl/recurso/cl/documento/704142,1.12. Discusión en Sala,2024-01-23,per42,http://datos.bcn.cl/recurso/persona/4822,4822,macarena carolina ripamonti serrano,MACARENA CAROLINA RIPAMONTI SERRANO,http://datos.bcn.cl/recurso/cl/documento/704142#per42,True,False,False
1,http://datos.bcn.cl/recurso/cl/documento/704142,1.12. Discusión en Sala,2024-01-23,per99,http://datos.bcn.cl/recurso/persona/4554,4554,felix marcelo gonzalez gatica,FELIX MARCELO GONZALEZ GATICA,http://datos.bcn.cl/recurso/cl/documento/704142#per99,True,True,False
1,http://datos.bcn.cl/recurso/cl/documento/704142,1.12. Discusión en Sala,2024-01-23,per138,http://datos.bcn.cl/recurso/persona/3707,3707,sergio salinas moreira,SERGIO SALINAS MOREIRA,http://datos.bcn.cl/recurso/cl/documento/704142#per138,True,False,False
1,http://datos.bcn.cl/recurso/cl/documento/704142,1.12. Discusión en Sala,2024-01-23,per108,http://datos.bcn.cl/recurso/persona/4611,4611,cristhian patricio moreira barros,CRISTHIAN PATRICIO MOREIRA BARROS,http://datos.bcn.cl/recurso/cl/documento/704142#per108,True,True,False
1,http://datos.bcn.cl/recurso/cl/documento/704142,1.12. Discusión en Sala,2024-01-23,per103,http://datos.bcn.cl/recurso/persona/4610,4610,miguel angel calisto aguila,MIGUEL ANGEL CALISTO AGUILA,http://datos.bcn.cl/recurso/cl/documento/704142#per103,True,True,False
1,http://datos.bcn.cl/recurso/cl/documento/704142,1.12. Discusión en Sala,2024-01-23,per51,http://datos.bcn.cl/recurso/persona/3772,3772,fernando otto schott scheuch,FERNANDO OTTO SCHOTT SCHEUCH,http://datos.bcn.cl/recurso/cl/documento/704142#per51,True,False,False
1,http://datos.bcn.cl/recurso/cl/documento/704142,1.12. Discusión en Sala,2024-01-23,per73,http://datos.bcn.cl/recurso/persona/3989,3989,claudio orrego larrain,CLAUDIO ORREGO LARRAIN,http://datos.bcn.cl/recurso/cl/documento/704142#per73,True,False,False
1,http://datos.bcn.cl/recurso/cl/documento/704142,1.12. Discusión en Sala,2024-01-23,per124,http://datos.bcn.cl/recurso/persona/1091,1091,jose oyarce jara,JOSE OYARCE JARA,http://datos.bcn.cl/recurso/cl/documento/704142#per124,True,True,False
1,http://datos.bcn.cl/recurso/cl/documento/704142,1.12. Discusión en Sala,2024-01-23,per143,http://datos.bcn.cl/recurso/persona/3134,3134,manuel enrique ferreira guzman,MANUEL ENRIQUE FERREIRA GUZMAN,http://datos.bcn.cl/recurso/cl/documento/704142#per143,True,False,False
1,http://datos.bcn.cl/recurso/cl/documento/704142,1.12. Discusión en Sala,2024-01-23,per137,http://datos.bcn.cl/recurso/persona/4714,4714,beatriz sanchez munoz,BEATRIZ SANCHEZ MUNOZ,http://datos.bcn.cl/recurso/cl/documento/704142#per137,True,False,False
1,http://datos.bcn.cl/recurso/cl/documento/704142,1.12. Discusión en Sala,2024-01-23,per121,http://datos.bcn.cl/recurso/persona/4560,4560,boris anthony barrera moreno,BORIS ANTHONY BARRERA MORENO,http://datos.bcn.cl/recurso/cl/documento/704142#per121,True,True,False
1,http://datos.bcn.cl/recurso/cl/documento/704142,1.12. Discusión en Sala,2024-01-23,per118,http://datos.bcn.cl/recurso/persona/1274,1274,carlos bianchi chelech,CARLOS BIANCHI CHELECH,http://datos.bcn.cl/recurso/cl/documento/704142#per118,True,True,False
1,http://datos.bcn.cl/recurso/cl/documento/704142,1.12. Discusión en Sala,2024-01-23,per92,http://datos.bcn.cl/recurso/persona/4563,4563,juan francisco undurraga gazitua,JUAN FRANCISCO UNDURRAGA GAZITUA,http://datos.bcn.cl/recurso/cl/documento/704142#per92,True,True,False
1,http://datos.bcn.cl/recurso/cl/documento/704142,1.12. Discusión en Sala,2024-01-23,per83,http://datos.bcn.cl/recurso/persona/4565,4565,joanna elena perez olea,JOANNA ELENA PEREZ OLEA,http://datos.bcn.cl/recurso/cl/documento/704142#per83,True,True,False
1,http://datos.bcn.cl/recurso/cl/documento/704142,1.12. Discusión en Sala,2024-01-23,per5,http://datos.bcn.cl/recurso/persona/5273,5273,andres giordano salazar,ANDRES GIORDANO SALAZAR,http://datos.bcn.cl/recurso/cl/documento/704142#per5,True,True,False
1,http://datos.bcn.cl/recurso/cl/documento/704142,1.12. Discusión en Sala,2024-01-23,per72,http://datos.bcn.cl/recurso/persona/5272,5272,jose carlos meza pereira,JOSE CARLOS MEZA PEREIRA,http://datos.bcn.cl/recurso/cl/documento/704142#per72,True,True,False
1,http://datos.bcn.cl/recurso/cl/documento/704142,1.12. Discusión en Sala,2024-01-23,per85,http://datos.bcn.cl/recurso/persona/5271,5271,johannes kaiser barents-von hohenhagen,JOHANNES KAISER BARENTS VON HOHENHAGEN,http://datos.bcn.cl/recurso/cl/documento/704142#per85,True,True,False
1,http://datos.bcn.cl/recurso/cl/documento/704142,1.12. Discusión en Sala,2024-01-23,per97,http://datos.bcn.cl/recurso/persona/5275,5275,helia molina milman,HELIA MOLINA MILMAN,http://datos.bcn.cl/recurso/cl/documento/704142#per97,True,True,False
1,http://datos.bcn.cl/recurso/cl/documento/704142,1.12. Discusión en Sala,2024-01-23,per109,http://datos.bcn.cl/recurso/persona/1894,1894,gaspar alberto rivas sanchez,GASPAR ALBERTO RIVAS SANCHEZ,http://datos.bcn.cl/recurso/cl/documento/704142#per109,True,True,False
1,http://datos.bcn.cl/recurso/cl/documento/704142,1.12. Discusión en Sala,2024-01-23,per26,http://datos.bcn.cl/recurso/persona/5223,5223,ana bravo castro,ANA BRAVO CASTRO,http://datos.bcn.cl/recurso/cl/documento/704142#per26,True,True,False
1,http://datos.bcn.cl/recurso/cl/documento/704142,1.12. Discusión en Sala,2024-01-23,per71,http://datos.bcn.cl/recurso/persona/3669,3669,frank carlos sauerbaum munoz,FRANK CARLOS SAUERBAUM MUNOZ,http://datos.bcn.cl/recurso/cl/documento/704142#per71,True,True,False
1,http://datos.bcn.cl/recurso/cl/documento/704142,1.12. Discusión en Sala,2024-01-23,per113,http://datos.bcn.cl/recurso/persona/5222,5222,tomas de rementeria venegas,TOMAS DE REMENTERIA VENEGAS,http://datos.bcn.cl/recurso/cl/documento/704142#per113,True,True,False
1,http://datos.bcn.cl/recurso/cl/documento/704142,1.12. Discusión en Sala,2024-01-23,per33,http://datos.bcn.cl/recurso/persona/1813,1813,carlos german juan eugenio valdes riesco,CARLOS GERMAN JUAN EUGENIO VALDES RIESCO,http://datos.bcn.cl/recurso/cl/documento/704142#per33,True,False,False
1,http://datos.bcn.cl/recurso/cl/documento/704142,1.12. Discusión en Sala,2024-01-23,per127,http://datos.bcn.cl/recurso/persona/5029,5029,nibaldo favio meza garfia,NIBALDO FAVIO MEZA GARFIA,http://datos.bcn.cl/recurso/cl/documento/704142#per127,True,True,False
1,http://datos.bcn.cl/recurso/cl/documento/704142,1.12. Discusión en Sala,2024-01-23,per100,http://datos.bcn.cl/recurso/persona/5228,5228,luis fernando sanchez ossa,LUIS FERNANDO SANCHEZ OSSA,http://datos.bcn.cl/recurso/cl/documento/704142#per100,True,True,False
1,http://datos.bcn.cl/recurso/cl/documento/704142,1.12. Discusión en Sala,2024-01-23,per23,http://datos.bcn.cl/recurso/persona/4719,4719,ingrid villena narbona,INGRID VILLENA NARBONA,http://datos.bcn.cl/recurso/cl/documento/704142#per23,True,False,False
1,http://datos.bcn.cl/recurso/cl/documento/704142,1.12. Discusión en Sala,2024-01-23,per106,http://datos.bcn.cl/recurso/persona/5188,5188,yovana ahumada palma,YOVANA AHUMADA PALMA,http://datos.bcn.cl/recurso/cl/documento/704142#per106,True,True,False
1,http://datos.bcn.cl/recurso/cl/documento/704142,1.12. Discusión en Sala,2024-01-23,per31,http://datos.bcn.cl/recurso/persona/4570,4570,guillermo andres ramirez diez,GUILLERMO ANDRES RAMIREZ DIEZ,http://datos.bcn.cl/recurso/cl/documento/704142#per31,True,True,False
1,http://datos.bcn.cl/recurso/cl/documento/704142,1.12. Discusión en Sala,2024-01-23,per76,http://datos.bcn.cl/recurso/persona/2468,2468,alejandro bell,ALEJANDRO BELL,http://datos.bcn.cl/recurso/cl/documento/704142#per76,True,True,False
1,http://datos.bcn.cl/recurso/cl/documento/704142,1.12. Discusión en Sala,2024-01-23,per131,http://datos.bcn.cl/recurso/persona/934,934,ramon augusto silva ulloa,RAMON AUGUSTO SILVA ULLOA,http://datos.bcn.cl/recurso/cl/documento/704142#per131,True,False,False
1,http://datos.bcn.cl/recurso/cl/documento/704142,1.12. Discusión en Sala,2024-01-23,per14,http://datos.bcn.cl/recurso/persona/5189,5189,christian matheson villan,CHRISTIAN MATHESON VILLAN,http://datos.bcn.cl/recurso/cl/documento/704142#per14,False,True,False
1,http://datos.bcn.cl/recurso/cl/documento/704142,1.12. Discusión en Sala,2024-01-23,per62,http://datos.bcn.cl/recurso/persona/4701,4701,fernando atria lemaitre,FERNANDO ATRIA LEMAITRE,http://datos.bcn.cl/recurso/cl/documento/704142#per62,True,False,False
1,http://datos.bcn.cl/recurso/cl/documento/704142,1.12. Discusión en Sala,2024-01-23,per134,http://datos.bcn.cl/recurso/persona/937,937,luis eduardo undurraga correa,LUIS EDUARDO UNDURRAGA CORREA,http://datos.bcn.cl/recurso/cl/documento/704142#per134,True,False,False
1,http://datos.bcn.cl/recurso/cl/documento/704142,1.12. Discusión en Sala,2024-01-23,per28,http://datos.bcn.cl/recurso/persona/4572,4572,jorge elias brito hasbun,JORGE ELIAS BRITO HASBUN,http://datos.bcn.cl/recurso/cl/documento/704142#per28,True,True,False
1,http://datos.bcn.cl/recurso/cl/documento/704142,1.12. Discusión en Sala,2024-01-23,per19,http://datos.bcn.cl/recurso/persona/187,187,rojo edwards silva,ROJO EDWARDS SILVA,http://datos.bcn.cl/recurso/cl/documento/704142#per19,True,True,False
1,http://datos.bcn.cl/recurso/cl/documento/704142,1.12. Discusión en Sala,2024-01-23,per3,http://datos.bcn.cl/recurso/persona/4571,4571,miguel mellado suazo,MIGUEL MELLADO SUAZO,http://datos.bcn.cl/recurso/cl/documento/704142#per3,False,False,False
1,http://datos.bcn.cl/recurso/cl/documento/704142,1.12. Discusión en Sala,2024-01-23,per142,http://datos.bcn.cl/recurso/persona/2321,2321,rene tapia salgado,RENE TAPIA SALGADO,http://datos.bcn.cl/recurso/cl/documento/704142#per142,True,False,False
1,http://datos.bcn.cl/recurso/cl/documento/704142,1.12. Discusión en Sala,2024-01-23,per125,http://datos.bcn.cl/recurso/persona/3720,3720,luis vicuna cifuentes,LUIS VICUNA CIFUENTES,http://datos.bcn.cl/recurso/cl/documento/704142#per125,True,True,False
1,http://datos.bcn.cl/recurso/cl/documento/704142,1.12. Discusión en Sala,2024-01-23,per53,http://datos.bcn.cl/recurso/persona/5285,5285,alejandra krauss valle,ALEJANDRA KRAUSS VALLE,http://datos.bcn.cl/recurso/cl/documento/704142#per53,True,False,False
1,http://datos.bcn.cl/recurso/cl/documento/704142,1.12. Discusión en Sala,2024-01-23,per63,http://datos.bcn.cl/recurso/persona/4576,4576,maite orsini pascal,MAITE ORSINI PASCAL,http://datos.bcn.cl/recurso/cl/documento/704142#per63,True,True,False
1,http://datos.bcn.cl/recurso/cl/documento/704142,1.12. Discusión en Sala,2024-01-23,per22,http://datos.bcn.cl/recurso/persona/5284,5284,bettina horst von thadden,BETTINA HORST VON THADDEN,http://datos.bcn.cl/recurso/cl/documento/704142#per22,True,False,False
1,http://datos.bcn.cl/recurso/cl/documento/704142,1.12. Discusión en Sala,2024-01-23,per48,http://datos.bcn.cl/recurso/persona/74,74,jenaro lisboa huerta,JENARO LISBOA HUERTA,http://datos.bcn.cl/recurso/cl/documento/704142#per48,True,False,False
1,http://datos.bcn.cl/recurso/cl/documento/704142,1.12. Discusión en Sala,2024-01-23,per87,http://datos.bcn.cl/recurso/persona/3722,3722,gabriel letelier elgart,GABRIEL LETELIER ELGART,http://datos.bcn.cl/recurso/cl/documento/704142#per87,False,False,False
1,http://datos.bcn.cl/recurso/cl/documento/704142,1.12. Discusión en Sala,2024-01-23,per79,http://datos.bcn.cl/recurso/persona/1482,1482,gaston von muhlenbrock zamora,GASTON VON MUHLENBROCK ZAMORA,http://datos.bcn.cl/recurso/cl/documento/704142#per79,True,True,False
1,http://datos.bcn.cl/recurso/cl/documento/704142,1.12. Discusión en Sala,2024-01-23,per91,http://datos.bcn.cl/recurso/persona/4579,4579,sofia slovena cid versalovic,SOFIA SLOVENA CID VERSALOVIC,http://datos.bcn.cl/recurso/cl/documento/704142#per91,True,True,False
1,http://datos.bcn.cl/recurso/cl/documento/704142,1.12. Discusión en Sala,2024-01-23,per25,http://datos.bcn.cl/recurso/persona/5317,5317,aldo salvador valle acevedo,ALDO SALVADOR VALLE ACEVEDO,http://datos.bcn.cl/recurso/cl/documento/704142#per25,True,False,False
1,http://datos.bcn.cl/recurso/cl/documento/704142,1.12. Discusión en Sala,2024-01-23,per141,http://datos.bcn.cl/recurso/persona/1925,1925,alfonso de urresti longton,ALFONSO DE URRESTI LONGTON,http://datos.bcn.cl/recurso/cl/documento/704142#per141,True,True,False
1,http://datos.bcn.cl/recurso/cl/documento/704142,1.12. Discusión en Sala,2024-01-23,per8,http://datos.bcn.cl/recurso/persona/2861,2861,sergio bobadilla munoz,SERGIO BOBADILLA MUNOZ,http://datos.bcn.cl/recurso/cl/documento/704142#per8,True,True,False
1,http://datos.bcn.cl/recurso/cl/documento/704142,1.12. Discusión en Sala,2024-01-23,per7,http://datos.bcn.cl/recurso/persona/4471,4471,miguel landeros perki?,MIGUEL LANDEROS PERKI,http://datos.bcn.cl/recurso/cl/documento/704142#per7,True,True,False
1,http://datos.bcn.cl/recurso/cl/documento/704142,1.12. Discusión en Sala,2024-01-23,per67,http://datos.bcn.cl/recurso/persona/5212,5212,hector ulloa aguilera,HECTOR ULLOA AGUILERA,http://datos.bcn.cl/recurso/cl/documento/704142#per67,True,True,False
1,http://datos.bcn.cl/recurso/cl/documento/704142,1.12. Discusión en Sala,2024-01-23,per20,http://datos.bcn.cl/recurso/persona/5190,5190,javiera morales alvarado,JAVIERA MORALES ALVARADO,http://datos.bcn.cl/recurso/cl/documento/704142#per20,True,True,False
1,http://datos.bcn.cl/recurso/cl/documento/704142,1.12. Discusión en Sala,2024-01-23,per50,http://datos.bcn.cl/recurso/persona/4704,4704,patricia politzer kerekes,PATRICIA POLITZER KEREKES,http://datos.bcn.cl/recurso/cl/documento/704142#per50,True,False,False
1,http://datos.bcn.cl/recurso/cl/documento/704142,1.12. Discusión en Sala,2024-01-23,per55,http://datos.bcn.cl/recurso/persona/5191,5191,sebastian videla castillo,SEBASTIAN VIDELA CASTILLO,http://datos.bcn.cl/recurso/cl/documento/704142#per55,True,True,False
1,http://datos.bcn.cl/recurso/cl/documento/704142,1.12. Discusión en Sala,2024-01-23,per30,http://datos.bcn.cl/recurso/persona/1827,1827,manuel zacarias monsalve benavides,MANUEL ZACARIAS MONSALVE BENAVIDES,http://datos.bcn.cl/recurso/cl/documento/704142#per30,True,False,False
1,http://datos.bcn.cl/recurso/cl/documento/704142,1.12. Discusión en Sala,2024-01-23,per49,http://datos.bcn.cl/recurso/persona/5218,5218,chiara barchiesi chavez,CHIARA BARCHIESI CHAVEZ,http://datos.bcn.cl/recurso/cl/documento/704142#per49,True,True,False
1,http://datos.bcn.cl/recurso/cl/documento/704142,1.12. Discusión en Sala,2024-01-23,per112,http://datos.bcn.cl/recurso/persona/5217,5217,nelson venegas salazar,NELSON VENEGAS SALAZAR,http://datos.bcn.cl/recurso/cl/documento/704142#per112,True,True,False
1,http://datos.bcn.cl/recurso/cl/documento/704142,1.12. Discusión en Sala,2024-01-23,per46,http://datos.bcn.cl/recurso/persona/4986,4986,aldo emilio retamal arriagada,ALDO EMILIO RETAMAL ARRIAGADA,http://datos.bcn.cl/recurso/cl/documento/704142#per46,True,False,False
1,http://datos.bcn.cl/recurso/cl/documento/704142,1.12. Discusión en Sala,2024-01-23,perZV5NEYDA,http://datos.bcn.cl/recurso/temporal/2637,,jose carlos meza,JOSE CARLOS MEZA,http://datos.bcn.cl/recurso/cl/documento/704142#perZV5NEYDA,False,False,False
2,http://datos.bcn.cl/recurso/cl/documento/704058,1.13. Discusión en Sala,2024-01-24,per218,http://datos.bcn.cl/recurso/persona/5116,5116,claudia alejandra diaz bravo,CLAUDIA ALEJANDRA DIAZ BRAVO,http://datos.bcn.cl/recurso/cl/documento/704058#per218,False,False,False
2,http://datos.bcn.cl/recurso/cl/documento/704058,1.13. Discusión en Sala,2024-01-24,per14,,,,,http://datos.bcn.cl/recurso/cl/documento/704058#per14,False,False,False
2,http://datos.bcn.cl/recurso/cl/documento/704058,1.13. Discusión en Sala,2024-01-24,per25,http://datos.bcn.cl/recurso/persona/5255,5255,jorge guzman zepeda,JORGE GUZMAN ZEPEDA,http://datos.bcn.cl/recurso/cl/documento/704058#per25,True,True,False
2,http://datos.bcn.cl/recurso/cl/documento/704058,1.13. Discusión en Sala,2024-01-24,per95,http://datos.bcn.cl/recurso/persona/371,371,rafael de la presa casanueva,RAFAEL DE LA PRESA CASANUEVA,http://datos.bcn.cl/recurso/cl/documento/704058#per95,True,False,False
2,http://datos.bcn.cl/recurso/cl/documento/704058,1.13. Discusión en Sala,2024-01-24,per13,http://datos.bcn.cl/recurso/persona/5256,5256,marlene perez cartes,MARLENE PEREZ CARTES,http://datos.bcn.cl/recurso/cl/documento/704058#per13,True,True,False
2,http://datos.bcn.cl/recurso/cl/documento/704058,1.13. Discusión en Sala,2024-01-24,per67,http://datos.bcn.cl/recurso/persona/5253,5253,eric aedo jeldres,ERIC AEDO JELDRES,http://datos.bcn.cl/recurso/cl/documento/704058#per67,True,True,False
2,http://datos.bcn.cl/recurso/cl/documento/704058,1.13. Discusión en Sala,2024-01-24,per229,http://datos.bcn.cl/recurso/persona/1553,1553,mireya baltra moreno,MIREYA BALTRA MORENO,http://datos.bcn.cl/recurso/cl/documento/704058#per229,False,False,False
2,http://datos.bcn.cl/recurso/cl/documento/704058,1.13. Discusión en Sala,2024-01-24,per193,http://datos.bcn.cl/recurso/persona/5254,5254,felix bugueno sotelo,FELIX BUGUENO SOTELO,http://datos.bcn.cl/recurso/cl/documento/704058#per193,False,False,False
2,http://datos.bcn.cl/recurso/cl/documento/704058,1.13. Discusión en Sala,2024-01-24,per105,http://datos.bcn.cl/recurso/persona/5251,5251,eduardo cornejo lagos,EDUARDO CORNEJO LAGOS,http://datos.bcn.cl/recurso/cl/documento/704058#per105,True,False,False
2,http://datos.bcn.cl/recurso/cl/documento/704058,1.13. Discusión en Sala,2024-01-24,per88,http://datos.bcn.cl/recurso/persona/5252,5252,roberto arroyo munoz,ROBERTO ARROYO MUNOZ,http://datos.bcn.cl/recurso/cl/documento/704058#per88,True,False,False
2,http://datos.bcn.cl/recurso/cl/documento/704058,1.13. Discusión en Sala,2024-01-24,per46,http://datos.bcn.cl/recurso/persona/1835,1835,david marzan,DAVID MARZAN,http://datos.bcn.cl/recurso/cl/documento/704058#per46,True,True,False
2,http://datos.bcn.cl/recurso/cl/documento/704058,1.13. Discusión en Sala,2024-01-24,per215,http://datos.bcn.cl/recurso/persona/4876,4876,ali manouchehri moghadam kashan lobos,ALI MANOUCHEHRI MOGHADAM KASHAN LOBOS,http://datos.bcn.cl/recurso/cl/documento/704058#per215,False,True,False
2,http://datos.bcn.cl/recurso/cl/documento/704058,1.13. Discusión en Sala,2024-01-24,per111,http://datos.bcn.cl/recurso/persona/5250,5250,agustin matias romero leiva,AGUSTIN MATIAS ROMERO LEIVA,http://datos.bcn.cl/recurso/cl/documento/704058#per111,True,True,False
2,http://datos.bcn.cl/recurso/cl/documento/704058,1.13. Discusión en Sala,2024-01-24,per152,http://datos.bcn.cl/recurso/persona/1978,1978,jaime naranjo ortiz,JAIME NARANJO ORTIZ,http://datos.bcn.cl/recurso/cl/documento/704058#per152,False,True,False
2,http://datos.bcn.cl/recurso/cl/documento/704058,1.13. Discusión en Sala,2024-01-24,per39,http://datos.bcn.cl/recurso/persona/1451,1451,arturo gutierrez reveco,ARTURO GUTIERREZ REVECO,http://datos.bcn.cl/recurso/cl/documento/704058#per39,True,False,False
2,http://datos.bcn.cl/recurso/cl/documento/704058,1.13. Discusión en Sala,2024-01-24,per128,http://datos.bcn.cl/recurso/persona/5259,5259,benjamin moreno bascur,BENJAMIN MORENO BASCUR,http://datos.bcn.cl/recurso/cl/documento/704058#per128,False,False,False
2,http://datos.bcn.cl/recurso/cl/documento/704058,1.13. Discusión en Sala,2024-01-24,per201,http://datos.bcn.cl/recurso/persona/5257,5257,felipe donoso castro,FELIPE DONOSO CASTRO,http://datos.bcn.cl/recurso/cl/documento/704058#per201,False,False,False
2,http://datos.bcn.cl/recurso/cl/documento/704058,1.13. Discusión en Sala,2024-01-24,per19,http://datos.bcn.cl/recurso/persona/4774,4774,aurora delgado vergara,AURORA DELGADO VERGARA,http://datos.bcn.cl/recurso/cl/documento/704058#per19,True,False,False
2,http://datos.bcn.cl/recurso/cl/documento/704058,1.13. Discusión en Sala,2024-01-24,per211,http://datos.bcn.cl/recurso/persona/5258,5258,sara concha smith,SARA CONCHA SMITH,http://datos.bcn.cl/recurso/cl/documento/704058#per211,False,True,False
2,http://datos.bcn.cl/recurso/cl/documento/704058,1.13. Discusión en Sala,2024-01-24,per198,http://datos.bcn.cl/recurso/persona/4506,4506,jorge evaldo rathgeb schifferli,JORGE EVALDO RATHGEB SCHIFFERLI,http://datos.bcn.cl/recurso/cl/documento/704058#per198,False,False,False
2,http://datos.bcn.cl/recurso/cl/documento/704058,1.13. Discusión en Sala,2024-01-24,per247,http://datos.bcn.cl/recurso/persona/1778,1778,juan antonio coloma correa,JUAN ANTONIO COLOMA CORREA,http://datos.bcn.cl/recurso/cl/documento/704058#per247,False,True,False
2,http://datos.bcn.cl/recurso/cl/documento/704058,1.13. Discusión en Sala,2024-01-24,per83,http://datos.bcn.cl/recurso/persona/4641,4641,tomas fuentes,TOMAS FUENTES,http://datos.bcn.cl/recurso/cl/documento/704058#per83,True,False,False
2,http://datos.bcn.cl/recurso/cl/documento/704058,1.13. Discusión en Sala,2024-01-24,per66,http://datos.bcn.cl/recurso/persona/4647,4647,cristian labbe,CRISTIAN LABBE,http://datos.bcn.cl/recurso/cl/documento/704058#per66,True,True,False
2,http://datos.bcn.cl/recurso/cl/documento/704058,1.13. Discusión en Sala,2024-01-24,per18,http://datos.bcn.cl/recurso/persona/1636,1636,anselmo del rosario quezada quezada,ANSELMO DEL ROSARIO QUEZADA QUEZADA,http://datos.bcn.cl/recurso/cl/documento/704058#per18,True,False,False
2,http://datos.bcn.cl/recurso/cl/documento/704058,1.13. Discusión en Sala,2024-01-24,per182,http://datos.bcn.cl/recurso/persona/5264,5264,lorena fries monleon,LORENA FRIES MONLEON,http://datos.bcn.cl/recurso/cl/documento/704058#per182,False,False,False
2,http://datos.bcn.cl/recurso/cl/documento/704058,1.13. Discusión en Sala,2024-01-24,per75,http://datos.bcn.cl/recurso/persona/362,362,mario arnello romo,MARIO ARNELLO ROMO,http://datos.bcn.cl/recurso/cl/documento/704058#per75,True,True,False
2,http://datos.bcn.cl/recurso/cl/documento/704058,1.13. Discusión en Sala,2024-01-24,per68,http://datos.bcn.cl/recurso/persona/5265,5265,cristobal martinez ramirez,CRISTOBAL MARTINEZ RAMIREZ,http://datos.bcn.cl/recurso/cl/documento/704058#per68,True,False,False
2,http://datos.bcn.cl/recurso/cl/documento/704058,1.13. Discusión en Sala,2024-01-24,per185,http://datos.bcn.cl/recurso/persona/5266,5266,emilia schneider videla,EMILIA SCHNEIDER VIDELA,http://datos.bcn.cl/recurso/cl/documento/704058#per185,False,True,False
2,http://datos.bcn.cl/recurso/cl/documento/704058,1.13. Discusión en Sala,2024-01-24,per92,http://datos.bcn.cl/recurso/persona/5267,5267,alejandra placencia cabello,ALEJANDRA PLACENCIA CABELLO,http://datos.bcn.cl/recurso/cl/documento/704058#per92,True,False,False
2,http://datos.bcn.cl/recurso/cl/documento/704058,1.13. Discusión en Sala,2024-01-24,per109,http://datos.bcn.cl/recurso/persona/5260,5260,felipe camano cardenas,FELIPE CAMANO CARDENAS,http://datos.bcn.cl/recurso/cl/documento/704058#per109,True,True,False
2,http://datos.bcn.cl/recurso/cl/documento/704058,1.13. Discusión en Sala,2024-01-24,per72,http://datos.bcn.cl/recurso/persona/5261,5261,mercedes bulnes nunez,MERCEDES BULNES NUNEZ,http://datos.bcn.cl/recurso/cl/documento/704058#per72,True,True,False
2,http://datos.bcn.cl/recurso/cl/documento/704058,1.13. Discusión en Sala,2024-01-24,per212,http://datos.bcn.cl/recurso/persona/5262,5262,marta bravo salinas,MARTA BRAVO SALINAS,http://datos.bcn.cl/recurso/cl/documento/704058#per212,False,False,False
2,http://datos.bcn.cl/recurso/cl/documento/704058,1.13. Discusión en Sala,2024-01-24,per10,http://datos.bcn.cl/recurso/persona/5263,5263,francisco pulgar castillo,FRANCISCO PULGAR CASTILLO,http://datos.bcn.cl/recurso/cl/documento/704058#per10,True,False,False
2,http://datos.bcn.cl/recurso/cl/documento/704058,1.13. Discusión en Sala,2024-01-24,per62,http://datos.bcn.cl/recurso/persona/1782,1782,jaime mulet martinez,JAIME MULET MARTINEZ,http://datos.bcn.cl/recurso/cl/documento/704058#per62,True,True,False
2,http://datos.bcn.cl/recurso/cl/documento/704058,1.13. Discusión en Sala,2024-01-24,per151,http://datos.bcn.cl/recurso/persona/5120,5120,william arevalo cornejo,WILLIAM AREVALO CORNEJO,http://datos.bcn.cl/recurso/cl/documento/704058#per151,False,False,False
2,http://datos.bcn.cl/recurso/cl/documento/704058,1.13. Discusión en Sala,2024-01-24,per166,http://datos.bcn.cl/recurso/persona/5268,5268,consuelo veloso avila,CONSUELO VELOSO AVILA,http://datos.bcn.cl/recurso/cl/documento/704058#per166,False,False,False
2,http://datos.bcn.cl/recurso/cl/documento/704058,1.13. Discusión en Sala,2024-01-24,per53,http://datos.bcn.cl/recurso/persona/5269,5269,paula labra besserer,PAULA LABRA BESSERER,http://datos.bcn.cl/recurso/cl/documento/704058#per53,True,False,False
2,http://datos.bcn.cl/recurso/cl/documento/704058,1.13. Discusión en Sala,2024-01-24,per162,http://datos.bcn.cl/recurso/persona/2501,2501,pascual herminio tamayo tamayo,PASCUAL HERMINIO TAMAYO TAMAYO,http://datos.bcn.cl/recurso/cl/documento/704058#per162,False,False,False
2,http://datos.bcn.cl/recurso/cl/documento/704058,1.13. Discusión en Sala,2024-01-24,per228,http://datos.bcn.cl/recurso/persona/1154,1154,jorge insunza becker,JORGE INSUNZA BECKER,http://datos.bcn.cl/recurso/cl/documento/704058#per228,False,False,False
2,http://datos.bcn.cl/recurso/cl/documento/704058,1.13. Discusión en Sala,2024-01-24,per58,http://datos.bcn.cl/recurso/persona/4510,4510,daniella valentina cicardini milla,DANIELLA VALENTINA CICARDINI MILLA,http://datos.bcn.cl/recurso/cl/documento/704058#per58,True,True,False
2,http://datos.bcn.cl/recurso/cl/documento/704058,1.13. Discusión en Sala,2024-01-24,per26,http://datos.bcn.cl/recurso/persona/5270,5270,gustavo benavente vergara,GUSTAVO BENAVENTE VERGARA,http://datos.bcn.cl/recurso/cl/documento/704058#per26,True,True,False
2,http://datos.bcn.cl/recurso/cl/documento/704058,1.13. Discusión en Sala,2024-01-24,per214,http://datos.bcn.cl/recurso/persona/2102,2102,teodoro ribera neumann,TEODORO RIBERA NEUMANN,http://datos.bcn.cl/recurso/cl/documento/704058#per214,False,False,False
2,http://datos.bcn.cl/recurso/cl/documento/704058,1.13. Discusión en Sala,2024-01-24,per101,http://datos.bcn.cl/recurso/persona/5230,5230,luis alberto cuello pena y lillo,LUIS ALBERTO CUELLO PENA Y LILLO,http://datos.bcn.cl/recurso/cl/documento/704058#per101,True,True,False
2,http://datos.bcn.cl/recurso/cl/documento/704058,1.13. Discusión en Sala,2024-01-24,per80,http://datos.bcn.cl/recurso/persona/4899,4899,cesar antonio orellana orellana,CESAR ANTONIO ORELLANA ORELLANA,http://datos.bcn.cl/recurso/cl/documento/704058#per80,True,False,False
2,http://datos.bcn.cl/recurso/cl/documento/704058,1.13. Discusión en Sala,2024-01-24,per221,http://datos.bcn.cl/recurso/persona/3896,3896,carmen lazo carrera,CARMEN LAZO CARRERA,http://datos.bcn.cl/recurso/cl/documento/704058#per221,False,False,False
2,http://datos.bcn.cl/recurso/cl/documento/704058,1.13. Discusión en Sala,2024-01-24,per103,http://datos.bcn.cl/recurso/persona/5233,5233,henry leal bizama,HENRY LEAL BIZAMA,http://datos.bcn.cl/recurso/cl/documento/704058#per103,True,True,False
2,http://datos.bcn.cl/recurso/cl/documento/704058,1.13. Discusión en Sala,2024-01-24,per147,http://datos.bcn.cl/recurso/persona/4750,4750,carolina sepulveda sepulveda,CAROLINA SEPULVEDA SEPULVEDA,http://datos.bcn.cl/recurso/cl/documento/704058#per147,False,True,False
2,http://datos.bcn.cl/recurso/cl/documento/704058,1.13. Discusión en Sala,2024-01-24,per2,http://datos.bcn.cl/recurso/persona/4629,4629,raul humberto soto mardones,RAUL HUMBERTO SOTO MARDONES,http://datos.bcn.cl/recurso/cl/documento/704058#per2,True,False,False
2,http://datos.bcn.cl/recurso/cl/documento/704058,1.13. Discusión en Sala,2024-01-24,per123,http://datos.bcn.cl/recurso/persona/5234,5234,miguel becker alvear,MIGUEL BECKER ALVEAR,http://datos.bcn.cl/recurso/cl/documento/704058#per123,True,True,False
2,http://datos.bcn.cl/recurso/cl/documento/704058,1.13. Discusión en Sala,2024-01-24,per207,http://datos.bcn.cl/recurso/persona/4628,4628,pamela jiles moreno,PAMELA JILES MORENO,http://datos.bcn.cl/recurso/cl/documento/704058#per207,False,False,False
2,http://datos.bcn.cl/recurso/cl/documento/704058,1.13. Discusión en Sala,2024-01-24,per192,http://datos.bcn.cl/recurso/persona/5231,5231,andres jouannet valderrama,ANDRES JOUANNET VALDERRAMA,http://datos.bcn.cl/recurso/cl/documento/704058#per192,False,True,False
2,http://datos.bcn.cl/recurso/cl/documento/704058,1.13. Discusión en Sala,2024-01-24,per44,http://datos.bcn.cl/recurso/persona/5232,5232,ruben dario oyarzo figueroa,RUBEN DARIO OYARZO FIGUEROA,http://datos.bcn.cl/recurso/cl/documento/704058#per44,True,True,False
2,http://datos.bcn.cl/recurso/cl/documento/704058,1.13. Discusión en Sala,2024-01-24,per170,http://datos.bcn.cl/recurso/persona/5237,5237,juan beltran silva,JUAN BELTRAN SILVA,http://datos.bcn.cl/recurso/cl/documento/704058#per170,False,True,False
2,http://datos.bcn.cl/recurso/cl/documento/704058,1.13. Discusión en Sala,2024-01-24,per130,http://datos.bcn.cl/recurso/persona/5238,5238,camila musante muller,CAMILA MUSANTE MULLER,http://datos.bcn.cl/recurso/cl/documento/704058#per130,True,False,False
2,http://datos.bcn.cl/recurso/cl/documento/704058,1.13. Discusión en Sala,2024-01-24,per209,http://datos.bcn.cl/recurso/persona/5235,5235,gloria naveillan arriagada,GLORIA NAVEILLAN ARRIAGADA,http://datos.bcn.cl/recurso/cl/documento/704058#per209,False,False,False
2,http://datos.bcn.cl/recurso/cl/documento/704058,1.13. Discusión en Sala,2024-01-24,per216,http://datos.bcn.cl/recurso/persona/5133,5133,luis segundo barria andrade,LUIS SEGUNDO BARRIA ANDRADE,http://datos.bcn.cl/recurso/cl/documento/704058#per216,False,False,False
2,http://datos.bcn.cl/recurso/cl/documento/704058,1.13. Discusión en Sala,2024-01-24,per134,http://datos.bcn.cl/recurso/persona/4528,4528,bernardo jose berger fett,BERNARDO JOSE BERGER FETT,http://datos.bcn.cl/recurso/cl/documento/704058#per134,True,False,False
2,http://datos.bcn.cl/recurso/cl/documento/704058,1.13. Discusión en Sala,2024-01-24,per181,http://datos.bcn.cl/recurso/persona/5236,5236,jorge saffirio espinoza,JORGE SAFFIRIO ESPINOZA,http://datos.bcn.cl/recurso/cl/documento/704058#per181,False,False,False
2,http://datos.bcn.cl/recurso/cl/documento/704058,1.13. Discusión en Sala,2024-01-24,per71,http://datos.bcn.cl/recurso/persona/4757,4757,bastian labbe salazar,BASTIAN LABBE SALAZAR,http://datos.bcn.cl/recurso/cl/documento/704058#per71,True,False,False
2,http://datos.bcn.cl/recurso/cl/documento/704058,1.13. Discusión en Sala,2024-01-24,per183,http://datos.bcn.cl/recurso/persona/5239,5239,clara sagardia cabezas,CLARA SAGARDIA CABEZAS,http://datos.bcn.cl/recurso/cl/documento/704058#per183,False,False,False
2,http://datos.bcn.cl/recurso/cl/documento/704058,1.13. Discusión en Sala,2024-01-24,per85,http://datos.bcn.cl/recurso/persona/4523,4523,leonardo enrique soto ferrada,LEONARDO ENRIQUE SOTO FERRADA,http://datos.bcn.cl/recurso/cl/documento/704058#per85,True,False,False
2,http://datos.bcn.cl/recurso/cl/documento/704058,1.13. Discusión en Sala,2024-01-24,per59,http://datos.bcn.cl/recurso/persona/4520,4520,karol aida cariola oliva,KAROL AIDA CARIOLA OLIVA,http://datos.bcn.cl/recurso/cl/documento/704058#per59,True,False,False
2,http://datos.bcn.cl/recurso/cl/documento/704058,1.13. Discusión en Sala,2024-01-24,per45,http://datos.bcn.cl/recurso/persona/4521,4521,manuel jose ossandon irarrazabal,MANUEL JOSE OSSANDON IRARRAZABAL,http://datos.bcn.cl/recurso/cl/documento/704058#per45,True,True,False
2,http://datos.bcn.cl/recurso/cl/documento/704058,1.13. Discusión en Sala,2024-01-24,per234,http://datos.bcn.cl/recurso/persona/3273,3273,francisco javier labbe labbe,FRANCISCO JAVIER LABBE LABBE,http://datos.bcn.cl/recurso/cl/documento/704058#per234,False,False,False
2,http://datos.bcn.cl/recurso/cl/documento/704058,1.13. Discusión en Sala,2024-01-24,per213,http://datos.bcn.cl/recurso/persona/4524,4524,joaquin jose lavin leon,JOAQUIN JOSE LAVIN LEON,http://datos.bcn.cl/recurso/cl/documento/704058#per213,False,False,False
2,http://datos.bcn.cl/recurso/cl/documento/704058,1.13. Discusión en Sala,2024-01-24,per143,http://datos.bcn.cl/recurso/persona/4624,4624,juan ruben santana castillo,JUAN RUBEN SANTANA CASTILLO,http://datos.bcn.cl/recurso/cl/documento/704058#per143,True,True,False
2,http://datos.bcn.cl/recurso/cl/documento/704058,1.13. Discusión en Sala,2024-01-24,per188,http://datos.bcn.cl/recurso/persona/4621,4621,erika olivera de la fuente,ERIKA OLIVERA DE LA FUENTE,http://datos.bcn.cl/recurso/cl/documento/704058#per188,False,False,False
2,http://datos.bcn.cl/recurso/cl/documento/704058,1.13. Discusión en Sala,2024-01-24,per119,http://datos.bcn.cl/recurso/persona/4622,4622,gael fernanda yeomans araya,GAEL FERNANDA YEOMANS ARAYA,http://datos.bcn.cl/recurso/cl/documento/704058#per119,True,True,False
2,http://datos.bcn.cl/recurso/cl/documento/704058,1.13. Discusión en Sala,2024-01-24,per76,http://datos.bcn.cl/recurso/persona/5103,5103,jeannette isabel andrade ruiz,JEANNETTE ISABEL ANDRADE RUIZ,http://datos.bcn.cl/recurso/cl/documento/704058#per76,True,True,False
2,http://datos.bcn.cl/recurso/cl/documento/704058,1.13. Discusión en Sala,2024-01-24,per94,http://datos.bcn.cl/recurso/persona/4222,4222,michelle bachelet jeria,MICHELLE BACHELET JERIA,http://datos.bcn.cl/recurso/cl/documento/704058#per94,True,True,False
2,http://datos.bcn.cl/recurso/cl/documento/704058,1.13. Discusión en Sala,2024-01-24,per33,http://datos.bcn.cl/recurso/persona/5241,5241,natalia romero talguia,NATALIA ROMERO TALGUIA,http://datos.bcn.cl/recurso/cl/documento/704058#per33,True,True,False
2,http://datos.bcn.cl/recurso/cl/documento/704058,1.13. Discusión en Sala,2024-01-24,per38,http://datos.bcn.cl/recurso/persona/5242,5242,karen medina vasquez,KAREN MEDINA VASQUEZ,http://datos.bcn.cl/recurso/cl/documento/704058#per38,True,True,False
2,http://datos.bcn.cl/recurso/cl/documento/704058,1.13. Discusión en Sala,2024-01-24,per124,http://datos.bcn.cl/recurso/persona/246,246,monica beatriz zalaquett said,MONICA BEATRIZ ZALAQUETT SAID,http://datos.bcn.cl/recurso/cl/documento/704058#per124,True,True,False
2,http://datos.bcn.cl/recurso/cl/documento/704058,1.13. Discusión en Sala,2024-01-24,per48,http://datos.bcn.cl/recurso/persona/5243,5243,marta gonzalez olea,MARTA GONZALEZ OLEA,http://datos.bcn.cl/recurso/cl/documento/704058#per48,True,False,False
2,http://datos.bcn.cl/recurso/cl/documento/704058,1.13. Discusión en Sala,2024-01-24,per20,http://datos.bcn.cl/recurso/persona/5244,5244,flor weisse novoa,FLOR WEISSE NOVOA,http://datos.bcn.cl/recurso/cl/documento/704058#per20,True,False,False
2,http://datos.bcn.cl/recurso/cl/documento/704058,1.13. Discusión en Sala,2024-01-24,per194,http://datos.bcn.cl/recurso/persona/5245,5245,alberto undurraga vicuna,ALBERTO UNDURRAGA VICUNA,http://datos.bcn.cl/recurso/cl/documento/704058#per194,False,True,False
2,http://datos.bcn.cl/recurso/cl/documento/704058,1.13. Discusión en Sala,2024-01-24,per196,http://datos.bcn.cl/recurso/persona/5246,5246,marcela riquelme aliaga,MARCELA RIQUELME ALIAGA,http://datos.bcn.cl/recurso/cl/documento/704058#per196,False,True,False
2,http://datos.bcn.cl/recurso/cl/documento/704058,1.13. Discusión en Sala,2024-01-24,per178,http://datos.bcn.cl/recurso/persona/5247,5247,maria candelaria acevedo saez,MARIA CANDELARIA ACEVEDO SAEZ,http://datos.bcn.cl/recurso/cl/documento/704058#per178,False,False,False
2,http://datos.bcn.cl/recurso/cl/documento/704058,1.13. Discusión en Sala,2024-01-24,per127,http://datos.bcn.cl/recurso/persona/5248,5248,viviana delgado riquelme,VIVIANA DELGADO RIQUELME,http://datos.bcn.cl/recurso/cl/documento/704058#per127,True,False,False
2,http://datos.bcn.cl/recurso/cl/documento/704058,1.13. Discusión en Sala,2024-01-24,per54,http://datos.bcn.cl/recurso/persona/5249,5249,carla morales maldonado,CARLA MORALES MALDONADO,http://datos.bcn.cl/recurso/cl/documento/704058#per54,True,False,False
2,http://datos.bcn.cl/recurso/cl/documento/704058,1.13. Discusión en Sala,2024-01-24,per120,http://datos.bcn.cl/recurso/persona/4531,4531,vlado mirosevic verdugo,VLADO MIROSEVIC VERDUGO,http://datos.bcn.cl/recurso/cl/documento/704058#per120,True,False,False
2,http://datos.bcn.cl/recurso/cl/documento/704058,1.13. Discusión en Sala,2024-01-24,per246,http://datos.bcn.cl/recurso/persona/3498,3498,juan segundo pulgar montoya,JUAN SEGUNDO PULGAR MONTOYA,http://datos.bcn.cl/recurso/cl/documento/704058#per246,False,False,False
2,http://datos.bcn.cl/recurso/cl/documento/704058,1.13. Discusión en Sala,2024-01-24,per90,http://datos.bcn.cl/recurso/persona/4536,4536,gabriel boric font,GABRIEL BORIC FONT,http://datos.bcn.cl/recurso/cl/documento/704058#per90,True,True,False
2,http://datos.bcn.cl/recurso/cl/documento/704058,1.13. Discusión en Sala,2024-01-24,per165,http://datos.bcn.cl/recurso/persona/4537,4537,daniel alexander melo contreras,DANIEL ALEXANDER MELO CONTRERAS,http://datos.bcn.cl/recurso/cl/documento/704058#per165,False,False,False
2,http://datos.bcn.cl/recurso/cl/documento/704058,1.13. Discusión en Sala,2024-01-24,per78,http://datos.bcn.cl/recurso/persona/4538,4538,camila vallejo dowling,CAMILA VALLEJO DOWLING,http://datos.bcn.cl/recurso/cl/documento/704058#per78,True,True,False
2,http://datos.bcn.cl/recurso/cl/documento/704058,1.13. Discusión en Sala,2024-01-24,per236,http://datos.bcn.cl/recurso/persona/3382,3382,ana maria rodriguez rodriguez,ANA MARIA RODRIGUEZ RODRIGUEZ,http://datos.bcn.cl/recurso/cl/documento/704058#per236,False,False,False
2,http://datos.bcn.cl/recurso/cl/documento/704058,1.13. Discusión en Sala,2024-01-24,per187,http://datos.bcn.cl/recurso/persona/4632,4632,tomas rene hirsch goldschmidt,TOMAS RENE HIRSCH GOLDSCHMIDT,http://datos.bcn.cl/recurso/cl/documento/704058#per187,False,True,False
2,http://datos.bcn.cl/recurso/cl/documento/704058,1.13. Discusión en Sala,2024-01-24,per231,http://datos.bcn.cl/recurso/persona/5152,5152,javiera toledo munoz,JAVIERA TOLEDO MUNOZ,http://datos.bcn.cl/recurso/cl/documento/704058#per231,False,False,False
2,http://datos.bcn.cl/recurso/cl/documento/704058,1.13. Discusión en Sala,2024-01-24,per98,http://datos.bcn.cl/recurso/persona/4216,4216,mario marcel cullel,MARIO MARCEL CULLEL,http://datos.bcn.cl/recurso/cl/documento/704058#per98,True,True,False
2,http://datos.bcn.cl/recurso/cl/documento/704058,1.13. Discusión en Sala,2024-01-24,per167,http://datos.bcn.cl/recurso/persona/4607,4607,catalina perez salinas,CATALINA PEREZ SALINAS,http://datos.bcn.cl/recurso/cl/documento/704058#per167,False,False,False
2,http://datos.bcn.cl/recurso/cl/documento/704058,1.13. Discusión en Sala,2024-01-24,per202,http://datos.bcn.cl/recurso/persona/4608,4608,leonidas andres romero saez,LEONIDAS ANDRES ROMERO SAEZ,http://datos.bcn.cl/recurso/cl/documento/704058#per202,False,True,False
2,http://datos.bcn.cl/recurso/cl/documento/704058,1.13. Discusión en Sala,2024-01-24,per31,http://datos.bcn.cl/recurso/persona/4609,4609,marcos artemio ilabaca cerda,MARCOS ARTEMIO ILABACA CERDA,http://datos.bcn.cl/recurso/cl/documento/704058#per31,True,False,False
2,http://datos.bcn.cl/recurso/cl/documento/704058,1.13. Discusión en Sala,2024-01-24,per156,http://datos.bcn.cl/recurso/persona/4600,4600,francesca munoz gonzalez,FRANCESCA MUNOZ GONZALEZ,http://datos.bcn.cl/recurso/cl/documento/704058#per156,False,False,False
2,http://datos.bcn.cl/recurso/cl/documento/704058,1.13. Discusión en Sala,2024-01-24,per197,http://datos.bcn.cl/recurso/persona/4604,4604,jorge ivan alessandri vergara,JORGE IVAN ALESSANDRI VERGARA,http://datos.bcn.cl/recurso/cl/documento/704058#per197,False,False,False
2,http://datos.bcn.cl/recurso/cl/documento/704058,1.13. Discusión en Sala,2024-01-24,per93,http://datos.bcn.cl/recurso/persona/4603,4603,harry jurgensen rundshagen,HARRY JURGENSEN RUNDSHAGEN,http://datos.bcn.cl/recurso/cl/documento/704058#per93,True,False,False
2,http://datos.bcn.cl/recurso/cl/documento/704058,1.13. Discusión en Sala,2024-01-24,per153,http://datos.bcn.cl/recurso/persona/4602,4602,gonzalo rodolfo winter etcheberry,GONZALO RODOLFO WINTER ETCHEBERRY,http://datos.bcn.cl/recurso/cl/documento/704058#per153,False,False,False
2,http://datos.bcn.cl/recurso/cl/documento/704058,1.13. Discusión en Sala,2024-01-24,per126,http://datos.bcn.cl/recurso/persona/135,135,rene alinco bustos,RENE ALINCO BUSTOS,http://datos.bcn.cl/recurso/cl/documento/704058#per126,False,False,False
2,http://datos.bcn.cl/recurso/cl/documento/704058,1.13. Discusión en Sala,2024-01-24,per56,http://datos.bcn.cl/recurso/persona/4725,4725,paulina valenzuela rio,PAULINA VALENZUELA RIO,http://datos.bcn.cl/recurso/cl/documento/704058#per56,True,False,False
2,http://datos.bcn.cl/recurso/cl/documento/704058,1.13. Discusión en Sala,2024-01-24,per21,http://datos.bcn.cl/recurso/persona/4616,4616,sandra haydee amar mancilla,SANDRA HAYDEE AMAR MANCILLA,http://datos.bcn.cl/recurso/cl/documento/704058#per21,False,False,False
2,http://datos.bcn.cl/recurso/cl/documento/704058,1.13. Discusión en Sala,2024-01-24,per51,http://datos.bcn.cl/recurso/persona/4617,4617,diego ignacio schalper sepulveda,DIEGO IGNACIO SCHALPER SEPULVEDA,http://datos.bcn.cl/recurso/cl/documento/704058#per51,True,False,False
2,http://datos.bcn.cl/recurso/cl/documento/704058,1.13. Discusión en Sala,2024-01-24,per77,http://datos.bcn.cl/recurso/persona/4618,4618,maria ximena ossandon irarrazabal,MARIA XIMENA OSSANDON IRARRAZABAL,http://datos.bcn.cl/recurso/cl/documento/704058#per77,True,True,False
2,http://datos.bcn.cl/recurso/cl/documento/704058,1.13. Discusión en Sala,2024-01-24,per7,http://datos.bcn.cl/recurso/persona/4619,4619,jorge alejandro soria quiroga,JORGE ALEJANDRO SORIA QUIROGA,http://datos.bcn.cl/recurso/cl/documento/704058#per7,True,True,False
2,http://datos.bcn.cl/recurso/cl/documento/704058,1.13. Discusión en Sala,2024-01-24,per242,http://datos.bcn.cl/recurso/persona/3883,3883,sergio patricio aguilo melo,SERGIO PATRICIO AGUILO MELO,http://datos.bcn.cl/recurso/cl/documento/704058#per242,False,False,False
2,http://datos.bcn.cl/recurso/cl/documento/704058,1.13. Discusión en Sala,2024-01-24,per205,http://datos.bcn.cl/recurso/persona/4611,4611,cristhian patricio moreira barros,CRISTHIAN PATRICIO MOREIRA BARROS,http://datos.bcn.cl/recurso/cl/documento/704058#per205,False,True,False
2,http://datos.bcn.cl/recurso/cl/documento/704058,1.13. Discusión en Sala,2024-01-24,per175,http://datos.bcn.cl/recurso/persona/4610,4610,miguel angel calisto aguila,MIGUEL ANGEL CALISTO AGUILA,http://datos.bcn.cl/recurso/cl/documento/704058#per175,False,True,False
2,http://datos.bcn.cl/recurso/cl/documento/704058,1.13. Discusión en Sala,2024-01-24,per135,http://datos.bcn.cl/recurso/persona/1223,1223,armando montes velasco,ARMANDO MONTES VELASCO,http://datos.bcn.cl/recurso/cl/documento/704058#per135,True,False,False
2,http://datos.bcn.cl/recurso/cl/documento/704058,1.13. Discusión en Sala,2024-01-24,per97,http://datos.bcn.cl/recurso/persona/1091,1091,jose oyarce jara,JOSE OYARCE JARA,http://datos.bcn.cl/recurso/cl/documento/704058#per97,True,True,False
2,http://datos.bcn.cl/recurso/cl/documento/704058,1.13. Discusión en Sala,2024-01-24,per11,http://datos.bcn.cl/recurso/persona/1474,1474,jeronimo mendez arancibia,JERONIMO MENDEZ ARANCIBIA,http://datos.bcn.cl/recurso/cl/documento/704058#per11,True,False,False
2,http://datos.bcn.cl/recurso/cl/documento/704058,1.13. Discusión en Sala,2024-01-24,per219,http://datos.bcn.cl/recurso/persona/4856,4856,rodrigo diaz brito,RODRIGO DIAZ BRITO,http://datos.bcn.cl/recurso/cl/documento/704058#per219,False,False,False
2,http://datos.bcn.cl/recurso/cl/documento/704058,1.13. Discusión en Sala,2024-01-24,per145,http://datos.bcn.cl/recurso/persona/5273,5273,andres giordano salazar,ANDRES GIORDANO SALAZAR,http://datos.bcn.cl/recurso/cl/documento/704058#per145,True,True,False
2,http://datos.bcn.cl/recurso/cl/documento/704058,1.13. Discusión en Sala,2024-01-24,per112,http://datos.bcn.cl/recurso/persona/5272,5272,jose carlos meza pereira,JOSE CARLOS MEZA PEREIRA,http://datos.bcn.cl/recurso/cl/documento/704058#per112,True,True,False
2,http://datos.bcn.cl/recurso/cl/documento/704058,1.13. Discusión en Sala,2024-01-24,per81,http://datos.bcn.cl/recurso/persona/5271,5271,johannes kaiser barents-von hohenhagen,JOHANNES KAISER BARENTS VON HOHENHAGEN,http://datos.bcn.cl/recurso/cl/documento/704058#per81,True,True,False
2,http://datos.bcn.cl/recurso/cl/documento/704058,1.13. Discusión en Sala,2024-01-24,per180,http://datos.bcn.cl/recurso/persona/5275,5275,helia molina milman,HELIA MOLINA MILMAN,http://datos.bcn.cl/recurso/cl/documento/704058#per180,False,True,False
2,http://datos.bcn.cl/recurso/cl/documento/704058,1.13. Discusión en Sala,2024-01-24,per200,http://datos.bcn.cl/recurso/persona/1894,1894,gaspar alberto rivas sanchez,GASPAR ALBERTO RIVAS SANCHEZ,http://datos.bcn.cl/recurso/cl/documento/704058#per200,False,True,False
2,http://datos.bcn.cl/recurso/cl/documento/704058,1.13. Discusión en Sala,2024-01-24,per69,http://datos.bcn.cl/recurso/persona/3460,3460,augusto espejo pando,AUGUSTO ESPEJO PANDO,http://datos.bcn.cl/recurso/cl/documento/704058#per69,True,False,False
2,http://datos.bcn.cl/recurso/cl/documento/704058,1.13. Discusión en Sala,2024-01-24,per133,http://datos.bcn.cl/recurso/persona/1717,1717,mariana aylwin oyarzun,MARIANA AYLWIN OYARZUN,http://datos.bcn.cl/recurso/cl/documento/704058#per133,True,True,False
2,http://datos.bcn.cl/recurso/cl/documento/704058,1.13. Discusión en Sala,2024-01-24,per16,http://datos.bcn.cl/recurso/persona/5188,5188,yovana ahumada palma,YOVANA AHUMADA PALMA,http://datos.bcn.cl/recurso/cl/documento/704058#per16,True,True,False
2,http://datos.bcn.cl/recurso/cl/documento/704058,1.13. Discusión en Sala,2024-01-24,per113,http://datos.bcn.cl/recurso/persona/5187,5187,matias ramirez pascal,MATIAS RAMIREZ PASCAL,http://datos.bcn.cl/recurso/cl/documento/704058#per113,True,False,False
2,http://datos.bcn.cl/recurso/cl/documento/704058,1.13. Discusión en Sala,2024-01-24,per55,http://datos.bcn.cl/recurso/persona/5189,5189,christian matheson villan,CHRISTIAN MATHESON VILLAN,http://datos.bcn.cl/recurso/cl/documento/704058#per55,True,True,False
2,http://datos.bcn.cl/recurso/cl/documento/704058,1.13. Discusión en Sala,2024-01-24,per115,http://datos.bcn.cl/recurso/persona/5184,5184,enrique lee flores,ENRIQUE LEE FLORES,http://datos.bcn.cl/recurso/cl/documento/704058#per115,True,False,False
2,http://datos.bcn.cl/recurso/cl/documento/704058,1.13. Discusión en Sala,2024-01-24,per100,http://datos.bcn.cl/recurso/persona/5186,5186,danisa astudillo peiretti,DANISA ASTUDILLO PEIRETTI,http://datos.bcn.cl/recurso/cl/documento/704058#per100,True,False,False
2,http://datos.bcn.cl/recurso/cl/documento/704058,1.13. Discusión en Sala,2024-01-24,per24,http://datos.bcn.cl/recurso/persona/5185,5185,luis malla valenzuela,LUIS MALLA VALENZUELA,http://datos.bcn.cl/recurso/cl/documento/704058#per24,True,False,False
2,http://datos.bcn.cl/recurso/cl/documento/704058,1.13. Discusión en Sala,2024-01-24,per86,http://datos.bcn.cl/recurso/persona/3720,3720,luis vicuna cifuentes,LUIS VICUNA CIFUENTES,http://datos.bcn.cl/recurso/cl/documento/704058#per86,True,True,False
2,http://datos.bcn.cl/recurso/cl/documento/704058,1.13. Discusión en Sala,2024-01-24,per121,http://datos.bcn.cl/recurso/persona/1482,1482,gaston von muhlenbrock zamora,GASTON VON MUHLENBROCK ZAMORA,http://datos.bcn.cl/recurso/cl/documento/704058#per121,True,True,False
2,http://datos.bcn.cl/recurso/cl/documento/704058,1.13. Discusión en Sala,2024-01-24,per107,http://datos.bcn.cl/recurso/persona/2861,2861,sergio bobadilla munoz,SERGIO BOBADILLA MUNOZ,http://datos.bcn.cl/recurso/cl/documento/704058#per107,True,True,False
2,http://datos.bcn.cl/recurso/cl/documento/704058,1.13. Discusión en Sala,2024-01-24,per230,http://datos.bcn.cl/recurso/persona/2864,2864,jose antonio foncea aedo,JOSE ANTONIO FONCEA AEDO,http://datos.bcn.cl/recurso/cl/documento/704058#per230,False,False,False
2,http://datos.bcn.cl/recurso/cl/documento/704058,1.13. Discusión en Sala,2024-01-24,per137,http://datos.bcn.cl/recurso/persona/5190,5190,javiera morales alvarado,JAVIERA MORALES ALVARADO,http://datos.bcn.cl/recurso/cl/documento/704058#per137,True,True,False
2,http://datos.bcn.cl/recurso/cl/documento/704058,1.13. Discusión en Sala,2024-01-24,per64,http://datos.bcn.cl/recurso/persona/5191,5191,sebastian videla castillo,SEBASTIAN VIDELA CASTILLO,http://datos.bcn.cl/recurso/cl/documento/704058#per64,True,True,False
2,http://datos.bcn.cl/recurso/cl/documento/704058,1.13. Discusión en Sala,2024-01-24,per114,http://datos.bcn.cl/recurso/persona/4707,4707,bernardo fontaine talavera,BERNARDO FONTAINE TALAVERA,http://datos.bcn.cl/recurso/cl/documento/704058#per114,True,False,False
2,http://datos.bcn.cl/recurso/cl/documento/704058,1.13. Discusión en Sala,2024-01-24,per173,http://datos.bcn.cl/recurso/persona/5192,5192,jaime araya guerrero,JAIME ARAYA GUERRERO,http://datos.bcn.cl/recurso/cl/documento/704058#per173,False,False,False
2,http://datos.bcn.cl/recurso/cl/documento/704058,1.13. Discusión en Sala,2024-01-24,per27,http://datos.bcn.cl/recurso/persona/4583,4583,patricio eduardo rosas barrientos,PATRICIO EDUARDO ROSAS BARRIENTOS,http://datos.bcn.cl/recurso/cl/documento/704058#per27,True,True,False
2,http://datos.bcn.cl/recurso/cl/documento/704058,1.13. Discusión en Sala,2024-01-24,per79,http://datos.bcn.cl/recurso/persona/4584,4584,alvaro antonio elizalde soto,ALVARO ANTONIO ELIZALDE SOTO,http://datos.bcn.cl/recurso/cl/documento/704058#per79,True,True,False
2,http://datos.bcn.cl/recurso/cl/documento/704058,1.13. Discusión en Sala,2024-01-24,per110,http://datos.bcn.cl/recurso/persona/4585,4585,raul alfonso leiva carvajal,RAUL ALFONSO LEIVA CARVAJAL,http://datos.bcn.cl/recurso/cl/documento/704058#per110,True,False,False
2,http://datos.bcn.cl/recurso/cl/documento/704058,1.13. Discusión en Sala,2024-01-24,per52,http://datos.bcn.cl/recurso/persona/4581,4581,jose miguel castro bascunan,JOSE MIGUEL CASTRO BASCUNAN,http://datos.bcn.cl/recurso/cl/documento/704058#per52,True,False,False
2,http://datos.bcn.cl/recurso/cl/documento/704058,1.13. Discusión en Sala,2024-01-24,per117,http://datos.bcn.cl/recurso/persona/5049,5049,evelyn rose matthei fornet,EVELYN ROSE MATTHEI FORNET,http://datos.bcn.cl/recurso/cl/documento/704058#per117,True,False,False
2,http://datos.bcn.cl/recurso/cl/documento/704058,1.13. Discusión en Sala,2024-01-24,per243,http://datos.bcn.cl/recurso/persona/2064,2064,pedro arnoldo urra veloso,PEDRO ARNOLDO URRA VELOSO,http://datos.bcn.cl/recurso/cl/documento/704058#per243,False,True,False
2,http://datos.bcn.cl/recurso/cl/documento/704058,1.13. Discusión en Sala,2024-01-24,per226,http://datos.bcn.cl/recurso/persona/2968,2968,raul armando barrionuevo barrionuevo,RAUL ARMANDO BARRIONUEVO BARRIONUEVO,http://datos.bcn.cl/recurso/cl/documento/704058#per226,False,False,False
2,http://datos.bcn.cl/recurso/cl/documento/704058,1.13. Discusión en Sala,2024-01-24,per106,http://datos.bcn.cl/recurso/persona/4305,4305,sonia rojas,SONIA ROJAS,http://datos.bcn.cl/recurso/cl/documento/704058#per106,True,False,False
2,http://datos.bcn.cl/recurso/cl/documento/704058,1.13. Discusión en Sala,2024-01-24,per122,http://datos.bcn.cl/recurso/persona/5194,5194,cristian tapia ramos,CRISTIAN TAPIA RAMOS,http://datos.bcn.cl/recurso/cl/documento/704058#per122,True,True,False
2,http://datos.bcn.cl/recurso/cl/documento/704058,1.13. Discusión en Sala,2024-01-24,per240,http://datos.bcn.cl/recurso/persona/3319,3319,hector enrique campos perez,HECTOR ENRIQUE CAMPOS PEREZ,http://datos.bcn.cl/recurso/cl/documento/704058#per240,False,True,False
2,http://datos.bcn.cl/recurso/cl/documento/704058,1.13. Discusión en Sala,2024-01-24,per159,http://datos.bcn.cl/recurso/persona/5198,5198,marco sulantay olivares,MARCO SULANTAY OLIVARES,http://datos.bcn.cl/recurso/cl/documento/704058#per159,False,True,False
2,http://datos.bcn.cl/recurso/cl/documento/704058,1.13. Discusión en Sala,2024-01-24,per8,http://datos.bcn.cl/recurso/persona/5199,5199,victor pino fuentes,VICTOR PINO FUENTES,http://datos.bcn.cl/recurso/cl/documento/704058#per8,True,True,False
2,http://datos.bcn.cl/recurso/cl/documento/704058,1.13. Discusión en Sala,2024-01-24,per142,http://datos.bcn.cl/recurso/persona/3643,3643,osvaldo raul andrade lara,OSVALDO RAUL ANDRADE LARA,http://datos.bcn.cl/recurso/cl/documento/704058#per142,True,True,False
2,http://datos.bcn.cl/recurso/cl/documento/704058,1.13. Discusión en Sala,2024-01-24,per232,http://datos.bcn.cl/recurso/persona/167,167,alejandro santana tirachini,ALEJANDRO SANTANA TIRACHINI,http://datos.bcn.cl/recurso/cl/documento/704058#per232,False,False,False
2,http://datos.bcn.cl/recurso/cl/documento/704058,1.13. Discusión en Sala,2024-01-24,per1,http://datos.bcn.cl/recurso/persona/4597,4597,carmen adelaida hertz cadiz,CARMEN ADELAIDA HERTZ CADIZ,http://datos.bcn.cl/recurso/cl/documento/704058#per1,False,False,False
2,http://datos.bcn.cl/recurso/cl/documento/704058,1.13. Discusión en Sala,2024-01-24,per131,http://datos.bcn.cl/recurso/persona/4598,4598,eduardo alfredo duran salinas,EDUARDO ALFREDO DURAN SALINAS,http://datos.bcn.cl/recurso/cl/documento/704058#per131,True,True,False
2,http://datos.bcn.cl/recurso/cl/documento/704058,1.13. Discusión en Sala,2024-01-24,per158,http://datos.bcn.cl/recurso/persona/2281,2281,javier ignacio macaya danus,JAVIER IGNACIO MACAYA DANUS,http://datos.bcn.cl/recurso/cl/documento/704058#per158,False,True,False
2,http://datos.bcn.cl/recurso/cl/documento/704058,1.13. Discusión en Sala,2024-01-24,per4,http://datos.bcn.cl/recurso/persona/4596,4596,camila ruzlay rojas valderrama,CAMILA RUZLAY ROJAS VALDERRAMA,http://datos.bcn.cl/recurso/cl/documento/704058#per4,False,False,False
2,http://datos.bcn.cl/recurso/cl/documento/704058,1.13. Discusión en Sala,2024-01-24,per233,http://datos.bcn.cl/recurso/persona/3533,3533,gustavo ramirez vergara,GUSTAVO RAMIREZ VERGARA,http://datos.bcn.cl/recurso/cl/documento/704058#per233,False,False,False
2,http://datos.bcn.cl/recurso/cl/documento/704058,1.13. Discusión en Sala,2024-01-24,per65,http://datos.bcn.cl/recurso/persona/4594,4594,camila alejandra flores oporto,CAMILA ALEJANDRA FLORES OPORTO,http://datos.bcn.cl/recurso/cl/documento/704058#per65,True,False,False
2,http://datos.bcn.cl/recurso/cl/documento/704058,1.13. Discusión en Sala,2024-01-24,per241,http://datos.bcn.cl/recurso/persona/3534,3534,fernando raimundo buzeta gonzalez,FERNANDO RAIMUNDO BUZETA GONZALEZ,http://datos.bcn.cl/recurso/cl/documento/704058#per241,False,False,False
2,http://datos.bcn.cl/recurso/cl/documento/704058,1.13. Discusión en Sala,2024-01-24,per235,http://datos.bcn.cl/recurso/persona/856,856,cristian letelier aguilar,CRISTIAN LETELIER AGUILAR,http://datos.bcn.cl/recurso/cl/documento/704058#per235,False,False,False
2,http://datos.bcn.cl/recurso/cl/documento/704058,1.13. Discusión en Sala,2024-01-24,per248,http://datos.bcn.cl/recurso/persona/3831,3831,pedro pablo araya ortiz,PEDRO PABLO ARAYA ORTIZ,http://datos.bcn.cl/recurso/cl/documento/704058#per248,False,False,False
2,http://datos.bcn.cl/recurso/cl/documento/704058,1.13. Discusión en Sala,2024-01-24,per30,http://datos.bcn.cl/recurso/persona/5068,5068,paulina rebeca bobadilla navarrete,PAULINA REBECA BOBADILLA NAVARRETE,http://datos.bcn.cl/recurso/cl/documento/704058#per30,True,False,False
2,http://datos.bcn.cl/recurso/cl/documento/704058,1.13. Discusión en Sala,2024-01-24,per245,http://datos.bcn.cl/recurso/persona/23,23,beltran urenda zegers,BELTRAN URENDA ZEGERS,http://datos.bcn.cl/recurso/cl/documento/704058#per245,False,False,False
2,http://datos.bcn.cl/recurso/cl/documento/704058,1.13. Discusión en Sala,2024-01-24,per154,http://datos.bcn.cl/recurso/persona/5062,5062,maricel patricia gutierrez castro,MARICEL PATRICIA GUTIERREZ CASTRO,http://datos.bcn.cl/recurso/cl/documento/704058#per154,False,False,False
2,http://datos.bcn.cl/recurso/cl/documento/704058,1.13. Discusión en Sala,2024-01-24,per237,http://datos.bcn.cl/recurso/persona/972,972,roberto munoz barra,ROBERTO MUNOZ BARRA,http://datos.bcn.cl/recurso/cl/documento/704058#per237,False,False,False
2,http://datos.bcn.cl/recurso/cl/documento/704058,1.13. Discusión en Sala,2024-01-24,per220,http://datos.bcn.cl/recurso/persona/5060,5060,leal jorge rivera dolivet,LEAL JORGE RIVERA DOLIVET,http://datos.bcn.cl/recurso/cl/documento/704058#per220,False,False,False
2,http://datos.bcn.cl/recurso/cl/documento/704058,1.13. Discusión en Sala,2024-01-24,per57,http://datos.bcn.cl/recurso/persona/551,551,abdon garin dolarea,ABDON GARIN DOLAREA,http://datos.bcn.cl/recurso/cl/documento/704058#per57,True,False,False
2,http://datos.bcn.cl/recurso/cl/documento/704058,1.13. Discusión en Sala,2024-01-24,per29,http://datos.bcn.cl/recurso/persona/4197,4197,marcos libedinsky stchorne,MARCOS LIBEDINSKY STCHORNE,http://datos.bcn.cl/recurso/cl/documento/704058#per29,True,False,False
2,http://datos.bcn.cl/recurso/cl/documento/704058,1.13. Discusión en Sala,2024-01-24,per157,http://datos.bcn.cl/recurso/persona/2362,2362,ximena cecilia rincon gonzalez,XIMENA CECILIA RINCON GONZALEZ,http://datos.bcn.cl/recurso/cl/documento/704058#per157,False,True,False
2,http://datos.bcn.cl/recurso/cl/documento/704058,1.13. Discusión en Sala,2024-01-24,per96,http://datos.bcn.cl/recurso/persona/1296,1296,gonzalo ibanez santa maria,GONZALO IBANEZ SANTA MARIA,http://datos.bcn.cl/recurso/cl/documento/704058#per96,True,False,False
2,http://datos.bcn.cl/recurso/cl/documento/704058,1.13. Discusión en Sala,2024-01-24,per149,http://datos.bcn.cl/recurso/persona/4541,4541,kenneth giorgio jackson drago,KENNETH GIORGIO JACKSON DRAGO,http://datos.bcn.cl/recurso/cl/documento/704058#per149,False,True,False
2,http://datos.bcn.cl/recurso/cl/documento/704058,1.13. Discusión en Sala,2024-01-24,per63,http://datos.bcn.cl/recurso/persona/4540,4540,renzo aldo trisotti martinez,RENZO ALDO TRISOTTI MARTINEZ,http://datos.bcn.cl/recurso/cl/documento/704058#per63,True,True,False
2,http://datos.bcn.cl/recurso/cl/documento/704058,1.13. Discusión en Sala,2024-01-24,per238,http://datos.bcn.cl/recurso/persona/3405,3405,jorge eduardo ibanez vergara,JORGE EDUARDO IBANEZ VERGARA,http://datos.bcn.cl/recurso/cl/documento/704058#per238,False,False,False
2,http://datos.bcn.cl/recurso/cl/documento/704058,1.13. Discusión en Sala,2024-01-24,per28,http://datos.bcn.cl/recurso/persona/4546,4546,andres celis montt,ANDRES CELIS MONTT,http://datos.bcn.cl/recurso/cl/documento/704058#per28,True,False,False
2,http://datos.bcn.cl/recurso/cl/documento/704058,1.13. Discusión en Sala,2024-01-24,per42,http://datos.bcn.cl/recurso/persona/4549,4549,cristobal urruticoechea rios,CRISTOBAL URRUTICOECHEA RIOS,http://datos.bcn.cl/recurso/cl/documento/704058#per42,True,False,False
2,http://datos.bcn.cl/recurso/cl/documento/704058,1.13. Discusión en Sala,2024-01-24,per141,http://datos.bcn.cl/recurso/persona/1121,1121,juan efrain ojeda ojeda,JUAN EFRAIN OJEDA OJEDA,http://datos.bcn.cl/recurso/cl/documento/704058#per141,True,False,False
2,http://datos.bcn.cl/recurso/cl/documento/704058,1.13. Discusión en Sala,2024-01-24,per23,http://datos.bcn.cl/recurso/persona/4548,4548,claudia nathalie mix jimenez,CLAUDIA NATHALIE MIX JIMENEZ,http://datos.bcn.cl/recurso/cl/documento/704058#per23,True,True,False
2,http://datos.bcn.cl/recurso/cl/documento/704058,1.13. Discusión en Sala,2024-01-24,per171,http://datos.bcn.cl/recurso/persona/4543,4543,juan antonio coloma alamos,JUAN ANTONIO COLOMA ALAMOS,http://datos.bcn.cl/recurso/cl/documento/704058#per171,False,False,False
2,http://datos.bcn.cl/recurso/cl/documento/704058,1.13. Discusión en Sala,2024-01-24,per146,http://datos.bcn.cl/recurso/persona/4545,4545,alexis sepulveda soto,ALEXIS SEPULVEDA SOTO,http://datos.bcn.cl/recurso/cl/documento/704058#per146,True,False,False
2,http://datos.bcn.cl/recurso/cl/documento/704058,1.13. Discusión en Sala,2024-01-24,per136,http://datos.bcn.cl/recurso/persona/665,665,rufo ruiz esquide espinoza,RUFO RUIZ ESQUIDE ESPINOZA,http://datos.bcn.cl/recurso/cl/documento/704058#per136,True,False,False
2,http://datos.bcn.cl/recurso/cl/documento/704058,1.13. Discusión en Sala,2024-01-24,per41,http://datos.bcn.cl/recurso/persona/5201,5201,daniel manouchehri lobos,DANIEL MANOUCHEHRI LOBOS,http://datos.bcn.cl/recurso/cl/documento/704058#per41,True,True,False
2,http://datos.bcn.cl/recurso/cl/documento/704058,1.13. Discusión en Sala,2024-01-24,per0,http://datos.bcn.cl/recurso/persona/5200,5200,ricardo cifuentes lillo,RICARDO CIFUENTES LILLO,http://datos.bcn.cl/recurso/cl/documento/704058#per0,False,False,False
2,http://datos.bcn.cl/recurso/cl/documento/704058,1.13. Discusión en Sala,2024-01-24,per60,http://datos.bcn.cl/recurso/persona/3688,3688,alejandro navarro brain,ALEJANDRO NAVARRO BRAIN,http://datos.bcn.cl/recurso/cl/documento/704058#per60,True,False,False
2,http://datos.bcn.cl/recurso/cl/documento/704058,1.13. Discusión en Sala,2024-01-24,per12,http://datos.bcn.cl/recurso/persona/4929,4929,nelson fredy opazo lopez,NELSON FREDY OPAZO LOPEZ,http://datos.bcn.cl/recurso/cl/documento/704058#per12,True,False,False
2,http://datos.bcn.cl/recurso/cl/documento/704058,1.13. Discusión en Sala,2024-01-24,per139,http://datos.bcn.cl/recurso/persona/5209,5209,daniela serrano salazar,DANIELA SERRANO SALAZAR,http://datos.bcn.cl/recurso/cl/documento/704058#per139,True,False,False
2,http://datos.bcn.cl/recurso/cl/documento/704058,1.13. Discusión en Sala,2024-01-24,per40,http://datos.bcn.cl/recurso/persona/5208,5208,monica arce castro,MONICA ARCE CASTRO,http://datos.bcn.cl/recurso/cl/documento/704058#per40,True,False,False
2,http://datos.bcn.cl/recurso/cl/documento/704058,1.13. Discusión en Sala,2024-01-24,per191,http://datos.bcn.cl/recurso/persona/5207,5207,hernan palma perez,HERNAN PALMA PEREZ,http://datos.bcn.cl/recurso/cl/documento/704058#per191,False,False,False
2,http://datos.bcn.cl/recurso/cl/documento/704058,1.13. Discusión en Sala,2024-01-24,per223,http://datos.bcn.cl/recurso/persona/5004,5004,lorena catalina olavarria baeza,LORENA CATALINA OLAVARRIA BAEZA,http://datos.bcn.cl/recurso/cl/documento/704058#per223,False,False,False
2,http://datos.bcn.cl/recurso/cl/documento/704058,1.13. Discusión en Sala,2024-01-24,per177,http://datos.bcn.cl/recurso/persona/5206,5206,carolina tello rojas,CAROLINA TELLO ROJAS,http://datos.bcn.cl/recurso/cl/documento/704058#per177,False,False,False
2,http://datos.bcn.cl/recurso/cl/documento/704058,1.13. Discusión en Sala,2024-01-24,per161,http://datos.bcn.cl/recurso/persona/5205,5205,nathalie castillo rojas,NATHALIE CASTILLO ROJAS,http://datos.bcn.cl/recurso/cl/documento/704058#per161,False,False,False
2,http://datos.bcn.cl/recurso/cl/documento/704058,1.13. Discusión en Sala,2024-01-24,per73,http://datos.bcn.cl/recurso/persona/5204,5204,marcia raphael mora,MARCIA RAPHAEL MORA,http://datos.bcn.cl/recurso/cl/documento/704058#per73,True,False,False
2,http://datos.bcn.cl/recurso/cl/documento/704058,1.13. Discusión en Sala,2024-01-24,per104,http://datos.bcn.cl/recurso/persona/1686,1686,silvia costa espinoza,SILVIA COSTA ESPINOZA,http://datos.bcn.cl/recurso/cl/documento/704058#per104,True,True,False
2,http://datos.bcn.cl/recurso/cl/documento/704058,1.13. Discusión en Sala,2024-01-24,per118,http://datos.bcn.cl/recurso/persona/2021,2021,andres chadwick pinera,ANDRES CHADWICK PINERA,http://datos.bcn.cl/recurso/cl/documento/704058#per118,True,True,False
2,http://datos.bcn.cl/recurso/cl/documento/704058,1.13. Discusión en Sala,2024-01-24,per150,http://datos.bcn.cl/recurso/persona/5203,5203,cristian araya lerdo de tejada,CRISTIAN ARAYA LERDO DE TEJADA,http://datos.bcn.cl/recurso/cl/documento/704058#per150,False,False,False
2,http://datos.bcn.cl/recurso/cl/documento/704058,1.13. Discusión en Sala,2024-01-24,per108,http://datos.bcn.cl/recurso/persona/5202,5202,gonzalo de la carrera correa,GONZALO DE LA CARRERA CORREA,http://datos.bcn.cl/recurso/cl/documento/704058#per108,True,False,False
2,http://datos.bcn.cl/recurso/cl/documento/704058,1.13. Discusión en Sala,2024-01-24,per186,http://datos.bcn.cl/recurso/persona/4552,4552,alejandro javier bernales maldonado,ALEJANDRO JAVIER BERNALES MALDONADO,http://datos.bcn.cl/recurso/cl/documento/704058#per186,False,True,False
2,http://datos.bcn.cl/recurso/cl/documento/704058,1.13. Discusión en Sala,2024-01-24,per9,http://datos.bcn.cl/recurso/persona/4551,4551,diego eduardo ibanez cotroneo,DIEGO EDUARDO IBANEZ COTRONEO,http://datos.bcn.cl/recurso/cl/documento/704058#per9,True,True,False
2,http://datos.bcn.cl/recurso/cl/documento/704058,1.13. Discusión en Sala,2024-01-24,per47,http://datos.bcn.cl/recurso/persona/4550,4550,marta carolina marzan pinto,MARTA CAROLINA MARZAN PINTO,http://datos.bcn.cl/recurso/cl/documento/704058#per47,True,True,False
2,http://datos.bcn.cl/recurso/cl/documento/704058,1.13. Discusión en Sala,2024-01-24,per50,http://datos.bcn.cl/recurso/persona/1012,1012,littre quiroga arenas,LITTRE QUIROGA ARENAS,http://datos.bcn.cl/recurso/cl/documento/704058#per50,True,False,False
2,http://datos.bcn.cl/recurso/cl/documento/704058,1.13. Discusión en Sala,2024-01-24,per239,http://datos.bcn.cl/recurso/persona/1014,1014,julio antonio gaston duran neumann,JULIO ANTONIO GASTON DURAN NEUMANN,http://datos.bcn.cl/recurso/cl/documento/704058#per239,False,False,False
2,http://datos.bcn.cl/recurso/cl/documento/704058,1.13. Discusión en Sala,2024-01-24,per138,http://datos.bcn.cl/recurso/persona/4691,4691,marco arellano ortega,MARCO ARELLANO ORTEGA,http://datos.bcn.cl/recurso/cl/documento/704058#per138,True,False,False
2,http://datos.bcn.cl/recurso/cl/documento/704058,1.13. Discusión en Sala,2024-01-24,per37,http://datos.bcn.cl/recurso/persona/4559,4559,andres longton herrera,ANDRES LONGTON HERRERA,http://datos.bcn.cl/recurso/cl/documento/704058#per37,True,True,False
2,http://datos.bcn.cl/recurso/cl/documento/704058,1.13. Discusión en Sala,2024-01-24,per225,http://datos.bcn.cl/recurso/persona/1112,1112,jose matias nunez malhue,JOSE MATIAS NUNEZ MALHUE,http://datos.bcn.cl/recurso/cl/documento/704058#per225,False,False,False
2,http://datos.bcn.cl/recurso/cl/documento/704058,1.13. Discusión en Sala,2024-01-24,per208,http://datos.bcn.cl/recurso/persona/4558,4558,alvaro jorge carter fernandez,ALVARO JORGE CARTER FERNANDEZ,http://datos.bcn.cl/recurso/cl/documento/704058#per208,False,False,False
2,http://datos.bcn.cl/recurso/cl/documento/704058,1.13. Discusión en Sala,2024-01-24,per244,http://datos.bcn.cl/recurso/persona/4693,4693,natalia henriquez carreno,NATALIA HENRIQUEZ CARRENO,http://datos.bcn.cl/recurso/cl/documento/704058#per244,False,False,False
2,http://datos.bcn.cl/recurso/cl/documento/704058,1.13. Discusión en Sala,2024-01-24,per49,http://datos.bcn.cl/recurso/persona/4554,4554,felix marcelo gonzalez gatica,FELIX MARCELO GONZALEZ GATICA,http://datos.bcn.cl/recurso/cl/documento/704058#per49,True,True,False
2,http://datos.bcn.cl/recurso/cl/documento/704058,1.13. Discusión en Sala,2024-01-24,per148,http://datos.bcn.cl/recurso/persona/2247,2247,hermogenes labbe labbe,HERMOGENES LABBE LABBE,http://datos.bcn.cl/recurso/cl/documento/704058#per148,False,False,False
2,http://datos.bcn.cl/recurso/cl/documento/704058,1.13. Discusión en Sala,2024-01-24,per169,http://datos.bcn.cl/recurso/persona/4553,4553,emilia iris nuyado ancapichun,EMILIA IRIS NUYADO ANCAPICHUN,http://datos.bcn.cl/recurso/cl/documento/704058#per169,False,False,False
2,http://datos.bcn.cl/recurso/cl/documento/704058,1.13. Discusión en Sala,2024-01-24,per163,http://datos.bcn.cl/recurso/persona/4936,4936,juan javier rocha aguilera,JUAN JAVIER ROCHA AGUILERA,http://datos.bcn.cl/recurso/cl/documento/704058#per163,False,False,False
2,http://datos.bcn.cl/recurso/cl/documento/704058,1.13. Discusión en Sala,2024-01-24,per116,http://datos.bcn.cl/recurso/persona/4030,4030,felipe jose kast sommerhoff,FELIPE JOSE KAST SOMMERHOFF,http://datos.bcn.cl/recurso/cl/documento/704058#per116,True,True,False
2,http://datos.bcn.cl/recurso/cl/documento/704058,1.13. Discusión en Sala,2024-01-24,per222,http://datos.bcn.cl/recurso/persona/2939,2939,luis bossay leiva,LUIS BOSSAY LEIVA,http://datos.bcn.cl/recurso/cl/documento/704058#per222,False,False,False
2,http://datos.bcn.cl/recurso/cl/documento/704058,1.13. Discusión en Sala,2024-01-24,per36,http://datos.bcn.cl/recurso/persona/4561,4561,catalina del real mihovilovic,CATALINA DEL REAL MIHOVILOVIC,http://datos.bcn.cl/recurso/cl/documento/704058#per36,True,False,False
2,http://datos.bcn.cl/recurso/cl/documento/704058,1.13. Discusión en Sala,2024-01-24,per129,http://datos.bcn.cl/recurso/persona/4560,4560,boris anthony barrera moreno,BORIS ANTHONY BARRERA MORENO,http://datos.bcn.cl/recurso/cl/documento/704058#per129,False,True,False
2,http://datos.bcn.cl/recurso/cl/documento/704058,1.13. Discusión en Sala,2024-01-24,per189,http://datos.bcn.cl/recurso/persona/1274,1274,carlos bianchi chelech,CARLOS BIANCHI CHELECH,http://datos.bcn.cl/recurso/cl/documento/704058#per189,False,True,False
2,http://datos.bcn.cl/recurso/cl/documento/704058,1.13. Discusión en Sala,2024-01-24,per210,http://datos.bcn.cl/recurso/persona/4563,4563,juan francisco undurraga gazitua,JUAN FRANCISCO UNDURRAGA GAZITUA,http://datos.bcn.cl/recurso/cl/documento/704058#per210,False,True,False
2,http://datos.bcn.cl/recurso/cl/documento/704058,1.13. Discusión en Sala,2024-01-24,per125,http://datos.bcn.cl/recurso/persona/4562,4562,cosme leopoldo mellado pino,COSME LEOPOLDO MELLADO PINO,http://datos.bcn.cl/recurso/cl/documento/704058#per125,True,False,False
2,http://datos.bcn.cl/recurso/cl/documento/704058,1.13. Discusión en Sala,2024-01-24,per160,http://datos.bcn.cl/recurso/persona/4565,4565,joanna elena perez olea,JOANNA ELENA PEREZ OLEA,http://datos.bcn.cl/recurso/cl/documento/704058#per160,False,True,False
2,http://datos.bcn.cl/recurso/cl/documento/704058,1.13. Discusión en Sala,2024-01-24,per199,http://datos.bcn.cl/recurso/persona/4564,4564,hugo vicente rey martinez,HUGO VICENTE REY MARTINEZ,http://datos.bcn.cl/recurso/cl/documento/704058#per199,False,False,False
2,http://datos.bcn.cl/recurso/cl/documento/704058,1.13. Discusión en Sala,2024-01-24,per203,http://datos.bcn.cl/recurso/persona/4568,4568,juan manuel fuenzalida cobo,JUAN MANUEL FUENZALIDA COBO,http://datos.bcn.cl/recurso/cl/documento/704058#per203,False,False,False
2,http://datos.bcn.cl/recurso/cl/documento/704058,1.13. Discusión en Sala,2024-01-24,per15,http://datos.bcn.cl/recurso/persona/5024,5024,hernan andres ahumada ahumada,HERNAN ANDRES AHUMADA AHUMADA,http://datos.bcn.cl/recurso/cl/documento/704058#per15,True,False,False
2,http://datos.bcn.cl/recurso/cl/documento/704058,1.13. Discusión en Sala,2024-01-24,per32,http://datos.bcn.cl/recurso/persona/3669,3669,frank carlos sauerbaum munoz,FRANK CARLOS SAUERBAUM MUNOZ,http://datos.bcn.cl/recurso/cl/documento/704058#per32,True,True,False
2,http://datos.bcn.cl/recurso/cl/documento/704058,1.13. Discusión en Sala,2024-01-24,per155,http://datos.bcn.cl/recurso/persona/5223,5223,ana bravo castro,ANA BRAVO CASTRO,http://datos.bcn.cl/recurso/cl/documento/704058#per155,False,True,False
2,http://datos.bcn.cl/recurso/cl/documento/704058,1.13. Discusión en Sala,2024-01-24,per5,http://datos.bcn.cl/recurso/persona/5222,5222,tomas de rementeria venegas,TOMAS DE REMENTERIA VENEGAS,http://datos.bcn.cl/recurso/cl/documento/704058#per5,True,True,False
2,http://datos.bcn.cl/recurso/cl/documento/704058,1.13. Discusión en Sala,2024-01-24,per172,http://datos.bcn.cl/recurso/persona/2524,2524,carlos jose errazuriz eyzaguirre,CARLOS JOSE ERRAZURIZ EYZAGUIRRE,http://datos.bcn.cl/recurso/cl/documento/704058#per172,False,False,False
2,http://datos.bcn.cl/recurso/cl/documento/704058,1.13. Discusión en Sala,2024-01-24,per174,http://datos.bcn.cl/recurso/persona/5221,5221,lorena pizarro sierra,LORENA PIZARRO SIERRA,http://datos.bcn.cl/recurso/cl/documento/704058#per174,False,False,False
2,http://datos.bcn.cl/recurso/cl/documento/704058,1.13. Discusión en Sala,2024-01-24,per61,http://datos.bcn.cl/recurso/persona/5227,5227,juan irarrazaval rossel,JUAN IRARRAZAVAL ROSSEL,http://datos.bcn.cl/recurso/cl/documento/704058#per61,True,False,False
2,http://datos.bcn.cl/recurso/cl/documento/704058,1.13. Discusión en Sala,2024-01-24,per140,http://datos.bcn.cl/recurso/persona/5226,5226,mauricio ojeda rebolledo,MAURICIO OJEDA REBOLLEDO,http://datos.bcn.cl/recurso/cl/documento/704058#per140,True,False,False
2,http://datos.bcn.cl/recurso/cl/documento/704058,1.13. Discusión en Sala,2024-01-24,per74,http://datos.bcn.cl/recurso/persona/1812,1812,carolina toha morales,CAROLINA TOHA MORALES,http://datos.bcn.cl/recurso/cl/documento/704058#per74,True,False,False
2,http://datos.bcn.cl/recurso/cl/documento/704058,1.13. Discusión en Sala,2024-01-24,per22,http://datos.bcn.cl/recurso/persona/5225,5225,ericka nanco vasquez,ERICKA NANCO VASQUEZ,http://datos.bcn.cl/recurso/cl/documento/704058#per22,True,False,False
2,http://datos.bcn.cl/recurso/cl/documento/704058,1.13. Discusión en Sala,2024-01-24,per43,http://datos.bcn.cl/recurso/persona/5224,5224,tomas lagomarsino guzman,TOMAS LAGOMARSINO GUZMAN,http://datos.bcn.cl/recurso/cl/documento/704058#per43,True,False,False
2,http://datos.bcn.cl/recurso/cl/documento/704058,1.13. Discusión en Sala,2024-01-24,per224,http://datos.bcn.cl/recurso/persona/5029,5029,nibaldo favio meza garfia,NIBALDO FAVIO MEZA GARFIA,http://datos.bcn.cl/recurso/cl/documento/704058#per224,False,True,False
2,http://datos.bcn.cl/recurso/cl/documento/704058,1.13. Discusión en Sala,2024-01-24,per99,http://datos.bcn.cl/recurso/persona/5229,5229,stephan schubert rubio,STEPHAN SCHUBERT RUBIO,http://datos.bcn.cl/recurso/cl/documento/704058#per99,True,False,False
2,http://datos.bcn.cl/recurso/cl/documento/704058,1.13. Discusión en Sala,2024-01-24,per204,http://datos.bcn.cl/recurso/persona/5228,5228,luis fernando sanchez ossa,LUIS FERNANDO SANCHEZ OSSA,http://datos.bcn.cl/recurso/cl/documento/704058#per204,False,True,False
2,http://datos.bcn.cl/recurso/cl/documento/704058,1.13. Discusión en Sala,2024-01-24,per144,http://datos.bcn.cl/recurso/persona/4570,4570,guillermo andres ramirez diez,GUILLERMO ANDRES RAMIREZ DIEZ,http://datos.bcn.cl/recurso/cl/documento/704058#per144,True,True,False
2,http://datos.bcn.cl/recurso/cl/documento/704058,1.13. Discusión en Sala,2024-01-24,per217,http://datos.bcn.cl/recurso/persona/4678,4678,raul celis montt,RAUL CELIS MONTT,http://datos.bcn.cl/recurso/cl/documento/704058#per217,False,False,False
2,http://datos.bcn.cl/recurso/cl/documento/704058,1.13. Discusión en Sala,2024-01-24,per17,http://datos.bcn.cl/recurso/persona/4572,4572,jorge elias brito hasbun,JORGE ELIAS BRITO HASBUN,http://datos.bcn.cl/recurso/cl/documento/704058#per17,True,True,False
2,http://datos.bcn.cl/recurso/cl/documento/704058,1.13. Discusión en Sala,2024-01-24,per164,http://datos.bcn.cl/recurso/persona/187,187,rojo edwards silva,ROJO EDWARDS SILVA,http://datos.bcn.cl/recurso/cl/documento/704058#per164,False,True,False
2,http://datos.bcn.cl/recurso/cl/documento/704058,1.13. Discusión en Sala,2024-01-24,per3,http://datos.bcn.cl/recurso/persona/4571,4571,miguel mellado suazo,MIGUEL MELLADO SUAZO,http://datos.bcn.cl/recurso/cl/documento/704058#per3,False,False,False
2,http://datos.bcn.cl/recurso/cl/documento/704058,1.13. Discusión en Sala,2024-01-24,per176,http://datos.bcn.cl/recurso/persona/1286,1286,pablo hoffmann thater,PABLO HOFFMANN THATER,http://datos.bcn.cl/recurso/cl/documento/704058#per176,False,False,False
2,http://datos.bcn.cl/recurso/cl/documento/704058,1.13. Discusión en Sala,2024-01-24,per184,http://datos.bcn.cl/recurso/persona/4578,4578,marisela santibanez novoa,MARISELA SANTIBANEZ NOVOA,http://datos.bcn.cl/recurso/cl/documento/704058#per184,False,False,False
2,http://datos.bcn.cl/recurso/cl/documento/704058,1.13. Discusión en Sala,2024-01-24,per190,http://datos.bcn.cl/recurso/persona/4576,4576,maite orsini pascal,MAITE ORSINI PASCAL,http://datos.bcn.cl/recurso/cl/documento/704058#per190,False,True,False
2,http://datos.bcn.cl/recurso/cl/documento/704058,1.13. Discusión en Sala,2024-01-24,per35,http://datos.bcn.cl/recurso/persona/4579,4579,sofia slovena cid versalovic,SOFIA SLOVENA CID VERSALOVIC,http://datos.bcn.cl/recurso/cl/documento/704058#per35,True,True,False
2,http://datos.bcn.cl/recurso/cl/documento/704058,1.13. Discusión en Sala,2024-01-24,per132,http://datos.bcn.cl/recurso/persona/2532,2532,radomiro tomic romero,RADOMIRO TOMIC ROMERO,http://datos.bcn.cl/recurso/cl/documento/704058#per132,True,False,False
2,http://datos.bcn.cl/recurso/cl/documento/704058,1.13. Discusión en Sala,2024-01-24,per179,http://datos.bcn.cl/recurso/persona/5210,5210,jaime saez quiroz,JAIME SAEZ QUIROZ,http://datos.bcn.cl/recurso/cl/documento/704058#per179,False,False,False
2,http://datos.bcn.cl/recurso/cl/documento/704058,1.13. Discusión en Sala,2024-01-24,per82,http://datos.bcn.cl/recurso/persona/4471,4471,miguel landeros perki?,MIGUEL LANDEROS PERKI,http://datos.bcn.cl/recurso/cl/documento/704058#per82,True,True,False
2,http://datos.bcn.cl/recurso/cl/documento/704058,1.13. Discusión en Sala,2024-01-24,per70,http://datos.bcn.cl/recurso/persona/5212,5212,hector ulloa aguilera,HECTOR ULLOA AGUILERA,http://datos.bcn.cl/recurso/cl/documento/704058#per70,True,True,False
2,http://datos.bcn.cl/recurso/cl/documento/704058,1.13. Discusión en Sala,2024-01-24,per102,http://datos.bcn.cl/recurso/persona/4788,4788,elisa loncon,ELISA LONCON,http://datos.bcn.cl/recurso/cl/documento/704058#per102,True,False,False
2,http://datos.bcn.cl/recurso/cl/documento/704058,1.13. Discusión en Sala,2024-01-24,per84,http://datos.bcn.cl/recurso/persona/5211,5211,ana maria gazmuri vieira,ANA MARIA GAZMURI VIEIRA,http://datos.bcn.cl/recurso/cl/documento/704058#per84,True,False,False
2,http://datos.bcn.cl/recurso/cl/documento/704058,1.13. Discusión en Sala,2024-01-24,per34,http://datos.bcn.cl/recurso/persona/4789,4789,natividad llanquileo,NATIVIDAD LLANQUILEO,http://datos.bcn.cl/recurso/cl/documento/704058#per34,True,False,False
2,http://datos.bcn.cl/recurso/cl/documento/704058,1.13. Discusión en Sala,2024-01-24,per249,http://datos.bcn.cl/recurso/persona/5214,5214,mauro gonzalez villaroel,MAURO GONZALEZ VILLAROEL,http://datos.bcn.cl/recurso/cl/documento/704058#per249,False,False,False
2,http://datos.bcn.cl/recurso/cl/documento/704058,1.13. Discusión en Sala,2024-01-24,per206,http://datos.bcn.cl/recurso/persona/5213,5213,fernando borquez montecinos,FERNANDO BORQUEZ MONTECINOS,http://datos.bcn.cl/recurso/cl/documento/704058#per206,False,False,False
2,http://datos.bcn.cl/recurso/cl/documento/704058,1.13. Discusión en Sala,2024-01-24,per89,http://datos.bcn.cl/recurso/persona/5216,5216,daniel lilayu vivanco,DANIEL LILAYU VIVANCO,http://datos.bcn.cl/recurso/cl/documento/704058#per89,True,False,False
2,http://datos.bcn.cl/recurso/cl/documento/704058,1.13. Discusión en Sala,2024-01-24,per91,http://datos.bcn.cl/recurso/persona/5215,5215,hector barria angulo,HECTOR BARRIA ANGULO,http://datos.bcn.cl/recurso/cl/documento/704058#per91,True,False,False
2,http://datos.bcn.cl/recurso/cl/documento/704058,1.13. Discusión en Sala,2024-01-24,per168,http://datos.bcn.cl/recurso/persona/5218,5218,chiara barchiesi chavez,CHIARA BARCHIESI CHAVEZ,http://datos.bcn.cl/recurso/cl/documento/704058#per168,False,True,False
2,http://datos.bcn.cl/recurso/cl/documento/704058,1.13. Discusión en Sala,2024-01-24,per195,http://datos.bcn.cl/recurso/persona/5217,5217,nelson venegas salazar,NELSON VENEGAS SALAZAR,http://datos.bcn.cl/recurso/cl/documento/704058#per195,False,True,False
2,http://datos.bcn.cl/recurso/cl/documento/704058,1.13. Discusión en Sala,2024-01-24,per6,http://datos.bcn.cl/recurso/persona/5219,5219,maria francisca bello campos,MARIA FRANCISCA BELLO CAMPOS,http://datos.bcn.cl/recurso/cl/documento/704058#per6,True,False,False
2,http://datos.bcn.cl/recurso/cl/documento/704058,1.13. Discusión en Sala,2024-01-24,perZTA2SZ45,http://datos.bcn.cl/recurso/persona/4588,4588,juan enrique castro prieto,JUAN ENRIQUE CASTRO PRIETO,http://datos.bcn.cl/recurso/cl/documento/704058#perZTA2SZ45,False,True,False
3,http://datos.bcn.cl/recurso/cl/documento/706982,2.4. Discusión en Sala,2025-01-27,per108,,,,,http://datos.bcn.cl/recurso/cl/documento/706982#per108,True,False,False
3,http://datos.bcn.cl/recurso/cl/documento/706982,2.4. Discusión en Sala,2025-01-27,PersonaAut2,http://datos.bcn.cl/recurso/persona/1778,1778,juan antonio coloma correa,JUAN ANTONIO COLOMA CORREA,http://datos.bcn.cl/recurso/cl/documento/706982#PersonaAut2,False,True,False
3,http://datos.bcn.cl/recurso/cl/documento/706982,2.4. Discusión en Sala,2025-01-27,PersonaAut3,http://datos.bcn.cl/recurso/persona/4030,4030,felipe jose kast sommerhoff,FELIPE JOSE KAST SOMMERHOFF,http://datos.bcn.cl/recurso/cl/documento/706982#PersonaAut3,False,True,False
3,http://datos.bcn.cl/recurso/cl/documento/706982,2.4. Discusión en Sala,2025-01-27,PersonaAut4,http://datos.bcn.cl/recurso/persona/187,187,rojo edwards silva,ROJO EDWARDS SILVA,http://datos.bcn.cl/recurso/cl/documento/706982#PersonaAut4,False,True,False
3,http://datos.bcn.cl/recurso/cl/documento/706982,2.4. Discusión en Sala,2025-01-27,PersonaAut5,http://datos.bcn.cl/recurso/persona/339,339,pedro araya guerrero,PEDRO ARAYA GUERRERO,http://datos.bcn.cl/recurso/cl/documento/706982#PersonaAut5,False,False,False
3,http://datos.bcn.cl/recurso/cl/documento/706982,2.4. Discusión en Sala,2025-01-27,PersonaAut6,http://datos.bcn.cl/recurso/persona/3735,3735,matias vicente walker prieto,MATIAS VICENTE WALKER PRIETO,http://datos.bcn.cl/recurso/cl/documento/706982#PersonaAut6,False,False,False
3,http://datos.bcn.cl/recurso/cl/documento/706982,2.4. Discusión en Sala,2025-01-27,PersonaAut7,http://datos.bcn.cl/recurso/persona/3494,3494,maria isabel allende bussi,MARIA ISABEL ALLENDE BUSSI,http://datos.bcn.cl/recurso/cl/documento/706982#PersonaAut7,False,False,False
3,http://datos.bcn.cl/recurso/cl/documento/706982,2.4. Discusión en Sala,2025-01-27,PersonaAut8,http://datos.bcn.cl/recurso/persona/4601,4601,gaston rene saavedra chandia,GASTON RENE SAAVEDRA CHANDIA,http://datos.bcn.cl/recurso/cl/documento/706982#PersonaAut8,False,False,False
3,http://datos.bcn.cl/recurso/cl/documento/706982,2.4. Discusión en Sala,2025-01-27,PersonaAut9,http://datos.bcn.cl/recurso/persona/279,279,jose gilberto garcia ruminot,JOSE GILBERTO GARCIA RUMINOT,http://datos.bcn.cl/recurso/cl/documento/706982#PersonaAut9,False,False,False
3,http://datos.bcn.cl/recurso/cl/documento/706982,2.4. Discusión en Sala,2025-01-27,PersonaAut10,http://datos.bcn.cl/recurso/persona/3399,3399,juan luis castro gonzalez,JUAN LUIS CASTRO GONZALEZ,http://datos.bcn.cl/recurso/cl/documento/706982#PersonaAut10,False,False,False
3,http://datos.bcn.cl/recurso/cl/documento/706982,2.4. Discusión en Sala,2025-01-27,PersonaAut11,http://datos.bcn.cl/recurso/persona/4593,4593,carmen gloria aravena acuna,CARMEN GLORIA ARAVENA ACUNA,http://datos.bcn.cl/recurso/cl/documento/706982#PersonaAut11,False,False,False
3,http://datos.bcn.cl/recurso/cl/documento/706982,2.4. Discusión en Sala,2025-01-27,PersonaAut12,http://datos.bcn.cl/recurso/persona/1713,1713,ivan alejandro moreira barros,IVAN ALEJANDRO MOREIRA BARROS,http://datos.bcn.cl/recurso/cl/documento/706982#PersonaAut12,False,False,False
3,http://datos.bcn.cl/recurso/cl/documento/706982,2.4. Discusión en Sala,2025-01-27,PersonaAut13,http://datos.bcn.cl/recurso/persona/1646,1646,david sergio sandoval plaza,DAVID SERGIO SANDOVAL PLAZA,http://datos.bcn.cl/recurso/cl/documento/706982#PersonaAut13,False,True,False
3,http://datos.bcn.cl/recurso/cl/documento/706982,2.4. Discusión en Sala,2025-01-27,PersonaAut14,http://datos.bcn.cl/recurso/persona/4589,4589,luz eliana ebensperger orrego,LUZ ELIANA EBENSPERGER ORREGO,http://datos.bcn.cl/recurso/cl/documento/706982#PersonaAut14,False,False,False
3,http://datos.bcn.cl/recurso/cl/documento/706982,2.4. Discusión en Sala,2025-01-27,PersonaAut15,http://datos.bcn.cl/recurso/persona/4542,4542,paulina andrea nunez urrutia,PAULINA ANDREA NUNEZ URRUTIA,http://datos.bcn.cl/recurso/cl/documento/706982#PersonaAut15,False,True,False
3,http://datos.bcn.cl/recurso/cl/documento/706982,2.4. Discusión en Sala,2025-01-27,PersonaAut16,http://datos.bcn.cl/recurso/persona/1438,1438,fidel edgardo espinoza sandoval,FIDEL EDGARDO ESPINOZA SANDOVAL,http://datos.bcn.cl/recurso/cl/documento/706982#PersonaAut16,False,False,False
3,http://datos.bcn.cl/recurso/cl/documento/706982,2.4. Discusión en Sala,2025-01-27,PersonaAut17,http://datos.bcn.cl/recurso/persona/3069,3069,carlos ignacio kuschel silva,CARLOS IGNACIO KUSCHEL SILVA,http://datos.bcn.cl/recurso/cl/documento/706982#PersonaAut17,False,False,False
3,http://datos.bcn.cl/recurso/cl/documento/706982,2.4. Discusión en Sala,2025-01-27,PersonaAut18,http://datos.bcn.cl/recurso/persona/2717,2717,alejandra amalia sepulveda orbenes,ALEJANDRA AMALIA SEPULVEDA ORBENES,http://datos.bcn.cl/recurso/cl/documento/706982#PersonaAut18,False,False,False
3,http://datos.bcn.cl/recurso/cl/documento/706982,2.4. Discusión en Sala,2025-01-27,PersonaAut19,http://datos.bcn.cl/recurso/persona/5196,5196,maria jose gatica bertin,MARIA JOSE GATICA BERTIN,http://datos.bcn.cl/recurso/cl/documento/706982#PersonaAut19,False,True,False
3,http://datos.bcn.cl/recurso/cl/documento/706982,2.4. Discusión en Sala,2025-01-27,PersonaAut20,http://datos.bcn.cl/recurso/persona/5197,5197,alejandro kusanovic glusevic,ALEJANDRO KUSANOVIC GLUSEVIC,http://datos.bcn.cl/recurso/cl/documento/706982#PersonaAut20,False,False,False
3,http://datos.bcn.cl/recurso/cl/documento/706982,2.4. Discusión en Sala,2025-01-27,PersonaAut21,http://datos.bcn.cl/recurso/persona/1570,1570,jaime daniel quintana leal,JAIME DANIEL QUINTANA LEAL,http://datos.bcn.cl/recurso/cl/documento/706982#PersonaAut21,False,False,False
3,http://datos.bcn.cl/recurso/cl/documento/706982,2.4. Discusión en Sala,2025-01-27,PersonaAut22,http://datos.bcn.cl/recurso/persona/5303,5303,paulina vodanovic rojas,PAULINA VODANOVIC ROJAS,http://datos.bcn.cl/recurso/cl/documento/706982#PersonaAut22,False,False,False
3,http://datos.bcn.cl/recurso/cl/documento/706982,2.4. Discusión en Sala,2025-01-27,PersonaAut23,http://datos.bcn.cl/recurso/persona/1925,1925,alfonso de urresti longton,ALFONSO DE URRESTI LONGTON,http://datos.bcn.cl/recurso/cl/documento/706982#PersonaAut23,False,True,False
3,http://datos.bcn.cl/recurso/cl/documento/706982,2.4. Discusión en Sala,2025-01-27,PersonaAut24,http://datos.bcn.cl/recurso/persona/2362,2362,ximena cecilia rincon gonzalez,XIMENA CECILIA RINCON GONZALEZ,http://datos.bcn.cl/recurso/cl/documento/706982#PersonaAut24,False,True,False
3,http://datos.bcn.cl/recurso/cl/documento/706982,2.4. Discusión en Sala,2025-01-27,PersonaAut25,http://datos.bcn.cl/recurso/persona/4141,4141,jose miguel insulza salinas,JOSE MIGUEL INSULZA SALINAS,http://datos.bcn.cl/recurso/cl/documento/706982#PersonaAut25,False,False,False
3,http://datos.bcn.cl/recurso/cl/documento/706982,2.4. Discusión en Sala,2025-01-27,PersonaAut26,http://datos.bcn.cl/recurso/persona/4606,4606,juan ignacio latorre riveros,JUAN IGNACIO LATORRE RIVEROS,http://datos.bcn.cl/recurso/cl/documento/706982#PersonaAut26,False,True,False
3,http://datos.bcn.cl/recurso/cl/documento/706982,2.4. Discusión en Sala,2025-01-27,PersonaAut27,http://datos.bcn.cl/recurso/persona/4633,4633,rodrigo galilea vial,RODRIGO GALILEA VIAL,http://datos.bcn.cl/recurso/cl/documento/706982#PersonaAut27,False,False,False
3,http://datos.bcn.cl/recurso/cl/documento/706982,2.4. Discusión en Sala,2025-01-27,PersonaAut28,http://datos.bcn.cl/recurso/persona/4599,4599,esteban jorge velasquez nunez,ESTEBAN JORGE VELASQUEZ NUNEZ,http://datos.bcn.cl/recurso/cl/documento/706982#PersonaAut28,False,False,False
3,http://datos.bcn.cl/recurso/cl/documento/706982,2.4. Discusión en Sala,2025-01-27,PersonaAut29,http://datos.bcn.cl/recurso/persona/5193,5193,claudia pascual grau,CLAUDIA PASCUAL GRAU,http://datos.bcn.cl/recurso/cl/documento/706982#PersonaAut29,False,False,False
3,http://datos.bcn.cl/recurso/cl/documento/706982,2.4. Discusión en Sala,2025-01-27,PersonaAut30,http://datos.bcn.cl/recurso/persona/2281,2281,javier ignacio macaya danus,JAVIER IGNACIO MACAYA DANUS,http://datos.bcn.cl/recurso/cl/documento/706982#PersonaAut30,False,True,False
3,http://datos.bcn.cl/recurso/cl/documento/706982,2.4. Discusión en Sala,2025-01-27,PersonaAut31,http://datos.bcn.cl/recurso/persona/4504,4504,sergio alfredo gahona salazar,SERGIO ALFREDO GAHONA SALAZAR,http://datos.bcn.cl/recurso/cl/documento/706982#PersonaAut31,False,False,False
3,http://datos.bcn.cl/recurso/cl/documento/706982,2.4. Discusión en Sala,2025-01-27,PersonaAut32,http://datos.bcn.cl/recurso/persona/4605,4605,karim antonio bianchi retamales,KARIM ANTONIO BIANCHI RETAMALES,http://datos.bcn.cl/recurso/cl/documento/706982#PersonaAut32,False,False,False
3,http://datos.bcn.cl/recurso/cl/documento/706982,2.4. Discusión en Sala,2025-01-27,PersonaAut33,http://datos.bcn.cl/recurso/persona/4591,4591,rafael prohens espinosa,RAFAEL PROHENS ESPINOSA,http://datos.bcn.cl/recurso/cl/documento/706982#PersonaAut33,False,False,False
3,http://datos.bcn.cl/recurso/cl/documento/706982,2.4. Discusión en Sala,2025-01-27,PersonaAut34,http://datos.bcn.cl/recurso/persona/3099,3099,ricardo andres lagos weber,RICARDO ANDRES LAGOS WEBER,http://datos.bcn.cl/recurso/cl/documento/706982#PersonaAut34,False,False,False
3,http://datos.bcn.cl/recurso/cl/documento/706982,2.4. Discusión en Sala,2025-01-27,PersonaAut35,http://datos.bcn.cl/recurso/persona/4592,4592,ximena loreto ordenes neira,XIMENA LORETO ORDENES NEIRA,http://datos.bcn.cl/recurso/cl/documento/706982#PersonaAut35,False,False,False
3,http://datos.bcn.cl/recurso/cl/documento/706982,2.4. Discusión en Sala,2025-01-27,PersonaAut36,http://datos.bcn.cl/recurso/persona/71,71,francisco huenchumilla jaramillo,FRANCISCO HUENCHUMILLA JARAMILLO,http://datos.bcn.cl/recurso/cl/documento/706982#PersonaAut36,False,False,False
3,http://datos.bcn.cl/recurso/cl/documento/706982,2.4. Discusión en Sala,2025-01-27,PersonaAut37,http://datos.bcn.cl/recurso/persona/4530,4530,ivan alberto flores garcia,IVAN ALBERTO FLORES GARCIA,http://datos.bcn.cl/recurso/cl/documento/706982#PersonaAut37,False,False,False
3,http://datos.bcn.cl/recurso/cl/documento/706982,2.4. Discusión en Sala,2025-01-27,PersonaAut38,http://datos.bcn.cl/recurso/persona/4623,4623,gustavo adolfo sanhueza duenas,GUSTAVO ADOLFO SANHUEZA DUENAS,http://datos.bcn.cl/recurso/cl/documento/706982#PersonaAut38,False,False,False
3,http://datos.bcn.cl/recurso/cl/documento/706982,2.4. Discusión en Sala,2025-01-27,PersonaAut39,http://datos.bcn.cl/recurso/persona/4569,4569,luciano cruz-coke carvallo,LUCIANO CRUZ COKE CARVALLO,http://datos.bcn.cl/recurso/cl/documento/706982#PersonaAut39,False,False,False
3,http://datos.bcn.cl/recurso/cl/documento/706982,2.4. Discusión en Sala,2025-01-27,PersonaAut40,http://datos.bcn.cl/recurso/persona/4323,4323,yasna provoste campillay,YASNA PROVOSTE CAMPILLAY,http://datos.bcn.cl/recurso/cl/documento/706982#PersonaAut40,False,False,False
3,http://datos.bcn.cl/recurso/cl/documento/706982,2.4. Discusión en Sala,2025-01-27,PersonaAut41,http://datos.bcn.cl/recurso/persona/4539,4539,maria loreto carvajal ambiado,MARIA LORETO CARVAJAL AMBIADO,http://datos.bcn.cl/recurso/cl/documento/706982#PersonaAut41,False,False,False
3,http://datos.bcn.cl/recurso/cl/documento/706982,2.4. Discusión en Sala,2025-01-27,PersonaAut42,http://datos.bcn.cl/recurso/persona/4513,4513,daniel ignacio nunez arancibia,DANIEL IGNACIO NUNEZ ARANCIBIA,http://datos.bcn.cl/recurso/cl/documento/706982#PersonaAut42,False,False,False
3,http://datos.bcn.cl/recurso/cl/documento/706982,2.4. Discusión en Sala,2025-01-27,PersonaAut43,http://datos.bcn.cl/recurso/persona/685,685,francisco javier chahuan chahuan,FRANCISCO JAVIER CHAHUAN CHAHUAN,http://datos.bcn.cl/recurso/cl/documento/706982#PersonaAut43,False,False,False
3,http://datos.bcn.cl/recurso/cl/documento/706982,2.4. Discusión en Sala,2025-01-27,PersonaAut52,http://datos.bcn.cl/recurso/persona/4595,4595,aracely andrea leuquen uribe,ARACELY ANDREA LEUQUEN URIBE,http://datos.bcn.cl/recurso/cl/documento/706982#PersonaAut52,False,False,False
3,http://datos.bcn.cl/recurso/cl/documento/706982,2.4. Discusión en Sala,2025-01-27,PersonaAut54,http://datos.bcn.cl/recurso/persona/5232,5232,ruben dario oyarzo figueroa,RUBEN DARIO OYARZO FIGUEROA,http://datos.bcn.cl/recurso/cl/documento/706982#PersonaAut54,False,True,False
3,http://datos.bcn.cl/recurso/cl/documento/706982,2.4. Discusión en Sala,2025-01-27,PersonaAut73,http://datos.bcn.cl/recurso/persona/4634,4634,jose miguel durana semir,JOSE MIGUEL DURANA SEMIR,http://datos.bcn.cl/recurso/cl/documento/706982#PersonaAut73,False,False,False
3,http://datos.bcn.cl/recurso/cl/documento/706982,2.4. Discusión en Sala,2025-01-27,PersonaAut87,http://datos.bcn.cl/recurso/persona/4521,4521,manuel jose ossandon irarrazabal,MANUEL JOSE OSSANDON IRARRAZABAL,http://datos.bcn.cl/recurso/cl/documento/706982#PersonaAut87,False,True,False
3,http://datos.bcn.cl/recurso/cl/documento/706982,2.4. Discusión en Sala,2025-01-27,PersonaAut95,http://datos.bcn.cl/recurso/persona/4577,4577,sebastian keitel bianchi,SEBASTIAN KEITEL BIANCHI,http://datos.bcn.cl/recurso/cl/documento/706982#PersonaAut95,False,False,False
3,http://datos.bcn.cl/recurso/cl/documento/706982,2.4. Discusión en Sala,2025-01-27,PersonaAut99,http://datos.bcn.cl/recurso/persona/2468,2468,alejandro bell,ALEJANDRO BELL,http://datos.bcn.cl/recurso/cl/documento/706982#PersonaAut99,False,True,False
3,http://datos.bcn.cl/recurso/cl/documento/706982,2.4. Discusión en Sala,2025-01-27,PersonaAut114,http://datos.bcn.cl/recurso/persona/4959,4959,jose enrique neira neira,JOSE ENRIQUE NEIRA NEIRA,http://datos.bcn.cl/recurso/cl/documento/706982#PersonaAut114,False,False,False
3,http://datos.bcn.cl/recurso/cl/documento/706982,2.4. Discusión en Sala,2025-01-27,PersonaAut125,http://datos.bcn.cl/recurso/persona/4620,4620,kenneth peter pugh olavarria,KENNETH PETER PUGH OLAVARRIA,http://datos.bcn.cl/recurso/cl/documento/706982#PersonaAut125,False,False,False
3,http://datos.bcn.cl/recurso/cl/documento/706982,2.4. Discusión en Sala,2025-01-27,PersonaAut135,http://datos.bcn.cl/recurso/persona/1835,1835,david marzan,DAVID MARZAN,http://datos.bcn.cl/recurso/cl/documento/706982#PersonaAut135,False,True,False
3,http://datos.bcn.cl/recurso/cl/documento/706982,2.4. Discusión en Sala,2025-01-27,PersonaAut141,http://datos.bcn.cl/recurso/persona/4619,4619,jorge alejandro soria quiroga,JORGE ALEJANDRO SORIA QUIROGA,http://datos.bcn.cl/recurso/cl/documento/706982#PersonaAut141,False,True,False
3,http://datos.bcn.cl/recurso/cl/documento/706982,2.4. Discusión en Sala,2025-01-27,PersonaAut144,http://datos.bcn.cl/recurso/persona/2128,2128,enrique van rysselberghe herrera,ENRIQUE VAN RYSSELBERGHE HERRERA,http://datos.bcn.cl/recurso/cl/documento/706982#PersonaAut144,False,False,False
3,http://datos.bcn.cl/recurso/cl/documento/706982,2.4. Discusión en Sala,2025-01-27,PersonaAut154,http://datos.bcn.cl/recurso/persona/362,362,mario arnello romo,MARIO ARNELLO ROMO,http://datos.bcn.cl/recurso/cl/documento/706982#PersonaAut154,False,True,False
3,http://datos.bcn.cl/recurso/cl/documento/706982,2.4. Discusión en Sala,2025-01-27,PersonaAut158,http://datos.bcn.cl/recurso/persona/4584,4584,alvaro antonio elizalde soto,ALVARO ANTONIO ELIZALDE SOTO,http://datos.bcn.cl/recurso/cl/documento/706982#PersonaAut158,False,True,False
3,http://datos.bcn.cl/recurso/cl/documento/706982,2.4. Discusión en Sala,2025-01-27,PersonaAut160,http://datos.bcn.cl/recurso/persona/5103,5103,jeannette isabel andrade ruiz,JEANNETTE ISABEL ANDRADE RUIZ,http://datos.bcn.cl/recurso/cl/documento/706982#PersonaAut160,False,True,False
3,http://datos.bcn.cl/recurso/cl/documento/706982,2.4. Discusión en Sala,2025-01-27,PersonaAut163,http://datos.bcn.cl/recurso/persona/5201,5201,daniel manouchehri lobos,DANIEL MANOUCHEHRI LOBOS,http://datos.bcn.cl/recurso/cl/documento/706982#PersonaAut163,False,True,False
3,http://datos.bcn.cl/recurso/cl/documento/706982,2.4. Discusión en Sala,2025-01-27,PersonaAut167,http://datos.bcn.cl/recurso/persona/4583,4583,patricio eduardo rosas barrientos,PATRICIO EDUARDO ROSAS BARRIENTOS,http://datos.bcn.cl/recurso/cl/documento/706982#PersonaAut167,False,True,False
3,http://datos.bcn.cl/recurso/cl/documento/706982,2.4. Discusión en Sala,2025-01-27,PersonaAut171,http://datos.bcn.cl/recurso/persona/4944,4944,fernando ariel oyarzun macias,FERNANDO ARIEL OYARZUN MACIAS,http://datos.bcn.cl/recurso/cl/documento/706982#PersonaAut171,False,True,False
3,http://datos.bcn.cl/recurso/cl/documento/706982,2.4. Discusión en Sala,2025-01-27,PersonaAut183,http://datos.bcn.cl/recurso/persona/5195,5195,fabiola campillai rojas,FABIOLA CAMPILLAI ROJAS,http://datos.bcn.cl/recurso/cl/documento/706982#PersonaAut183,False,False,False
3,http://datos.bcn.cl/recurso/cl/documento/706982,2.4. Discusión en Sala,2025-01-27,PersonaAut203,http://datos.bcn.cl/recurso/persona/4588,4588,juan enrique castro prieto,JUAN ENRIQUE CASTRO PRIETO,http://datos.bcn.cl/recurso/cl/documento/706982#PersonaAut203,False,True,False
3,http://datos.bcn.cl/recurso/cl/documento/706982,2.4. Discusión en Sala,2025-01-27,PersonaAut224,http://datos.bcn.cl/recurso/persona/1470,1470,rene manuel garcia garcia,RENE MANUEL GARCIA GARCIA,http://datos.bcn.cl/recurso/cl/documento/706982#PersonaAut224,False,False,False
3,http://datos.bcn.cl/recurso/cl/documento/706982,2.4. Discusión en Sala,2025-01-27,PersonaAut233,http://datos.bcn.cl/recurso/persona/2891,2891,rolando merino reyes,ROLANDO MERINO REYES,http://datos.bcn.cl/recurso/cl/documento/706982#PersonaAut233,False,False,False
3,http://datos.bcn.cl/recurso/cl/documento/706982,2.4. Discusión en Sala,2025-01-27,PersonaAut236,http://datos.bcn.cl/recurso/persona/5066,5066,luis heriberto macias demarchi,LUIS HERIBERTO MACIAS DEMARCHI,http://datos.bcn.cl/recurso/cl/documento/706982#PersonaAut236,False,True,False
3,http://datos.bcn.cl/recurso/cl/documento/706982,2.4. Discusión en Sala,2025-01-27,PersonaAut253,http://datos.bcn.cl/recurso/persona/1695,1695,luis rozas ariztia,LUIS ROZAS ARIZTIA,http://datos.bcn.cl/recurso/cl/documento/706982#PersonaAut253,False,False,False
3,http://datos.bcn.cl/recurso/cl/documento/706982,2.4. Discusión en Sala,2025-01-27,PersonaAut259,http://datos.bcn.cl/recurso/persona/5255,5255,jorge guzman zepeda,JORGE GUZMAN ZEPEDA,http://datos.bcn.cl/recurso/cl/documento/706982#PersonaAut259,False,True,False
3,http://datos.bcn.cl/recurso/cl/documento/706982,2.4. Discusión en Sala,2025-01-27,PersonaAut269,http://datos.bcn.cl/recurso/persona/2021,2021,andres chadwick pinera,ANDRES CHADWICK PINERA,http://datos.bcn.cl/recurso/cl/documento/706982#PersonaAut269,False,True,False
3,http://datos.bcn.cl/recurso/cl/documento/706982,2.4. Discusión en Sala,2025-01-27,PersonaAut352,http://datos.bcn.cl/recurso/persona/4750,4750,carolina sepulveda sepulveda,CAROLINA SEPULVEDA SEPULVEDA,http://datos.bcn.cl/recurso/cl/documento/706982#PersonaAut352,False,True,False
3,http://datos.bcn.cl/recurso/cl/documento/706982,2.4. Discusión en Sala,2025-01-27,PersonaAut387,http://datos.bcn.cl/recurso/persona/2118,2118,miguel campino landa,MIGUEL CAMPINO LANDA,http://datos.bcn.cl/recurso/cl/documento/706982#PersonaAut387,False,False,False
3,http://datos.bcn.cl/recurso/cl/documento/706982,2.4. Discusión en Sala,2025-01-27,PersonaAut428,http://datos.bcn.cl/recurso/persona/4536,4536,gabriel boric font,GABRIEL BORIC FONT,http://datos.bcn.cl/recurso/cl/documento/706982#PersonaAut428,False,True,False
3,http://datos.bcn.cl/recurso/cl/documento/706982,2.4. Discusión en Sala,2025-01-27,PersonaAut435,http://datos.bcn.cl/recurso/persona/4222,4222,michelle bachelet jeria,MICHELLE BACHELET JERIA,http://datos.bcn.cl/recurso/cl/documento/706982#PersonaAut435,False,True,False
3,http://datos.bcn.cl/recurso/cl/documento/706982,2.4. Discusión en Sala,2025-01-27,PersonaAut456,http://datos.bcn.cl/recurso/persona/1091,1091,jose oyarce jara,JOSE OYARCE JARA,http://datos.bcn.cl/recurso/cl/documento/706982#PersonaAut456,False,True,False
3,http://datos.bcn.cl/recurso/cl/documento/706982,2.4. Discusión en Sala,2025-01-27,PersonaAut490,http://datos.bcn.cl/recurso/persona/2000,2000,jose gregorio eguiguren amunategui,JOSE GREGORIO EGUIGUREN AMUNATEGUI,http://datos.bcn.cl/recurso/cl/documento/706982#PersonaAut490,False,False,False
3,http://datos.bcn.cl/recurso/cl/documento/706982,2.4. Discusión en Sala,2025-01-27,PersonaAut492,http://datos.bcn.cl/recurso/persona/5528,5528,kevin cowan,KEVIN COWAN,http://datos.bcn.cl/recurso/cl/documento/706982#PersonaAut492,False,False,False
3,http://datos.bcn.cl/recurso/cl/documento/706982,2.4. Discusión en Sala,2025-01-27,PersonaAut503,http://datos.bcn.cl/recurso/persona/4565,4565,joanna elena perez olea,JOANNA ELENA PEREZ OLEA,http://datos.bcn.cl/recurso/cl/documento/706982#PersonaAut503,False,True,False
3,http://datos.bcn.cl/recurso/cl/documento/706982,2.4. Discusión en Sala,2025-01-27,PersonaAut508,http://datos.bcn.cl/recurso/persona/5260,5260,felipe camano cardenas,FELIPE CAMANO CARDENAS,http://datos.bcn.cl/recurso/cl/documento/706982#PersonaAut508,False,True,False
3,http://datos.bcn.cl/recurso/cl/documento/706982,2.4. Discusión en Sala,2025-01-27,PersonaAut555,http://datos.bcn.cl/recurso/persona/5747,5747,marcel thevenot,MARCEL THEVENOT,http://datos.bcn.cl/recurso/cl/documento/706982#PersonaAut555,False,False,False
3,http://datos.bcn.cl/recurso/cl/documento/706982,2.4. Discusión en Sala,2025-01-27,PersonaAut590,http://datos.bcn.cl/recurso/persona/1181,1181,abraham leckie allen,ABRAHAM LECKIE ALLEN,http://datos.bcn.cl/recurso/cl/documento/706982#PersonaAut590,False,False,False
3,http://datos.bcn.cl/recurso/cl/documento/706982,2.4. Discusión en Sala,2025-01-27,PersonaAut615,http://datos.bcn.cl/recurso/persona/1074,1074,ernesto segundo araneda briones,ERNESTO SEGUNDO ARANEDA BRIONES,http://datos.bcn.cl/recurso/cl/documento/706982#PersonaAut615,False,False,False
3,http://datos.bcn.cl/recurso/cl/documento/706982,2.4. Discusión en Sala,2025-01-27,PersonaAut618,http://datos.bcn.cl/recurso/persona/5194,5194,cristian tapia ramos,CRISTIAN TAPIA RAMOS,http://datos.bcn.cl/recurso/cl/documento/706982#PersonaAut618,False,True,False
3,http://datos.bcn.cl/recurso/cl/documento/706982,2.4. Discusión en Sala,2025-01-27,PersonaAut649,http://datos.bcn.cl/recurso/persona/1057,1057,mauricio raul rettig guissen,MAURICIO RAUL RETTIG GUISSEN,http://datos.bcn.cl/recurso/cl/documento/706982#PersonaAut649,False,True,False
3,http://datos.bcn.cl/recurso/cl/documento/706982,2.4. Discusión en Sala,2025-01-27,PersonaAut651,http://datos.bcn.cl/recurso/persona/1021,1021,victor echaurren valero,VICTOR ECHAURREN VALERO,http://datos.bcn.cl/recurso/cl/documento/706982#PersonaAut651,False,True,False
3,http://datos.bcn.cl/recurso/cl/documento/706982,2.4. Discusión en Sala,2025-01-27,PersonaAut688,http://datos.bcn.cl/recurso/persona/4798,4798,isabella mamani mamani,ISABELLA MAMANI MAMANI,http://datos.bcn.cl/recurso/cl/documento/706982#PersonaAut688,False,False,False
3,http://datos.bcn.cl/recurso/cl/documento/706982,2.4. Discusión en Sala,2025-01-27,PersonaAut698,http://datos.bcn.cl/recurso/persona/3080,3080,eduardo frei ruiz-tagle,EDUARDO FREI RUIZ TAGLE,http://datos.bcn.cl/recurso/cl/documento/706982#PersonaAut698,False,False,False
3,http://datos.bcn.cl/recurso/cl/documento/706982,2.4. Discusión en Sala,2025-01-27,PersonaAut714,http://datos.bcn.cl/recurso/persona/3624,3624,francisco j. herboso espana,FRANCISCO J HERBOSO ESPANA,http://datos.bcn.cl/recurso/cl/documento/706982#PersonaAut714,False,False,False
3,http://datos.bcn.cl/recurso/cl/documento/706982,2.4. Discusión en Sala,2025-01-27,PersonaAut716,http://datos.bcn.cl/recurso/persona/5241,5241,natalia romero talguia,NATALIA ROMERO TALGUIA,http://datos.bcn.cl/recurso/cl/documento/706982#PersonaAut716,False,True,False
3,http://datos.bcn.cl/recurso/cl/documento/706982,2.4. Discusión en Sala,2025-01-27,PersonaAut719,http://datos.bcn.cl/recurso/persona/5143,5143,americo gustavo guajardo oyarce,AMERICO GUSTAVO GUAJARDO OYARCE,http://datos.bcn.cl/recurso/cl/documento/706982#PersonaAut719,False,False,False
3,http://datos.bcn.cl/recurso/cl/documento/706982,2.4. Discusión en Sala,2025-01-27,PersonaAut764,http://datos.bcn.cl/recurso/persona/139,139,carmen frei ruiz tagle,CARMEN FREI RUIZ TAGLE,http://datos.bcn.cl/recurso/cl/documento/706982#PersonaAut764,False,False,False
3,http://datos.bcn.cl/recurso/cl/documento/706982,2.4. Discusión en Sala,2025-01-27,PersonaAut814,http://datos.bcn.cl/recurso/persona/699,699,jose tomas camus foncea,JOSE TOMAS CAMUS FONCEA,http://datos.bcn.cl/recurso/cl/documento/706982#PersonaAut814,False,False,False
3,http://datos.bcn.cl/recurso/cl/documento/706982,2.4. Discusión en Sala,2025-01-27,PersonaAut873,http://datos.bcn.cl/recurso/persona/1717,1717,mariana aylwin oyarzun,MARIANA AYLWIN OYARZUN,http://datos.bcn.cl/recurso/cl/documento/706982#PersonaAut873,False,True,False
3,http://datos.bcn.cl/recurso/cl/documento/706982,2.4. Discusión en Sala,2025-01-27,PersonaAut910,http://datos.bcn.cl/recurso/persona/3643,3643,osvaldo raul andrade lara,OSVALDO RAUL ANDRADE LARA,http://datos.bcn.cl/recurso/cl/documento/706982#PersonaAut910,False,True,False
3,http://datos.bcn.cl/recurso/cl/documento/706982,2.4. Discusión en Sala,2025-01-27,perKCBUWUUO,http://datos.bcn.cl/recurso/persona/673,673,fernando flores,FERNANDO FLORES,http://datos.bcn.cl/recurso/cl/documento/706982#perKCBUWUUO,False,False,False
